exchange,instrument_id,base_asset,quote_asset,settlement_currency,max_leverage,funding_interval,price_tick_size,fetch_timestamp,fetch_date,base_instrument
ApeX Omni,BTCUSDT,BTC,USDT,USDT,100.0,1.0,0.1,2026-05-31 22:09:58.728739,20260531,BTCUSDT
ApeX Omni,ETHUSDT,ETH,USDT,USDT,100.0,1.0,0.01,2026-05-31 22:09:58.728739,20260531,ETHUSDT
ApeX Omni,APEXUSDT,APEX,USDT,USDT,50.0,1.0,0.0001,2026-05-31 22:09:58.728739,20260531,APEXUSDT
ApeX Omni,TAOUSDT,TAO,USDT,USDT,50.0,1.0,0.01,2026-05-31 22:09:58.728739,20260531,TAOUSDT
ApeX Omni,CHZUSDT,CHZ,USDT,USDT,50.0,1.0,1e-05,2026-05-31 22:09:58.728739,20260531,CHZUSDT
ApeX Omni,SOLUSDT,SOL,USDT,USDT,50.0,1.0,0.01,2026-05-31 22:09:58.728739,20260531,SOLUSDT
ApeX Omni,BNBUSDT,BNB,USDT,USDT,50.0,1.0,0.01,2026-05-31 22:09:58.728739,20260531,BNBUSDT
ApeX Omni,XRPUSDT,XRP,USDT,USDT,50.0,1.0,0.0001,2026-05-31 22:09:58.728739,20260531,XRPUSDT
ApeX Omni,TONUSDT,TON,USDT,USDT,50.0,1.0,0.0001,2026-05-31 22:09:58.728739,20260531,TONUSDT
ApeX Omni,DOGEUSDT,DOGE,USDT,USDT,25.0,1.0,0.0001,2026-05-31 22:09:58.728739,20260531,DOGEUSDT
ApeX Omni,ADAUSDT,ADA,USDT,USDT,50.0,1.0,0.0001,2026-05-31 22:09:58.728739,20260531,ADAUSDT
ApeX Omni,SUIUSDT,SUI,USDT,USDT,50.0,1.0,0.0001,2026-05-31 22:09:58.728739,20260531,SUIUSDT
ApeX Omni,AVAXUSDT,AVAX,USDT,USDT,50.0,1.0,0.001,2026-05-31 22:09:58.728739,20260531,AVAXUSDT
ApeX Omni,HYPEUSDT,HYPE,USDT,USDT,50.0,1.0,0.001,2026-05-31 22:09:58.728739,20260531,HYPEUSDT
ApeX Omni,OPUSDT,OP,USDT,USDT,50.0,1.0,0.0001,2026-05-31 22:09:58.728739,20260531,OPUSDT
ApeX Omni,AAVEUSDT,AAVE,USDT,USDT,50.0,1.0,0.01,2026-05-31 22:09:58.728739,20260531,AAVEUSDT
ApeX Omni,LINKUSDT,LINK,USDT,USDT,50.0,1.0,0.001,2026-05-31 22:09:58.728739,20260531,LINKUSDT
ApeX Omni,ONDOUSDT,ONDO,USDT,USDT,50.0,1.0,0.0001,2026-05-31 22:09:58.728739,20260531,ONDOUSDT
ApeX Omni,1000PEPEUSDT,1000PEPE,USDT,USDT,25.0,1.0,1e-07,2026-05-31 22:09:58.728739,20260531,1000PEPEUSDT
ApeX Omni,1000SHIBUSDT,1000SHIB,USDT,USDT,25.0,1.0,1e-06,2026-05-31 22:09:58.728739,20260531,1000SHIBUSDT
ApeX Omni,UNIUSDT,UNI,USDT,USDT,50.0,1.0,0.001,2026-05-31 22:09:58.728739,20260531,UNIUSDT
ApeX Omni,CRVUSDT,CRV,USDT,USDT,50.0,1.0,0.0001,2026-05-31 22:09:58.728739,20260531,CRVUSDT
ApeX Omni,ENSUSDT,ENS,USDT,USDT,50.0,1.0,0.001,2026-05-31 22:09:58.728739,20260531,ENSUSDT
ApeX Omni,ZKUSDT,ZK,USDT,USDT,50.0,1.0,1e-05,2026-05-31 22:09:58.728739,20260531,ZKUSDT
ApeX Omni,1000BONKUSDT,1000BONK,USDT,USDT,25.0,1.0,1e-06,2026-05-31 22:09:58.728739,20260531,1000BONKUSDT
ApeX Omni,WIFUSDT,WIF,USDT,USDT,25.0,1.0,0.0001,2026-05-31 22:09:58.728739,20260531,WIFUSDT
ApeX Omni,PENDLEUSDT,PENDLE,USDT,USDT,50.0,1.0,0.0001,2026-05-31 22:09:58.728739,20260531,PENDLEUSDT
ApeX Omni,ZROUSDT,ZRO,USDT,USDT,50.0,1.0,0.001,2026-05-31 22:09:58.728739,20260531,ZROUSDT
ApeX Omni,NEARUSDT,NEAR,USDT,USDT,50.0,1.0,0.001,2026-05-31 22:09:58.728739,20260531,NEARUSDT
ApeX Omni,BCHUSDT,BCH,USDT,USDT,50.0,1.0,0.01,2026-05-31 22:09:58.728739,20260531,BCHUSDT
ApeX Omni,LTCUSDT,LTC,USDT,USDT,50.0,1.0,0.01,2026-05-31 22:09:58.728739,20260531,LTCUSDT
ApeX Omni,POLUSDT,POL,USDT,USDT,50.0,1.0,0.0001,2026-05-31 22:09:58.728739,20260531,POLUSDT
ApeX Omni,ARBUSDT,ARB,USDT,USDT,50.0,1.0,0.0001,2026-05-31 22:09:58.728739,20260531,ARBUSDT
ApeX Omni,WLDUSDT,WLD,USDT,USDT,50.0,1.0,0.0001,2026-05-31 22:09:58.728739,20260531,WLDUSDT
ApeX Omni,STXUSDT,STX,USDT,USDT,50.0,1.0,0.0001,2026-05-31 22:09:58.728739,20260531,STXUSDT
ApeX Omni,LDOUSDT,LDO,USDT,USDT,50.0,1.0,0.0001,2026-05-31 22:09:58.728739,20260531,LDOUSDT
ApeX Omni,JUPUSDT,JUP,USDT,USDT,50.0,1.0,0.0001,2026-05-31 22:09:58.728739,20260531,JUPUSDT
ApeX Omni,FILUSDT,FIL,USDT,USDT,50.0,1.0,0.001,2026-05-31 22:09:58.728739,20260531,FILUSDT
ApeX Omni,ARUSDT,AR,USDT,USDT,50.0,1.0,0.001,2026-05-31 22:09:58.728739,20260531,ARUSDT
ApeX Omni,ENAUSDT,ENA,USDT,USDT,50.0,1.0,0.0001,2026-05-31 22:09:58.728739,20260531,ENAUSDT
ApeX Omni,POPCATUSDT,POPCAT,USDT,USDT,25.0,1.0,0.0001,2026-05-31 22:09:58.728739,20260531,POPCATUSDT
ApeX Omni,TRXUSDT,TRX,USDT,USDT,50.0,1.0,1e-05,2026-05-31 22:09:58.728739,20260531,TRXUSDT
ApeX Omni,APTUSDT,APT,USDT,USDT,50.0,1.0,0.001,2026-05-31 22:09:58.728739,20260531,APTUSDT
ApeX Omni,TIAUSDT,TIA,USDT,USDT,50.0,1.0,0.0001,2026-05-31 22:09:58.728739,20260531,TIAUSDT
ApeX Omni,INJUSDT,INJ,USDT,USDT,50.0,1.0,0.001,2026-05-31 22:09:58.728739,20260531,INJUSDT
ApeX Omni,SUSDT,S,USDT,USDT,50.0,1.0,0.0001,2026-05-31 22:09:58.728739,20260531,SUSDT
ApeX Omni,HMSTRUSDT,HMSTR,USDT,USDT,50.0,1.0,1e-07,2026-05-31 22:09:58.728739,20260531,HMSTRUSDT
ApeX Omni,EIGENUSDT,EIGEN,USDT,USDT,50.0,1.0,0.0001,2026-05-31 22:09:58.728739,20260531,EIGENUSDT
ApeX Omni,SEIUSDT,SEI,USDT,USDT,50.0,1.0,0.0001,2026-05-31 22:09:58.728739,20260531,SEIUSDT
ApeX Omni,MOODENGUSDT,MOODENG,USDT,USDT,25.0,1.0,1e-05,2026-05-31 22:09:58.728739,20260531,MOODENGUSDT
ApeX Omni,PNUTUSDT,PNUT,USDT,USDT,25.0,1.0,0.0001,2026-05-31 22:09:58.728739,20260531,PNUTUSDT
ApeX Omni,ACTUSDT,ACT,USDT,USDT,50.0,1.0,1e-05,2026-05-31 22:09:58.728739,20260531,ACTUSDT
ApeX Omni,HBARUSDT,HBAR,USDT,USDT,50.0,1.0,1e-05,2026-05-31 22:09:58.728739,20260531,HBARUSDT
ApeX Omni,ZENUSDT,ZEN,USDT,USDT,50.0,1.0,0.001,2026-05-31 22:09:58.728739,20260531,ZENUSDT
ApeX Omni,VIRTUALUSDT,VIRTUAL,USDT,USDT,50.0,1.0,0.0001,2026-05-31 22:09:58.728739,20260531,VIRTUALUSDT
ApeX Omni,RENDERUSDT,RENDER,USDT,USDT,50.0,1.0,0.0001,2026-05-31 22:09:58.728739,20260531,RENDERUSDT
ApeX Omni,BERAUSDT,BERA,USDT,USDT,50.0,1.0,0.001,2026-05-31 22:09:58.728739,20260531,BERAUSDT
ApeX Omni,LAYERUSDT,LAYER,USDT,USDT,50.0,1.0,0.0001,2026-05-31 22:09:58.728739,20260531,LAYERUSDT
ApeX Omni,IPUSDT,IP,USDT,USDT,50.0,1.0,0.001,2026-05-31 22:09:58.728739,20260531,IPUSDT
ApeX Omni,XLMUSDT,XLM,USDT,USDT,50.0,1.0,1e-05,2026-05-31 22:09:58.728739,20260531,XLMUSDT
ApeX Omni,KAITOUSDT,KAITO,USDT,USDT,50.0,1.0,0.0001,2026-05-31 22:09:58.728739,20260531,KAITOUSDT
ApeX Omni,MUBARAKUSDT,MUBARAK,USDT,USDT,25.0,1.0,1e-05,2026-05-31 22:09:58.728739,20260531,MUBARAKUSDT
ApeX Omni,FARTCOINUSDT,FARTCOIN,USDT,USDT,50.0,1.0,0.0001,2026-05-31 22:09:58.728739,20260531,FARTCOINUSDT
ApeX Omni,PAXGUSDT,PAXG,USDT,USDT,50.0,1.0,0.01,2026-05-31 22:09:58.728739,20260531,PAXGUSDT
ApeX Omni,SIGNUSDT,SIGN,USDT,USDT,50.0,1.0,1e-05,2026-05-31 22:09:58.728739,20260531,SIGNUSDT
ApeX Omni,NXPCUSDT,NXPC,USDT,USDT,50.0,1.0,0.0001,2026-05-31 22:09:58.728739,20260531,NXPCUSDT
ApeX Omni,SAHARAUSDT,SAHARA,USDT,USDT,50.0,1.0,1e-05,2026-05-31 22:09:58.728739,20260531,SAHARAUSDT
ApeX Omni,PUMPUSDT,PUMP,USDT,USDT,50.0,1.0,1e-06,2026-05-31 22:09:58.728739,20260531,PUMPUSDT
ApeX Omni,PENGUUSDT,PENGU,USDT,USDT,50.0,1.0,1e-06,2026-05-31 22:09:58.728739,20260531,PENGUUSDT
ApeX Omni,PROVEUSDT,PROVE,USDT,USDT,50.0,1.0,0.0001,2026-05-31 22:09:58.728739,20260531,PROVEUSDT
ApeX Omni,USELESSUSDT,USELESS,USDT,USDT,25.0,1.0,0.0001,2026-05-31 22:09:58.728739,20260531,USELESSUSDT
ApeX Omni,WLFIUSDT,WLFI,USDT,USDT,50.0,1.0,0.0001,2026-05-31 22:09:58.728739,20260531,WLFIUSDT
ApeX Omni,XPLUSDT,XPL,USDT,USDT,50.0,1.0,0.0001,2026-05-31 22:09:58.728739,20260531,XPLUSDT
ApeX Omni,LINEAUSDT,LINEA,USDT,USDT,50.0,1.0,1e-05,2026-05-31 22:09:58.728739,20260531,LINEAUSDT
ApeX Omni,MYXUSDT,MYX,USDT,USDT,50.0,1.0,0.0001,2026-05-31 22:09:58.728739,20260531,MYXUSDT
ApeX Omni,SOMIUSDT,SOMI,USDT,USDT,50.0,1.0,0.0001,2026-05-31 22:09:58.728739,20260531,SOMIUSDT
ApeX Omni,MUSDT,M,USDT,USDT,50.0,1.0,0.0001,2026-05-31 22:09:58.728739,20260531,MUSDT
ApeX Omni,SKYUSDT,SKY,USDT,USDT,50.0,1.0,1e-05,2026-05-31 22:09:58.728739,20260531,SKYUSDT
ApeX Omni,ASTERUSDT,ASTER,USDT,USDT,50.0,1.0,0.0001,2026-05-31 22:09:58.728739,20260531,ASTERUSDT
ApeX Omni,0GUSDT,0G,USDT,USDT,50.0,1.0,0.0001,2026-05-31 22:09:58.728739,20260531,0GUSDT
ApeX Omni,STBLUSDT,STBL,USDT,USDT,50.0,1.0,1e-05,2026-05-31 22:09:58.728739,20260531,STBLUSDT
ApeX Omni,KTAUSDT,KTA,USDT,USDT,50.0,1.0,0.0001,2026-05-31 22:09:58.728739,20260531,KTAUSDT
ApeX Omni,4USDT,4,USDT,USDT,25.0,1.0,1e-05,2026-05-31 22:09:58.728739,20260531,4USDT
ApeX Omni,METUSDT,MET,USDT,USDT,50.0,1.0,0.0001,2026-05-31 22:09:58.728739,20260531,METUSDT
ApeX Omni,ZECUSDT,ZEC,USDT,USDT,50.0,1.0,0.01,2026-05-31 22:09:58.728739,20260531,ZECUSDT
ApeX Omni,MNTUSDT,MNT,USDT,USDT,50.0,1.0,0.0001,2026-05-31 22:09:58.728739,20260531,MNTUSDT
ApeX Omni,CAKEUSDT,CAKE,USDT,USDT,50.0,1.0,0.0001,2026-05-31 22:09:58.728739,20260531,CAKEUSDT
ApeX Omni,FORMUSDT,FORM,USDT,USDT,50.0,1.0,0.0001,2026-05-31 22:09:58.728739,20260531,FORMUSDT
ApeX Omni,SPXUSDT,SPX,USDT,USDT,25.0,1.0,0.0001,2026-05-31 22:09:58.728739,20260531,SPXUSDT
ApeX Omni,LITUSDT,LIT,USDT,USDT,50.0,1.0,0.001,2026-05-31 22:09:58.728739,20260531,LITUSDT
ApeX Omni,MONUSDT,MON,USDT,USDT,50.0,1.0,1e-05,2026-05-31 22:09:58.728739,20260531,MONUSDT
ApeX Omni,EDGEUSDT,EDGE,USDT,USDT,50.0,1.0,0.0001,2026-05-31 22:09:58.728739,20260531,EDGEUSDT
ApeX Omni,CHIPUSDT,CHIP,USDT,USDT,50.0,1.0,1e-05,2026-05-31 22:09:58.728739,20260531,CHIPUSDT
ApeX Omni,MEGAUSDT,MEGA,USDT,USDT,50.0,1.0,1e-05,2026-05-31 22:09:58.728739,20260531,MEGAUSDT
Aster,ASTERUSDT,ASTER,USDT,USDT,,4.0,0.0001,2026-05-31 22:09:58.728739,20260531,ASTERUSDT
Aster,BTCUSDT,BTC,USDT,USDT,,8.0,0.1,2026-05-31 22:09:58.728739,20260531,BTCUSDT
Aster,ETHUSDT,ETH,USDT,USDT,,8.0,0.01,2026-05-31 22:09:58.728739,20260531,ETHUSDT
Aster,BNBUSDT,BNB,USDT,USDT,,8.0,0.01,2026-05-31 22:09:58.728739,20260531,BNBUSDT
Aster,SOLUSDT,SOL,USDT,USDT,,8.0,0.01,2026-05-31 22:09:58.728739,20260531,SOLUSDT
Aster,XRPUSDT,XRP,USDT,USDT,,8.0,0.0001,2026-05-31 22:09:58.728739,20260531,XRPUSDT
Aster,DOGEUSDT,DOGE,USDT,USDT,,8.0,1e-05,2026-05-31 22:09:58.728739,20260531,DOGEUSDT
Aster,HYPEUSDT,HYPE,USDT,USDT,,4.0,0.001,2026-05-31 22:09:58.728739,20260531,HYPEUSDT
Aster,ADAUSDT,ADA,USDT,USDT,,8.0,0.0001,2026-05-31 22:09:58.728739,20260531,ADAUSDT
Aster,DOTUSDT,DOT,USDT,USDT,,8.0,0.001,2026-05-31 22:09:58.728739,20260531,DOTUSDT
Aster,SANDUSDT,SAND,USDT,USDT,,1.0,1e-05,2026-05-31 22:09:58.728739,20260531,SANDUSDT
Aster,1000SHIBUSDT,1000SHIB,USDT,USDT,,8.0,1e-06,2026-05-31 22:09:58.728739,20260531,1000SHIBUSDT
Aster,AXSUSDT,AXS,USDT,USDT,,1.0,0.001,2026-05-31 22:09:58.728739,20260531,AXSUSDT
Aster,AVAXUSDT,AVAX,USDT,USDT,,8.0,0.001,2026-05-31 22:09:58.728739,20260531,AVAXUSDT
Aster,LTCUSDT,LTC,USDT,USDT,,8.0,0.01,2026-05-31 22:09:58.728739,20260531,LTCUSDT
Aster,GALAUSDT,GALA,USDT,USDT,,8.0,1e-05,2026-05-31 22:09:58.728739,20260531,GALAUSDT
Aster,NEARUSDT,NEAR,USDT,USDT,,8.0,0.001,2026-05-31 22:09:58.728739,20260531,NEARUSDT
Aster,TRXUSDT,TRX,USDT,USDT,,8.0,1e-05,2026-05-31 22:09:58.728739,20260531,TRXUSDT
Aster,ATOMUSDT,ATOM,USDT,USDT,,8.0,0.001,2026-05-31 22:09:58.728739,20260531,ATOMUSDT
Aster,CAKEUSDT,CAKE,USDT,USDT,,4.0,0.0001,2026-05-31 22:09:58.728739,20260531,CAKEUSDT
Aster,APEUSDT,APE,USDT,USDT,,8.0,0.0001,2026-05-31 22:09:58.728739,20260531,APEUSDT
Aster,ETCUSDT,ETC,USDT,USDT,,8.0,0.001,2026-05-31 22:09:58.728739,20260531,ETCUSDT
Aster,GMTUSDT,GMT,USDT,USDT,,1.0,1e-05,2026-05-31 22:09:58.728739,20260531,GMTUSDT
Aster,AAVEUSDT,AAVE,USDT,USDT,,8.0,0.01,2026-05-31 22:09:58.728739,20260531,AAVEUSDT
Aster,ZILUSDT,ZIL,USDT,USDT,,1.0,1e-05,2026-05-31 22:09:58.728739,20260531,ZILUSDT
Aster,DYDXUSDT,DYDX,USDT,USDT,,8.0,0.001,2026-05-31 22:09:58.728739,20260531,DYDXUSDT
Aster,CRVUSDT,CRV,USDT,USDT,,8.0,0.001,2026-05-31 22:09:58.728739,20260531,CRVUSDT
Aster,FILUSDT,FIL,USDT,USDT,,1.0,0.001,2026-05-31 22:09:58.728739,20260531,FILUSDT
Aster,KNCUSDT,KNC,USDT,USDT,,1.0,0.0001,2026-05-31 22:09:58.728739,20260531,KNCUSDT
Aster,OGNUSDT,OGN,USDT,USDT,,1.0,0.0001,2026-05-31 22:09:58.728739,20260531,OGNUSDT
Aster,LINKUSDT,LINK,USDT,USDT,,8.0,0.001,2026-05-31 22:09:58.728739,20260531,LINKUSDT
Aster,BCHUSDT,BCH,USDT,USDT,,8.0,0.01,2026-05-31 22:09:58.728739,20260531,BCHUSDT
Aster,SNXUSDT,SNX,USDT,USDT,,1.0,0.001,2026-05-31 22:09:58.728739,20260531,SNXUSDT
Aster,UNIUSDT,UNI,USDT,USDT,,8.0,0.001,2026-05-31 22:09:58.728739,20260531,UNIUSDT
Aster,XMRUSDT,XMR,USDT,USDT,,1.0,0.01,2026-05-31 22:09:58.728739,20260531,XMRUSDT
Aster,JASMYUSDT,JASMY,USDT,USDT,,1.0,1e-06,2026-05-31 22:09:58.728739,20260531,JASMYUSDT
Aster,ALICEUSDT,ALICE,USDT,USDT,,1.0,0.0001,2026-05-31 22:09:58.728739,20260531,ALICEUSDT
Aster,CHZUSDT,CHZ,USDT,USDT,,1.0,1e-05,2026-05-31 22:09:58.728739,20260531,CHZUSDT
Aster,ALGOUSDT,ALGO,USDT,USDT,,1.0,0.0001,2026-05-31 22:09:58.728739,20260531,ALGOUSDT
Aster,ENSUSDT,ENS,USDT,USDT,,1.0,0.001,2026-05-31 22:09:58.728739,20260531,ENSUSDT
Aster,OKBUSDT,OKB,USDT,USDT,,1.0,0.01,2026-05-31 22:09:58.728739,20260531,OKBUSDT
Aster,LUNA2USDT,LUNA2,USDT,USDT,,1.0,1e-05,2026-05-31 22:09:58.728739,20260531,LUNA2USDT
Aster,OPUSDT,OP,USDT,USDT,,8.0,0.0001,2026-05-31 22:09:58.728739,20260531,OPUSDT
Aster,BELUSDT,BEL,USDT,USDT,,1.0,0.0001,2026-05-31 22:09:58.728739,20260531,BELUSDT
Aster,APTUSDT,APT,USDT,USDT,,8.0,0.0001,2026-05-31 22:09:58.728739,20260531,APTUSDT
Aster,ARBUSDT,ARB,USDT,USDT,,8.0,0.0001,2026-05-31 22:09:58.728739,20260531,ARBUSDT
Aster,INJUSDT,INJ,USDT,USDT,,8.0,0.001,2026-05-31 22:09:58.728739,20260531,INJUSDT
Aster,SUIUSDT,SUI,USDT,USDT,,8.0,0.0001,2026-05-31 22:09:58.728739,20260531,SUIUSDT
Aster,CFXUSDT,CFX,USDT,USDT,,1.0,1e-05,2026-05-31 22:09:58.728739,20260531,CFXUSDT
Aster,1000PEPEUSDT,1000PEPE,USDT,USDT,,8.0,1e-07,2026-05-31 22:09:58.728739,20260531,1000PEPEUSDT
Aster,LDOUSDT,LDO,USDT,USDT,,1.0,0.0001,2026-05-31 22:09:58.728739,20260531,LDOUSDT
Aster,ARPAUSDT,ARPA,USDT,USDT,,1.0,1e-05,2026-05-31 22:09:58.728739,20260531,ARPAUSDT
Aster,EDUUSDT,EDU,USDT,USDT,,1.0,1e-05,2026-05-31 22:09:58.728739,20260531,EDUUSDT
Aster,TRBUSDT,TRB,USDT,USDT,,1.0,0.001,2026-05-31 22:09:58.728739,20260531,TRBUSDT
Aster,WLDUSDT,WLD,USDT,USDT,,8.0,0.0001,2026-05-31 22:09:58.728739,20260531,WLDUSDT
Aster,CYBERUSDT,CYBER,USDT,USDT,,1.0,0.0001,2026-05-31 22:09:58.728739,20260531,CYBERUSDT
Aster,XLMUSDT,XLM,USDT,USDT,,8.0,1e-05,2026-05-31 22:09:58.728739,20260531,XLMUSDT
Aster,YGGUSDT,YGG,USDT,USDT,,1.0,1e-05,2026-05-31 22:09:58.728739,20260531,YGGUSDT
Aster,FETUSDT,FET,USDT,USDT,,1.0,0.0001,2026-05-31 22:09:58.728739,20260531,FETUSDT
Aster,PENDLEUSDT,PENDLE,USDT,USDT,,1.0,0.0001,2026-05-31 22:09:58.728739,20260531,PENDLEUSDT
Aster,SEIUSDT,SEI,USDT,USDT,,8.0,1e-05,2026-05-31 22:09:58.728739,20260531,SEIUSDT
Aster,STXUSDT,STX,USDT,USDT,,1.0,0.0001,2026-05-31 22:09:58.728739,20260531,STXUSDT
Aster,1000FLOKIUSDT,1000FLOKI,USDT,USDT,,8.0,1e-05,2026-05-31 22:09:58.728739,20260531,1000FLOKIUSDT
Aster,ORDIUSDT,ORDI,USDT,USDT,,1.0,0.001,2026-05-31 22:09:58.728739,20260531,ORDIUSDT
Aster,TIAUSDT,TIA,USDT,USDT,,1.0,0.0001,2026-05-31 22:09:58.728739,20260531,TIAUSDT
Aster,ONDOUSDT,ONDO,USDT,USDT,,4.0,0.0001,2026-05-31 22:09:58.728739,20260531,ONDOUSDT
Aster,PYTHUSDT,PYTH,USDT,USDT,,4.0,1e-05,2026-05-31 22:09:58.728739,20260531,PYTHUSDT
Aster,PIXELUSDT,PIXEL,USDT,USDT,,1.0,1e-06,2026-05-31 22:09:58.728739,20260531,PIXELUSDT
Aster,ARKMUSDT,ARKM,USDT,USDT,,1.0,0.0001,2026-05-31 22:09:58.728739,20260531,ARKMUSDT
Aster,STRKUSDT,STRK,USDT,USDT,,1.0,1e-05,2026-05-31 22:09:58.728739,20260531,STRKUSDT
Aster,TONUSDT,TON,USDT,USDT,,4.0,0.0001,2026-05-31 22:09:58.728739,20260531,TONUSDT
Aster,1000BONKUSDT,1000BONK,USDT,USDT,,4.0,1e-06,2026-05-31 22:09:58.728739,20260531,1000BONKUSDT
Aster,LISTAUSDT,LISTA,USDT,USDT,,4.0,1e-05,2026-05-31 22:09:58.728739,20260531,LISTAUSDT
Aster,MERLUSDT,MERL,USDT,USDT,,1.0,1e-05,2026-05-31 22:09:58.728739,20260531,MERLUSDT
Aster,IOUSDT,IO,USDT,USDT,,1.0,0.0001,2026-05-31 22:09:58.728739,20260531,IOUSDT
Aster,ZKUSDT,ZK,USDT,USDT,,1.0,1e-05,2026-05-31 22:09:58.728739,20260531,ZKUSDT
Aster,EIGENUSDT,EIGEN,USDT,USDT,,1.0,0.0001,2026-05-31 22:09:58.728739,20260531,EIGENUSDT
Aster,TRUMPUSDT,TRUMP,USDT,USDT,,4.0,0.001,2026-05-31 22:09:58.728739,20260531,TRUMPUSDT
Aster,FARTCOINUSDT,FARTCOIN,USDT,USDT,,4.0,0.0001,2026-05-31 22:09:58.728739,20260531,FARTCOINUSDT
Aster,ENAUSDT,ENA,USDT,USDT,,4.0,1e-05,2026-05-31 22:09:58.728739,20260531,ENAUSDT
Aster,MOODENGUSDT,MOODENG,USDT,USDT,,4.0,1e-05,2026-05-31 22:09:58.728739,20260531,MOODENGUSDT
Aster,WIFUSDT,WIF,USDT,USDT,,1.0,0.0001,2026-05-31 22:09:58.728739,20260531,WIFUSDT
Aster,NEIROUSDT,NEIRO,USDT,USDT,,4.0,1e-08,2026-05-31 22:09:58.728739,20260531,NEIROUSDT
Aster,BUSDT,B,USDT,USDT,,4.0,0.0001,2026-05-31 22:09:58.728739,20260531,BUSDT
Aster,USD1USDT,USD1,USDT,USDT,,8.0,0.0001,2026-05-31 22:09:58.728739,20260531,USD1USDT
Aster,SAHARAUSDT,SAHARA,USDT,USDT,,4.0,1e-05,2026-05-31 22:09:58.728739,20260531,SAHARAUSDT
Aster,PUMPUSDT,PUMP,USDT,USDT,,4.0,1e-06,2026-05-31 22:09:58.728739,20260531,PUMPUSDT
Aster,AAPLUSDT,AAPL,USDT,USDT,,8.0,0.01,2026-05-31 22:09:58.728739,20260531,AAPLUSDT
Aster,TSLAUSDT,TSLA,USDT,USDT,,8.0,0.01,2026-05-31 22:09:58.728739,20260531,TSLAUSDT
Aster,NVDAUSDT,NVDA,USDT,USDT,,8.0,0.01,2026-05-31 22:09:58.728739,20260531,NVDAUSDT
Aster,AMZNUSDT,AMZN,USDT,USDT,,8.0,0.01,2026-05-31 22:09:58.728739,20260531,AMZNUSDT
Aster,METAUSDT,META,USDT,USDT,,8.0,0.01,2026-05-31 22:09:58.728739,20260531,METAUSDT
Aster,MSFTUSDT,MSFT,USDT,USDT,,8.0,0.01,2026-05-31 22:09:58.728739,20260531,MSFTUSDT
Aster,PENGUUSDT,PENGU,USDT,USDT,,4.0,1e-06,2026-05-31 22:09:58.728739,20260531,PENGUUSDT
Aster,SPKUSDT,SPK,USDT,USDT,,4.0,1e-05,2026-05-31 22:09:58.728739,20260531,SPKUSDT
Aster,TREEUSDT,TREE,USDT,USDT,,4.0,1e-05,2026-05-31 22:09:58.728739,20260531,TREEUSDT
Aster,ESPORTSUSDT,ESPORTS,USDT,USDT,,4.0,1e-05,2026-05-31 22:09:58.728739,20260531,ESPORTSUSDT
Aster,ZORAUSDT,ZORA,USDT,USDT,,4.0,1e-05,2026-05-31 22:09:58.728739,20260531,ZORAUSDT
Aster,TAGUSDT,TAG,USDT,USDT,,4.0,1e-07,2026-05-31 22:09:58.728739,20260531,TAGUSDT
Aster,CUSDT,C,USDT,USDT,,4.0,1e-05,2026-05-31 22:09:58.728739,20260531,CUSDT
Aster,INUSDT,IN,USDT,USDT,,4.0,1e-05,2026-05-31 22:09:58.728739,20260531,INUSDT
Aster,TOWNSUSDT,TOWNS,USDT,USDT,,4.0,1e-06,2026-05-31 22:09:58.728739,20260531,TOWNSUSDT
Aster,PROVEUSDT,PROVE,USDT,USDT,,4.0,0.0001,2026-05-31 22:09:58.728739,20260531,PROVEUSDT
Aster,XNYUSDT,XNY,USDT,USDT,,4.0,1e-06,2026-05-31 22:09:58.728739,20260531,XNYUSDT
Aster,AIOUSDT,AIO,USDT,USDT,,4.0,1e-05,2026-05-31 22:09:58.728739,20260531,AIOUSDT
Aster,SAPIENUSDT,SAPIEN,USDT,USDT,,4.0,1e-05,2026-05-31 22:09:58.728739,20260531,SAPIENUSDT
Aster,WLFIUSDT,WLFI,USDT,USDT,,4.0,0.0001,2026-05-31 22:09:58.729736,20260531,WLFIUSDT
Aster,XPLUSDT,XPL,USDT,USDT,,4.0,0.0001,2026-05-31 22:09:58.729736,20260531,XPLUSDT
Aster,BASUSDT,BAS,USDT,USDT,,4.0,1e-06,2026-05-31 22:09:58.729736,20260531,BASUSDT
Aster,BTRUSDT,BTR,USDT,USDT,,4.0,1e-05,2026-05-31 22:09:58.729736,20260531,BTRUSDT
Aster,MITOUSDT,MITO,USDT,USDT,,4.0,1e-05,2026-05-31 22:09:58.729736,20260531,MITOUSDT
Aster,HEMIUSDT,HEMI,USDT,USDT,,4.0,1e-06,2026-05-31 22:09:58.729736,20260531,HEMIUSDT
Aster,LINEAUSDT,LINEA,USDT,USDT,,4.0,1e-06,2026-05-31 22:09:58.729736,20260531,LINEAUSDT
Aster,QUSDT,Q,USDT,USDT,,4.0,1e-06,2026-05-31 22:09:58.729736,20260531,QUSDT
Aster,PTBUSDT,PTB,USDT,USDT,,1.0,1e-07,2026-05-31 22:09:58.729736,20260531,PTBUSDT
Aster,ARIAUSDT,ARIA,USDT,USDT,,1.0,0.0001,2026-05-31 22:09:58.729736,20260531,ARIAUSDT
Aster,TAKEUSDT,TAKE,USDT,USDT,,4.0,1e-05,2026-05-31 22:09:58.729736,20260531,TAKEUSDT
Aster,AVNTUSDT,AVNT,USDT,USDT,,4.0,0.0001,2026-05-31 22:09:58.729736,20260531,AVNTUSDT
Aster,OPENUSDT,OPEN,USDT,USDT,,4.0,0.0001,2026-05-31 22:09:58.729736,20260531,OPENUSDT
Aster,FLOCKUSDT,FLOCK,USDT,USDT,,4.0,1e-05,2026-05-31 22:09:58.729736,20260531,FLOCKUSDT
Aster,SKYUSDT,SKY,USDT,USDT,,4.0,1e-05,2026-05-31 22:09:58.729736,20260531,SKYUSDT
Aster,QQQUSDT,QQQ,USDT,USDT,,8.0,0.01,2026-05-31 22:09:58.729736,20260531,QQQUSDT
Aster,HOLOUSDT,HOLO,USDT,USDT,,4.0,1e-05,2026-05-31 22:09:58.729736,20260531,HOLOUSDT
Aster,UBUSDT,UB,USDT,USDT,,4.0,1e-05,2026-05-31 22:09:58.729736,20260531,UBUSDT
Aster,XPINUSDT,XPIN,USDT,USDT,,4.0,1e-06,2026-05-31 22:09:58.729736,20260531,XPINUSDT
Aster,ZKCUSDT,ZKC,USDT,USDT,,4.0,1e-05,2026-05-31 22:09:58.729736,20260531,ZKCUSDT
Aster,AIAUSDT,AIA,USDT,USDT,,1.0,1e-05,2026-05-31 22:09:58.729736,20260531,AIAUSDT
Aster,TOSHIUSDT,TOSHI,USDT,USDT,,4.0,1e-07,2026-05-31 22:09:58.729736,20260531,TOSHIUSDT
Aster,STBLUSDT,STBL,USDT,USDT,,4.0,1e-05,2026-05-31 22:09:58.729736,20260531,STBLUSDT
Aster,0GUSDT,0G,USDT,USDT,,1.0,0.0001,2026-05-31 22:09:58.729736,20260531,0GUSDT
Aster,BARDUSDT,BARD,USDT,USDT,,1.0,0.0001,2026-05-31 22:09:58.729736,20260531,BARDUSDT
Aster,TRADOORUSDT,TRADOOR,USDT,USDT,,4.0,0.001,2026-05-31 22:09:58.729736,20260531,TRADOORUSDT
Aster,BLESSUSDT,BLESS,USDT,USDT,,4.0,1e-06,2026-05-31 22:09:58.729736,20260531,BLESSUSDT
Aster,SQDUSDT,SQD,USDT,USDT,,1.0,1e-05,2026-05-31 22:09:58.729736,20260531,SQDUSDT
Aster,FFUSDT,FF,USDT,USDT,,1.0,1e-05,2026-05-31 22:09:58.729736,20260531,FFUSDT
Aster,EDENUSDT,EDEN,USDT,USDT,,1.0,1e-05,2026-05-31 22:09:58.729736,20260531,EDENUSDT
Aster,ZECUSDT,ZEC,USDT,USDT,,1.0,0.01,2026-05-31 22:09:58.729736,20260531,ZECUSDT
Aster,2ZUSDT,2Z,USDT,USDT,,1.0,1e-05,2026-05-31 22:09:58.729736,20260531,2ZUSDT
Aster,EVAAUSDT,EVAA,USDT,USDT,,1.0,0.0001,2026-05-31 22:09:58.729736,20260531,EVAAUSDT
Aster,LYNUSDT,LYN,USDT,USDT,,1.0,1e-05,2026-05-31 22:09:58.729736,20260531,LYNUSDT
Aster,COAIUSDT,COAI,USDT,USDT,,1.0,0.0001,2026-05-31 22:09:58.729736,20260531,COAIUSDT
Aster,KGENUSDT,KGEN,USDT,USDT,,1.0,1e-05,2026-05-31 22:09:58.729736,20260531,KGENUSDT
Aster,4USDT,4,USDT,USDT,,1.0,1e-06,2026-05-31 22:09:58.729736,20260531,4USDT
Aster,GIGGLEUSDT,GIGGLE,USDT,USDT,,1.0,0.01,2026-05-31 22:09:58.729736,20260531,GIGGLEUSDT
Aster,BANKUSDT,BANK,USDT,USDT,,1.0,1e-05,2026-05-31 22:09:58.729736,20260531,BANKUSDT
Aster,FORMUSDT,FORM,USDT,USDT,,1.0,0.0001,2026-05-31 22:09:58.729736,20260531,FORMUSDT
Aster,MONUSDT,MON,USDT,USDT,,1.0,1e-05,2026-05-31 22:09:58.729736,20260531,MONUSDT
Aster,YBUSDT,YB,USDT,USDT,,1.0,0.0001,2026-05-31 22:09:58.729736,20260531,YBUSDT
Aster,METUSDT,MET,USDT,USDT,,1.0,0.0001,2026-05-31 22:09:58.729736,20260531,METUSDT
Aster,1000CHEEMSUSDT,1000CHEEMS,USDT,USDT,,1.0,1e-07,2026-05-31 22:09:58.729736,20260531,1000CHEEMSUSDT
Aster,EULUSDT,EUL,USDT,USDT,,1.0,0.0001,2026-05-31 22:09:58.729736,20260531,EULUSDT
Aster,ENSOUSDT,ENSO,USDT,USDT,,1.0,0.0001,2026-05-31 22:09:58.729736,20260531,ENSOUSDT
Aster,CLOUSDT,CLO,USDT,USDT,,1.0,1e-05,2026-05-31 22:09:58.729736,20260531,CLOUSDT
Aster,RECALLUSDT,RECALL,USDT,USDT,,1.0,1e-05,2026-05-31 22:09:58.729736,20260531,RECALLUSDT
Aster,ZBTUSDT,ZBT,USDT,USDT,,1.0,1e-05,2026-05-31 22:09:58.729736,20260531,ZBTUSDT
Aster,LABUSDT,LAB,USDT,USDT,,1.0,1e-05,2026-05-31 22:09:58.729736,20260531,LABUSDT
Aster,RIVERUSDT,RIVER,USDT,USDT,,1.0,0.001,2026-05-31 22:09:58.729736,20260531,RIVERUSDT
Aster,BLUAIUSDT,BLUAI,USDT,USDT,,1.0,1e-06,2026-05-31 22:09:58.729736,20260531,BLUAIUSDT
Aster,TURTLEUSDT,TURTLE,USDT,USDT,,1.0,1e-05,2026-05-31 22:09:58.729736,20260531,TURTLEUSDT
Aster,APRUSDT,APR,USDT,USDT,,1.0,1e-05,2026-05-31 22:09:58.729736,20260531,APRUSDT
Aster,ONUSDT,ON,USDT,USDT,,1.0,1e-05,2026-05-31 22:09:58.729736,20260531,ONUSDT
Aster,ATUSDT,AT,USDT,USDT,,1.0,1e-05,2026-05-31 22:09:58.729736,20260531,ATUSDT
Aster,KITEUSDT,KITE,USDT,USDT,,1.0,1e-05,2026-05-31 22:09:58.729736,20260531,KITEUSDT
Aster,CCUSDT,CC,USDT,USDT,,1.0,1e-05,2026-05-31 22:09:58.729736,20260531,CCUSDT
Aster,ZENUSDT,ZEN,USDT,USDT,,1.0,0.001,2026-05-31 22:09:58.729736,20260531,ZENUSDT
Aster,DASHUSDT,DASH,USDT,USDT,,1.0,0.01,2026-05-31 22:09:58.729736,20260531,DASHUSDT
Aster,JELLYJELLYUSDT,JELLYJELLY,USDT,USDT,,1.0,1e-05,2026-05-31 22:09:58.729736,20260531,JELLYJELLYUSDT
Aster,B2USDT,B2,USDT,USDT,,1.0,0.0001,2026-05-31 22:09:58.729736,20260531,B2USDT
Aster,MMTUSDT,MMT,USDT,USDT,,1.0,0.0001,2026-05-31 22:09:58.729736,20260531,MMTUSDT
Aster,TRUSTUSDT,TRUST,USDT,USDT,,1.0,1e-05,2026-05-31 22:09:58.729736,20260531,TRUSTUSDT
Aster,UAIUSDT,UAI,USDT,USDT,,1.0,0.0001,2026-05-31 22:09:58.729736,20260531,UAIUSDT
Aster,FOLKSUSDT,FOLKS,USDT,USDT,,1.0,0.001,2026-05-31 22:09:58.729736,20260531,FOLKSUSDT
Aster,STABLEUSDT,STABLE,USDT,USDT,,1.0,1e-05,2026-05-31 22:09:58.729736,20260531,STABLEUSDT
Aster,ICPUSDT,ICP,USDT,USDT,,1.0,0.001,2026-05-31 22:09:58.729736,20260531,ICPUSDT
Aster,ARUSDT,AR,USDT,USDT,,1.0,0.001,2026-05-31 22:09:58.729736,20260531,ARUSDT
Aster,XAUUSDT,XAU,USDT,USDT,,4.0,0.01,2026-05-31 22:09:58.729736,20260531,XAUUSDT
Aster,FLUXUSDT,FLUX,USDT,USDT,,1.0,1e-05,2026-05-31 22:09:58.729736,20260531,FLUXUSDT
Aster,TRUTHUSDT,TRUTH,USDT,USDT,,1.0,1e-06,2026-05-31 22:09:58.729736,20260531,TRUTHUSDT
Aster,JCTUSDT,JCT,USDT,USDT,,1.0,1e-06,2026-05-31 22:09:58.729736,20260531,JCTUSDT
Aster,ALLOUSDT,ALLO,USDT,USDT,,1.0,1e-05,2026-05-31 22:09:58.729736,20260531,ALLOUSDT
Aster,CLANKERUSDT,CLANKER,USDT,USDT,,1.0,0.01,2026-05-31 22:09:58.729736,20260531,CLANKERUSDT
Aster,BEATUSDT,BEAT,USDT,USDT,,1.0,0.0001,2026-05-31 22:09:58.729736,20260531,BEATUSDT
Aster,DEXEUSDT,DEXE,USDT,USDT,,1.0,0.001,2026-05-31 22:09:58.729736,20260531,DEXEUSDT
Aster,PIEVERSEUSDT,PIEVERSE,USDT,USDT,,1.0,0.0001,2026-05-31 22:09:58.729736,20260531,PIEVERSEUSDT
Aster,SENTUSDT,SENT,USDT,USDT,,1.0,1e-05,2026-05-31 22:09:58.729736,20260531,SENTUSDT
Aster,TNSRUSDT,TNSR,USDT,USDT,,1.0,1e-05,2026-05-31 22:09:58.729736,20260531,TNSRUSDT
Aster,GRASSUSDT,GRASS,USDT,USDT,,1.0,0.0001,2026-05-31 22:09:58.729736,20260531,GRASSUSDT
Aster,DYMUSDT,DYM,USDT,USDT,,1.0,1e-05,2026-05-31 22:09:58.729736,20260531,DYMUSDT
Aster,BANANAS31USDT,BANANAS31,USDT,USDT,,1.0,1e-06,2026-05-31 22:09:58.729736,20260531,BANANAS31USDT
Aster,PARTIUSDT,PARTI,USDT,USDT,,1.0,1e-05,2026-05-31 22:09:58.729736,20260531,PARTIUSDT
Aster,IRYSUSDT,IRYS,USDT,USDT,,1.0,1e-05,2026-05-31 22:09:58.729736,20260531,IRYSUSDT
Aster,BIOUSDT,BIO,USDT,USDT,,1.0,1e-05,2026-05-31 22:09:58.729736,20260531,BIOUSDT
Aster,AVLUSDT,AVL,USDT,USDT,,1.0,1e-05,2026-05-31 22:09:58.729736,20260531,AVLUSDT
Aster,PIPPINUSDT,PIPPIN,USDT,USDT,,1.0,1e-05,2026-05-31 22:09:58.729736,20260531,PIPPINUSDT
Aster,GUAUSDT,GUA,USDT,USDT,,1.0,0.0001,2026-05-31 22:09:58.729736,20260531,GUAUSDT
Aster,SKYAIUSDT,SKYAI,USDT,USDT,,1.0,1e-05,2026-05-31 22:09:58.729736,20260531,SKYAIUSDT
Aster,POWERUSDT,POWER,USDT,USDT,,1.0,1e-05,2026-05-31 22:09:58.729736,20260531,POWERUSDT
Aster,1000LUNCUSDT,1000LUNC,USDT,USDT,,1.0,1e-05,2026-05-31 22:09:58.729736,20260531,1000LUNCUSDT
Aster,WETUSDT,WET,USDT,USDT,,1.0,1e-05,2026-05-31 22:09:58.729736,20260531,WETUSDT
Aster,NIGHTUSDT,NIGHT,USDT,USDT,,1.0,1e-05,2026-05-31 22:09:58.729736,20260531,NIGHTUSDT
Aster,USUSDT,US,USDT,USDT,,1.0,1e-06,2026-05-31 22:09:58.729736,20260531,USUSDT
Aster,CYSUSDT,CYS,USDT,USDT,,1.0,0.0001,2026-05-31 22:09:58.729736,20260531,CYSUSDT
Aster,RAVEUSDT,RAVE,USDT,USDT,,1.0,1e-05,2026-05-31 22:09:58.729736,20260531,RAVEUSDT
Aster,LIGHTUSDT,LIGHT,USDT,USDT,,1.0,0.0001,2026-05-31 22:09:58.729736,20260531,LIGHTUSDT
Aster,ZKPUSDT,ZKP,USDT,USDT,,1.0,1e-05,2026-05-31 22:09:58.729736,20260531,ZKPUSDT
Aster,IRUSDT,IR,USDT,USDT,,1.0,1e-05,2026-05-31 22:09:58.729736,20260531,IRUSDT
Aster,HUSDT,H,USDT,USDT,,1.0,1e-05,2026-05-31 22:09:58.729736,20260531,HUSDT
Aster,ANIMEUSDT,ANIME,USDT,USDT,,1.0,1e-06,2026-05-31 22:09:58.729736,20260531,ANIMEUSDT
Aster,LITUSDT,LIT,USDT,USDT,,1.0,0.0001,2026-05-31 22:09:58.729736,20260531,LITUSDT
Aster,XAGUSDT,XAG,USDT,USDT,,4.0,0.01,2026-05-31 22:09:58.729736,20260531,XAGUSDT
Aster,COLLECTUSDT,COLLECT,USDT,USDT,,1.0,1e-05,2026-05-31 22:09:58.729736,20260531,COLLECTUSDT
Aster,MAGMAUSDT,MAGMA,USDT,USDT,,1.0,1e-05,2026-05-31 22:09:58.729736,20260531,MAGMAUSDT
Aster,MYXUSDT,MYX,USDT,USDT,,1.0,0.0001,2026-05-31 22:09:58.729736,20260531,MYXUSDT
Aster,BREVUSDT,BREV,USDT,USDT,,1.0,0.0001,2026-05-31 22:09:58.729736,20260531,BREVUSDT
Aster,VIRTUALUSDT,VIRTUAL,USDT,USDT,,1.0,0.0001,2026-05-31 22:09:58.729736,20260531,VIRTUALUSDT
Aster,RENDERUSDT,RENDER,USDT,USDT,,1.0,0.001,2026-05-31 22:09:58.729736,20260531,RENDERUSDT
Aster,BROCCOLI714USDT,BROCCOLI714,USDT,USDT,,1.0,1e-05,2026-05-31 22:09:58.729736,20260531,BROCCOLI714USDT
Aster,SOONUSDT,SOON,USDT,USDT,,1.0,0.0001,2026-05-31 22:09:58.729736,20260531,SOONUSDT
Aster,VVVUSDT,VVV,USDT,USDT,,1.0,0.001,2026-05-31 22:09:58.729736,20260531,VVVUSDT
Aster,GUNUSDT,GUN,USDT,USDT,,1.0,1e-05,2026-05-31 22:09:58.729736,20260531,GUNUSDT
Aster,币安人生USDT,币安人生,USDT,USDT,,1.0,1e-05,2026-05-31 22:09:58.729736,20260531,币安人生USDT
Aster,ZAMAUSDT,ZAMA,USDT,USDT,,1.0,1e-05,2026-05-31 22:09:58.729736,20260531,ZAMAUSDT
Aster,TAOUSDT,TAO,USDT,USDT,,1.0,0.01,2026-05-31 22:09:58.729736,20260531,TAOUSDT
Aster,HBARUSDT,HBAR,USDT,USDT,,1.0,1e-05,2026-05-31 22:09:58.729736,20260531,HBARUSDT
Aster,PNUTUSDT,PNUT,USDT,USDT,,1.0,1e-05,2026-05-31 22:09:58.729736,20260531,PNUTUSDT
Aster,IPUSDT,IP,USDT,USDT,,1.0,0.0001,2026-05-31 22:09:58.729736,20260531,IPUSDT
Aster,BOMEUSDT,BOME,USDT,USDT,,1.0,1e-07,2026-05-31 22:09:58.729736,20260531,BOMEUSDT
Aster,POLUSDT,POL,USDT,USDT,,1.0,1e-05,2026-05-31 22:09:58.729736,20260531,POLUSDT
Aster,SPXUSDT,SPX,USDT,USDT,,1.0,0.0001,2026-05-31 22:09:58.729736,20260531,SPXUSDT
Aster,ETHFIUSDT,ETHFI,USDT,USDT,,1.0,0.0001,2026-05-31 22:09:58.729736,20260531,ETHFIUSDT
Aster,TURBOUSDT,TURBO,USDT,USDT,,1.0,1e-07,2026-05-31 22:09:58.729736,20260531,TURBOUSDT
Aster,POLYXUSDT,POLYX,USDT,USDT,,1.0,1e-05,2026-05-31 22:09:58.729736,20260531,POLYXUSDT
Aster,JUPUSDT,JUP,USDT,USDT,,1.0,0.0001,2026-05-31 22:09:58.729736,20260531,JUPUSDT
Aster,我踏马来了USDT,我踏马来了,USDT,USDT,,1.0,1e-06,2026-05-31 22:09:58.729736,20260531,我踏马来了USDT
Aster,FOGOUSDT,FOGO,USDT,USDT,,1.0,1e-05,2026-05-31 22:09:58.729736,20260531,FOGOUSDT
Aster,BERAUSDT,BERA,USDT,USDT,,1.0,0.0001,2026-05-31 22:09:58.729736,20260531,BERAUSDT
Aster,FHEUSDT,FHE,USDT,USDT,,1.0,1e-05,2026-05-31 22:09:58.729736,20260531,FHEUSDT
Aster,DOLOUSDT,DOLO,USDT,USDT,,1.0,1e-05,2026-05-31 22:09:58.729736,20260531,DOLOUSDT
Aster,FRAXUSDT,FRAX,USDT,USDT,,1.0,0.0001,2026-05-31 22:09:58.729736,20260531,FRAXUSDT
Aster,FUNUSDT,FUN,USDT,USDT,,1.0,1e-05,2026-05-31 22:09:58.729736,20260531,FUNUSDT
Aster,DUSKUSDT,DUSK,USDT,USDT,,1.0,1e-05,2026-05-31 22:09:58.729736,20260531,DUSKUSDT
Aster,MEUSDT,ME,USDT,USDT,,1.0,0.0001,2026-05-31 22:09:58.729736,20260531,MEUSDT
Aster,ELSAUSDT,ELSA,USDT,USDT,,1.0,1e-05,2026-05-31 22:09:58.729736,20260531,ELSAUSDT
Aster,ROSEUSDT,ROSE,USDT,USDT,,1.0,1e-05,2026-05-31 22:09:58.729736,20260531,ROSEUSDT
Aster,HANAUSDT,HANA,USDT,USDT,,1.0,1e-05,2026-05-31 22:09:58.729736,20260531,HANAUSDT
Aster,VELOUSDT,VELO,USDT,USDT,,1.0,1e-06,2026-05-31 22:09:58.729736,20260531,VELOUSDT
Aster,GWEIUSDT,GWEI,USDT,USDT,,1.0,1e-05,2026-05-31 22:09:58.729736,20260531,GWEIUSDT
Aster,ACUUSDT,ACU,USDT,USDT,,1.0,1e-05,2026-05-31 22:09:58.729736,20260531,ACUUSDT
Aster,SKRUSDT,SKR,USDT,USDT,,1.0,1e-06,2026-05-31 22:09:58.729736,20260531,SKRUSDT
Aster,FIGHTUSDT,FIGHT,USDT,USDT,,1.0,1e-06,2026-05-31 22:09:58.729736,20260531,FIGHTUSDT
Aster,STGUSDT,STG,USDT,USDT,,1.0,0.0001,2026-05-31 22:09:58.729736,20260531,STGUSDT
Aster,ZROUSDT,ZRO,USDT,USDT,,1.0,0.0001,2026-05-31 22:09:58.729736,20260531,ZROUSDT
Aster,SPACEUSDT,SPACE,USDT,USDT,,1.0,1e-06,2026-05-31 22:09:58.729736,20260531,SPACEUSDT
Aster,PENGUINUSDT,PENGUIN,USDT,USDT,,1.0,1e-06,2026-05-31 22:09:58.729736,20260531,PENGUINUSDT
Aster,SOMIUSDT,SOMI,USDT,USDT,,1.0,0.0001,2026-05-31 22:09:58.729736,20260531,SOMIUSDT
Aster,SHELLUSDT,SHELL,USDT,USDT,,1.0,1e-05,2026-05-31 22:09:58.729736,20260531,SHELLUSDT
Aster,NOMUSDT,NOM,USDT,USDT,,1.0,1e-06,2026-05-31 22:09:58.729736,20260531,NOMUSDT
Aster,RESOLVUSDT,RESOLV,USDT,USDT,,1.0,1e-05,2026-05-31 22:09:58.729736,20260531,RESOLVUSDT
Aster,AXLUSDT,AXL,USDT,USDT,,1.0,1e-05,2026-05-31 22:09:58.729736,20260531,AXLUSDT
Aster,BIRBUSDT,BIRB,USDT,USDT,,1.0,1e-05,2026-05-31 22:09:58.729736,20260531,BIRBUSDT
Aster,XCUUSDT,XCU,USDT,USDT,,4.0,0.0001,2026-05-31 22:09:58.729736,20260531,XCUUSDT
Aster,XPTUSDT,XPT,USDT,USDT,,4.0,0.01,2026-05-31 22:09:58.729736,20260531,XPTUSDT
Aster,XPDUSDT,XPD,USDT,USDT,,4.0,0.01,2026-05-31 22:09:58.729736,20260531,XPDUSDT
Aster,BMTUSDT,BMT,USDT,USDT,,1.0,1e-05,2026-05-31 22:09:58.729736,20260531,BMTUSDT
Aster,MEGAUSDT,MEGA,USDT,USDT,,1.0,1e-05,2026-05-31 22:09:58.729736,20260531,MEGAUSDT
Aster,BULLAUSDT,BULLA,USDT,USDT,,1.0,1e-06,2026-05-31 22:09:58.729736,20260531,BULLAUSDT
Aster,MUUSDT,MU,USDT,USDT,,8.0,0.01,2026-05-31 22:09:58.729736,20260531,MUUSDT
Aster,SNDKUSDT,SNDK,USDT,USDT,,8.0,0.01,2026-05-31 22:09:58.729736,20260531,SNDKUSDT
Aster,INXUSDT,INX,USDT,USDT,,1.0,1e-06,2026-05-31 22:09:58.729736,20260531,INXUSDT
Aster,AUCTIONUSDT,AUCTION,USDT,USDT,,1.0,0.001,2026-05-31 22:09:58.729736,20260531,AUCTIONUSDT
Aster,KASUSDT,KAS,USDT,USDT,,1.0,1e-05,2026-05-31 22:09:58.729736,20260531,KASUSDT
Aster,INTCUSDT,INTC,USDT,USDT,,8.0,0.01,2026-05-31 22:09:58.729736,20260531,INTCUSDT
Aster,HOODUSDT,HOOD,USDT,USDT,,8.0,0.01,2026-05-31 22:09:58.729736,20260531,HOODUSDT
Aster,ARCUSDT,ARC,USDT,USDT,,1.0,1e-05,2026-05-31 22:09:58.729736,20260531,ARCUSDT
Aster,LAUSDT,LA,USDT,USDT,,1.0,0.0001,2026-05-31 22:09:58.729736,20260531,LAUSDT
Aster,SIRENUSDT,SIREN,USDT,USDT,,1.0,0.0001,2026-05-31 22:09:58.729736,20260531,SIRENUSDT
Aster,TRIAUSDT,TRIA,USDT,USDT,,1.0,1e-05,2026-05-31 22:09:58.729736,20260531,TRIAUSDT
Aster,GPSUSDT,GPS,USDT,USDT,,1.0,1e-06,2026-05-31 22:09:58.729736,20260531,GPSUSDT
Aster,VANAUSDT,VANA,USDT,USDT,,1.0,0.001,2026-05-31 22:09:58.729736,20260531,VANAUSDT
Aster,ALCHUSDT,ALCH,USDT,USDT,,1.0,1e-05,2026-05-31 22:09:58.729736,20260531,ALCHUSDT
Aster,ESPUSDT,ESP,USDT,USDT,,1.0,1e-05,2026-05-31 22:09:58.729736,20260531,ESPUSDT
Aster,AZTECUSDT,AZTEC,USDT,USDT,,1.0,1e-05,2026-05-31 22:09:58.729736,20260531,AZTECUSDT
Aster,MOVEUSDT,MOVE,USDT,USDT,,1.0,1e-05,2026-05-31 22:09:58.729736,20260531,MOVEUSDT
Aster,SUSDT,S,USDT,USDT,,1.0,1e-05,2026-05-31 22:09:58.729736,20260531,SUSDT
Aster,COWUSDT,COW,USDT,USDT,,1.0,0.0001,2026-05-31 22:09:58.729736,20260531,COWUSDT
Aster,USELESSUSDT,USELESS,USDT,USDT,,1.0,1e-05,2026-05-31 22:09:58.729736,20260531,USELESSUSDT
Aster,INITUSDT,INIT,USDT,USDT,,1.0,1e-05,2026-05-31 22:09:58.729736,20260531,INITUSDT
Aster,JTOUSDT,JTO,USDT,USDT,,1.0,0.0001,2026-05-31 22:09:58.729736,20260531,JTOUSDT
Aster,ORCAUSDT,ORCA,USDT,USDT,,1.0,0.001,2026-05-31 22:09:58.729736,20260531,ORCAUSDT
Aster,RPLUSDT,RPL,USDT,USDT,,1.0,0.001,2026-05-31 22:09:58.729736,20260531,RPLUSDT
Aster,NAORISUSDT,NAORIS,USDT,USDT,,1.0,1e-05,2026-05-31 22:09:58.729736,20260531,NAORISUSDT
Aster,UMAUSDT,UMA,USDT,USDT,,1.0,0.0001,2026-05-31 22:09:58.729736,20260531,UMAUSDT
Aster,OPNUSDT,OPN,USDT,USDT,,1.0,0.0001,2026-05-31 22:09:58.729736,20260531,OPNUSDT
Aster,AWEUSDT,AWE,USDT,USDT,,1.0,1e-05,2026-05-31 22:09:58.729736,20260531,AWEUSDT
Aster,PROMPTUSDT,PROMPT,USDT,USDT,,1.0,1e-05,2026-05-31 22:09:58.729736,20260531,PROMPTUSDT
Aster,GRIFFAINUSDT,GRIFFAIN,USDT,USDT,,1.0,1e-06,2026-05-31 22:09:58.729736,20260531,GRIFFAINUSDT
Aster,CRCLUSDT,CRCL,USDT,USDT,,8.0,0.01,2026-05-31 22:09:58.729736,20260531,CRCLUSDT
Aster,ROBOUSDT,ROBO,USDT,USDT,,1.0,1e-05,2026-05-31 22:09:58.729736,20260531,ROBOUSDT
Aster,CLUSDT,CL,USDT,USDT,,4.0,0.01,2026-05-31 22:09:58.729736,20260531,CLUSDT
Aster,PAXGUSDT,PAXG,USDT,USDT,,4.0,0.01,2026-05-31 22:09:58.729736,20260531,PAXGUSDT
Aster,KATUSDT,KAT,USDT,USDT,,1.0,1e-05,2026-05-31 22:09:58.729736,20260531,KATUSDT
Aster,NATGASUSDT,NATGAS,USDT,USDT,,4.0,0.001,2026-05-31 22:09:58.729736,20260531,NATGASUSDT
Aster,EWYUSDT,EWY,USDT,USDT,,8.0,0.01,2026-05-31 22:09:58.729736,20260531,EWYUSDT
Aster,PHAUSDT,PHA,USDT,USDT,,1.0,1e-05,2026-05-31 22:09:58.729736,20260531,PHAUSDT
Aster,MANTRAUSDT,MANTRA,USDT,USDT,,1.0,1e-05,2026-05-31 22:09:58.729736,20260531,MANTRAUSDT
Aster,SIGNUSDT,SIGN,USDT,USDT,,1.0,1e-05,2026-05-31 22:09:58.729736,20260531,SIGNUSDT
Aster,FLOWUSDT,FLOW,USDT,USDT,,1.0,1e-05,2026-05-31 22:09:58.729736,20260531,FLOWUSDT
Aster,龙虾USDT,龙虾,USDT,USDT,,1.0,1e-06,2026-05-31 22:09:58.729736,20260531,龙虾USDT
Aster,XAIUSDT,XAI,USDT,USDT,,1.0,1e-05,2026-05-31 22:09:58.729736,20260531,XAIUSDT
Aster,PLAYUSDT,PLAY,USDT,USDT,,1.0,1e-05,2026-05-31 22:09:58.729736,20260531,PLAYUSDT
Aster,ACXUSDT,ACX,USDT,USDT,,1.0,1e-05,2026-05-31 22:09:58.729736,20260531,ACXUSDT
Aster,ZEREBROUSDT,ZEREBRO,USDT,USDT,,1.0,1e-06,2026-05-31 22:09:58.729736,20260531,ZEREBROUSDT
Aster,SOLVUSDT,SOLV,USDT,USDT,,1.0,1e-06,2026-05-31 22:09:58.729736,20260531,SOLVUSDT
Aster,MELANIAUSDT,MELANIA,USDT,USDT,,1.0,0.0001,2026-05-31 22:09:58.729736,20260531,MELANIAUSDT
Aster,DOODUSDT,DOOD,USDT,USDT,,1.0,1e-06,2026-05-31 22:09:58.729736,20260531,DOODUSDT
Aster,COSUSDT,COS,USDT,USDT,,1.0,1e-06,2026-05-31 22:09:58.729736,20260531,COSUSDT
Aster,XANUSDT,XAN,USDT,USDT,,1.0,1e-06,2026-05-31 22:09:58.729736,20260531,XANUSDT
Aster,STOUSDT,STO,USDT,USDT,,1.0,1e-05,2026-05-31 22:09:58.729736,20260531,STOUSDT
Aster,CFGUSDT,CFG,USDT,USDT,,1.0,0.0001,2026-05-31 22:09:58.729736,20260531,CFGUSDT
Aster,GUSDT,G,USDT,USDT,,1.0,1e-06,2026-05-31 22:09:58.729736,20260531,GUSDT
Aster,HYPERUSDT,HYPER,USDT,USDT,,1.0,1e-05,2026-05-31 22:09:58.729736,20260531,HYPERUSDT
Aster,BTCUSD1,BTC,USD1,USD1,,8.0,0.1,2026-05-31 22:09:58.729736,20260531,BTCUSD1
Aster,ETHUSD1,ETH,USD1,USD1,,8.0,0.1,2026-05-31 22:09:58.729736,20260531,ETHUSD1
Aster,SOLUSD1,SOL,USD1,USD1,,8.0,0.01,2026-05-31 22:09:58.729736,20260531,SOLUSD1
Aster,MSTRUSDT,MSTR,USDT,USDT,,8.0,0.01,2026-05-31 22:09:58.729736,20260531,MSTRUSDT
Aster,ENJUSDT,ENJ,USDT,USDT,,1.0,1e-05,2026-05-31 22:09:58.729736,20260531,ENJUSDT
Aster,PUMPBTCUSDT,PUMPBTC,USDT,USDT,,1.0,1e-05,2026-05-31 22:09:58.729736,20260531,PUMPBTCUSDT
Aster,EDGEUSDT,EDGE,USDT,USDT,,1.0,0.0001,2026-05-31 22:09:58.729736,20260531,EDGEUSDT
Aster,BRUSDT,BR,USDT,USDT,,1.0,1e-05,2026-05-31 22:09:58.729736,20260531,BRUSDT
Aster,ONTUSDT,ONT,USDT,USDT,,1.0,0.0001,2026-05-31 22:09:58.729736,20260531,ONTUSDT
Aster,GOOGLUSDT,GOOGL,USDT,USDT,,8.0,0.01,2026-05-31 22:09:58.729736,20260531,GOOGLUSDT
Aster,BSBUSDT,BSB,USDT,USDT,,1.0,1e-05,2026-05-31 22:09:58.729736,20260531,BSBUSDT
Aster,PRLUSDT,PRL,USDT,USDT,,1.0,0.0001,2026-05-31 22:09:58.729736,20260531,PRLUSDT
Aster,MUSDT,M,USDT,USDT,,1.0,0.0001,2026-05-31 22:09:58.729736,20260531,MUSDT
Aster,BASEDUSDT,BASED,USDT,USDT,,1.0,1e-05,2026-05-31 22:09:58.729736,20260531,BASEDUSDT
Aster,DUSDT,D,USDT,USDT,,1.0,1e-06,2026-05-31 22:09:58.730733,20260531,DUSDT
Aster,AIOTUSDT,AIOT,USDT,USDT,,1.0,1e-05,2026-05-31 22:09:58.730733,20260531,AIOTUSDT
Aster,REDUSDT,RED,USDT,USDT,,1.0,0.0001,2026-05-31 22:09:58.730733,20260531,REDUSDT
Aster,SWARMSUSDT,SWARMS,USDT,USDT,,1.0,1e-06,2026-05-31 22:09:58.730733,20260531,SWARMSUSDT
Aster,BAYUSDT,BAY,USDT,USDT,,1.0,1e-06,2026-05-31 22:09:58.730733,20260531,BAYUSDT
Aster,TSMUSDT,TSM,USDT,USDT,,8.0,0.01,2026-05-31 22:09:58.730733,20260531,TSMUSDT
Aster,SPYUSDT,SPY,USDT,USDT,,8.0,0.01,2026-05-31 22:09:58.730733,20260531,SPYUSDT
Aster,BTCDOMUSDT,BTCDOM,USDT,USDT,,1.0,0.1,2026-05-31 22:09:58.730733,20260531,BTCDOMUSDT
Aster,PDDUSDT,PDD,USDT,USDT,,8.0,0.01,2026-05-31 22:09:58.730733,20260531,PDDUSDT
Aster,BABAUSDT,BABA,USDT,USDT,,8.0,0.01,2026-05-31 22:09:58.730733,20260531,BABAUSDT
Aster,AKEUSDT,AKE,USDT,USDT,,1.0,1e-07,2026-05-31 22:09:58.730733,20260531,AKEUSDT
Aster,GENIUSUSDT,GENIUS,USDT,USDT,,4.0,0.0001,2026-05-31 22:09:58.730733,20260531,GENIUSUSDT
Aster,KOMAUSDT,KOMA,USDT,USDT,,1.0,1e-06,2026-05-31 22:09:58.730733,20260531,KOMAUSDT
Aster,AVAAIUSDT,AVAAI,USDT,USDT,,1.0,1e-06,2026-05-31 22:09:58.730733,20260531,AVAAIUSDT
Aster,CHIPUSDT,CHIP,USDT,USDT,,1.0,1e-05,2026-05-31 22:09:58.730733,20260531,CHIPUSDT
Aster,BIRDUSDT,BIRD,USDT,USDT,,8.0,0.001,2026-05-31 22:09:58.730733,20260531,BIRDUSDT
Aster,TSTUSDT,TST,USDT,USDT,,1.0,1e-06,2026-05-31 22:09:58.730733,20260531,TSTUSDT
Aster,1000SATSUSDT,1000SATS,USDT,USDT,,1.0,1e-07,2026-05-31 22:09:58.730733,20260531,1000SATSUSDT
Aster,MOVRUSDT,MOVR,USDT,USDT,,1.0,0.001,2026-05-31 22:09:58.730733,20260531,MOVRUSDT
Aster,METISUSDT,METIS,USDT,USDT,,1.0,0.001,2026-05-31 22:09:58.730733,20260531,METISUSDT
Aster,AEROUSDT,AERO,USDT,USDT,,1.0,0.0001,2026-05-31 22:09:58.730733,20260531,AEROUSDT
Aster,CHILLGUYUSDT,CHILLGUY,USDT,USDT,,1.0,1e-06,2026-05-31 22:09:58.730733,20260531,CHILLGUYUSDT
Aster,HIGHUSDT,HIGH,USDT,USDT,,1.0,0.0001,2026-05-31 22:09:58.730733,20260531,HIGHUSDT
Aster,ASTEROIDUSDT,ASTEROID,USDT,USDT,,1.0,1e-08,2026-05-31 22:09:58.730733,20260531,ASTEROIDUSDT
Aster,PORTALUSDT,PORTAL,USDT,USDT,,1.0,1e-05,2026-05-31 22:09:58.730733,20260531,PORTALUSDT
Aster,RONINUSDT,RONIN,USDT,USDT,,1.0,0.0001,2026-05-31 22:09:58.730733,20260531,RONINUSDT
Aster,PROMUSDT,PROM,USDT,USDT,,1.0,0.001,2026-05-31 22:09:58.730733,20260531,PROMUSDT
Aster,BLURUSDT,BLUR,USDT,USDT,,1.0,1e-05,2026-05-31 22:09:58.730733,20260531,BLURUSDT
Aster,OPGUSDT,OPG,USDT,USDT,,1.0,0.0001,2026-05-31 22:09:58.730733,20260531,OPGUSDT
Aster,CARUSDT,CAR,USDT,USDT,,8.0,0.01,2026-05-31 22:09:58.730733,20260531,CARUSDT
Aster,1000WOJAKUSDT,1000WOJAK,USDT,USDT,,1.0,1e-08,2026-05-31 22:09:58.730733,20260531,1000WOJAKUSDT
Aster,TACUSDT,TAC,USDT,USDT,,1.0,1e-06,2026-05-31 22:09:58.730733,20260531,TACUSDT
Aster,VELVETUSDT,VELVET,USDT,USDT,,1.0,1e-05,2026-05-31 22:09:58.730733,20260531,VELVETUSDT
Aster,BBUSDT,BB,USDT,USDT,,1.0,1e-05,2026-05-31 22:09:58.730733,20260531,BBUSDT
Aster,HUMAUSDT,HUMA,USDT,USDT,,1.0,1e-06,2026-05-31 22:09:58.730733,20260531,HUMAUSDT
Aster,AEVOUSDT,AEVO,USDT,USDT,,1.0,1e-05,2026-05-31 22:09:58.730733,20260531,AEVOUSDT
Aster,BANUSDT,BAN,USDT,USDT,,1.0,1e-05,2026-05-31 22:09:58.730733,20260531,BANUSDT
Aster,XCNUSDT,XCN,USDT,USDT,,1.0,1e-06,2026-05-31 22:09:58.730733,20260531,XCNUSDT
Aster,LUMIAUSDT,LUMIA,USDT,USDT,,1.0,1e-05,2026-05-31 22:09:58.730733,20260531,LUMIAUSDT
Aster,SYRUPUSDT,SYRUP,USDT,USDT,,1.0,1e-05,2026-05-31 22:09:58.730733,20260531,SYRUPUSDT
Aster,TAUSDT,TA,USDT,USDT,,1.0,1e-05,2026-05-31 22:09:58.730733,20260531,TAUSDT
Aster,PROSUSDT,PROS,USDT,USDT,,1.0,0.0001,2026-05-31 22:09:58.730733,20260531,PROSUSDT
Aster,BLENDUSDT,BLEND,USDT,USDT,,1.0,0.0001,2026-05-31 22:09:58.730733,20260531,BLENDUSDT
Aster,PUNDIAIUSDT,PUNDIAI,USDT,USDT,,1.0,0.0001,2026-05-31 22:09:58.730733,20260531,PUNDIAIUSDT
Aster,AIGENSYNUSDT,AIGENSYN,USDT,USDT,,1.0,1e-05,2026-05-31 22:09:58.730733,20260531,AIGENSYNUSDT
Aster,MORPHOUSDT,MORPHO,USDT,USDT,,1.0,0.0001,2026-05-31 22:09:58.730733,20260531,MORPHOUSDT
Aster,KAITOUSDT,KAITO,USDT,USDT,,1.0,0.0001,2026-05-31 22:09:58.730733,20260531,KAITOUSDT
Aster,API3USDT,API3,USDT,USDT,,1.0,0.0001,2026-05-31 22:09:58.730733,20260531,API3USDT
Aster,BABYUSDT,BABY,USDT,USDT,,1.0,1e-05,2026-05-31 22:09:58.730733,20260531,BABYUSDT
Aster,THETAUSDT,THETA,USDT,USDT,,1.0,0.0001,2026-05-31 22:09:58.730733,20260531,THETAUSDT
Aster,CARDSUSDT,CARDS,USDT,USDT,,1.0,0.0001,2026-05-31 22:09:58.730733,20260531,CARDSUSDT
Aster,DOGSUSDT,DOGS,USDT,USDT,,1.0,1e-08,2026-05-31 22:09:58.730733,20260531,DOGSUSDT
Aster,DRAMUSDT,DRAM,USDT,USDT,,8.0,0.01,2026-05-31 22:09:58.730733,20260531,DRAMUSDT
Aster,STEEMUSDT,STEEM,USDT,USDT,,1.0,1e-05,2026-05-31 22:09:58.730733,20260531,STEEMUSDT
Aster,POPMARTUSDT,POPMART,USDT,USDT,,8.0,0.01,2026-05-31 22:09:58.730733,20260531,POPMARTUSDT
Aster,XIAOMIUSDT,XIAOMI,USDT,USDT,,8.0,0.001,2026-05-31 22:09:58.730733,20260531,XIAOMIUSDT
Aster,MINIMAXUSDT,MINIMAX,USDT,USDT,,8.0,0.01,2026-05-31 22:09:58.730733,20260531,MINIMAXUSDT
Aster,TENCENTUSDT,TENCENT,USDT,USDT,,8.0,0.01,2026-05-31 22:09:58.730733,20260531,TENCENTUSDT
Aster,NOTUSDT,NOT,USDT,USDT,,1.0,1e-07,2026-05-31 22:09:58.730733,20260531,NOTUSDT
Aster,BILLUSDT,BILL,USDT,USDT,,1.0,1e-05,2026-05-31 22:09:58.730733,20260531,BILLUSDT
Aster,AGTUSDT,AGT,USDT,USDT,,1.0,1e-06,2026-05-31 22:09:58.730733,20260531,AGTUSDT
Aster,SOXLUSDT,SOXL,USDT,USDT,,8.0,0.01,2026-05-31 22:09:58.730733,20260531,SOXLUSDT
Aster,B3USDT,B3,USDT,USDT,,1.0,1e-07,2026-05-31 22:09:58.730733,20260531,B3USDT
Aster,BTWUSDT,BTW,USDT,USDT,,1.0,1e-06,2026-05-31 22:09:58.730733,20260531,BTWUSDT
Aster,TROLLUSDT,TROLL,USDT,USDT,,1.0,1e-05,2026-05-31 22:09:58.730733,20260531,TROLLUSDT
Aster,PLUMEUSDT,PLUME,USDT,USDT,,1.0,1e-05,2026-05-31 22:09:58.730733,20260531,PLUMEUSDT
Aster,STORJUSDT,STORJ,USDT,USDT,,1.0,0.0001,2026-05-31 22:09:58.730733,20260531,STORJUSDT
Aster,LAYERUSDT,LAYER,USDT,USDT,,1.0,1e-05,2026-05-31 22:09:58.730733,20260531,LAYERUSDT
Aster,SAGAUSDT,SAGA,USDT,USDT,,1.0,1e-05,2026-05-31 22:09:58.730733,20260531,SAGAUSDT
Aster,GTCUSDT,GTC,USDT,USDT,,1.0,1e-05,2026-05-31 22:09:58.730733,20260531,GTCUSDT
Aster,CBRSUSDT,CBRS,USDT,USDT,,8.0,0.01,2026-05-31 22:09:58.730733,20260531,CBRSUSDT
Aster,STARUSDT,STAR,USDT,USDT,,1.0,1e-05,2026-05-31 22:09:58.730733,20260531,STARUSDT
Aster,SPCXUSDT,SPCX,USDT,USDT,,8.0,0.01,2026-05-31 22:09:58.730733,20260531,SPCXUSDT
Aster,FIDAUSDT,FIDA,USDT,USDT,,1.0,1e-05,2026-05-31 22:09:58.730733,20260531,FIDAUSDT
Aster,ZESTUSDT,ZEST,USDT,USDT,,1.0,1e-05,2026-05-31 22:09:58.730733,20260531,ZESTUSDT
Aster,PAYPUSDT,PAYP,USDT,USDT,,8.0,0.01,2026-05-31 22:09:58.730733,20260531,PAYPUSDT
Aster,COINUSDT,COIN,USDT,USDT,,8.0,0.01,2026-05-31 22:09:58.730733,20260531,COINUSDT
Aster,PLTRUSDT,PLTR,USDT,USDT,,8.0,0.01,2026-05-31 22:09:58.730733,20260531,PLTRUSDT
Aster,AVGOUSDT,AVGO,USDT,USDT,,8.0,0.01,2026-05-31 22:09:58.730733,20260531,AVGOUSDT
Aster,AMDUSDT,AMD,USDT,USDT,,8.0,0.01,2026-05-31 22:09:58.730733,20260531,AMDUSDT
Aster,1000NEXUSDT,1000NEX,USDT,USDT,,1.0,1e-06,2026-05-31 22:09:58.730733,20260531,1000NEXUSDT
Aster,OPENAIUSDT,OPENAI,USDT,USDT,,8.0,0.01,2026-05-31 22:09:58.730733,20260531,OPENAIUSDT
Aster,BZUSDT,BZ,USDT,USDT,,4.0,0.01,2026-05-31 22:09:58.730733,20260531,BZUSDT
Aster,MRVLUSDT,MRVL,USDT,USDT,,8.0,0.01,2026-05-31 22:09:58.730733,20260531,MRVLUSDT
Aster,UBERUSDT,UBER,USDT,USDT,,8.0,0.01,2026-05-31 22:09:58.730733,20260531,UBERUSDT
Aster,LITEUSDT,LITE,USDT,USDT,,8.0,0.01,2026-05-31 22:09:58.730733,20260531,LITEUSDT
Aster,USARUSDT,USAR,USDT,USDT,,8.0,0.01,2026-05-31 22:09:58.730733,20260531,USARUSDT
Aster,HOMEUSDT,HOME,USDT,USDT,,1.0,1e-06,2026-05-31 22:09:58.730733,20260531,HOMEUSDT
Aster,FUTUUSDT,FUTU,USDT,USDT,,8.0,0.01,2026-05-31 22:09:58.730733,20260531,FUTUUSDT
Aster,ORCLUSDT,ORCL,USDT,USDT,,8.0,0.01,2026-05-31 22:09:58.730733,20260531,ORCLUSDT
Aster,RKLBUSDT,RKLB,USDT,USDT,,8.0,0.01,2026-05-31 22:09:58.730733,20260531,RKLBUSDT
Aster,CRWVUSDT,CRWV,USDT,USDT,,8.0,0.01,2026-05-31 22:09:58.730733,20260531,CRWVUSDT
Aster,CSCOUSDT,CSCO,USDT,USDT,,8.0,0.01,2026-05-31 22:09:58.730733,20260531,CSCOUSDT
Aster,DISUSDT,DIS,USDT,USDT,,8.0,0.01,2026-05-31 22:09:58.730733,20260531,DISUSDT
Aster,UPUSDT,UP,USDT,USDT,,1.0,0.0001,2026-05-31 22:09:58.730733,20260531,UPUSDT
Aster,HMSTRUSDT,HMSTR,USDT,USDT,,1.0,1e-07,2026-05-31 22:09:58.730733,20260531,HMSTRUSDT
Aster,NILUSDT,NIL,USDT,USDT,,1.0,1e-05,2026-05-31 22:09:58.730733,20260531,NILUSDT
Aster,WMTUSDT,WMT,USDT,USDT,,8.0,0.01,2026-05-31 22:09:58.730733,20260531,WMTUSDT
Aster,JPMUSDT,JPM,USDT,USDT,,8.0,0.01,2026-05-31 22:09:58.730733,20260531,JPMUSDT
Aster,VUSDT,V,USDT,USDT,,8.0,0.01,2026-05-31 22:09:58.730733,20260531,VUSDT
Aster,BRKBUSDT,BRKB,USDT,USDT,,8.0,0.01,2026-05-31 22:09:58.730733,20260531,BRKBUSDT
Aster,FLNCUSDT,FLNC,USDT,USDT,,8.0,0.01,2026-05-31 22:09:58.730733,20260531,FLNCUSDT
Aster,RAILUSDT,RAIL,USDT,USDT,,1.0,0.0001,2026-05-31 22:09:58.730733,20260531,RAILUSDT
Aster,BTCU,BTC,U,U,,8.0,0.1,2026-05-31 22:09:58.730733,20260531,BTCU
Aster,ETHU,ETH,U,U,,8.0,0.1,2026-05-31 22:09:58.730733,20260531,ETHU
Aster,COHRUSDT,COHR,USDT,USDT,,8.0,0.01,2026-05-31 22:09:58.730733,20260531,COHRUSDT
Aster,NBISUSDT,NBIS,USDT,USDT,,8.0,0.01,2026-05-31 22:09:58.730733,20260531,NBISUSDT
Aster,ARMUSDT,ARM,USDT,USDT,,8.0,0.01,2026-05-31 22:09:58.730733,20260531,ARMUSDT
Aster,BEUSDT,BE,USDT,USDT,,8.0,0.01,2026-05-31 22:09:58.730733,20260531,BEUSDT
Aster,CTRUSDT,CTR,USDT,USDT,,4.0,1e-05,2026-05-31 22:09:58.730733,20260531,CTRUSDT
Aster,SKHYNIXUSDT,SKHYNIX,USDT,USDT,,1.0,0.1,2026-05-31 22:09:58.730733,20260531,SKHYNIXUSDT
Aster,SAMSUNGUSDT,SAMSUNG,USDT,USDT,,1.0,0.01,2026-05-31 22:09:58.730733,20260531,SAMSUNGUSDT
Aster,QNTXUSDT,QNTX,USDT,USDT,,8.0,0.01,2026-05-31 22:09:58.730733,20260531,QNTXUSDT
Binance,BTCUSD_PERP,BTC,USD,BTC,125.0,8.0,0.1,2026-05-31 22:09:58.730733,20260531,BTCUSD
Binance,ETHUSD_PERP,ETH,USD,ETH,100.0,8.0,0.01,2026-05-31 22:09:58.730733,20260531,ETHUSD
Binance,LINKUSD_PERP,LINK,USD,LINK,20.0,8.0,0.001,2026-05-31 22:09:58.730733,20260531,LINKUSD
Binance,BNBUSD_PERP,BNB,USD,BNB,20.0,8.0,0.01,2026-05-31 22:09:58.730733,20260531,BNBUSD
Binance,TRXUSD_PERP,TRX,USD,TRX,20.0,8.0,1e-05,2026-05-31 22:09:58.730733,20260531,TRXUSD
Binance,DOTUSD_PERP,DOT,USD,DOT,20.0,8.0,0.001,2026-05-31 22:09:58.730733,20260531,DOTUSD
Binance,ADAUSD_PERP,ADA,USD,ADA,20.0,8.0,0.0001,2026-05-31 22:09:58.730733,20260531,ADAUSD
Binance,LTCUSD_PERP,LTC,USD,LTC,20.0,8.0,0.01,2026-05-31 22:09:58.730733,20260531,LTCUSD
Binance,BCHUSD_PERP,BCH,USD,BCH,20.0,8.0,0.01,2026-05-31 22:09:58.730733,20260531,BCHUSD
Binance,XRPUSD_PERP,XRP,USD,XRP,50.0,8.0,0.0001,2026-05-31 22:09:58.730733,20260531,XRPUSD
Binance,ETCUSD_PERP,ETC,USD,ETC,20.0,8.0,0.001,2026-05-31 22:09:58.730733,20260531,ETCUSD
Binance,FILUSD_PERP,FIL,USD,FIL,20.0,8.0,0.001,2026-05-31 22:09:58.730733,20260531,FILUSD
Binance,DOGEUSD_PERP,DOGE,USD,DOGE,25.0,8.0,1e-05,2026-05-31 22:09:58.730733,20260531,DOGEUSD
Binance,UNIUSD_PERP,UNI,USD,UNI,20.0,8.0,0.001,2026-05-31 22:09:58.730733,20260531,UNIUSD
Binance,XLMUSD_PERP,XLM,USD,XLM,20.0,8.0,1e-05,2026-05-31 22:09:58.730733,20260531,XLMUSD
Binance,SOLUSD_PERP,SOL,USD,SOL,50.0,8.0,0.01,2026-05-31 22:09:58.730733,20260531,SOLUSD
Binance,AVAXUSD_PERP,AVAX,USD,AVAX,20.0,8.0,0.01,2026-05-31 22:09:58.730733,20260531,AVAXUSD
Binance,NEARUSD_PERP,NEAR,USD,NEAR,20.0,8.0,0.001,2026-05-31 22:09:58.730733,20260531,NEARUSD
Binance,AAVEUSD_PERP,AAVE,USD,AAVE,20.0,8.0,0.01,2026-05-31 22:09:58.730733,20260531,AAVEUSD
Binance,SUIUSD_PERP,SUI,USD,SUI,20.0,8.0,0.0001,2026-05-31 22:09:58.730733,20260531,SUIUSD
Binance,BTCUSD_260626,BTC,USD,BTC,50.0,,0.1,2026-05-31 22:09:58.730733,20260531,BTCUSD_260626
Binance,ETHUSD_260626,ETH,USD,ETH,50.0,,0.01,2026-05-31 22:09:58.730733,20260531,ETHUSD_260626
Binance,XRPUSD_260626,XRP,USD,XRP,20.0,,0.0001,2026-05-31 22:09:58.730733,20260531,XRPUSD_260626
Binance,BNBUSD_260626,BNB,USD,BNB,20.0,,0.01,2026-05-31 22:09:58.730733,20260531,BNBUSD_260626
Binance,SOLUSD_260626,SOL,USD,SOL,20.0,,0.01,2026-05-31 22:09:58.730733,20260531,SOLUSD_260626
Binance,BTCUSD_260925,BTC,USD,BTC,50.0,,0.1,2026-05-31 22:09:58.730733,20260531,BTCUSD_260925
Binance,ETHUSD_260925,ETH,USD,ETH,50.0,,0.01,2026-05-31 22:09:58.730733,20260531,ETHUSD_260925
Binance,XRPUSD_260925,XRP,USD,XRP,20.0,,0.0001,2026-05-31 22:09:58.730733,20260531,XRPUSD_260925
Binance,BNBUSD_260925,BNB,USD,BNB,20.0,,0.01,2026-05-31 22:09:58.730733,20260531,BNBUSD_260925
Binance,SOLUSD_260925,SOL,USD,SOL,20.0,,0.01,2026-05-31 22:09:58.730733,20260531,SOLUSD_260925
Binance,BTCUSDT,BTC,USDT,USDT,150.0,8.0,0.1,2026-05-31 22:09:58.730733,20260531,BTCUSDT
Binance,ETHUSDT,ETH,USDT,USDT,150.0,8.0,0.01,2026-05-31 22:09:58.730733,20260531,ETHUSDT
Binance,BCHUSDT,BCH,USDT,USDT,75.0,8.0,0.01,2026-05-31 22:09:58.730733,20260531,BCHUSDT
Binance,XRPUSDT,XRP,USDT,USDT,100.0,8.0,0.0001,2026-05-31 22:09:58.730733,20260531,XRPUSDT
Binance,LTCUSDT,LTC,USDT,USDT,75.0,8.0,0.01,2026-05-31 22:09:58.730733,20260531,LTCUSDT
Binance,TRXUSDT,TRX,USDT,USDT,75.0,8.0,1e-05,2026-05-31 22:09:58.730733,20260531,TRXUSDT
Binance,ETCUSDT,ETC,USDT,USDT,75.0,8.0,0.001,2026-05-31 22:09:58.730733,20260531,ETCUSDT
Binance,LINKUSDT,LINK,USDT,USDT,75.0,8.0,0.001,2026-05-31 22:09:58.730733,20260531,LINKUSDT
Binance,XLMUSDT,XLM,USDT,USDT,75.0,8.0,1e-05,2026-05-31 22:09:58.730733,20260531,XLMUSDT
Binance,ADAUSDT,ADA,USDT,USDT,75.0,8.0,0.0001,2026-05-31 22:09:58.730733,20260531,ADAUSDT
Binance,XMRUSDT,XMR,USDT,USDT,75.0,8.0,0.01,2026-05-31 22:09:58.730733,20260531,XMRUSDT
Binance,DASHUSDT,DASH,USDT,USDT,75.0,8.0,0.01,2026-05-31 22:09:58.730733,20260531,DASHUSDT
Binance,ZECUSDT,ZEC,USDT,USDT,75.0,8.0,0.01,2026-05-31 22:09:58.730733,20260531,ZECUSDT
Binance,XTZUSDT,XTZ,USDT,USDT,75.0,4.0,0.0001,2026-05-31 22:09:58.730733,20260531,XTZUSDT
Binance,BNBUSDT,BNB,USDT,USDT,75.0,8.0,0.01,2026-05-31 22:09:58.730733,20260531,BNBUSDT
Binance,ATOMUSDT,ATOM,USDT,USDT,75.0,8.0,0.001,2026-05-31 22:09:58.730733,20260531,ATOMUSDT
Binance,ONTUSDT,ONT,USDT,USDT,75.0,4.0,0.0001,2026-05-31 22:09:58.730733,20260531,ONTUSDT
Binance,IOTAUSDT,IOTA,USDT,USDT,75.0,8.0,0.0001,2026-05-31 22:09:58.730733,20260531,IOTAUSDT
Binance,BATUSDT,BAT,USDT,USDT,50.0,8.0,0.0001,2026-05-31 22:09:58.730733,20260531,BATUSDT
Binance,VETUSDT,VET,USDT,USDT,75.0,8.0,1e-06,2026-05-31 22:09:58.730733,20260531,VETUSDT
Binance,NEOUSDT,NEO,USDT,USDT,75.0,8.0,0.001,2026-05-31 22:09:58.730733,20260531,NEOUSDT
Binance,QTUMUSDT,QTUM,USDT,USDT,75.0,8.0,0.001,2026-05-31 22:09:58.730733,20260531,QTUMUSDT
Binance,IOSTUSDT,IOST,USDT,USDT,50.0,8.0,1e-06,2026-05-31 22:09:58.730733,20260531,IOSTUSDT
Binance,THETAUSDT,THETA,USDT,USDT,75.0,8.0,0.0001,2026-05-31 22:09:58.730733,20260531,THETAUSDT
Binance,ALGOUSDT,ALGO,USDT,USDT,75.0,8.0,0.0001,2026-05-31 22:09:58.730733,20260531,ALGOUSDT
Binance,ZILUSDT,ZIL,USDT,USDT,75.0,4.0,1e-05,2026-05-31 22:09:58.730733,20260531,ZILUSDT
Binance,KNCUSDT,KNC,USDT,USDT,50.0,8.0,0.0001,2026-05-31 22:09:58.730733,20260531,KNCUSDT
Binance,ZRXUSDT,ZRX,USDT,USDT,75.0,4.0,0.0001,2026-05-31 22:09:58.730733,20260531,ZRXUSDT
Binance,COMPUSDT,COMP,USDT,USDT,75.0,8.0,0.01,2026-05-31 22:09:58.730733,20260531,COMPUSDT
Binance,DOGEUSDT,DOGE,USDT,USDT,75.0,8.0,1e-05,2026-05-31 22:09:58.730733,20260531,DOGEUSDT
Binance,KAVAUSDT,KAVA,USDT,USDT,50.0,4.0,0.0001,2026-05-31 22:09:58.730733,20260531,KAVAUSDT
Binance,BANDUSDT,BAND,USDT,USDT,50.0,8.0,0.0001,2026-05-31 22:09:58.730733,20260531,BANDUSDT
Binance,RLCUSDT,RLC,USDT,USDT,50.0,8.0,0.0001,2026-05-31 22:09:58.730733,20260531,RLCUSDT
Binance,SNXUSDT,SNX,USDT,USDT,75.0,8.0,0.0001,2026-05-31 22:09:58.730733,20260531,SNXUSDT
Binance,DOTUSDT,DOT,USDT,USDT,75.0,8.0,0.001,2026-05-31 22:09:58.730733,20260531,DOTUSDT
Binance,YFIUSDT,YFI,USDT,USDT,75.0,8.0,1.0,2026-05-31 22:09:58.730733,20260531,YFIUSDT
Binance,CRVUSDT,CRV,USDT,USDT,75.0,8.0,0.0001,2026-05-31 22:09:58.730733,20260531,CRVUSDT
Binance,TRBUSDT,TRB,USDT,USDT,50.0,4.0,0.001,2026-05-31 22:09:58.730733,20260531,TRBUSDT
Binance,RUNEUSDT,RUNE,USDT,USDT,75.0,8.0,0.0001,2026-05-31 22:09:58.730733,20260531,RUNEUSDT
Binance,SUSHIUSDT,SUSHI,USDT,USDT,75.0,8.0,0.0001,2026-05-31 22:09:58.730733,20260531,SUSHIUSDT
Binance,EGLDUSDT,EGLD,USDT,USDT,75.0,8.0,0.001,2026-05-31 22:09:58.730733,20260531,EGLDUSDT
Binance,SOLUSDT,SOL,USDT,USDT,100.0,8.0,0.01,2026-05-31 22:09:58.730733,20260531,SOLUSDT
Binance,ICXUSDT,ICX,USDT,USDT,50.0,4.0,1e-05,2026-05-31 22:09:58.730733,20260531,ICXUSDT
Binance,STORJUSDT,STORJ,USDT,USDT,50.0,4.0,0.0001,2026-05-31 22:09:58.730733,20260531,STORJUSDT
Binance,UNIUSDT,UNI,USDT,USDT,75.0,8.0,0.001,2026-05-31 22:09:58.730733,20260531,UNIUSDT
Binance,AVAXUSDT,AVAX,USDT,USDT,75.0,8.0,0.001,2026-05-31 22:09:58.730733,20260531,AVAXUSDT
Binance,ENJUSDT,ENJ,USDT,USDT,50.0,4.0,1e-05,2026-05-31 22:09:58.730733,20260531,ENJUSDT
Binance,KSMUSDT,KSM,USDT,USDT,50.0,8.0,0.001,2026-05-31 22:09:58.730733,20260531,KSMUSDT
Binance,NEARUSDT,NEAR,USDT,USDT,75.0,8.0,0.001,2026-05-31 22:09:58.730733,20260531,NEARUSDT
Binance,AAVEUSDT,AAVE,USDT,USDT,75.0,8.0,0.01,2026-05-31 22:09:58.730733,20260531,AAVEUSDT
Binance,FILUSDT,FIL,USDT,USDT,75.0,8.0,0.001,2026-05-31 22:09:58.730733,20260531,FILUSDT
Binance,RSRUSDT,RSR,USDT,USDT,75.0,8.0,1e-06,2026-05-31 22:09:58.730733,20260531,RSRUSDT
Binance,BELUSDT,BEL,USDT,USDT,10.0,8.0,0.0001,2026-05-31 22:09:58.730733,20260531,BELUSDT
Binance,AXSUSDT,AXS,USDT,USDT,75.0,4.0,0.001,2026-05-31 22:09:58.730733,20260531,AXSUSDT
Binance,ZENUSDT,ZEN,USDT,USDT,75.0,8.0,0.001,2026-05-31 22:09:58.730733,20260531,ZENUSDT
Binance,SKLUSDT,SKL,USDT,USDT,50.0,4.0,1e-05,2026-05-31 22:09:58.730733,20260531,SKLUSDT
Binance,GRTUSDT,GRT,USDT,USDT,75.0,8.0,1e-05,2026-05-31 22:09:58.730733,20260531,GRTUSDT
Binance,1INCHUSDT,1INCH,USDT,USDT,75.0,8.0,0.0001,2026-05-31 22:09:58.730733,20260531,1INCHUSDT
Binance,CHZUSDT,CHZ,USDT,USDT,75.0,8.0,1e-05,2026-05-31 22:09:58.730733,20260531,CHZUSDT
Binance,SANDUSDT,SAND,USDT,USDT,75.0,8.0,1e-05,2026-05-31 22:09:58.730733,20260531,SANDUSDT
Binance,ANKRUSDT,ANKR,USDT,USDT,50.0,4.0,1e-06,2026-05-31 22:09:58.730733,20260531,ANKRUSDT
Binance,RVNUSDT,RVN,USDT,USDT,75.0,4.0,1e-05,2026-05-31 22:09:58.730733,20260531,RVNUSDT
Binance,SFPUSDT,SFP,USDT,USDT,75.0,8.0,0.0001,2026-05-31 22:09:58.730733,20260531,SFPUSDT
Binance,COTIUSDT,COTI,USDT,USDT,50.0,8.0,1e-05,2026-05-31 22:09:58.730733,20260531,COTIUSDT
Binance,CHRUSDT,CHR,USDT,USDT,50.0,8.0,1e-05,2026-05-31 22:09:58.730733,20260531,CHRUSDT
Binance,MANAUSDT,MANA,USDT,USDT,75.0,8.0,0.0001,2026-05-31 22:09:58.730733,20260531,MANAUSDT
Binance,ALICEUSDT,ALICE,USDT,USDT,50.0,4.0,0.0001,2026-05-31 22:09:58.730733,20260531,ALICEUSDT
Binance,HBARUSDT,HBAR,USDT,USDT,75.0,8.0,1e-05,2026-05-31 22:09:58.730733,20260531,HBARUSDT
Binance,ONEUSDT,ONE,USDT,USDT,50.0,8.0,1e-06,2026-05-31 22:09:58.730733,20260531,ONEUSDT
Binance,CELRUSDT,CELR,USDT,USDT,50.0,8.0,1e-06,2026-05-31 22:09:58.730733,20260531,CELRUSDT
Binance,HOTUSDT,HOT,USDT,USDT,50.0,8.0,1e-06,2026-05-31 22:09:58.730733,20260531,HOTUSDT
Binance,MTLUSDT,MTL,USDT,USDT,50.0,8.0,0.0001,2026-05-31 22:09:58.730733,20260531,MTLUSDT
Binance,OGNUSDT,OGN,USDT,USDT,50.0,4.0,1e-05,2026-05-31 22:09:58.730733,20260531,OGNUSDT
Binance,1000SHIBUSDT,1000SHIB,USDT,USDT,75.0,8.0,1e-06,2026-05-31 22:09:58.730733,20260531,1000SHIBUSDT
Binance,GTCUSDT,GTC,USDT,USDT,10.0,8.0,1e-05,2026-05-31 22:09:58.730733,20260531,GTCUSDT
Binance,BTCDOMUSDT,BTCDOM,USDT,USDT,20.0,8.0,0.1,2026-05-31 22:09:58.730733,20260531,BTCDOMUSDT
Binance,IOTXUSDT,IOTX,USDT,USDT,50.0,8.0,1e-05,2026-05-31 22:09:58.730733,20260531,IOTXUSDT
Binance,C98USDT,C98,USDT,USDT,50.0,8.0,1e-05,2026-05-31 22:09:58.730733,20260531,C98USDT
Binance,MASKUSDT,MASK,USDT,USDT,50.0,4.0,0.0001,2026-05-31 22:09:58.730733,20260531,MASKUSDT
Binance,DYDXUSDT,DYDX,USDT,USDT,75.0,8.0,0.0001,2026-05-31 22:09:58.730733,20260531,DYDXUSDT
Binance,1000XECUSDT,1000XEC,USDT,USDT,75.0,8.0,1e-05,2026-05-31 22:09:58.730733,20260531,1000XECUSDT
Binance,GALAUSDT,GALA,USDT,USDT,75.0,8.0,1e-06,2026-05-31 22:09:58.730733,20260531,GALAUSDT
Binance,CELOUSDT,CELO,USDT,USDT,50.0,8.0,1e-05,2026-05-31 22:09:58.730733,20260531,CELOUSDT
Binance,ARUSDT,AR,USDT,USDT,75.0,8.0,0.001,2026-05-31 22:09:58.730733,20260531,ARUSDT
Binance,ARPAUSDT,ARPA,USDT,USDT,50.0,8.0,1e-05,2026-05-31 22:09:58.730733,20260531,ARPAUSDT
Binance,CTSIUSDT,CTSI,USDT,USDT,50.0,8.0,1e-05,2026-05-31 22:09:58.730733,20260531,CTSIUSDT
Binance,LPTUSDT,LPT,USDT,USDT,75.0,4.0,0.001,2026-05-31 22:09:58.730733,20260531,LPTUSDT
Binance,ENSUSDT,ENS,USDT,USDT,75.0,8.0,0.001,2026-05-31 22:09:58.731730,20260531,ENSUSDT
Binance,PEOPLEUSDT,PEOPLE,USDT,USDT,50.0,8.0,1e-05,2026-05-31 22:09:58.731730,20260531,PEOPLEUSDT
Binance,ROSEUSDT,ROSE,USDT,USDT,75.0,8.0,1e-05,2026-05-31 22:09:58.731730,20260531,ROSEUSDT
Binance,DUSKUSDT,DUSK,USDT,USDT,50.0,4.0,1e-05,2026-05-31 22:09:58.731730,20260531,DUSKUSDT
Binance,FLOWUSDT,FLOW,USDT,USDT,10.0,4.0,1e-05,2026-05-31 22:09:58.731730,20260531,FLOWUSDT
Binance,IMXUSDT,IMX,USDT,USDT,75.0,4.0,0.0001,2026-05-31 22:09:58.731730,20260531,IMXUSDT
Binance,API3USDT,API3,USDT,USDT,50.0,4.0,0.0001,2026-05-31 22:09:58.731730,20260531,API3USDT
Binance,GMTUSDT,GMT,USDT,USDT,50.0,4.0,1e-05,2026-05-31 22:09:58.731730,20260531,GMTUSDT
Binance,APEUSDT,APE,USDT,USDT,50.0,8.0,0.0001,2026-05-31 22:09:58.731730,20260531,APEUSDT
Binance,WOOUSDT,WOO,USDT,USDT,50.0,8.0,1e-05,2026-05-31 22:09:58.731730,20260531,WOOUSDT
Binance,JASMYUSDT,JASMY,USDT,USDT,75.0,8.0,1e-06,2026-05-31 22:09:58.731730,20260531,JASMYUSDT
Binance,OPUSDT,OP,USDT,USDT,75.0,8.0,0.0001,2026-05-31 22:09:58.731730,20260531,OPUSDT
Binance,INJUSDT,INJ,USDT,USDT,75.0,8.0,0.001,2026-05-31 22:09:58.731730,20260531,INJUSDT
Binance,STGUSDT,STG,USDT,USDT,50.0,8.0,0.0001,2026-05-31 22:09:58.731730,20260531,STGUSDT
Binance,SPELLUSDT,SPELL,USDT,USDT,50.0,8.0,1e-07,2026-05-31 22:09:58.731730,20260531,SPELLUSDT
Binance,1000LUNCUSDT,1000LUNC,USDT,USDT,75.0,8.0,1e-05,2026-05-31 22:09:58.731730,20260531,1000LUNCUSDT
Binance,LUNA2USDT,LUNA2,USDT,USDT,50.0,4.0,1e-05,2026-05-31 22:09:58.731730,20260531,LUNA2USDT
Binance,LDOUSDT,LDO,USDT,USDT,75.0,8.0,0.0001,2026-05-31 22:09:58.731730,20260531,LDOUSDT
Binance,ICPUSDT,ICP,USDT,USDT,75.0,8.0,0.001,2026-05-31 22:09:58.731730,20260531,ICPUSDT
Binance,APTUSDT,APT,USDT,USDT,75.0,8.0,0.0001,2026-05-31 22:09:58.731730,20260531,APTUSDT
Binance,QNTUSDT,QNT,USDT,USDT,75.0,8.0,0.01,2026-05-31 22:09:58.731730,20260531,QNTUSDT
Binance,FETUSDT,FET,USDT,USDT,75.0,8.0,0.0001,2026-05-31 22:09:58.731730,20260531,FETUSDT
Binance,MAGICUSDT,MAGIC,USDT,USDT,50.0,4.0,1e-05,2026-05-31 22:09:58.731730,20260531,MAGICUSDT
Binance,TUSDT,T,USDT,USDT,50.0,4.0,1e-06,2026-05-31 22:09:58.731730,20260531,TUSDT
Binance,HIGHUSDT,HIGH,USDT,USDT,20.0,8.0,0.0001,2026-05-31 22:09:58.731730,20260531,HIGHUSDT
Binance,MINAUSDT,MINA,USDT,USDT,75.0,8.0,1e-05,2026-05-31 22:09:58.731730,20260531,MINAUSDT
Binance,ASTRUSDT,ASTR,USDT,USDT,50.0,8.0,1e-06,2026-05-31 22:09:58.731730,20260531,ASTRUSDT
Binance,GMXUSDT,GMX,USDT,USDT,50.0,8.0,0.001,2026-05-31 22:09:58.731730,20260531,GMXUSDT
Binance,CFXUSDT,CFX,USDT,USDT,75.0,8.0,1e-05,2026-05-31 22:09:58.731730,20260531,CFXUSDT
Binance,STXUSDT,STX,USDT,USDT,75.0,8.0,0.0001,2026-05-31 22:09:58.731730,20260531,STXUSDT
Binance,ACHUSDT,ACH,USDT,USDT,50.0,8.0,1e-06,2026-05-31 22:09:58.731730,20260531,ACHUSDT
Binance,SSVUSDT,SSV,USDT,USDT,50.0,8.0,0.001,2026-05-31 22:09:58.731730,20260531,SSVUSDT
Binance,CKBUSDT,CKB,USDT,USDT,50.0,8.0,1e-06,2026-05-31 22:09:58.731730,20260531,CKBUSDT
Binance,LQTYUSDT,LQTY,USDT,USDT,50.0,8.0,0.0001,2026-05-31 22:09:58.731730,20260531,LQTYUSDT
Binance,USDCUSDT,USDC,USDT,USDT,50.0,8.0,1e-06,2026-05-31 22:09:58.731730,20260531,USDCUSDT
Binance,IDUSDT,ID,USDT,USDT,50.0,1.0,1e-05,2026-05-31 22:09:58.731730,20260531,IDUSDT
Binance,ARBUSDT,ARB,USDT,USDT,75.0,8.0,0.0001,2026-05-31 22:09:58.731730,20260531,ARBUSDT
Binance,JOEUSDT,JOE,USDT,USDT,25.0,8.0,1e-05,2026-05-31 22:09:58.731730,20260531,JOEUSDT
Binance,TLMUSDT,TLM,USDT,USDT,25.0,4.0,1e-06,2026-05-31 22:09:58.731730,20260531,TLMUSDT
Binance,HFTUSDT,HFT,USDT,USDT,25.0,8.0,1e-05,2026-05-31 22:09:58.731730,20260531,HFTUSDT
Binance,XVSUSDT,XVS,USDT,USDT,50.0,8.0,0.001,2026-05-31 22:09:58.731730,20260531,XVSUSDT
Binance,ETHBTC,ETH,BTC,BTC,100.0,8.0,1e-06,2026-05-31 22:09:58.731730,20260531,ETHBTC
Binance,BLURUSDT,BLUR,USDT,USDT,75.0,4.0,1e-05,2026-05-31 22:09:58.731730,20260531,BLURUSDT
Binance,EDUUSDT,EDU,USDT,USDT,50.0,8.0,1e-05,2026-05-31 22:09:58.731730,20260531,EDUUSDT
Binance,SUIUSDT,SUI,USDT,USDT,75.0,8.0,0.0001,2026-05-31 22:09:58.731730,20260531,SUIUSDT
Binance,1000PEPEUSDT,1000PEPE,USDT,USDT,75.0,8.0,1e-07,2026-05-31 22:09:58.731730,20260531,1000PEPEUSDT
Binance,1000FLOKIUSDT,1000FLOKI,USDT,USDT,75.0,8.0,1e-05,2026-05-31 22:09:58.731730,20260531,1000FLOKIUSDT
Binance,UMAUSDT,UMA,USDT,USDT,50.0,4.0,0.0001,2026-05-31 22:09:58.731730,20260531,UMAUSDT
Binance,NMRUSDT,NMR,USDT,USDT,75.0,4.0,0.001,2026-05-31 22:09:58.731730,20260531,NMRUSDT
Binance,MAVUSDT,MAV,USDT,USDT,50.0,8.0,1e-05,2026-05-31 22:09:58.731730,20260531,MAVUSDT
Binance,XVGUSDT,XVG,USDT,USDT,50.0,8.0,1e-06,2026-05-31 22:09:58.731730,20260531,XVGUSDT
Binance,WLDUSDT,WLD,USDT,USDT,75.0,8.0,0.0001,2026-05-31 22:09:58.731730,20260531,WLDUSDT
Binance,PENDLEUSDT,PENDLE,USDT,USDT,75.0,8.0,0.0001,2026-05-31 22:09:58.731730,20260531,PENDLEUSDT
Binance,ARKMUSDT,ARKM,USDT,USDT,50.0,8.0,0.0001,2026-05-31 22:09:58.731730,20260531,ARKMUSDT
Binance,AGLDUSDT,AGLD,USDT,USDT,50.0,8.0,0.0001,2026-05-31 22:09:58.731730,20260531,AGLDUSDT
Binance,YGGUSDT,YGG,USDT,USDT,50.0,4.0,1e-05,2026-05-31 22:09:58.731730,20260531,YGGUSDT
Binance,DODOXUSDT,DODOX,USDT,USDT,25.0,4.0,1e-06,2026-05-31 22:09:58.731730,20260531,DODOXUSDT
Binance,BNTUSDT,BNT,USDT,USDT,50.0,8.0,0.0001,2026-05-31 22:09:58.731730,20260531,BNTUSDT
Binance,SEIUSDT,SEI,USDT,USDT,75.0,8.0,1e-05,2026-05-31 22:09:58.731730,20260531,SEIUSDT
Binance,CYBERUSDT,CYBER,USDT,USDT,50.0,4.0,0.0001,2026-05-31 22:09:58.731730,20260531,CYBERUSDT
Binance,ARKUSDT,ARK,USDT,USDT,40.0,4.0,0.0001,2026-05-31 22:09:58.731730,20260531,ARKUSDT
Binance,BICOUSDT,BICO,USDT,USDT,50.0,8.0,1e-05,2026-05-31 22:09:58.731730,20260531,BICOUSDT
Binance,BIGTIMEUSDT,BIGTIME,USDT,USDT,50.0,4.0,1e-05,2026-05-31 22:09:58.731730,20260531,BIGTIMEUSDT
Binance,WAXPUSDT,WAXP,USDT,USDT,50.0,4.0,1e-06,2026-05-31 22:09:58.731730,20260531,WAXPUSDT
Binance,BSVUSDT,BSV,USDT,USDT,75.0,4.0,0.01,2026-05-31 22:09:58.731730,20260531,BSVUSDT
Binance,RIFUSDT,RIF,USDT,USDT,50.0,4.0,1e-05,2026-05-31 22:09:58.731730,20260531,RIFUSDT
Binance,POLYXUSDT,POLYX,USDT,USDT,50.0,4.0,1e-05,2026-05-31 22:09:58.731730,20260531,POLYXUSDT
Binance,GASUSDT,GAS,USDT,USDT,75.0,4.0,0.001,2026-05-31 22:09:58.731730,20260531,GASUSDT
Binance,POWRUSDT,POWR,USDT,USDT,50.0,4.0,1e-05,2026-05-31 22:09:58.731730,20260531,POWRUSDT
Binance,TIAUSDT,TIA,USDT,USDT,75.0,4.0,0.0001,2026-05-31 22:09:58.731730,20260531,TIAUSDT
Binance,CAKEUSDT,CAKE,USDT,USDT,75.0,4.0,0.0001,2026-05-31 22:09:58.731730,20260531,CAKEUSDT
Binance,MEMEUSDT,MEME,USDT,USDT,50.0,4.0,1e-07,2026-05-31 22:09:58.731730,20260531,MEMEUSDT
Binance,TWTUSDT,TWT,USDT,USDT,75.0,4.0,0.0001,2026-05-31 22:09:58.731730,20260531,TWTUSDT
Binance,ORDIUSDT,ORDI,USDT,USDT,75.0,4.0,0.001,2026-05-31 22:09:58.731730,20260531,ORDIUSDT
Binance,STEEMUSDT,STEEM,USDT,USDT,50.0,4.0,1e-05,2026-05-31 22:09:58.731730,20260531,STEEMUSDT
Binance,ILVUSDT,ILV,USDT,USDT,50.0,4.0,0.001,2026-05-31 22:09:58.731730,20260531,ILVUSDT
Binance,KASUSDT,KAS,USDT,USDT,75.0,4.0,1e-05,2026-05-31 22:09:58.731730,20260531,KASUSDT
Binance,BEAMXUSDT,BEAMX,USDT,USDT,50.0,4.0,1e-06,2026-05-31 22:09:58.731730,20260531,BEAMXUSDT
Binance,1000BONKUSDT,1000BONK,USDT,USDT,75.0,4.0,1e-06,2026-05-31 22:09:58.731730,20260531,1000BONKUSDT
Binance,PYTHUSDT,PYTH,USDT,USDT,75.0,4.0,1e-05,2026-05-31 22:09:58.731730,20260531,PYTHUSDT
Binance,SUPERUSDT,SUPER,USDT,USDT,75.0,4.0,0.0001,2026-05-31 22:09:58.731730,20260531,SUPERUSDT
Binance,USTCUSDT,USTC,USDT,USDT,50.0,4.0,1e-06,2026-05-31 22:09:58.731730,20260531,USTCUSDT
Binance,ONGUSDT,ONG,USDT,USDT,50.0,4.0,1e-05,2026-05-31 22:09:58.731730,20260531,ONGUSDT
Binance,ETHWUSDT,ETHW,USDT,USDT,50.0,4.0,0.0001,2026-05-31 22:09:58.731730,20260531,ETHWUSDT
Binance,JTOUSDT,JTO,USDT,USDT,75.0,4.0,0.0001,2026-05-31 22:09:58.731730,20260531,JTOUSDT
Binance,1000SATSUSDT,1000SATS,USDT,USDT,50.0,4.0,1e-08,2026-05-31 22:09:58.731730,20260531,1000SATSUSDT
Binance,AUCTIONUSDT,AUCTION,USDT,USDT,50.0,4.0,0.001,2026-05-31 22:09:58.731730,20260531,AUCTIONUSDT
Binance,1000RATSUSDT,1000RATS,USDT,USDT,40.0,4.0,1e-05,2026-05-31 22:09:58.731730,20260531,1000RATSUSDT
Binance,ACEUSDT,ACE,USDT,USDT,20.0,4.0,0.0001,2026-05-31 22:09:58.731730,20260531,ACEUSDT
Binance,MOVRUSDT,MOVR,USDT,USDT,50.0,4.0,0.001,2026-05-31 22:09:58.731730,20260531,MOVRUSDT
Binance,NFPUSDT,NFP,USDT,USDT,10.0,4.0,1e-05,2026-05-31 22:09:58.731730,20260531,NFPUSDT
Binance,BTCUSDC,BTC,USDC,USDC,125.0,8.0,0.1,2026-05-31 22:09:58.731730,20260531,BTCUSDC
Binance,ETHUSDC,ETH,USDC,USDC,125.0,8.0,0.01,2026-05-31 22:09:58.731730,20260531,ETHUSDC
Binance,BNBUSDC,BNB,USDC,USDC,75.0,8.0,0.01,2026-05-31 22:09:58.731730,20260531,BNBUSDC
Binance,SOLUSDC,SOL,USDC,USDC,100.0,8.0,0.01,2026-05-31 22:09:58.731730,20260531,SOLUSDC
Binance,XRPUSDC,XRP,USDC,USDC,75.0,8.0,0.0001,2026-05-31 22:09:58.731730,20260531,XRPUSDC
Binance,XAIUSDT,XAI,USDT,USDT,50.0,4.0,1e-05,2026-05-31 22:09:58.731730,20260531,XAIUSDT
Binance,DOGEUSDC,DOGE,USDC,USDC,75.0,8.0,1e-05,2026-05-31 22:09:58.731730,20260531,DOGEUSDC
Binance,WIFUSDT,WIF,USDT,USDT,75.0,4.0,0.0001,2026-05-31 22:09:58.731730,20260531,WIFUSDT
Binance,MANTAUSDT,MANTA,USDT,USDT,50.0,4.0,1e-05,2026-05-31 22:09:58.731730,20260531,MANTAUSDT
Binance,ONDOUSDT,ONDO,USDT,USDT,75.0,4.0,0.0001,2026-05-31 22:09:58.731730,20260531,ONDOUSDT
Binance,LSKUSDT,LSK,USDT,USDT,50.0,4.0,0.0001,2026-05-31 22:09:58.731730,20260531,LSKUSDT
Binance,ALTUSDT,ALT,USDT,USDT,50.0,4.0,1e-06,2026-05-31 22:09:58.731730,20260531,ALTUSDT
Binance,JUPUSDT,JUP,USDT,USDT,75.0,4.0,0.0001,2026-05-31 22:09:58.731730,20260531,JUPUSDT
Binance,ZETAUSDT,ZETA,USDT,USDT,50.0,4.0,1e-05,2026-05-31 22:09:58.731730,20260531,ZETAUSDT
Binance,RONINUSDT,RONIN,USDT,USDT,75.0,4.0,0.0001,2026-05-31 22:09:58.731730,20260531,RONINUSDT
Binance,DYMUSDT,DYM,USDT,USDT,25.0,4.0,1e-05,2026-05-31 22:09:58.731730,20260531,DYMUSDT
Binance,SUIUSDC,SUI,USDC,USDC,50.0,8.0,0.0001,2026-05-31 22:09:58.731730,20260531,SUIUSDC
Binance,LINKUSDC,LINK,USDC,USDC,75.0,8.0,0.001,2026-05-31 22:09:58.731730,20260531,LINKUSDC
Binance,PIXELUSDT,PIXEL,USDT,USDT,50.0,4.0,1e-06,2026-05-31 22:09:58.731730,20260531,PIXELUSDT
Binance,STRKUSDT,STRK,USDT,USDT,75.0,4.0,1e-05,2026-05-31 22:09:58.731730,20260531,STRKUSDT
Binance,ORDIUSDC,ORDI,USDC,USDC,75.0,4.0,0.001,2026-05-31 22:09:58.731730,20260531,ORDIUSDC
Binance,GLMUSDT,GLM,USDT,USDT,50.0,4.0,1e-05,2026-05-31 22:09:58.731730,20260531,GLMUSDT
Binance,PORTALUSDT,PORTAL,USDT,USDT,10.0,4.0,1e-05,2026-05-31 22:09:58.731730,20260531,PORTALUSDT
Binance,TONUSDT,TON,USDT,USDT,75.0,4.0,0.0001,2026-05-31 22:09:58.731730,20260531,TONUSDT
Binance,AXLUSDT,AXL,USDT,USDT,75.0,4.0,1e-05,2026-05-31 22:09:58.731730,20260531,AXLUSDT
Binance,1000PEPEUSDC,1000PEPE,USDC,USDC,50.0,8.0,1e-07,2026-05-31 22:09:58.731730,20260531,1000PEPEUSDC
Binance,METISUSDT,METIS,USDT,USDT,50.0,4.0,0.001,2026-05-31 22:09:58.731730,20260531,METISUSDT
Binance,AEVOUSDT,AEVO,USDT,USDT,50.0,4.0,1e-05,2026-05-31 22:09:58.731730,20260531,AEVOUSDT
Binance,WLDUSDC,WLD,USDC,USDC,75.0,8.0,0.0001,2026-05-31 22:09:58.731730,20260531,WLDUSDC
Binance,VANRYUSDT,VANRY,USDT,USDT,25.0,4.0,1e-06,2026-05-31 22:09:58.731730,20260531,VANRYUSDT
Binance,BOMEUSDT,BOME,USDT,USDT,50.0,4.0,1e-07,2026-05-31 22:09:58.731730,20260531,BOMEUSDT
Binance,ETHFIUSDT,ETHFI,USDT,USDT,75.0,4.0,0.0001,2026-05-31 22:09:58.731730,20260531,ETHFIUSDT
Binance,AVAXUSDC,AVAX,USDC,USDC,75.0,8.0,0.001,2026-05-31 22:09:58.731730,20260531,AVAXUSDC
Binance,1000SHIBUSDC,1000SHIB,USDC,USDC,50.0,8.0,1e-06,2026-05-31 22:09:58.731730,20260531,1000SHIBUSDC
Binance,ENAUSDT,ENA,USDT,USDT,75.0,4.0,1e-05,2026-05-31 22:09:58.731730,20260531,ENAUSDT
Binance,WUSDT,W,USDT,USDT,75.0,4.0,1e-05,2026-05-31 22:09:58.731730,20260531,WUSDT
Binance,WIFUSDC,WIF,USDC,USDC,50.0,4.0,0.0001,2026-05-31 22:09:58.731730,20260531,WIFUSDC
Binance,BCHUSDC,BCH,USDC,USDC,75.0,8.0,0.01,2026-05-31 22:09:58.731730,20260531,BCHUSDC
Binance,TNSRUSDT,TNSR,USDT,USDT,50.0,4.0,1e-05,2026-05-31 22:09:58.731730,20260531,TNSRUSDT
Binance,SAGAUSDT,SAGA,USDT,USDT,20.0,4.0,1e-05,2026-05-31 22:09:58.731730,20260531,SAGAUSDT
Binance,LTCUSDC,LTC,USDC,USDC,75.0,8.0,0.01,2026-05-31 22:09:58.731730,20260531,LTCUSDC
Binance,NEARUSDC,NEAR,USDC,USDC,50.0,8.0,0.001,2026-05-31 22:09:58.731730,20260531,NEARUSDC
Binance,TAOUSDT,TAO,USDT,USDT,75.0,4.0,0.01,2026-05-31 22:09:58.731730,20260531,TAOUSDT
Binance,ARBUSDC,ARB,USDC,USDC,50.0,8.0,0.0001,2026-05-31 22:09:58.731730,20260531,ARBUSDC
Binance,NEOUSDC,NEO,USDC,USDC,75.0,8.0,0.001,2026-05-31 22:09:58.731730,20260531,NEOUSDC
Binance,FILUSDC,FIL,USDC,USDC,75.0,8.0,0.001,2026-05-31 22:09:58.731730,20260531,FILUSDC
Binance,TIAUSDC,TIA,USDC,USDC,50.0,4.0,0.0001,2026-05-31 22:09:58.731730,20260531,TIAUSDC
Binance,BOMEUSDC,BOME,USDC,USDC,75.0,4.0,1e-07,2026-05-31 22:09:58.731730,20260531,BOMEUSDC
Binance,REZUSDT,REZ,USDT,USDT,50.0,4.0,1e-06,2026-05-31 22:09:58.731730,20260531,REZUSDT
Binance,ENAUSDC,ENA,USDC,USDC,50.0,4.0,1e-05,2026-05-31 22:09:58.731730,20260531,ENAUSDC
Binance,ETHFIUSDC,ETHFI,USDC,USDC,75.0,4.0,0.0001,2026-05-31 22:09:58.731730,20260531,ETHFIUSDC
Binance,1000BONKUSDC,1000BONK,USDC,USDC,75.0,4.0,1e-06,2026-05-31 22:09:58.731730,20260531,1000BONKUSDC
Binance,BBUSDT,BB,USDT,USDT,50.0,4.0,1e-05,2026-05-31 22:09:58.731730,20260531,BBUSDT
Binance,NOTUSDT,NOT,USDT,USDT,50.0,4.0,1e-07,2026-05-31 22:09:58.731730,20260531,NOTUSDT
Binance,TURBOUSDT,TURBO,USDT,USDT,75.0,4.0,1e-07,2026-05-31 22:09:58.731730,20260531,TURBOUSDT
Binance,IOUSDT,IO,USDT,USDT,50.0,4.0,0.0001,2026-05-31 22:09:58.731730,20260531,IOUSDT
Binance,ZKUSDT,ZK,USDT,USDT,75.0,4.0,1e-05,2026-05-31 22:09:58.731730,20260531,ZKUSDT
Binance,MEWUSDT,MEW,USDT,USDT,50.0,4.0,1e-07,2026-05-31 22:09:58.731730,20260531,MEWUSDT
Binance,LISTAUSDT,LISTA,USDT,USDT,50.0,4.0,1e-05,2026-05-31 22:09:58.731730,20260531,LISTAUSDT
Binance,ZROUSDT,ZRO,USDT,USDT,75.0,4.0,0.0001,2026-05-31 22:09:58.731730,20260531,ZROUSDT
Binance,CRVUSDC,CRV,USDC,USDC,25.0,8.0,0.0001,2026-05-31 22:09:58.731730,20260531,CRVUSDC
Binance,RENDERUSDT,RENDER,USDT,USDT,75.0,4.0,0.001,2026-05-31 22:09:58.731730,20260531,RENDERUSDT
Binance,BANANAUSDT,BANANA,USDT,USDT,25.0,4.0,0.001,2026-05-31 22:09:58.731730,20260531,BANANAUSDT
Binance,RAREUSDT,RARE,USDT,USDT,50.0,4.0,1e-05,2026-05-31 22:09:58.731730,20260531,RAREUSDT
Binance,GUSDT,G,USDT,USDT,50.0,4.0,1e-06,2026-05-31 22:09:58.731730,20260531,GUSDT
Binance,SYNUSDT,SYN,USDT,USDT,10.0,4.0,1e-05,2026-05-31 22:09:58.731730,20260531,SYNUSDT
Binance,BRETTUSDT,BRETT,USDT,USDT,75.0,4.0,1e-06,2026-05-31 22:09:58.731730,20260531,BRETTUSDT
Binance,POPCATUSDT,POPCAT,USDT,USDT,50.0,4.0,1e-05,2026-05-31 22:09:58.731730,20260531,POPCATUSDT
Binance,SUNUSDT,SUN,USDT,USDT,50.0,4.0,1e-06,2026-05-31 22:09:58.731730,20260531,SUNUSDT
Binance,DOGSUSDT,DOGS,USDT,USDT,50.0,4.0,1e-08,2026-05-31 22:09:58.731730,20260531,DOGSUSDT
Binance,MBOXUSDT,MBOX,USDT,USDT,10.0,4.0,1e-05,2026-05-31 22:09:58.731730,20260531,MBOXUSDT
Binance,FLUXUSDT,FLUX,USDT,USDT,50.0,4.0,1e-05,2026-05-31 22:09:58.731730,20260531,FLUXUSDT
Binance,RPLUSDT,RPL,USDT,USDT,50.0,4.0,0.001,2026-05-31 22:09:58.731730,20260531,RPLUSDT
Binance,POLUSDT,POL,USDT,USDT,75.0,4.0,1e-05,2026-05-31 22:09:58.731730,20260531,POLUSDT
Binance,1MBABYDOGEUSDT,1MBABYDOGE,USDT,USDT,75.0,4.0,1e-07,2026-05-31 22:09:58.731730,20260531,1MBABYDOGEUSDT
Binance,NEIROUSDT,NEIRO,USDT,USDT,50.0,4.0,1e-08,2026-05-31 22:09:58.731730,20260531,NEIROUSDT
Binance,FIDAUSDT,FIDA,USDT,USDT,25.0,4.0,1e-05,2026-05-31 22:09:58.731730,20260531,FIDAUSDT
Binance,CATIUSDT,CATI,USDT,USDT,50.0,4.0,1e-05,2026-05-31 22:09:58.731730,20260531,CATIUSDT
Binance,HMSTRUSDT,HMSTR,USDT,USDT,10.0,4.0,1e-07,2026-05-31 22:09:58.731730,20260531,HMSTRUSDT
Binance,COSUSDT,COS,USDT,USDT,10.0,4.0,1e-06,2026-05-31 22:09:58.731730,20260531,COSUSDT
Binance,EIGENUSDT,EIGEN,USDT,USDT,75.0,4.0,0.0001,2026-05-31 22:09:58.731730,20260531,EIGENUSDT
Binance,DIAUSDT,DIA,USDT,USDT,50.0,4.0,0.0001,2026-05-31 22:09:58.731730,20260531,DIAUSDT
Binance,1000CATUSDT,1000CAT,USDT,USDT,20.0,4.0,1e-06,2026-05-31 22:09:58.731730,20260531,1000CATUSDT
Binance,SCRUSDT,SCR,USDT,USDT,10.0,4.0,1e-05,2026-05-31 22:09:58.731730,20260531,SCRUSDT
Binance,GOATUSDT,GOAT,USDT,USDT,25.0,4.0,1e-05,2026-05-31 22:09:58.731730,20260531,GOATUSDT
Binance,MOODENGUSDT,MOODENG,USDT,USDT,50.0,4.0,1e-05,2026-05-31 22:09:58.731730,20260531,MOODENGUSDT
Binance,SAFEUSDT,SAFE,USDT,USDT,50.0,4.0,0.0001,2026-05-31 22:09:58.731730,20260531,SAFEUSDT
Binance,SANTOSUSDT,SANTOS,USDT,USDT,50.0,4.0,0.001,2026-05-31 22:09:58.731730,20260531,SANTOSUSDT
Binance,COWUSDT,COW,USDT,USDT,75.0,4.0,0.0001,2026-05-31 22:09:58.731730,20260531,COWUSDT
Binance,CETUSUSDT,CETUS,USDT,USDT,50.0,4.0,1e-05,2026-05-31 22:09:58.731730,20260531,CETUSUSDT
Binance,1000000MOGUSDT,1000000MOG,USDT,USDT,75.0,4.0,0.0001,2026-05-31 22:09:58.731730,20260531,1000000MOGUSDT
Binance,GRASSUSDT,GRASS,USDT,USDT,75.0,4.0,0.0001,2026-05-31 22:09:58.731730,20260531,GRASSUSDT
Binance,DRIFTUSDT,DRIFT,USDT,USDT,20.0,4.0,1e-05,2026-05-31 22:09:58.731730,20260531,DRIFTUSDT
Binance,ACTUSDT,ACT,USDT,USDT,10.0,4.0,1e-05,2026-05-31 22:09:58.731730,20260531,ACTUSDT
Binance,PNUTUSDT,PNUT,USDT,USDT,50.0,4.0,1e-05,2026-05-31 22:09:58.731730,20260531,PNUTUSDT
Binance,BANUSDT,BAN,USDT,USDT,50.0,4.0,1e-05,2026-05-31 22:09:58.731730,20260531,BANUSDT
Binance,AKTUSDT,AKT,USDT,USDT,50.0,4.0,0.0001,2026-05-31 22:09:58.731730,20260531,AKTUSDT
Binance,SCRTUSDT,SCRT,USDT,USDT,40.0,4.0,1e-05,2026-05-31 22:09:58.731730,20260531,SCRTUSDT
Binance,1000CHEEMSUSDT,1000CHEEMS,USDT,USDT,25.0,4.0,1e-07,2026-05-31 22:09:58.731730,20260531,1000CHEEMSUSDT
Binance,THEUSDT,THE,USDT,USDT,50.0,4.0,0.0001,2026-05-31 22:09:58.731730,20260531,THEUSDT
Binance,MORPHOUSDT,MORPHO,USDT,USDT,75.0,4.0,0.0001,2026-05-31 22:09:58.731730,20260531,MORPHOUSDT
Binance,CHILLGUYUSDT,CHILLGUY,USDT,USDT,10.0,4.0,1e-06,2026-05-31 22:09:58.731730,20260531,CHILLGUYUSDT
Binance,KAIAUSDT,KAIA,USDT,USDT,75.0,4.0,1e-05,2026-05-31 22:09:58.731730,20260531,KAIAUSDT
Binance,AEROUSDT,AERO,USDT,USDT,75.0,4.0,0.0001,2026-05-31 22:09:58.731730,20260531,AEROUSDT
Binance,ACXUSDT,ACX,USDT,USDT,50.0,4.0,1e-05,2026-05-31 22:09:58.731730,20260531,ACXUSDT
Binance,ORCAUSDT,ORCA,USDT,USDT,50.0,4.0,0.001,2026-05-31 22:09:58.731730,20260531,ORCAUSDT
Binance,MOVEUSDT,MOVE,USDT,USDT,75.0,4.0,1e-05,2026-05-31 22:09:58.731730,20260531,MOVEUSDT
Binance,RAYSOLUSDT,RAYSOL,USDT,USDT,75.0,4.0,0.0001,2026-05-31 22:09:58.731730,20260531,RAYSOLUSDT
Binance,KOMAUSDT,KOMA,USDT,USDT,10.0,4.0,1e-06,2026-05-31 22:09:58.731730,20260531,KOMAUSDT
Binance,VIRTUALUSDT,VIRTUAL,USDT,USDT,75.0,4.0,0.0001,2026-05-31 22:09:58.731730,20260531,VIRTUALUSDT
Binance,SPXUSDT,SPX,USDT,USDT,75.0,4.0,0.0001,2026-05-31 22:09:58.731730,20260531,SPXUSDT
Binance,MEUSDT,ME,USDT,USDT,50.0,4.0,0.0001,2026-05-31 22:09:58.731730,20260531,MEUSDT
Binance,AVAUSDT,AVA,USDT,USDT,50.0,4.0,0.0001,2026-05-31 22:09:58.731730,20260531,AVAUSDT
Binance,VELODROMEUSDT,VELODROME,USDT,USDT,50.0,4.0,1e-05,2026-05-31 22:09:58.731730,20260531,VELODROMEUSDT
Binance,MOCAUSDT,MOCA,USDT,USDT,50.0,4.0,1e-05,2026-05-31 22:09:58.731730,20260531,MOCAUSDT
Binance,VANAUSDT,VANA,USDT,USDT,50.0,4.0,0.001,2026-05-31 22:09:58.731730,20260531,VANAUSDT
Binance,PENGUUSDT,PENGU,USDT,USDT,75.0,4.0,1e-06,2026-05-31 22:09:58.731730,20260531,PENGUUSDT
Binance,LUMIAUSDT,LUMIA,USDT,USDT,10.0,4.0,1e-05,2026-05-31 22:09:58.732728,20260531,LUMIAUSDT
Binance,USUALUSDT,USUAL,USDT,USDT,50.0,4.0,1e-05,2026-05-31 22:09:58.732728,20260531,USUALUSDT
Binance,AIXBTUSDT,AIXBT,USDT,USDT,50.0,4.0,1e-05,2026-05-31 22:09:58.732728,20260531,AIXBTUSDT
Binance,FARTCOINUSDT,FARTCOIN,USDT,USDT,75.0,4.0,0.0001,2026-05-31 22:09:58.732728,20260531,FARTCOINUSDT
Binance,KMNOUSDT,KMNO,USDT,USDT,50.0,4.0,1e-05,2026-05-31 22:09:58.732728,20260531,KMNOUSDT
Binance,CGPTUSDT,CGPT,USDT,USDT,50.0,4.0,1e-05,2026-05-31 22:09:58.732728,20260531,CGPTUSDT
Binance,HIVEUSDT,HIVE,USDT,USDT,50.0,1.0,1e-05,2026-05-31 22:09:58.732728,20260531,HIVEUSDT
Binance,DEXEUSDT,DEXE,USDT,USDT,50.0,4.0,0.001,2026-05-31 22:09:58.732728,20260531,DEXEUSDT
Binance,PHAUSDT,PHA,USDT,USDT,50.0,4.0,1e-05,2026-05-31 22:09:58.732728,20260531,PHAUSDT
Binance,GRIFFAINUSDT,GRIFFAIN,USDT,USDT,20.0,4.0,1e-06,2026-05-31 22:09:58.732728,20260531,GRIFFAINUSDT
Binance,ZEREBROUSDT,ZEREBRO,USDT,USDT,10.0,4.0,1e-06,2026-05-31 22:09:58.732728,20260531,ZEREBROUSDT
Binance,BIOUSDT,BIO,USDT,USDT,50.0,4.0,1e-05,2026-05-31 22:09:58.732728,20260531,BIOUSDT
Binance,COOKIEUSDT,COOKIE,USDT,USDT,20.0,4.0,1e-05,2026-05-31 22:09:58.732728,20260531,COOKIEUSDT
Binance,ALCHUSDT,ALCH,USDT,USDT,10.0,4.0,1e-05,2026-05-31 22:09:58.732728,20260531,ALCHUSDT
Binance,SWARMSUSDT,SWARMS,USDT,USDT,20.0,4.0,1e-06,2026-05-31 22:09:58.732728,20260531,SWARMSUSDT
Binance,SONICUSDT,SONIC,USDT,USDT,10.0,4.0,1e-05,2026-05-31 22:09:58.732728,20260531,SONICUSDT
Binance,DUSDT,D,USDT,USDT,10.0,4.0,1e-06,2026-05-31 22:09:58.732728,20260531,DUSDT
Binance,PROMUSDT,PROM,USDT,USDT,50.0,4.0,0.001,2026-05-31 22:09:58.732728,20260531,PROMUSDT
Binance,SUSDT,S,USDT,USDT,75.0,4.0,1e-05,2026-05-31 22:09:58.732728,20260531,SUSDT
Binance,SOLVUSDT,SOLV,USDT,USDT,20.0,4.0,1e-06,2026-05-31 22:09:58.732728,20260531,SOLVUSDT
Binance,ARCUSDT,ARC,USDT,USDT,20.0,4.0,1e-05,2026-05-31 22:09:58.732728,20260531,ARCUSDT
Binance,AVAAIUSDT,AVAAI,USDT,USDT,20.0,4.0,1e-06,2026-05-31 22:09:58.732728,20260531,AVAAIUSDT
Binance,TRUMPUSDT,TRUMP,USDT,USDT,75.0,4.0,0.001,2026-05-31 22:09:58.732728,20260531,TRUMPUSDT
Binance,MELANIAUSDT,MELANIA,USDT,USDT,75.0,4.0,0.0001,2026-05-31 22:09:58.732728,20260531,MELANIAUSDT
Binance,VTHOUSDT,VTHO,USDT,USDT,50.0,4.0,1e-07,2026-05-31 22:09:58.732728,20260531,VTHOUSDT
Binance,ANIMEUSDT,ANIME,USDT,USDT,50.0,4.0,1e-06,2026-05-31 22:09:58.732728,20260531,ANIMEUSDT
Binance,PIPPINUSDT,PIPPIN,USDT,USDT,25.0,4.0,1e-05,2026-05-31 22:09:58.732728,20260531,PIPPINUSDT
Binance,VVVUSDT,VVV,USDT,USDT,25.0,4.0,0.001,2026-05-31 22:09:58.732728,20260531,VVVUSDT
Binance,BERAUSDT,BERA,USDT,USDT,75.0,4.0,0.0001,2026-05-31 22:09:58.732728,20260531,BERAUSDT
Binance,TSTUSDT,TST,USDT,USDT,20.0,4.0,1e-06,2026-05-31 22:09:58.732728,20260531,TSTUSDT
Binance,LAYERUSDT,LAYER,USDT,USDT,50.0,4.0,1e-05,2026-05-31 22:09:58.732728,20260531,LAYERUSDT
Binance,HEIUSDT,HEI,USDT,USDT,10.0,4.0,1e-05,2026-05-31 22:09:58.732728,20260531,HEIUSDT
Binance,IPUSDT,IP,USDT,USDT,75.0,4.0,0.0001,2026-05-31 22:09:58.732728,20260531,IPUSDT
Binance,GPSUSDT,GPS,USDT,USDT,50.0,4.0,1e-06,2026-05-31 22:09:58.732728,20260531,GPSUSDT
Binance,SHELLUSDT,SHELL,USDT,USDT,10.0,4.0,1e-05,2026-05-31 22:09:58.732728,20260531,SHELLUSDT
Binance,KAITOUSDT,KAITO,USDT,USDT,75.0,4.0,0.0001,2026-05-31 22:09:58.732728,20260531,KAITOUSDT
Binance,KAITOUSDC,KAITO,USDC,USDC,75.0,4.0,0.0001,2026-05-31 22:09:58.732728,20260531,KAITOUSDC
Binance,IPUSDC,IP,USDC,USDC,75.0,4.0,0.0001,2026-05-31 22:09:58.732728,20260531,IPUSDC
Binance,TRUMPUSDC,TRUMP,USDC,USDC,25.0,4.0,0.001,2026-05-31 22:09:58.732728,20260531,TRUMPUSDC
Binance,ADAUSDC,ADA,USDC,USDC,25.0,4.0,0.0001,2026-05-31 22:09:58.732728,20260531,ADAUSDC
Binance,REDUSDT,RED,USDT,USDT,50.0,4.0,0.0001,2026-05-31 22:09:58.732728,20260531,REDUSDT
Binance,PNUTUSDC,PNUT,USDC,USDC,75.0,4.0,1e-05,2026-05-31 22:09:58.732728,20260531,PNUTUSDC
Binance,HBARUSDC,HBAR,USDC,USDC,25.0,4.0,1e-05,2026-05-31 22:09:58.732728,20260531,HBARUSDC
Binance,VICUSDT,VIC,USDT,USDT,20.0,4.0,1e-05,2026-05-31 22:09:58.732728,20260531,VICUSDT
Binance,EPICUSDT,EPIC,USDT,USDT,20.0,4.0,0.0001,2026-05-31 22:09:58.732728,20260531,EPICUSDT
Binance,BMTUSDT,BMT,USDT,USDT,25.0,4.0,1e-05,2026-05-31 22:09:58.732728,20260531,BMTUSDT
Binance,MUBARAKUSDT,MUBARAK,USDT,USDT,50.0,4.0,1e-05,2026-05-31 22:09:58.732728,20260531,MUBARAKUSDT
Binance,FORMUSDT,FORM,USDT,USDT,50.0,4.0,0.0001,2026-05-31 22:09:58.732728,20260531,FORMUSDT
Binance,TUTUSDT,TUT,USDT,USDT,10.0,4.0,1e-05,2026-05-31 22:09:58.732728,20260531,TUTUSDT
Binance,BROCCOLI714USDT,BROCCOLI714,USDT,USDT,25.0,4.0,1e-05,2026-05-31 22:09:58.732728,20260531,BROCCOLI714USDT
Binance,BROCCOLIF3BUSDT,BROCCOLIF3B,USDT,USDT,10.0,4.0,1e-06,2026-05-31 22:09:58.732728,20260531,BROCCOLIF3BUSDT
Binance,SIRENUSDT,SIREN,USDT,USDT,25.0,4.0,0.0001,2026-05-31 22:09:58.732728,20260531,SIRENUSDT
Binance,BANANAS31USDT,BANANAS31,USDT,USDT,25.0,4.0,1e-06,2026-05-31 22:09:58.732728,20260531,BANANAS31USDT
Binance,BRUSDT,BR,USDT,USDT,25.0,4.0,1e-05,2026-05-31 22:09:58.732728,20260531,BRUSDT
Binance,PLUMEUSDT,PLUME,USDT,USDT,75.0,4.0,1e-05,2026-05-31 22:09:58.732728,20260531,PLUMEUSDT
Binance,NILUSDT,NIL,USDT,USDT,50.0,4.0,1e-05,2026-05-31 22:09:58.732728,20260531,NILUSDT
Binance,PARTIUSDT,PARTI,USDT,USDT,25.0,4.0,1e-05,2026-05-31 22:09:58.732728,20260531,PARTIUSDT
Binance,JELLYJELLYUSDT,JELLYJELLY,USDT,USDT,25.0,4.0,1e-05,2026-05-31 22:09:58.732728,20260531,JELLYJELLYUSDT
Binance,MAVIAUSDT,MAVIA,USDT,USDT,10.0,4.0,1e-05,2026-05-31 22:09:58.732728,20260531,MAVIAUSDT
Binance,PAXGUSDT,PAXG,USDT,USDT,75.0,4.0,0.01,2026-05-31 22:09:58.732728,20260531,PAXGUSDT
Binance,WALUSDT,WAL,USDT,USDT,75.0,4.0,1e-05,2026-05-31 22:09:58.732728,20260531,WALUSDT
Binance,GUNUSDT,GUN,USDT,USDT,50.0,4.0,1e-05,2026-05-31 22:09:58.732728,20260531,GUNUSDT
Binance,ATHUSDT,ATH,USDT,USDT,50.0,4.0,1e-06,2026-05-31 22:09:58.732728,20260531,ATHUSDT
Binance,BABYUSDT,BABY,USDT,USDT,50.0,4.0,1e-05,2026-05-31 22:09:58.732728,20260531,BABYUSDT
Binance,PROMPTUSDT,PROMPT,USDT,USDT,40.0,4.0,1e-05,2026-05-31 22:09:58.732728,20260531,PROMPTUSDT
Binance,STOUSDT,STO,USDT,USDT,25.0,4.0,1e-05,2026-05-31 22:09:58.732728,20260531,STOUSDT
Binance,FHEUSDT,FHE,USDT,USDT,10.0,4.0,1e-05,2026-05-31 22:09:58.732728,20260531,FHEUSDT
Binance,KERNELUSDT,KERNEL,USDT,USDT,50.0,4.0,1e-05,2026-05-31 22:09:58.732728,20260531,KERNELUSDT
Binance,WCTUSDT,WCT,USDT,USDT,50.0,4.0,1e-05,2026-05-31 22:09:58.732728,20260531,WCTUSDT
Binance,INITUSDT,INIT,USDT,USDT,25.0,4.0,1e-05,2026-05-31 22:09:58.732728,20260531,INITUSDT
Binance,AERGOUSDT,AERGO,USDT,USDT,50.0,4.0,1e-05,2026-05-31 22:09:58.732728,20260531,AERGOUSDT
Binance,BANKUSDT,BANK,USDT,USDT,50.0,4.0,1e-05,2026-05-31 22:09:58.732728,20260531,BANKUSDT
Binance,DEEPUSDT,DEEP,USDT,USDT,50.0,4.0,1e-05,2026-05-31 22:09:58.732728,20260531,DEEPUSDT
Binance,HYPERUSDT,HYPER,USDT,USDT,50.0,4.0,1e-05,2026-05-31 22:09:58.732728,20260531,HYPERUSDT
Binance,JSTUSDT,JST,USDT,USDT,75.0,4.0,1e-05,2026-05-31 22:09:58.732728,20260531,JSTUSDT
Binance,SIGNUSDT,SIGN,USDT,USDT,50.0,4.0,1e-05,2026-05-31 22:09:58.732728,20260531,SIGNUSDT
Binance,PUNDIXUSDT,PUNDIX,USDT,USDT,50.0,4.0,0.0001,2026-05-31 22:09:58.732728,20260531,PUNDIXUSDT
Binance,CTKUSDT,CTK,USDT,USDT,50.0,4.0,0.0001,2026-05-31 22:09:58.732728,20260531,CTKUSDT
Binance,AIOTUSDT,AIOT,USDT,USDT,20.0,4.0,1e-05,2026-05-31 22:09:58.732728,20260531,AIOTUSDT
Binance,DOLOUSDT,DOLO,USDT,USDT,25.0,4.0,1e-05,2026-05-31 22:09:58.732728,20260531,DOLOUSDT
Binance,HAEDALUSDT,HAEDAL,USDT,USDT,10.0,4.0,1e-05,2026-05-31 22:09:58.732728,20260531,HAEDALUSDT
Binance,SXTUSDT,SXT,USDT,USDT,25.0,4.0,1e-05,2026-05-31 22:09:58.732728,20260531,SXTUSDT
Binance,ASRUSDT,ASR,USDT,USDT,10.0,4.0,0.001,2026-05-31 22:09:58.732728,20260531,ASRUSDT
Binance,ALPINEUSDT,ALPINE,USDT,USDT,10.0,4.0,0.0001,2026-05-31 22:09:58.732728,20260531,ALPINEUSDT
Binance,B2USDT,B2,USDT,USDT,50.0,4.0,0.0001,2026-05-31 22:09:58.732728,20260531,B2USDT
Binance,SYRUPUSDT,SYRUP,USDT,USDT,25.0,4.0,1e-05,2026-05-31 22:09:58.732728,20260531,SYRUPUSDT
Binance,DOODUSDT,DOOD,USDT,USDT,50.0,4.0,1e-06,2026-05-31 22:09:58.732728,20260531,DOODUSDT
Binance,OGUSDT,OG,USDT,USDT,25.0,4.0,0.001,2026-05-31 22:09:58.732728,20260531,OGUSDT
Binance,SKYAIUSDT,SKYAI,USDT,USDT,10.0,4.0,1e-05,2026-05-31 22:09:58.732728,20260531,SKYAIUSDT
Binance,NXPCUSDT,NXPC,USDT,USDT,50.0,4.0,0.0001,2026-05-31 22:09:58.732728,20260531,NXPCUSDT
Binance,CVCUSDT,CVC,USDT,USDT,50.0,4.0,1e-05,2026-05-31 22:09:58.732728,20260531,CVCUSDT
Binance,AGTUSDT,AGT,USDT,USDT,10.0,4.0,1e-06,2026-05-31 22:09:58.732728,20260531,AGTUSDT
Binance,AWEUSDT,AWE,USDT,USDT,40.0,4.0,1e-05,2026-05-31 22:09:58.732728,20260531,AWEUSDT
Binance,BUSDT,B,USDT,USDT,20.0,4.0,0.0001,2026-05-31 22:09:58.732728,20260531,BUSDT
Binance,SOONUSDT,SOON,USDT,USDT,50.0,4.0,0.0001,2026-05-31 22:09:58.732728,20260531,SOONUSDT
Binance,HUMAUSDT,HUMA,USDT,USDT,25.0,4.0,1e-06,2026-05-31 22:09:58.732728,20260531,HUMAUSDT
Binance,AUSDT,A,USDT,USDT,75.0,4.0,1e-05,2026-05-31 22:09:58.732728,20260531,AUSDT
Binance,SOPHUSDT,SOPH,USDT,USDT,50.0,4.0,1e-06,2026-05-31 22:09:58.732728,20260531,SOPHUSDT
Binance,MERLUSDT,MERL,USDT,USDT,50.0,4.0,1e-05,2026-05-31 22:09:58.732728,20260531,MERLUSDT
Binance,HYPEUSDT,HYPE,USDT,USDT,75.0,4.0,0.001,2026-05-31 22:09:58.732728,20260531,HYPEUSDT
Binance,1000000BOBUSDT,1000000BOB,USDT,USDT,10.0,4.0,1e-05,2026-05-31 22:09:58.732728,20260531,1000000BOBUSDT
Binance,LAUSDT,LA,USDT,USDT,50.0,4.0,0.0001,2026-05-31 22:09:58.732728,20260531,LAUSDT
Binance,HOMEUSDT,HOME,USDT,USDT,75.0,4.0,1e-06,2026-05-31 22:09:58.732728,20260531,HOMEUSDT
Binance,RESOLVUSDT,RESOLV,USDT,USDT,50.0,4.0,1e-05,2026-05-31 22:09:58.732728,20260531,RESOLVUSDT
Binance,TAIKOUSDT,TAIKO,USDT,USDT,50.0,4.0,0.0001,2026-05-31 22:09:58.732728,20260531,TAIKOUSDT
Binance,SQDUSDT,SQD,USDT,USDT,50.0,4.0,1e-05,2026-05-31 22:09:58.732728,20260531,SQDUSDT
Binance,PUMPBTCUSDT,PUMPBTC,USDT,USDT,10.0,4.0,1e-05,2026-05-31 22:09:58.732728,20260531,PUMPBTCUSDT
Binance,AAVEUSDC,AAVE,USDC,USDC,75.0,8.0,0.01,2026-05-31 22:09:58.732728,20260531,AAVEUSDC
Binance,UNIUSDC,UNI,USDC,USDC,75.0,8.0,0.001,2026-05-31 22:09:58.732728,20260531,UNIUSDC
Binance,SPKUSDT,SPK,USDT,USDT,50.0,4.0,1e-05,2026-05-31 22:09:58.732728,20260531,SPKUSDT
Binance,MYXUSDT,MYX,USDT,USDT,10.0,4.0,0.0001,2026-05-31 22:09:58.732728,20260531,MYXUSDT
Binance,FUSDT,F,USDT,USDT,50.0,4.0,1e-06,2026-05-31 22:09:58.732728,20260531,FUSDT
Binance,NEWTUSDT,NEWT,USDT,USDT,25.0,4.0,1e-05,2026-05-31 22:09:58.732728,20260531,NEWTUSDT
Binance,HUSDT,H,USDT,USDT,10.0,4.0,1e-05,2026-05-31 22:09:58.732728,20260531,HUSDT
Binance,SAHARAUSDT,SAHARA,USDT,USDT,50.0,4.0,1e-05,2026-05-31 22:09:58.732728,20260531,SAHARAUSDT
Binance,ICNTUSDT,ICNT,USDT,USDT,50.0,4.0,0.0001,2026-05-31 22:09:58.732728,20260531,ICNTUSDT
Binance,BULLAUSDT,BULLA,USDT,USDT,10.0,4.0,1e-06,2026-05-31 22:09:58.732728,20260531,BULLAUSDT
Binance,IDOLUSDT,IDOL,USDT,USDT,50.0,4.0,1e-05,2026-05-31 22:09:58.732728,20260531,IDOLUSDT
Binance,MUSDT,M,USDT,USDT,10.0,4.0,0.0001,2026-05-31 22:09:58.732728,20260531,MUSDT
Binance,PUMPUSDT,PUMP,USDT,USDT,75.0,4.0,1e-06,2026-05-31 22:09:58.732728,20260531,PUMPUSDT
Binance,CROSSUSDT,CROSS,USDT,USDT,40.0,4.0,1e-05,2026-05-31 22:09:58.732728,20260531,CROSSUSDT
Binance,AINUSDT,AIN,USDT,USDT,10.0,4.0,1e-05,2026-05-31 22:09:58.732728,20260531,AINUSDT
Binance,CUSDT,C,USDT,USDT,50.0,4.0,1e-05,2026-05-31 22:09:58.732728,20260531,CUSDT
Binance,VELVETUSDT,VELVET,USDT,USDT,50.0,4.0,1e-05,2026-05-31 22:09:58.732728,20260531,VELVETUSDT
Binance,TACUSDT,TAC,USDT,USDT,10.0,4.0,1e-06,2026-05-31 22:09:58.732728,20260531,TACUSDT
Binance,ERAUSDT,ERA,USDT,USDT,25.0,4.0,0.0001,2026-05-31 22:09:58.732728,20260531,ERAUSDT
Binance,TAUSDT,TA,USDT,USDT,10.0,4.0,1e-05,2026-05-31 22:09:58.732728,20260531,TAUSDT
Binance,PENGUUSDC,PENGU,USDC,USDC,75.0,4.0,1e-06,2026-05-31 22:09:58.732728,20260531,PENGUUSDC
Binance,CVXUSDT,CVX,USDT,USDT,75.0,4.0,0.001,2026-05-31 22:09:58.732728,20260531,CVXUSDT
Binance,SLPUSDT,SLP,USDT,USDT,50.0,4.0,1e-07,2026-05-31 22:09:58.732728,20260531,SLPUSDT
Binance,ZORAUSDT,ZORA,USDT,USDT,75.0,4.0,1e-05,2026-05-31 22:09:58.732728,20260531,ZORAUSDT
Binance,TAGUSDT,TAG,USDT,USDT,50.0,4.0,1e-07,2026-05-31 22:09:58.732728,20260531,TAGUSDT
Binance,ESPORTSUSDT,ESPORTS,USDT,USDT,10.0,4.0,0.0001,2026-05-31 22:09:58.732728,20260531,ESPORTSUSDT
Binance,TREEUSDT,TREE,USDT,USDT,25.0,4.0,1e-05,2026-05-31 22:09:58.732728,20260531,TREEUSDT
Binance,PLAYUSDT,PLAY,USDT,USDT,50.0,4.0,1e-05,2026-05-31 22:09:58.732728,20260531,PLAYUSDT
Binance,NAORISUSDT,NAORIS,USDT,USDT,10.0,4.0,1e-05,2026-05-31 22:09:58.732728,20260531,NAORISUSDT
Binance,TOWNSUSDT,TOWNS,USDT,USDT,10.0,4.0,1e-06,2026-05-31 22:09:58.732728,20260531,TOWNSUSDT
Binance,PROVEUSDT,PROVE,USDT,USDT,75.0,4.0,0.0001,2026-05-31 22:09:58.732728,20260531,PROVEUSDT
Binance,ALLUSDT,ALLINDEX,USDT,USDT,75.0,8.0,0.0001,2026-05-31 22:09:58.732728,20260531,ALLUSDT
Binance,INUSDT,IN,USDT,USDT,50.0,4.0,1e-05,2026-05-31 22:09:58.732728,20260531,INUSDT
Binance,CARVUSDT,CARV,USDT,USDT,50.0,4.0,1e-05,2026-05-31 22:09:58.732728,20260531,CARVUSDT
Binance,AIOUSDT,AIO,USDT,USDT,50.0,4.0,1e-05,2026-05-31 22:09:58.732728,20260531,AIOUSDT
Binance,XNYUSDT,XNY,USDT,USDT,10.0,4.0,1e-06,2026-05-31 22:09:58.732728,20260531,XNYUSDT
Binance,USELESSUSDT,USELESS,USDT,USDT,50.0,4.0,1e-05,2026-05-31 22:09:58.732728,20260531,USELESSUSDT
Binance,SAPIENUSDT,SAPIEN,USDT,USDT,50.0,4.0,1e-05,2026-05-31 22:09:58.732728,20260531,SAPIENUSDT
Binance,XPLUSDT,XPL,USDT,USDT,75.0,4.0,0.0001,2026-05-31 22:09:58.732728,20260531,XPLUSDT
Binance,WLFIUSDT,WLFI,USDT,USDT,75.0,4.0,0.0001,2026-05-31 22:09:58.732728,20260531,WLFIUSDT
Binance,BIOUSDC,BIO,USDC,USDC,75.0,4.0,1e-05,2026-05-31 22:09:58.732728,20260531,BIOUSDC
Binance,SOMIUSDT,SOMI,USDT,USDT,50.0,4.0,0.0001,2026-05-31 22:09:58.732728,20260531,SOMIUSDT
Binance,BASUSDT,BAS,USDT,USDT,10.0,4.0,1e-06,2026-05-31 22:09:58.732728,20260531,BASUSDT
Binance,BTRUSDT,BTR,USDT,USDT,10.0,4.0,1e-05,2026-05-31 22:09:58.732728,20260531,BTRUSDT
Binance,MITOUSDT,MITO,USDT,USDT,10.0,4.0,1e-05,2026-05-31 22:09:58.732728,20260531,MITOUSDT
Binance,HEMIUSDT,HEMI,USDT,USDT,20.0,4.0,1e-06,2026-05-31 22:09:58.732728,20260531,HEMIUSDT
Binance,LINEAUSDT,LINEA,USDT,USDT,50.0,4.0,1e-06,2026-05-31 22:09:58.732728,20260531,LINEAUSDT
Binance,QUSDT,Q,USDT,USDT,20.0,4.0,1e-06,2026-05-31 22:09:58.732728,20260531,QUSDT
Binance,ARIAUSDT,ARIA,USDT,USDT,10.0,4.0,0.0001,2026-05-31 22:09:58.732728,20260531,ARIAUSDT
Binance,TAKEUSDT,TAKE,USDT,USDT,10.0,4.0,1e-05,2026-05-31 22:09:58.732728,20260531,TAKEUSDT
Binance,PTBUSDT,PTB,USDT,USDT,20.0,4.0,1e-07,2026-05-31 22:09:58.732728,20260531,PTBUSDT
Binance,WLFIUSDC,WLFI,USDC,USDC,75.0,4.0,0.0001,2026-05-31 22:09:58.732728,20260531,WLFIUSDC
Binance,OPENUSDT,OPEN,USDT,USDT,75.0,4.0,0.0001,2026-05-31 22:09:58.732728,20260531,OPENUSDT
Binance,FLOCKUSDT,FLOCK,USDT,USDT,50.0,4.0,1e-05,2026-05-31 22:09:58.732728,20260531,FLOCKUSDT
Binance,SKYUSDT,SKY,USDT,USDT,75.0,4.0,1e-05,2026-05-31 22:09:58.732728,20260531,SKYUSDT
Binance,AVNTUSDT,AVNT,USDT,USDT,50.0,4.0,0.0001,2026-05-31 22:09:58.732728,20260531,AVNTUSDT
Binance,HOLOUSDT,HOLO,USDT,USDT,50.0,4.0,1e-05,2026-05-31 22:09:58.732728,20260531,HOLOUSDT
Binance,XPINUSDT,XPIN,USDT,USDT,50.0,4.0,1e-06,2026-05-31 22:09:58.732728,20260531,XPINUSDT
Binance,UBUSDT,UB,USDT,USDT,50.0,4.0,1e-05,2026-05-31 22:09:58.732728,20260531,UBUSDT
Binance,ZKCUSDT,ZKC,USDT,USDT,50.0,4.0,1e-05,2026-05-31 22:09:58.732728,20260531,ZKCUSDT
Binance,TOSHIUSDT,TOSHI,USDT,USDT,75.0,4.0,1e-07,2026-05-31 22:09:58.732728,20260531,TOSHIUSDT
Binance,STBLUSDT,STBL,USDT,USDT,50.0,4.0,1e-05,2026-05-31 22:09:58.732728,20260531,STBLUSDT
Binance,0GUSDT,0G,USDT,USDT,75.0,4.0,0.0001,2026-05-31 22:09:58.732728,20260531,0GUSDT
Binance,BARDUSDT,BARD,USDT,USDT,25.0,4.0,0.0001,2026-05-31 22:09:58.732728,20260531,BARDUSDT
Binance,ASTERUSDT,ASTER,USDT,USDT,75.0,4.0,0.0001,2026-05-31 22:09:58.732728,20260531,ASTERUSDT
Binance,TRADOORUSDT,TRADOOR,USDT,USDT,20.0,4.0,0.0001,2026-05-31 22:09:58.732728,20260531,TRADOORUSDT
Binance,BLESSUSDT,BLESS,USDT,USDT,40.0,4.0,1e-06,2026-05-31 22:09:58.732728,20260531,BLESSUSDT
Binance,FLUIDUSDT,FLUID,USDT,USDT,75.0,4.0,0.001,2026-05-31 22:09:58.732728,20260531,FLUIDUSDT
Binance,COAIUSDT,COAI,USDT,USDT,10.0,4.0,0.0001,2026-05-31 22:09:58.732728,20260531,COAIUSDT
Binance,HANAUSDT,HANA,USDT,USDT,10.0,4.0,1e-05,2026-05-31 22:09:58.732728,20260531,HANAUSDT
Binance,MIRAUSDT,MIRA,USDT,USDT,50.0,4.0,1e-05,2026-05-31 22:09:58.732728,20260531,MIRAUSDT
Binance,AKEUSDT,AKE,USDT,USDT,10.0,4.0,1e-07,2026-05-31 22:09:58.732728,20260531,AKEUSDT
Binance,ORDERUSDT,ORDER,USDT,USDT,50.0,4.0,1e-05,2026-05-31 22:09:58.732728,20260531,ORDERUSDT
Binance,LIGHTUSDT,LIGHT,USDT,USDT,10.0,4.0,0.0001,2026-05-31 22:09:58.732728,20260531,LIGHTUSDT
Binance,XANUSDT,XAN,USDT,USDT,50.0,4.0,1e-06,2026-05-31 22:09:58.732728,20260531,XANUSDT
Binance,FFUSDT,FF,USDT,USDT,50.0,4.0,1e-05,2026-05-31 22:09:58.732728,20260531,FFUSDT
Binance,EDENUSDT,EDEN,USDT,USDT,20.0,4.0,1e-05,2026-05-31 22:09:58.732728,20260531,EDENUSDT
Binance,NOMUSDT,NOM,USDT,USDT,20.0,4.0,1e-06,2026-05-31 22:09:58.732728,20260531,NOMUSDT
Binance,TRUTHUSDT,TRUTH,USDT,USDT,20.0,4.0,1e-06,2026-05-31 22:09:58.732728,20260531,TRUTHUSDT
Binance,2ZUSDT,2Z,USDT,USDT,50.0,4.0,1e-05,2026-05-31 22:09:58.732728,20260531,2ZUSDT
Binance,EVAAUSDT,EVAA,USDT,USDT,10.0,4.0,0.0001,2026-05-31 22:09:58.732728,20260531,EVAAUSDT
Binance,LYNUSDT,LYN,USDT,USDT,20.0,4.0,1e-05,2026-05-31 22:09:58.732728,20260531,LYNUSDT
Binance,KGENUSDT,KGEN,USDT,USDT,50.0,4.0,1e-05,2026-05-31 22:09:58.732728,20260531,KGENUSDT
Binance,4USDT,4,USDT,USDT,20.0,4.0,1e-06,2026-05-31 22:09:58.732728,20260531,4USDT
Binance,GIGGLEUSDT,GIGGLE,USDT,USDT,50.0,4.0,0.01,2026-05-31 22:09:58.732728,20260531,GIGGLEUSDT
Binance,MONUSDT,MON,USDT,USDT,75.0,4.0,1e-05,2026-05-31 22:09:58.732728,20260531,MONUSDT
Binance,YBUSDT,YB,USDT,USDT,20.0,4.0,0.0001,2026-05-31 22:09:58.732728,20260531,YBUSDT
Binance,METUSDT,MET,USDT,USDT,75.0,4.0,0.0001,2026-05-31 22:09:58.732728,20260531,METUSDT
Binance,EULUSDT,EUL,USDT,USDT,50.0,4.0,0.0001,2026-05-31 22:09:58.732728,20260531,EULUSDT
Binance,ENSOUSDT,ENSO,USDT,USDT,50.0,4.0,0.0001,2026-05-31 22:09:58.732728,20260531,ENSOUSDT
Binance,CLOUSDT,CLO,USDT,USDT,10.0,4.0,1e-05,2026-05-31 22:09:58.732728,20260531,CLOUSDT
Binance,RECALLUSDT,RECALL,USDT,USDT,40.0,4.0,1e-05,2026-05-31 22:09:58.732728,20260531,RECALLUSDT
Binance,ZBTUSDT,ZBT,USDT,USDT,50.0,4.0,1e-05,2026-05-31 22:09:58.732728,20260531,ZBTUSDT
Binance,LABUSDT,LAB,USDT,USDT,10.0,4.0,0.0001,2026-05-31 22:09:58.732728,20260531,LABUSDT
Binance,RIVERUSDT,RIVER,USDT,USDT,50.0,4.0,0.001,2026-05-31 22:09:58.732728,20260531,RIVERUSDT
Binance,币安人生USDT,币安人生,USDT,USDT,10.0,4.0,1e-05,2026-05-31 22:09:58.732728,20260531,币安人生USDT
Binance,BLUAIUSDT,BLUAI,USDT,USDT,10.0,4.0,1e-06,2026-05-31 22:09:58.732728,20260531,BLUAIUSDT
Binance,TURTLEUSDT,TURTLE,USDT,USDT,20.0,4.0,1e-05,2026-05-31 22:09:58.732728,20260531,TURTLEUSDT
Binance,APRUSDT,APR,USDT,USDT,50.0,4.0,1e-05,2026-05-31 22:09:58.732728,20260531,APRUSDT
Binance,ONUSDT,ON,USDT,USDT,50.0,4.0,1e-05,2026-05-31 22:09:58.732728,20260531,ONUSDT
Binance,KITEUSDT,KITE,USDT,USDT,10.0,4.0,1e-05,2026-05-31 22:09:58.732728,20260531,KITEUSDT
Binance,ATUSDT,AT,USDT,USDT,50.0,4.0,1e-05,2026-05-31 22:09:58.732728,20260531,ATUSDT
Binance,CCUSDT,CC,USDT,USDT,75.0,4.0,1e-05,2026-05-31 22:09:58.732728,20260531,CCUSDT
Binance,MMTUSDT,MMT,USDT,USDT,50.0,4.0,0.0001,2026-05-31 22:09:58.732728,20260531,MMTUSDT
Binance,TRUSTUSDT,TRUST,USDT,USDT,50.0,4.0,1e-05,2026-05-31 22:09:58.732728,20260531,TRUSTUSDT
Binance,UAIUSDT,UAI,USDT,USDT,50.0,4.0,0.0001,2026-05-31 22:09:58.732728,20260531,UAIUSDT
Binance,FOLKSUSDT,FOLKS,USDT,USDT,50.0,4.0,0.001,2026-05-31 22:09:58.732728,20260531,FOLKSUSDT
Binance,STABLEUSDT,STABLE,USDT,USDT,75.0,4.0,1e-05,2026-05-31 22:09:58.733725,20260531,STABLEUSDT
Binance,JCTUSDT,JCT,USDT,USDT,20.0,4.0,1e-06,2026-05-31 22:09:58.733725,20260531,JCTUSDT
Binance,ALLOUSDT,ALLO,USDT,USDT,25.0,4.0,1e-05,2026-05-31 22:09:58.733725,20260531,ALLOUSDT
Binance,CLANKERUSDT,CLANKER,USDT,USDT,25.0,4.0,0.01,2026-05-31 22:09:58.733725,20260531,CLANKERUSDT
Binance,BEATUSDT,BEAT,USDT,USDT,10.0,4.0,0.0001,2026-05-31 22:09:58.733725,20260531,BEATUSDT
Binance,PIEVERSEUSDT,PIEVERSE,USDT,USDT,20.0,4.0,0.0001,2026-05-31 22:09:58.733725,20260531,PIEVERSEUSDT
Binance,SENTUSDT,SENT,USDT,USDT,75.0,4.0,1e-05,2026-05-31 22:09:58.733725,20260531,SENTUSDT
Binance,ZECUSDC,ZEC,USDC,USDC,75.0,4.0,0.01,2026-05-31 22:09:58.733725,20260531,ZECUSDC
Binance,IRYSUSDT,IRYS,USDT,USDT,20.0,4.0,1e-05,2026-05-31 22:09:58.733725,20260531,IRYSUSDT
Binance,POWERUSDT,POWER,USDT,USDT,20.0,4.0,1e-05,2026-05-31 22:09:58.733725,20260531,POWERUSDT
Binance,WETUSDT,WET,USDT,USDT,50.0,4.0,1e-05,2026-05-31 22:09:58.733725,20260531,WETUSDT
Binance,NIGHTUSDT,NIGHT,USDT,USDT,50.0,4.0,1e-05,2026-05-31 22:09:58.733725,20260531,NIGHTUSDT
Binance,XAUUSDT,XAU,USDT,USDT,100.0,4.0,0.01,2026-05-31 22:09:58.733725,20260531,XAUUSDT
Binance,USUSDT,US,USDT,USDT,10.0,4.0,1e-06,2026-05-31 22:09:58.733725,20260531,USUSDT
Binance,CYSUSDT,CYS,USDT,USDT,20.0,4.0,0.0001,2026-05-31 22:09:58.733725,20260531,CYSUSDT
Binance,RAVEUSDT,RAVE,USDT,USDT,20.0,4.0,0.0001,2026-05-31 22:09:58.733725,20260531,RAVEUSDT
Binance,ZKPUSDT,ZKP,USDT,USDT,40.0,4.0,1e-05,2026-05-31 22:09:58.733725,20260531,ZKPUSDT
Binance,GUAUSDT,GUA,USDT,USDT,10.0,4.0,0.0001,2026-05-31 22:09:58.733725,20260531,GUAUSDT
Binance,LITUSDT,LIT,USDT,USDT,75.0,4.0,0.0001,2026-05-31 22:09:58.733725,20260531,LITUSDT
Binance,BTCUSDT_260626,BTC,USDT,USDT,50.0,,0.1,2026-05-31 22:09:58.733725,20260531,BTCUSDT_260626
Binance,ETHUSDT_260626,ETH,USDT,USDT,50.0,,0.01,2026-05-31 22:09:58.733725,20260531,ETHUSDT_260626
Binance,BREVUSDT,BREV,USDT,USDT,50.0,4.0,0.0001,2026-05-31 22:09:58.733725,20260531,BREVUSDT
Binance,COLLECTUSDT,COLLECT,USDT,USDT,20.0,4.0,1e-05,2026-05-31 22:09:58.733725,20260531,COLLECTUSDT
Binance,MAGMAUSDT,MAGMA,USDT,USDT,20.0,4.0,1e-05,2026-05-31 22:09:58.733725,20260531,MAGMAUSDT
Binance,XAGUSDT,XAG,USDT,USDT,100.0,4.0,0.01,2026-05-31 22:09:58.733725,20260531,XAGUSDT
Binance,ZAMAUSDT,ZAMA,USDT,USDT,50.0,4.0,1e-05,2026-05-31 22:09:58.733725,20260531,ZAMAUSDT
Binance,FOGOUSDT,FOGO,USDT,USDT,50.0,4.0,1e-05,2026-05-31 22:09:58.733725,20260531,FOGOUSDT
Binance,FRAXUSDT,FRAX,USDT,USDT,50.0,4.0,0.0001,2026-05-31 22:09:58.733725,20260531,FRAXUSDT
Binance,SPORTFUNUSDT,SPORTFUN,USDT,USDT,20.0,4.0,1e-05,2026-05-31 22:09:58.733725,20260531,SPORTFUNUSDT
Binance,AIAUSDT,AIA,USDT,USDT,20.0,4.0,1e-05,2026-05-31 22:09:58.733725,20260531,AIAUSDT
Binance,ACUUSDT,ACU,USDT,USDT,10.0,4.0,1e-05,2026-05-31 22:09:58.733725,20260531,ACUUSDT
Binance,我踏马来了USDT,我踏马来了,USDT,USDT,20.0,4.0,1e-06,2026-05-31 22:09:58.733725,20260531,我踏马来了USDT
Binance,ELSAUSDT,ELSA,USDT,USDT,20.0,4.0,1e-05,2026-05-31 22:09:58.733725,20260531,ELSAUSDT
Binance,SKRUSDT,SKR,USDT,USDT,20.0,4.0,1e-06,2026-05-31 22:09:58.733725,20260531,SKRUSDT
Binance,SPACEUSDT,SPACE,USDT,USDT,50.0,4.0,1e-06,2026-05-31 22:09:58.733725,20260531,SPACEUSDT
Binance,FIGHTUSDT,FIGHT,USDT,USDT,20.0,4.0,1e-06,2026-05-31 22:09:58.733725,20260531,FIGHTUSDT
Binance,TSLAUSDT,TSLA,USDT,USDT,20.0,8.0,0.01,2026-05-31 22:09:58.733725,20260531,TSLAUSDT
Binance,BIRBUSDT,BIRB,USDT,USDT,50.0,4.0,1e-05,2026-05-31 22:09:58.733725,20260531,BIRBUSDT
Binance,GWEIUSDT,GWEI,USDT,USDT,50.0,4.0,1e-05,2026-05-31 22:09:58.733725,20260531,GWEIUSDT
Binance,XPTUSDT,XPT,USDT,USDT,100.0,4.0,0.01,2026-05-31 22:09:58.733725,20260531,XPTUSDT
Binance,XPDUSDT,XPD,USDT,USDT,100.0,4.0,0.01,2026-05-31 22:09:58.733725,20260531,XPDUSDT
Binance,MEGAUSDT,MEGA,USDT,USDT,50.0,4.0,1e-05,2026-05-31 22:09:58.733725,20260531,MEGAUSDT
Binance,INXUSDT,INX,USDT,USDT,50.0,4.0,1e-06,2026-05-31 22:09:58.733725,20260531,INXUSDT
Binance,INTCUSDT,INTC,USDT,USDT,20.0,8.0,0.01,2026-05-31 22:09:58.733725,20260531,INTCUSDT
Binance,HOODUSDT,HOOD,USDT,USDT,20.0,8.0,0.01,2026-05-31 22:09:58.733725,20260531,HOODUSDT
Binance,TRIAUSDT,TRIA,USDT,USDT,50.0,4.0,1e-05,2026-05-31 22:09:58.733725,20260531,TRIAUSDT
Binance,MSTRUSDT,MSTR,USDT,USDT,20.0,8.0,0.01,2026-05-31 22:09:58.733725,20260531,MSTRUSDT
Binance,AMZNUSDT,AMZN,USDT,USDT,20.0,8.0,0.01,2026-05-31 22:09:58.733725,20260531,AMZNUSDT
Binance,CRCLUSDT,CRCL,USDT,USDT,20.0,8.0,0.01,2026-05-31 22:09:58.733725,20260531,CRCLUSDT
Binance,COINUSDT,COIN,USDT,USDT,20.0,8.0,0.01,2026-05-31 22:09:58.733725,20260531,COINUSDT
Binance,PLTRUSDT,PLTR,USDT,USDT,20.0,8.0,0.01,2026-05-31 22:09:58.733725,20260531,PLTRUSDT
Binance,ESPUSDT,ESP,USDT,USDT,25.0,4.0,1e-05,2026-05-31 22:09:58.733725,20260531,ESPUSDT
Binance,AZTECUSDT,AZTEC,USDT,USDT,25.0,4.0,1e-05,2026-05-31 22:09:58.733725,20260531,AZTECUSDT
Binance,OPNUSDT,OPN,USDT,USDT,50.0,4.0,0.0001,2026-05-31 22:09:58.733725,20260531,OPNUSDT
Binance,ROBOUSDT,ROBO,USDT,USDT,50.0,4.0,1e-05,2026-05-31 22:09:58.733725,20260531,ROBOUSDT
Binance,KATUSDT,KAT,USDT,USDT,50.0,4.0,1e-05,2026-05-31 22:09:58.733725,20260531,KATUSDT
Binance,MANTRAUSDT,MANTRA,USDT,USDT,50.0,4.0,1e-05,2026-05-31 22:09:58.733725,20260531,MANTRAUSDT
Binance,COPPERUSDT,COPPER,USDT,USDT,100.0,4.0,0.001,2026-05-31 22:09:58.733725,20260531,COPPERUSDT
Binance,龙虾USDT,龙虾,USDT,USDT,10.0,4.0,1e-06,2026-05-31 22:09:58.733725,20260531,龙虾USDT
Binance,EWYUSDT,EWY,USDT,USDT,20.0,8.0,0.01,2026-05-31 22:09:58.733725,20260531,EWYUSDT
Binance,CFGUSDT,CFG,USDT,USDT,50.0,4.0,0.0001,2026-05-31 22:09:58.733725,20260531,CFGUSDT
Binance,EWJUSDT,EWJ,USDT,USDT,20.0,8.0,0.01,2026-05-31 22:09:58.733725,20260531,EWJUSDT
Binance,EDGEUSDT,EDGE,USDT,USDT,50.0,4.0,0.0001,2026-05-31 22:09:58.733725,20260531,EDGEUSDT
Binance,PAYPUSDT,PAYP,USDT,USDT,20.0,8.0,0.01,2026-05-31 22:09:58.733725,20260531,PAYPUSDT
Binance,METAUSDT,META,USDT,USDT,20.0,8.0,0.01,2026-05-31 22:09:58.733725,20260531,METAUSDT
Binance,NVDAUSDT,NVDA,USDT,USDT,20.0,8.0,0.01,2026-05-31 22:09:58.733725,20260531,NVDAUSDT
Binance,GOOGLUSDT,GOOGL,USDT,USDT,20.0,8.0,0.01,2026-05-31 22:09:58.733725,20260531,GOOGLUSDT
Binance,BSBUSDT,BSB,USDT,USDT,10.0,4.0,1e-05,2026-05-31 22:09:58.733725,20260531,BSBUSDT
Binance,XAUTUSDT,XAUT,USDT,USDT,75.0,4.0,0.01,2026-05-31 22:09:58.733725,20260531,XAUTUSDT
Binance,BTCUSDT_260925,BTC,USDT,USDT,50.0,,0.1,2026-05-31 22:09:58.733725,20260531,BTCUSDT_260925
Binance,ETHUSDT_260925,ETH,USDT,USDT,50.0,,0.01,2026-05-31 22:09:58.733725,20260531,ETHUSDT_260925
Binance,BASEDUSDT,BASED,USDT,USDT,50.0,4.0,1e-05,2026-05-31 22:09:58.733725,20260531,BASEDUSDT
Binance,CLUSDT,CL,USDT,USDT,100.0,4.0,0.01,2026-05-31 22:09:58.733725,20260531,CLUSDT
Binance,BZUSDT,BZ,USDT,USDT,100.0,4.0,0.01,2026-05-31 22:09:58.733725,20260531,BZUSDT
Binance,NATGASUSDT,NATGAS,USDT,USDT,100.0,4.0,0.001,2026-05-31 22:09:58.733725,20260531,NATGASUSDT
Binance,PRLUSDT,PRL,USDT,USDT,20.0,4.0,0.0001,2026-05-31 22:09:58.733725,20260531,PRLUSDT
Binance,QQQUSDT,QQQ,USDT,USDT,20.0,8.0,0.01,2026-05-31 22:09:58.733725,20260531,QQQUSDT
Binance,SPYUSDT,SPY,USDT,USDT,20.0,8.0,0.01,2026-05-31 22:09:58.733725,20260531,SPYUSDT
Binance,AAPLUSDT,AAPL,USDT,USDT,20.0,8.0,0.01,2026-05-31 22:09:58.733725,20260531,AAPLUSDT
Binance,TSMUSDT,TSM,USDT,USDT,20.0,8.0,0.01,2026-05-31 22:09:58.733725,20260531,TSMUSDT
Binance,MUUSDT,MU,USDT,USDT,25.0,8.0,0.01,2026-05-31 22:09:58.733725,20260531,MUUSDT
Binance,SNDKUSDT,SNDK,USDT,USDT,25.0,8.0,0.01,2026-05-31 22:09:58.733725,20260531,SNDKUSDT
Binance,GENIUSUSDT,GENIUS,USDT,USDT,50.0,4.0,0.0001,2026-05-31 22:09:58.733725,20260531,GENIUSUSDT
Binance,CHIPUSDT,CHIP,USDT,USDT,50.0,4.0,1e-05,2026-05-31 22:09:58.733725,20260531,CHIPUSDT
Binance,MSFTUSDT,MSFT,USDT,USDT,20.0,8.0,0.01,2026-05-31 22:09:58.733725,20260531,MSFTUSDT
Binance,AVGOUSDT,AVGO,USDT,USDT,20.0,8.0,0.01,2026-05-31 22:09:58.733725,20260531,AVGOUSDT
Binance,BABAUSDT,BABA,USDT,USDT,20.0,8.0,0.01,2026-05-31 22:09:58.733725,20260531,BABAUSDT
Binance,OPGUSDT,OPG,USDT,USDT,20.0,4.0,0.0001,2026-05-31 22:09:58.733725,20260531,OPGUSDT
Binance,AIGENSYNUSDT,AIGENSYN,USDT,USDT,25.0,4.0,1e-05,2026-05-31 22:09:58.733725,20260531,AIGENSYNUSDT
Binance,AMDUSDT,AMD,USDT,USDT,20.0,8.0,0.01,2026-05-31 22:09:58.733725,20260531,AMDUSDT
Binance,QCOMUSDT,QCOM,USDT,USDT,20.0,8.0,0.01,2026-05-31 22:09:58.733725,20260531,QCOMUSDT
Binance,USARUSDT,USAR,USDT,USDT,20.0,8.0,0.01,2026-05-31 22:09:58.733725,20260531,USARUSDT
Binance,BILLUSDT,BILL,USDT,USDT,20.0,4.0,1e-05,2026-05-31 22:09:58.733725,20260531,BILLUSDT
Binance,PHAROSUSDT,PHAROS,USDT,USDT,20.0,4.0,0.0001,2026-05-31 22:09:58.733725,20260531,PHAROSUSDT
Binance,STARUSDT,STAR,USDT,USDT,3.0,4.0,1e-05,2026-05-31 22:09:58.733725,20260531,STARUSDT
Binance,LITEUSDT,LITE,USDT,USDT,20.0,8.0,0.01,2026-05-31 22:09:58.733725,20260531,LITEUSDT
Binance,ORCLUSDT,ORCL,USDT,USDT,20.0,8.0,0.01,2026-05-31 22:09:58.733725,20260531,ORCLUSDT
Binance,DISUSDT,DIS,USDT,USDT,20.0,8.0,0.01,2026-05-31 22:09:58.733725,20260531,DISUSDT
Binance,UBERUSDT,UBER,USDT,USDT,20.0,8.0,0.01,2026-05-31 22:09:58.733725,20260531,UBERUSDT
Binance,CSCOUSDT,CSCO,USDT,USDT,20.0,8.0,0.01,2026-05-31 22:09:58.733725,20260531,CSCOUSDT
Binance,HDUSDT,HD,USDT,USDT,20.0,8.0,0.01,2026-05-31 22:09:58.733725,20260531,HDUSDT
Binance,SOXLUSDT,SOXL,USDT,USDT,20.0,8.0,0.01,2026-05-31 22:09:58.733725,20260531,SOXLUSDT
Binance,MRVLUSDT,MRVL,USDT,USDT,20.0,8.0,0.01,2026-05-31 22:09:58.733725,20260531,MRVLUSDT
Binance,BTCUSD1,BTC,USD1,USD1,100.0,8.0,0.1,2026-05-31 22:09:58.733725,20260531,BTCUSD1
Binance,CRWVUSDT,CRWV,USDT,USDT,20.0,8.0,0.01,2026-05-31 22:09:58.733725,20260531,CRWVUSDT
Binance,WMTUSDT,WMT,USDT,USDT,20.0,8.0,0.01,2026-05-31 22:09:58.733725,20260531,WMTUSDT
Binance,JPMUSDT,JPM,USDT,USDT,20.0,8.0,0.01,2026-05-31 22:09:58.733725,20260531,JPMUSDT
Binance,VUSDT,V,USDT,USDT,20.0,8.0,0.01,2026-05-31 22:09:58.733725,20260531,VUSDT
Binance,BRKBUSDT,BRKB,USDT,USDT,20.0,8.0,0.01,2026-05-31 22:09:58.733725,20260531,BRKBUSDT
Binance,FLNCUSDT,FLNC,USDT,USDT,20.0,8.0,0.01,2026-05-31 22:09:58.733725,20260531,FLNCUSDT
Binance,DRAMUSDT,DRAM,USDT,USDT,20.0,8.0,0.01,2026-05-31 22:09:58.733725,20260531,DRAMUSDT
Binance,RKLBUSDT,RKLB,USDT,USDT,20.0,8.0,0.01,2026-05-31 22:09:58.733725,20260531,RKLBUSDT
Binance,CBRSUSDT,CBRS,USDT,USDT,20.0,8.0,0.01,2026-05-31 22:09:58.733725,20260531,CBRSUSDT
Binance,SPCXUSDT,SPCX,USDT,USDT,20.0,8.0,0.01,2026-05-31 22:09:58.733725,20260531,SPCXUSDT
Binance,OPENAIUSDT,OPENAI,USDT,USDT,20.0,8.0,0.01,2026-05-31 22:09:58.733725,20260531,OPENAIUSDT
Binance,NBISUSDT,NBIS,USDT,USDT,20.0,8.0,0.01,2026-05-31 22:09:58.733725,20260531,NBISUSDT
Binance,WDCUSDT,WDC,USDT,USDT,20.0,8.0,0.01,2026-05-31 22:09:58.733725,20260531,WDCUSDT
Binance,ARMUSDT,ARM,USDT,USDT,20.0,8.0,0.01,2026-05-31 22:09:58.733725,20260531,ARMUSDT
Binance,BEUSDT,BE,USDT,USDT,20.0,8.0,0.01,2026-05-31 22:09:58.733725,20260531,BEUSDT
Binance,COHRUSDT,COHR,USDT,USDT,20.0,8.0,0.01,2026-05-31 22:09:58.733725,20260531,COHRUSDT
Binance,CTRUSDT,CTR,USDT,USDT,20.0,4.0,1e-05,2026-05-31 22:09:58.733725,20260531,CTRUSDT
Binance,QNTXUSDT,QNTX,USDT,USDT,20.0,8.0,0.01,2026-05-31 22:09:58.733725,20260531,QNTXUSDT
BingX,BTC-USDT,BTC,USDT,USDT,,8.0,0.1,2026-05-31 22:09:58.733725,20260531,BTC
BingX,ETH-USDT,ETH,USDT,USDT,,8.0,0.01,2026-05-31 22:09:58.733725,20260531,ETH
BingX,LINK-USDT,LINK,USDT,USDT,,8.0,0.001,2026-05-31 22:09:58.733725,20260531,LINK
BingX,BCH-USDT,BCH,USDT,USDT,,8.0,0.01,2026-05-31 22:09:58.733725,20260531,BCH
BingX,ADA-USDT,ADA,USDT,USDT,,8.0,0.0001,2026-05-31 22:09:58.734723,20260531,ADA
BingX,XRP-USDT,XRP,USDT,USDT,,8.0,0.0001,2026-05-31 22:09:58.734723,20260531,XRP
BingX,LTC-USDT,LTC,USDT,USDT,,8.0,0.01,2026-05-31 22:09:58.734723,20260531,LTC
BingX,DOT-USDT,DOT,USDT,USDT,,8.0,0.001,2026-05-31 22:09:58.734723,20260531,DOT
BingX,AVAX-USDT,AVAX,USDT,USDT,,8.0,0.001,2026-05-31 22:09:58.734723,20260531,AVAX
BingX,THETA-USDT,THETA,USDT,USDT,,8.0,0.0001,2026-05-31 22:09:58.734723,20260531,THETA
BingX,ALGO-USDT,ALGO,USDT,USDT,,8.0,0.0001,2026-05-31 22:09:58.734723,20260531,ALGO
BingX,AXS-USDT,AXS,USDT,USDT,,4.0,0.001,2026-05-31 22:09:58.734723,20260531,AXS
BingX,DYDX-USDT,DYDX,USDT,USDT,,8.0,1e-05,2026-05-31 22:09:58.734723,20260531,DYDX
BingX,SHIB-USDT,SHIB,USDT,USDT,,8.0,1e-09,2026-05-31 22:09:58.734723,20260531,SHIB
BingX,ICP-USDT,ICP,USDT,USDT,,8.0,0.001,2026-05-31 22:09:58.734723,20260531,ICP
BingX,SAND-USDT,SAND,USDT,USDT,,8.0,1e-05,2026-05-31 22:09:58.734723,20260531,SAND
BingX,KSM-USDT,KSM,USDT,USDT,,8.0,0.001,2026-05-31 22:09:58.734723,20260531,KSM
BingX,VET-USDT,VET,USDT,USDT,,8.0,1e-06,2026-05-31 22:09:58.734723,20260531,VET
BingX,SUSHI-USDT,SUSHI,USDT,USDT,,8.0,0.0001,2026-05-31 22:09:58.734723,20260531,SUSHI
BingX,SOL-USDT,SOL,USDT,USDT,,8.0,0.001,2026-05-31 22:09:58.734723,20260531,SOL
BingX,NEAR-USDT,NEAR,USDT,USDT,,8.0,0.0001,2026-05-31 22:09:58.734723,20260531,NEAR
BingX,ATOM-USDT,ATOM,USDT,USDT,,8.0,0.001,2026-05-31 22:09:58.734723,20260531,ATOM
BingX,BSV-USDT,BSV,USDT,USDT,,4.0,0.01,2026-05-31 22:09:58.734723,20260531,BSV
BingX,UNI-USDT,UNI,USDT,USDT,,8.0,0.001,2026-05-31 22:09:58.734723,20260531,UNI
BingX,FIL-USDT,FIL,USDT,USDT,,8.0,0.001,2026-05-31 22:09:58.734723,20260531,FIL
BingX,AAVE-USDT,AAVE,USDT,USDT,,8.0,0.01,2026-05-31 22:09:58.734723,20260531,AAVE
BingX,DOGE-USDT,DOGE,USDT,USDT,,8.0,1e-05,2026-05-31 22:09:58.734723,20260531,DOGE
BingX,ENJ-USDT,ENJ,USDT,USDT,,4.0,1e-05,2026-05-31 22:09:58.734723,20260531,ENJ
BingX,MANA-USDT,MANA,USDT,USDT,,8.0,0.0001,2026-05-31 22:09:58.734723,20260531,MANA
BingX,CHZ-USDT,CHZ,USDT,USDT,,8.0,1e-05,2026-05-31 22:09:58.734723,20260531,CHZ
BingX,TRX-USDT,TRX,USDT,USDT,,8.0,1e-05,2026-05-31 22:09:58.734723,20260531,TRX
BingX,SKL-USDT,SKL,USDT,USDT,,4.0,1e-05,2026-05-31 22:09:58.734723,20260531,SKL
BingX,ZRX-USDT,ZRX,USDT,USDT,,4.0,0.0001,2026-05-31 22:09:58.734723,20260531,ZRX
BingX,SNX-USDT,SNX,USDT,USDT,,8.0,0.0001,2026-05-31 22:09:58.734723,20260531,SNX
BingX,CRV-USDT,CRV,USDT,USDT,,8.0,0.0001,2026-05-31 22:09:58.734723,20260531,CRV
BingX,YFI-USDT,YFI,USDT,USDT,,8.0,1.0,2026-05-31 22:09:58.734723,20260531,YFI
BingX,1INCH-USDT,1INCH,USDT,USDT,,8.0,0.0001,2026-05-31 22:09:58.734723,20260531,1INCH
BingX,COMP-USDT,COMP,USDT,USDT,,8.0,0.01,2026-05-31 22:09:58.734723,20260531,COMP
BingX,GRT-USDT,GRT,USDT,USDT,,8.0,1e-05,2026-05-31 22:09:58.734723,20260531,GRT
BingX,MASK-USDT,MASK,USDT,USDT,,4.0,0.0001,2026-05-31 22:09:58.734723,20260531,MASK
BingX,AR-USDT,AR,USDT,USDT,,8.0,0.001,2026-05-31 22:09:58.734723,20260531,AR
BingX,ENS-USDT,ENS,USDT,USDT,,8.0,0.001,2026-05-31 22:09:58.734723,20260531,ENS
BingX,BAT-USDT,BAT,USDT,USDT,,8.0,0.0001,2026-05-31 22:09:58.734723,20260531,BAT
BingX,STORJ-USDT,STORJ,USDT,USDT,,4.0,0.0001,2026-05-31 22:09:58.734723,20260531,STORJ
BingX,IMX-USDT,IMX,USDT,USDT,,4.0,0.0001,2026-05-31 22:09:58.734723,20260531,IMX
BingX,XLM-USDT,XLM,USDT,USDT,,8.0,1e-05,2026-05-31 22:09:58.734723,20260531,XLM
BingX,ZEC-USDT,ZEC,USDT,USDT,,8.0,0.01,2026-05-31 22:09:58.734723,20260531,ZEC
BingX,DASH-USDT,DASH,USDT,USDT,,8.0,0.01,2026-05-31 22:09:58.734723,20260531,DASH
BingX,XMR-USDT,XMR,USDT,USDT,,8.0,0.01,2026-05-31 22:09:58.734723,20260531,XMR
BingX,WAVES-USDT,WAVES,USDT,USDT,,8.0,0.0001,2026-05-31 22:09:58.734723,20260531,WAVES
BingX,ONT-USDT,ONT,USDT,USDT,,4.0,0.0001,2026-05-31 22:09:58.734723,20260531,ONT
BingX,ONE-USDT,ONE,USDT,USDT,,8.0,1e-06,2026-05-31 22:09:58.734723,20260531,ONE
BingX,EGLD-USDT,EGLD,USDT,USDT,,8.0,0.001,2026-05-31 22:09:58.734723,20260531,EGLD
BingX,HBAR-USDT,HBAR,USDT,USDT,,8.0,1e-05,2026-05-31 22:09:58.734723,20260531,HBAR
BingX,CELO-USDT,CELO,USDT,USDT,,8.0,0.0001,2026-05-31 22:09:58.734723,20260531,CELO
BingX,KAVA-USDT,KAVA,USDT,USDT,,4.0,0.0001,2026-05-31 22:09:58.734723,20260531,KAVA
BingX,BNB-USDT,BNB,USDT,USDT,,8.0,0.01,2026-05-31 22:09:58.734723,20260531,BNB
BingX,GALA-USDT,GALA,USDT,USDT,,8.0,1e-06,2026-05-31 22:09:58.734723,20260531,GALA
BingX,YGG-USDT,YGG,USDT,USDT,,4.0,1e-05,2026-05-31 22:09:58.734723,20260531,YGG
BingX,ALICE-USDT,ALICE,USDT,USDT,,4.0,0.0001,2026-05-31 22:09:58.734723,20260531,ALICE
BingX,CHR-USDT,CHR,USDT,USDT,,8.0,1e-05,2026-05-31 22:09:58.734723,20260531,CHR
BingX,APE-USDT,APE,USDT,USDT,,8.0,0.0001,2026-05-31 22:09:58.734723,20260531,APE
BingX,RSR-USDT,RSR,USDT,USDT,,8.0,1e-06,2026-05-31 22:09:58.734723,20260531,RSR
BingX,KNC-USDT,KNC,USDT,USDT,,8.0,0.0001,2026-05-31 22:09:58.734723,20260531,KNC
BingX,FLOW-USDT,FLOW,USDT,USDT,,4.0,0.0001,2026-05-31 22:09:58.734723,20260531,FLOW
BingX,GMT-USDT,GMT,USDT,USDT,,4.0,1e-05,2026-05-31 22:09:58.734723,20260531,GMT
BingX,RUNE-USDT,RUNE,USDT,USDT,,8.0,0.0001,2026-05-31 22:09:58.734723,20260531,RUNE
BingX,RVN-USDT,RVN,USDT,USDT,,4.0,1e-05,2026-05-31 22:09:58.734723,20260531,RVN
BingX,NEO-USDT,NEO,USDT,USDT,,8.0,0.001,2026-05-31 22:09:58.734723,20260531,NEO
BingX,IOST-USDT,IOST,USDT,USDT,,8.0,1e-06,2026-05-31 22:09:58.734723,20260531,IOST
BingX,ETC-USDT,ETC,USDT,USDT,,8.0,0.001,2026-05-31 22:09:58.734723,20260531,ETC
BingX,ROSE-USDT,ROSE,USDT,USDT,,8.0,1e-05,2026-05-31 22:09:58.734723,20260531,ROSE
BingX,MINA-USDT,MINA,USDT,USDT,,8.0,0.0001,2026-05-31 22:09:58.734723,20260531,MINA
BingX,CFX-USDT,CFX,USDT,USDT,,8.0,1e-05,2026-05-31 22:09:58.734723,20260531,CFX
BingX,API3-USDT,API3,USDT,USDT,,4.0,0.0001,2026-05-31 22:09:58.734723,20260531,API3
BingX,AGLD-USDT,AGLD,USDT,USDT,,8.0,0.0001,2026-05-31 22:09:58.734723,20260531,AGLD
BingX,SLP-USDT,SLP,USDT,USDT,,4.0,1e-07,2026-05-31 22:09:58.734723,20260531,SLP
BingX,JASMY-USDT,JASMY,USDT,USDT,,8.0,1e-06,2026-05-31 22:09:58.734723,20260531,JASMY
BingX,CTK-USDT,CTK,USDT,USDT,,4.0,0.0001,2026-05-31 22:09:58.734723,20260531,CTK
BingX,MTL-USDT,MTL,USDT,USDT,,8.0,0.0001,2026-05-31 22:09:58.734723,20260531,MTL
BingX,PEOPLE-USDT,PEOPLE,USDT,USDT,,8.0,1e-05,2026-05-31 22:09:58.734723,20260531,PEOPLE
BingX,ANKR-USDT,ANKR,USDT,USDT,,4.0,1e-06,2026-05-31 22:09:58.734723,20260531,ANKR
BingX,WOO-USDT,WOO,USDT,USDT,,8.0,1e-05,2026-05-31 22:09:58.734723,20260531,WOO
BingX,CRO-USDT,CRO,USDT,USDT,,8.0,1e-05,2026-05-31 22:09:58.734723,20260531,CRO
BingX,LUNC-USDT,LUNC,USDT,USDT,,8.0,1e-08,2026-05-31 22:09:58.734723,20260531,LUNC
BingX,LUNA-USDT,LUNA,USDT,USDT,,4.0,1e-05,2026-05-31 22:09:58.734723,20260531,LUNA
BingX,OP-USDT,OP,USDT,USDT,,8.0,0.0001,2026-05-31 22:09:58.734723,20260531,OP
BingX,LDO-USDT,LDO,USDT,USDT,,8.0,0.0001,2026-05-31 22:09:58.734723,20260531,LDO
BingX,STG-USDT,STG,USDT,USDT,,8.0,0.0001,2026-05-31 22:09:58.734723,20260531,STG
BingX,INJ-USDT,INJ,USDT,USDT,,8.0,0.001,2026-05-31 22:09:58.734723,20260531,INJ
BingX,APT-USDT,APT,USDT,USDT,,8.0,0.0001,2026-05-31 22:09:58.734723,20260531,APT
BingX,QNT-USDT,QNT,USDT,USDT,,8.0,0.01,2026-05-31 22:09:58.734723,20260531,QNT
BingX,ARPA-USDT,ARPA,USDT,USDT,,8.0,1e-05,2026-05-31 22:09:58.734723,20260531,ARPA
BingX,SFP-USDT,SFP,USDT,USDT,,8.0,0.0001,2026-05-31 22:09:58.734723,20260531,SFP
BingX,TONCOIN-USDT,TONCOIN,USDT,USDT,,4.0,0.001,2026-05-31 22:09:58.734723,20260531,TONCOIN
BingX,MAGIC-USDT,MAGIC,USDT,USDT,,4.0,0.0001,2026-05-31 22:09:58.734723,20260531,MAGIC
BingX,FET-USDT,FET,USDT,USDT,,8.0,0.0001,2026-05-31 22:09:58.734723,20260531,FET
BingX,GMX-USDT,GMX,USDT,USDT,,8.0,0.001,2026-05-31 22:09:58.734723,20260531,GMX
BingX,HIGH-USDT,HIGH,USDT,USDT,,8.0,0.0001,2026-05-31 22:09:58.734723,20260531,HIGH
BingX,COTI-USDT,COTI,USDT,USDT,,8.0,1e-05,2026-05-31 22:09:58.734723,20260531,COTI
BingX,METIS-USDT,METIS,USDT,USDT,,4.0,0.001,2026-05-31 22:09:58.734723,20260531,METIS
BingX,ASTR-USDT,ASTR,USDT,USDT,,8.0,1e-06,2026-05-31 22:09:58.734723,20260531,ASTR
BingX,DUSK-USDT,DUSK,USDT,USDT,,4.0,1e-05,2026-05-31 22:09:58.734723,20260531,DUSK
BingX,BLUR-USDT,BLUR,USDT,USDT,,4.0,1e-05,2026-05-31 22:09:58.734723,20260531,BLUR
BingX,STX-USDT,STX,USDT,USDT,,8.0,0.0001,2026-05-31 22:09:58.734723,20260531,STX
BingX,ACH-USDT,ACH,USDT,USDT,,8.0,1e-06,2026-05-31 22:09:58.734723,20260531,ACH
BingX,TRB-USDT,TRB,USDT,USDT,,4.0,0.001,2026-05-31 22:09:58.734723,20260531,TRB
BingX,FLOKI-USDT,FLOKI,USDT,USDT,,8.0,1e-08,2026-05-31 22:09:58.734723,20260531,FLOKI
BingX,ILV-USDT,ILV,USDT,USDT,,4.0,0.001,2026-05-31 22:09:58.734723,20260531,ILV
BingX,ZEN-USDT,ZEN,USDT,USDT,,8.0,0.001,2026-05-31 22:09:58.734723,20260531,ZEN
BingX,SCRT-USDT,SCRT,USDT,USDT,,4.0,0.0001,2026-05-31 22:09:58.734723,20260531,SCRT
BingX,RLC-USDT,RLC,USDT,USDT,,8.0,0.0001,2026-05-31 22:09:58.734723,20260531,RLC
BingX,LPT-USDT,LPT,USDT,USDT,,4.0,0.001,2026-05-31 22:09:58.734723,20260531,LPT
BingX,CKB-USDT,CKB,USDT,USDT,,8.0,1e-06,2026-05-31 22:09:58.734723,20260531,CKB
BingX,QTUM-USDT,QTUM,USDT,USDT,,8.0,0.001,2026-05-31 22:09:58.734723,20260531,QTUM
BingX,SUN-USDT,SUN,USDT,USDT,,4.0,1e-06,2026-05-31 22:09:58.734723,20260531,SUN
BingX,IOTA-USDT,IOTA,USDT,USDT,,8.0,0.0001,2026-05-31 22:09:58.734723,20260531,IOTA
BingX,SSV-USDT,SSV,USDT,USDT,,8.0,0.001,2026-05-31 22:09:58.734723,20260531,SSV
BingX,TLM-USDT,TLM,USDT,USDT,,4.0,1e-06,2026-05-31 22:09:58.734723,20260531,TLM
BingX,XCN-USDT,XCN,USDT,USDT,,4.0,1e-07,2026-05-31 22:09:58.734723,20260531,XCN
BingX,TWT-USDT,TWT,USDT,USDT,,4.0,0.0001,2026-05-31 22:09:58.734723,20260531,TWT
BingX,LQTY-USDT,LQTY,USDT,USDT,,8.0,0.0001,2026-05-31 22:09:58.734723,20260531,LQTY
BingX,ID-USDT,ID,USDT,USDT,,1.0,1e-05,2026-05-31 22:09:58.734723,20260531,ID
BingX,ARB-USDT,ARB,USDT,USDT,,8.0,0.0001,2026-05-31 22:09:58.734723,20260531,ARB
BingX,EDU-USDT,EDU,USDT,USDT,,8.0,0.0001,2026-05-31 22:09:58.734723,20260531,EDU
BingX,SUI-USDT,SUI,USDT,USDT,,8.0,0.0001,2026-05-31 22:09:58.734723,20260531,SUI
BingX,TURBO-USDT,TURBO,USDT,USDT,,4.0,1e-07,2026-05-31 22:09:58.734723,20260531,TURBO
BingX,ORDI-USDT,ORDI,USDT,USDT,,4.0,0.001,2026-05-31 22:09:58.734723,20260531,ORDI
BingX,UMA-USDT,UMA,USDT,USDT,,4.0,0.0001,2026-05-31 22:09:58.734723,20260531,UMA
BingX,OKB-USDT,OKB,USDT,USDT,,4.0,0.01,2026-05-31 22:09:58.734723,20260531,OKB
BingX,NMR-USDT,NMR,USDT,USDT,,4.0,0.001,2026-05-31 22:09:58.734723,20260531,NMR
BingX,MAV-USDT,MAV,USDT,USDT,,8.0,1e-05,2026-05-31 22:09:58.734723,20260531,MAV
BingX,WLD-USDT,WLD,USDT,USDT,,8.0,0.0001,2026-05-31 22:09:58.734723,20260531,WLD
BingX,PENDLE-USDT,PENDLE,USDT,USDT,,8.0,0.0001,2026-05-31 22:09:58.734723,20260531,PENDLE
BingX,ARKM-USDT,ARKM,USDT,USDT,,8.0,0.0001,2026-05-31 22:09:58.734723,20260531,ARKM
BingX,CYBER-USDT,CYBER,USDT,USDT,,4.0,0.0001,2026-05-31 22:09:58.734723,20260531,CYBER
BingX,SEI-USDT,SEI,USDT,USDT,,8.0,0.0001,2026-05-31 22:09:58.734723,20260531,SEI
BingX,1000PEPE-USDT,1000PEPE,USDT,USDT,,8.0,1e-07,2026-05-31 22:09:58.734723,20260531,1000PEPE
BingX,ARK-USDT,ARK,USDT,USDT,,4.0,0.0001,2026-05-31 22:09:58.734723,20260531,ARK
BingX,KAS-USDT,KAS,USDT,USDT,,4.0,1e-05,2026-05-31 22:09:58.734723,20260531,KAS
BingX,BIGTIME-USDT,BIGTIME,USDT,USDT,,4.0,1e-05,2026-05-31 22:09:58.734723,20260531,BIGTIME
BingX,POLYX-USDT,POLYX,USDT,USDT,,4.0,1e-05,2026-05-31 22:09:58.734723,20260531,POLYX
BingX,GAS-USDT,GAS,USDT,USDT,,4.0,0.001,2026-05-31 22:09:58.734723,20260531,GAS
BingX,TIA-USDT,TIA,USDT,USDT,,4.0,0.0001,2026-05-31 22:09:58.734723,20260531,TIA
BingX,CAKE-USDT,CAKE,USDT,USDT,,4.0,0.0001,2026-05-31 22:09:58.734723,20260531,CAKE
BingX,MEME-USDT,MEME,USDT,USDT,,4.0,1e-06,2026-05-31 22:09:58.734723,20260531,MEME
BingX,10000SATS-USDT,10000SATS,USDT,USDT,,4.0,1e-08,2026-05-31 22:09:58.734723,20260531,10000SATS
BingX,BEAM-USDT,BEAM,USDT,USDT,,4.0,1e-06,2026-05-31 22:09:58.734723,20260531,BEAM
BingX,RATS-USDT,RATS,USDT,USDT,,4.0,1e-08,2026-05-31 22:09:58.734723,20260531,RATS
BingX,PYTH-USDT,PYTH,USDT,USDT,,4.0,1e-05,2026-05-31 22:09:58.734723,20260531,PYTH
BingX,1000BONK-USDT,1000BONK,USDT,USDT,,4.0,1e-06,2026-05-31 22:09:58.734723,20260531,1000BONK
BingX,SUPER-USDT,SUPER,USDT,USDT,,4.0,0.0001,2026-05-31 22:09:58.734723,20260531,SUPER
BingX,ONG-USDT,ONG,USDT,USDT,,4.0,1e-05,2026-05-31 22:09:58.734723,20260531,ONG
BingX,AXL-USDT,AXL,USDT,USDT,,4.0,0.0001,2026-05-31 22:09:58.734723,20260531,AXL
BingX,JTO-USDT,JTO,USDT,USDT,,4.0,0.0001,2026-05-31 22:09:58.734723,20260531,JTO
BingX,AUCTION-USDT,AUCTION,USDT,USDT,,4.0,0.001,2026-05-31 22:09:58.734723,20260531,AUCTION
BingX,ACE-USDT,ACE,USDT,USDT,,4.0,0.0001,2026-05-31 22:09:58.734723,20260531,ACE
BingX,MOVR-USDT,MOVR,USDT,USDT,,4.0,0.001,2026-05-31 22:09:58.734723,20260531,MOVR
BingX,NFP-USDT,NFP,USDT,USDT,,4.0,1e-05,2026-05-31 22:09:58.734723,20260531,NFP
BingX,CETUS-USDT,CETUS,USDT,USDT,,4.0,1e-05,2026-05-31 22:09:58.734723,20260531,CETUS
BingX,XAI-USDT,XAI,USDT,USDT,,4.0,1e-05,2026-05-31 22:09:58.734723,20260531,XAI
BingX,WIF-USDT,WIF,USDT,USDT,,4.0,0.0001,2026-05-31 22:09:58.734723,20260531,WIF
BingX,MANTA-USDT,MANTA,USDT,USDT,,4.0,1e-05,2026-05-31 22:09:58.734723,20260531,MANTA
BingX,ONDO-USDT,ONDO,USDT,USDT,,4.0,0.0001,2026-05-31 22:09:58.734723,20260531,ONDO
BingX,LSK-USDT,LSK,USDT,USDT,,4.0,0.0001,2026-05-31 22:09:58.734723,20260531,LSK
BingX,ALT-USDT,ALT,USDT,USDT,,4.0,1e-05,2026-05-31 22:09:58.734723,20260531,ALT
BingX,TAO-USDT,TAO,USDT,USDT,,4.0,0.01,2026-05-31 22:09:58.734723,20260531,TAO
BingX,JUP-USDT,JUP,USDT,USDT,,4.0,0.0001,2026-05-31 22:09:58.734723,20260531,JUP
BingX,ZETA-USDT,ZETA,USDT,USDT,,4.0,1e-05,2026-05-31 22:09:58.734723,20260531,ZETA
BingX,RON-USDT,RON,USDT,USDT,,4.0,0.0001,2026-05-31 22:09:58.734723,20260531,RON
BingX,DYM-USDT,DYM,USDT,USDT,,4.0,1e-05,2026-05-31 22:09:58.734723,20260531,DYM
BingX,PIXEL-USDT,PIXEL,USDT,USDT,,4.0,1e-06,2026-05-31 22:09:58.734723,20260531,PIXEL
BingX,MAVIA-USDT,MAVIA,USDT,USDT,,4.0,1e-05,2026-05-31 22:09:58.734723,20260531,MAVIA
BingX,STRK-USDT,STRK,USDT,USDT,,4.0,1e-05,2026-05-31 22:09:58.734723,20260531,STRK
BingX,GLM-USDT,GLM,USDT,USDT,,4.0,1e-05,2026-05-31 22:09:58.734723,20260531,GLM
BingX,PORTAL-USDT,PORTAL,USDT,USDT,,4.0,1e-05,2026-05-31 22:09:58.734723,20260531,PORTAL
BingX,AEVO-USDT,AEVO,USDT,USDT,,4.0,1e-05,2026-05-31 22:09:58.734723,20260531,AEVO
BingX,VANRY-USDT,VANRY,USDT,USDT,,4.0,1e-06,2026-05-31 22:09:58.734723,20260531,VANRY
BingX,BOME-USDT,BOME,USDT,USDT,,4.0,1e-07,2026-05-31 22:09:58.734723,20260531,BOME
BingX,ETHFI-USDT,ETHFI,USDT,USDT,,4.0,0.0001,2026-05-31 22:09:58.734723,20260531,ETHFI
BingX,ENA-USDT,ENA,USDT,USDT,,4.0,0.0001,2026-05-31 22:09:58.734723,20260531,ENA
BingX,W-USDT,W,USDT,USDT,,4.0,1e-05,2026-05-31 22:09:58.734723,20260531,W
BingX,TNSR-USDT,TNSR,USDT,USDT,,4.0,1e-05,2026-05-31 22:09:58.734723,20260531,TNSR
BingX,SAGA-USDT,SAGA,USDT,USDT,,4.0,1e-05,2026-05-31 22:09:58.734723,20260531,SAGA
BingX,MERL-USDT,MERL,USDT,USDT,,4.0,1e-05,2026-05-31 22:09:58.734723,20260531,MERL
BingX,MEW-USDT,MEW,USDT,USDT,,4.0,1e-06,2026-05-31 22:09:58.734723,20260531,MEW
BingX,REZ-USDT,REZ,USDT,USDT,,4.0,1e-06,2026-05-31 22:09:58.734723,20260531,REZ
BingX,BB-USDT,BB,USDT,USDT,,4.0,1e-05,2026-05-31 22:09:58.734723,20260531,BB
BingX,NOT-USDT,NOT,USDT,USDT,,4.0,1e-07,2026-05-31 22:09:58.734723,20260531,NOT
BingX,IO-USDT,IO,USDT,USDT,,4.0,0.0001,2026-05-31 22:09:58.734723,20260531,IO
BingX,1000000BABYDOGE-USDT,1000000BABYDOGE,USDT,USDT,,4.0,1e-07,2026-05-31 22:09:58.734723,20260531,1000000BABYDOGE
BingX,BRETT-USDT,BRETT,USDT,USDT,,4.0,1e-05,2026-05-31 22:09:58.734723,20260531,BRETT
BingX,ATH-USDT,ATH,USDT,USDT,,4.0,1e-05,2026-05-31 22:09:58.734723,20260531,ATH
BingX,BTC-USDC,BTC,USDC,USDC,,,0.1,2026-05-31 22:09:58.734723,20260531,BTC
BingX,ZK-USDT,ZK,USDT,USDT,,4.0,1e-05,2026-05-31 22:09:58.734723,20260531,ZK
BingX,LISTA-USDT,LISTA,USDT,USDT,,4.0,0.0001,2026-05-31 22:09:58.734723,20260531,LISTA
BingX,ZRO-USDT,ZRO,USDT,USDT,,4.0,0.0001,2026-05-31 22:09:58.734723,20260531,ZRO
BingX,ETH-USDC,ETH,USDC,USDC,,,0.01,2026-05-31 22:09:58.734723,20260531,ETH
BingX,SOL-USDC,SOL,USDC,USDC,,,0.001,2026-05-31 22:09:58.734723,20260531,SOL
BingX,DOGE-USDC,DOGE,USDC,USDC,,,1e-05,2026-05-31 22:09:58.734723,20260531,DOGE
BingX,XRP-USDC,XRP,USDC,USDC,,,0.0001,2026-05-31 22:09:58.734723,20260531,XRP
BingX,BNB-USDC,BNB,USDC,USDC,,,0.01,2026-05-31 22:09:58.734723,20260531,BNB
BingX,ORDI-USDC,ORDI,USDC,USDC,,,0.001,2026-05-31 22:09:58.734723,20260531,ORDI
BingX,1000PEPE-USDC,1000PEPE,USDC,USDC,,,1e-07,2026-05-31 22:09:58.734723,20260531,1000PEPE
BingX,WIF-USDC,WIF,USDC,USDC,,,0.0001,2026-05-31 22:09:58.734723,20260531,WIF
BingX,BANANA-USDT,BANANA,USDT,USDT,,4.0,0.001,2026-05-31 22:09:58.734723,20260531,BANANA
BingX,RENDER-USDT,RENDER,USDT,USDT,,4.0,0.001,2026-05-31 22:09:58.734723,20260531,RENDER
BingX,RARE-USDT,RARE,USDT,USDT,,4.0,1e-05,2026-05-31 22:09:58.734723,20260531,RARE
BingX,G-USDT,G,USDT,USDT,,4.0,1e-06,2026-05-31 22:09:58.734723,20260531,G
BingX,SYN-USDT,SYN,USDT,USDT,,4.0,1e-05,2026-05-31 22:09:58.734723,20260531,SYN
BingX,CATI-USDT,CATI,USDT,USDT,,4.0,1e-05,2026-05-31 22:09:58.734723,20260531,CATI
BingX,POPCAT-USDT,POPCAT,USDT,USDT,,4.0,1e-05,2026-05-31 22:09:58.734723,20260531,POPCAT
BingX,DOGS-USDT,DOGS,USDT,USDT,,4.0,1e-08,2026-05-31 22:09:58.734723,20260531,DOGS
BingX,ORDER-USDT,ORDER,USDT,USDT,,4.0,0.0001,2026-05-31 22:09:58.734723,20260531,ORDER
BingX,FLUX-USDT,FLUX,USDT,USDT,,4.0,0.0001,2026-05-31 22:09:58.734723,20260531,FLUX
BingX,POL-USDT,POL,USDT,USDT,,4.0,1e-05,2026-05-31 22:09:58.734723,20260531,POL
BingX,AERGO-USDT,AERGO,USDT,USDT,,4.0,1e-05,2026-05-31 22:09:58.734723,20260531,AERGO
BingX,NEIROCTO-USDT,NEIROCTO,USDT,USDT,,4.0,1e-08,2026-05-31 22:09:58.734723,20260531,NEIROCTO
BingX,RPL-USDT,RPL,USDT,USDT,,4.0,0.001,2026-05-31 22:09:58.734723,20260531,RPL
BingX,FIDA-USDT,FIDA,USDT,USDT,,4.0,1e-05,2026-05-31 22:09:58.734723,20260531,FIDA
BingX,HMSTR-USDT,HMSTR,USDT,USDT,,4.0,1e-07,2026-05-31 22:09:58.734723,20260531,HMSTR
BingX,EIGEN-USDT,EIGEN,USDT,USDT,,4.0,0.0001,2026-05-31 22:09:58.734723,20260531,EIGEN
BingX,DIA-USDT,DIA,USDT,USDT,,4.0,0.0001,2026-05-31 22:09:58.734723,20260531,DIA
BingX,CARV-USDT,CARV,USDT,USDT,,4.0,0.0001,2026-05-31 22:09:58.734723,20260531,CARV
BingX,1000CAT-USDT,1000CAT,USDT,USDT,,4.0,1e-06,2026-05-31 22:09:58.734723,20260531,1000CAT
BingX,GOAT-USDT,GOAT,USDT,USDT,,4.0,1e-05,2026-05-31 22:09:58.734723,20260531,GOAT
BingX,SAFE-USDT,SAFE,USDT,USDT,,4.0,0.0001,2026-05-31 22:09:58.735720,20260531,SAFE
BingX,SANTOS-USDT,SANTOS,USDT,USDT,,4.0,0.001,2026-05-31 22:09:58.735720,20260531,SANTOS
BingX,GRASS-USDT,GRASS,USDT,USDT,,4.0,0.0001,2026-05-31 22:09:58.735720,20260531,GRASS
BingX,MOODENG-USDT,MOODENG,USDT,USDT,,4.0,1e-05,2026-05-31 22:09:58.735720,20260531,MOODENG
BingX,KAIA-USDT,KAIA,USDT,USDT,,4.0,1e-05,2026-05-31 22:09:58.735720,20260531,KAIA
BingX,COW-USDT,COW,USDT,USDT,,4.0,0.0001,2026-05-31 22:09:58.735720,20260531,COW
BingX,1000000MOG-USDT,1000000MOG,USDT,USDT,,4.0,0.0001,2026-05-31 22:09:58.735720,20260531,1000000MOG
BingX,DRIFT-USDT,DRIFT,USDT,USDT,,4.0,1e-05,2026-05-31 22:09:58.735720,20260531,DRIFT
BingX,SPX-USDT,SPX,USDT,USDT,,4.0,0.0001,2026-05-31 22:09:58.735720,20260531,SPX
BingX,ACT-USDT,ACT,USDT,USDT,,4.0,1e-05,2026-05-31 22:09:58.735720,20260531,ACT
BingX,PNUT-USDT,PNUT,USDT,USDT,,4.0,1e-05,2026-05-31 22:09:58.735720,20260531,PNUT
BingX,RAY-USDT,RAY,USDT,USDT,,8.0,0.0001,2026-05-31 22:09:58.735720,20260531,RAY
BingX,AKT-USDT,AKT,USDT,USDT,,4.0,0.0001,2026-05-31 22:09:58.735720,20260531,AKT
BingX,CHILLGUY-USDT,CHILLGUY,USDT,USDT,,4.0,1e-06,2026-05-31 22:09:58.735720,20260531,CHILLGUY
BingX,1000CHEEMS-USDT,1000CHEEMS,USDT,USDT,,4.0,1e-07,2026-05-31 22:09:58.735720,20260531,1000CHEEMS
BingX,THE-USDT,THE,USDT,USDT,,4.0,0.0001,2026-05-31 22:09:58.735720,20260531,THE
BingX,MORPHO-USDT,MORPHO,USDT,USDT,,4.0,0.0001,2026-05-31 22:09:58.735720,20260531,MORPHO
BingX,AERO-USDT,AERO,USDT,USDT,,4.0,0.0001,2026-05-31 22:09:58.735720,20260531,AERO
BingX,MOVE-USDT,MOVE,USDT,USDT,,4.0,1e-05,2026-05-31 22:09:58.735720,20260531,MOVE
BingX,ME-USDT,ME,USDT,USDT,,4.0,1e-05,2026-05-31 22:09:58.735720,20260531,ME
BingX,AVA-USDT,AVA,USDT,USDT,,4.0,0.0001,2026-05-31 22:09:58.735720,20260531,AVA
BingX,VELODROME-USDT,VELODROME,USDT,USDT,,4.0,1e-05,2026-05-31 22:09:58.735720,20260531,VELODROME
BingX,VANA-USDT,VANA,USDT,USDT,,4.0,0.001,2026-05-31 22:09:58.735720,20260531,VANA
BingX,PENGU-USDT,PENGU,USDT,USDT,,4.0,1e-06,2026-05-31 22:09:58.735720,20260531,PENGU
BingX,LUMIA-USDT,LUMIA,USDT,USDT,,4.0,0.0001,2026-05-31 22:09:58.735720,20260531,LUMIA
BingX,USUAL-USDT,USUAL,USDT,USDT,,4.0,1e-05,2026-05-31 22:09:58.735720,20260531,USUAL
BingX,HYPE-USDT,HYPE,USDT,USDT,,4.0,0.001,2026-05-31 22:09:58.735720,20260531,HYPE
BingX,ALTCOIN-USDT,ALTCOIN,USDT,USDT,,8.0,0.01,2026-05-31 22:09:58.735720,20260531,ALTCOIN
BingX,HIVE-USDT,HIVE,USDT,USDT,,1.0,1e-05,2026-05-31 22:09:58.735720,20260531,HIVE
BingX,PHA-USDT,PHA,USDT,USDT,,4.0,1e-05,2026-05-31 22:09:58.735720,20260531,PHA
BingX,AIXBT-USDT,AIXBT,USDT,USDT,,4.0,1e-05,2026-05-31 22:09:58.735720,20260531,AIXBT
BingX,VIRTUAL-USDT,VIRTUAL,USDT,USDT,,4.0,0.0001,2026-05-31 22:09:58.735720,20260531,VIRTUAL
BingX,CGPT-USDT,CGPT,USDT,USDT,,4.0,1e-05,2026-05-31 22:09:58.735720,20260531,CGPT
BingX,FARTCOIN-USDT,FARTCOIN,USDT,USDT,,4.0,0.0001,2026-05-31 22:09:58.735720,20260531,FARTCOIN
BingX,KMNO-USDT,KMNO,USDT,USDT,,4.0,1e-05,2026-05-31 22:09:58.735720,20260531,KMNO
BingX,GRIFFAIN-USDT,GRIFFAIN,USDT,USDT,,4.0,1e-06,2026-05-31 22:09:58.735720,20260531,GRIFFAIN
BingX,ZEREBRO-USDT,ZEREBRO,USDT,USDT,,4.0,1e-05,2026-05-31 22:09:58.735720,20260531,ZEREBRO
BingX,BIO-USDT,BIO,USDT,USDT,,4.0,1e-05,2026-05-31 22:09:58.735720,20260531,BIO
BingX,SUI-USDC,SUI,USDC,USDC,,,1e-05,2026-05-31 22:09:58.735720,20260531,SUI
BingX,ALCH-USDT,ALCH,USDT,USDT,,4.0,1e-05,2026-05-31 22:09:58.735720,20260531,ALCH
BingX,COOKIE-USDT,COOKIE,USDT,USDT,,4.0,1e-05,2026-05-31 22:09:58.735720,20260531,COOKIE
BingX,SWARMS-USDT,SWARMS,USDT,USDT,,4.0,1e-05,2026-05-31 22:09:58.735720,20260531,SWARMS
BingX,WLD-USDC,WLD,USDC,USDC,,,1e-05,2026-05-31 22:09:58.735720,20260531,WLD
BingX,D-USDT,D,USDT,USDT,,4.0,1e-06,2026-05-31 22:09:58.735720,20260531,D
BingX,PROM-USDT,PROM,USDT,USDT,,4.0,0.001,2026-05-31 22:09:58.735720,20260531,PROM
BingX,S-USDT,S,USDT,USDT,,4.0,1e-05,2026-05-31 22:09:58.735720,20260531,S
BingX,SOLV-USDT,SOLV,USDT,USDT,,4.0,1e-05,2026-05-31 22:09:58.735720,20260531,SOLV
BingX,TRUMPSOL-USDT,TRUMPSOL,USDT,USDT,,4.0,0.001,2026-05-31 22:09:58.735720,20260531,TRUMPSOL
BingX,MELANIA-USDT,MELANIA,USDT,USDT,,4.0,0.0001,2026-05-31 22:09:58.735720,20260531,MELANIA
BingX,ARC-USDT,ARC,USDT,USDT,,4.0,1e-05,2026-05-31 22:09:58.735720,20260531,ARC
BingX,AVAAI-USDT,AVAAI,USDT,USDT,,4.0,1e-06,2026-05-31 22:09:58.735720,20260531,AVAAI
BingX,VINE-USDT,VINE,USDT,USDT,,4.0,1e-05,2026-05-31 22:09:58.735720,20260531,VINE
BingX,ANIME-USDT,ANIME,USDT,USDT,,4.0,1e-06,2026-05-31 22:09:58.735720,20260531,ANIME
BingX,PIPPIN-USDT,PIPPIN,USDT,USDT,,4.0,1e-05,2026-05-31 22:09:58.735720,20260531,PIPPIN
BingX,TOSHI-USDT,TOSHI,USDT,USDT,,4.0,1e-07,2026-05-31 22:09:58.735720,20260531,TOSHI
BingX,VVV-USDT,VVV,USDT,USDT,,4.0,0.001,2026-05-31 22:09:58.735720,20260531,VVV
BingX,BERA-USDT,BERA,USDT,USDT,,4.0,0.0001,2026-05-31 22:09:58.735720,20260531,BERA
BingX,LAYER-USDT,LAYER,USDT,USDT,,4.0,1e-05,2026-05-31 22:09:58.735720,20260531,LAYER
BingX,IP-USDT,IP,USDT,USDT,,4.0,1e-05,2026-05-31 22:09:58.735720,20260531,IP
BingX,BROCCOLI-USDT,BROCCOLI,USDT,USDT,,4.0,1e-05,2026-05-31 22:09:58.735720,20260531,BROCCOLI
BingX,SHELL-USDT,SHELL,USDT,USDT,,4.0,1e-05,2026-05-31 22:09:58.735720,20260531,SHELL
BingX,GPS-USDT,GPS,USDT,USDT,,4.0,1e-06,2026-05-31 22:09:58.735720,20260531,GPS
BingX,KAITO-USDT,KAITO,USDT,USDT,,4.0,0.0001,2026-05-31 22:09:58.735720,20260531,KAITO
BingX,REDSTONE-USDT,REDSTONE,USDT,USDT,,4.0,0.0001,2026-05-31 22:09:58.735720,20260531,REDSTONE
BingX,ARB-USDC,ARB,USDC,USDC,,,0.0001,2026-05-31 22:09:58.735720,20260531,ARB
BingX,LTC-USDC,LTC,USDC,USDC,,,0.01,2026-05-31 22:09:58.735720,20260531,LTC
BingX,ENA-USDC,ENA,USDC,USDC,,,0.0001,2026-05-31 22:09:58.735720,20260531,ENA
BingX,1000BONK-USDC,1000BONK,USDC,USDC,,,1e-06,2026-05-31 22:09:58.735720,20260531,1000BONK
BingX,BCH-USDC,BCH,USDC,USDC,,,0.01,2026-05-31 22:09:58.735720,20260531,BCH
BingX,NEAR-USDC,NEAR,USDC,USDC,,,0.001,2026-05-31 22:09:58.735720,20260531,NEAR
BingX,LINK-USDC,LINK,USDC,USDC,,,0.001,2026-05-31 22:09:58.735720,20260531,LINK
BingX,AVAX-USDC,AVAX,USDC,USDC,,,0.001,2026-05-31 22:09:58.735720,20260531,AVAX
BingX,TIA-USDC,TIA,USDC,USDC,,,0.0001,2026-05-31 22:09:58.735720,20260531,TIA
BingX,BOME-USDC,BOME,USDC,USDC,,,1e-07,2026-05-31 22:09:58.735720,20260531,BOME
BingX,MUBARAK-USDT,MUBARAK,USDT,USDT,,4.0,1e-05,2026-05-31 22:09:58.735720,20260531,MUBARAK
BingX,EPIC-USDT,EPIC,USDT,USDT,,4.0,0.0001,2026-05-31 22:09:58.735720,20260531,EPIC
BingX,FIL-USDC,FIL,USDC,USDC,,,0.001,2026-05-31 22:09:58.735720,20260531,FIL
BingX,ETHFI-USDC,ETHFI,USDC,USDC,,,0.0001,2026-05-31 22:09:58.735720,20260531,ETHFI
BingX,NEO-USDC,NEO,USDC,USDC,,,0.001,2026-05-31 22:09:58.735720,20260531,NEO
BingX,POPCAT-USDC,POPCAT,USDC,USDC,,,0.0001,2026-05-31 22:09:58.735720,20260531,POPCAT
BingX,ONDO-USDC,ONDO,USDC,USDC,,,0.0001,2026-05-31 22:09:58.735720,20260531,ONDO
BingX,NOT-USDC,NOT,USDC,USDC,,,1e-07,2026-05-31 22:09:58.735720,20260531,NOT
BingX,FORM-USDT,FORM,USDT,USDT,,4.0,0.0001,2026-05-31 22:09:58.735720,20260531,FORM
BingX,KOMA-USDT,KOMA,USDT,USDT,,4.0,1e-06,2026-05-31 22:09:58.735720,20260531,KOMA
BingX,TUT-USDT,TUT,USDT,USDT,,4.0,1e-05,2026-05-31 22:09:58.735720,20260531,TUT
BingX,OP-USDC,OP,USDC,USDC,,,0.0001,2026-05-31 22:09:58.735720,20260531,OP
BingX,POL-USDC,POL,USDC,USDC,,,0.0001,2026-05-31 22:09:58.735720,20260531,POL
BingX,ETC-USDC,ETC,USDC,USDC,,,0.001,2026-05-31 22:09:58.735720,20260531,ETC
BingX,TONCOIN-USDC,TONCOIN,USDC,USDC,,,0.0001,2026-05-31 22:09:58.735720,20260531,TONCOIN
BingX,BANANAS31-USDT,BANANAS31,USDT,USDT,,4.0,1e-06,2026-05-31 22:09:58.735720,20260531,BANANAS31
BingX,BR-USDT,BR,USDT,USDT,,4.0,1e-05,2026-05-31 22:09:58.735720,20260531,BR
BingX,STRK-USDC,STRK,USDC,USDC,,,1e-05,2026-05-31 22:09:58.735720,20260531,STRK
BingX,DOT-USDC,DOT,USDC,USDC,,,0.001,2026-05-31 22:09:58.735720,20260531,DOT
BingX,AEVO-USDC,AEVO,USDC,USDC,,,1e-05,2026-05-31 22:09:58.735720,20260531,AEVO
BingX,XLM-USDC,XLM,USDC,USDC,,,1e-05,2026-05-31 22:09:58.735720,20260531,XLM
BingX,SIREN-USDT,SIREN,USDT,USDT,,4.0,1e-05,2026-05-31 22:09:58.735720,20260531,SIREN
BingX,BROCCOLIF3B-USDT,BROCCOLIF3B,USDT,USDT,,4.0,1e-06,2026-05-31 22:09:58.735720,20260531,BROCCOLIF3B
BingX,ORCA-USDT,ORCA,USDT,USDT,,4.0,0.001,2026-05-31 22:09:58.735720,20260531,ORCA
BingX,PLUME-USDT,PLUME,USDT,USDT,,4.0,1e-05,2026-05-31 22:09:58.735720,20260531,PLUME
BingX,SHIB-USDC,SHIB,USDC,USDC,,,1e-09,2026-05-31 22:09:58.735720,20260531,SHIB
BingX,ADA-USDC,ADA,USDC,USDC,,,0.0001,2026-05-31 22:09:58.735720,20260531,ADA
BingX,HBAR-USDC,HBAR,USDC,USDC,,,1e-05,2026-05-31 22:09:58.735720,20260531,HBAR
BingX,CRV-USDC,CRV,USDC,USDC,,,0.0001,2026-05-31 22:09:58.735720,20260531,CRV
BingX,NIL-USDT,NIL,USDT,USDT,,4.0,1e-05,2026-05-31 22:09:58.735720,20260531,NIL
BingX,TRX-USDC,TRX,USDC,USDC,,,1e-05,2026-05-31 22:09:58.735720,20260531,TRX
BingX,APT-USDC,APT,USDC,USDC,,,0.0001,2026-05-31 22:09:58.735720,20260531,APT
BingX,UNI-USDC,UNI,USDC,USDC,,,0.001,2026-05-31 22:09:58.735720,20260531,UNI
BingX,EIGEN-USDC,EIGEN,USDC,USDC,,,0.0001,2026-05-31 22:09:58.735720,20260531,EIGEN
BingX,PARTI-USDT,PARTI,USDT,USDT,,4.0,1e-05,2026-05-31 22:09:58.735720,20260531,PARTI
BingX,AAVE-USDC,AAVE,USDC,USDC,,,0.01,2026-05-31 22:09:58.735720,20260531,AAVE
BingX,PNUT-USDC,PNUT,USDC,USDC,,,1e-05,2026-05-31 22:09:58.735720,20260531,PNUT
BingX,PAXG-USDT,PAXG,USDT,USDT,,4.0,0.01,2026-05-31 22:09:58.735720,20260531,PAXG
BingX,WAL-USDT,WAL,USDT,USDT,,4.0,1e-05,2026-05-31 22:09:58.735720,20260531,WAL
BingX,IP-USDC,IP,USDC,USDC,,,0.0001,2026-05-31 22:09:58.735720,20260531,IP
BingX,KAITO-USDC,KAITO,USDC,USDC,,,0.0001,2026-05-31 22:09:58.735720,20260531,KAITO
BingX,FARTCOIN-USDC,FARTCOIN,USDC,USDC,,,0.0001,2026-05-31 22:09:58.735720,20260531,FARTCOIN
BingX,MLN-USDT,MLN,USDT,USDT,,4.0,0.001,2026-05-31 22:09:58.735720,20260531,MLN
BingX,GUN-USDT,GUN,USDT,USDT,,4.0,1e-05,2026-05-31 22:09:58.735720,20260531,GUN
BingX,XAUT-USDT,XAUT,USDT,USDT,,4.0,0.01,2026-05-31 22:09:58.735720,20260531,XAUT
BingX,BABY-USDT,BABY,USDT,USDT,,4.0,1e-05,2026-05-31 22:09:58.735720,20260531,BABY
BingX,PROMPT-USDT,PROMPT,USDT,USDT,,4.0,1e-05,2026-05-31 22:09:58.735720,20260531,PROMPT
BingX,PUMPBTC-USDT,PUMPBTC,USDT,USDT,,4.0,1e-05,2026-05-31 22:09:58.735720,20260531,PUMPBTC
BingX,FHE-USDT,FHE,USDT,USDT,,4.0,1e-05,2026-05-31 22:09:58.735720,20260531,FHE
BingX,STO-USDT,STO,USDT,USDT,,4.0,1e-05,2026-05-31 22:09:58.735720,20260531,STO
BingX,KERNEL-USDT,KERNEL,USDT,USDT,,4.0,1e-05,2026-05-31 22:09:58.735720,20260531,KERNEL
BingX,WCT-USDT,WCT,USDT,USDT,,4.0,1e-05,2026-05-31 22:09:58.735720,20260531,WCT
BingX,DEEP-USDT,DEEP,USDT,USDT,,4.0,1e-05,2026-05-31 22:09:58.735720,20260531,DEEP
BingX,INIT-USDT,INIT,USDT,USDT,,4.0,1e-05,2026-05-31 22:09:58.735720,20260531,INIT
BingX,BANK-USDT,BANK,USDT,USDT,,4.0,1e-06,2026-05-31 22:09:58.735720,20260531,BANK
BingX,HYPERLANE-USDT,HYPERLANE,USDT,USDT,,4.0,1e-05,2026-05-31 22:09:58.735720,20260531,HYPERLANE
BingX,ZORA-USDT,ZORA,USDT,USDT,,4.0,1e-05,2026-05-31 22:09:58.735720,20260531,ZORA
BingX,SIGN-USDT,SIGN,USDT,USDT,,4.0,1e-05,2026-05-31 22:09:58.735720,20260531,SIGN
BingX,AIOT-USDT,AIOT,USDT,USDT,,4.0,1e-05,2026-05-31 22:09:58.735720,20260531,AIOT
BingX,HAEDAL-USDT,HAEDAL,USDT,USDT,,4.0,1e-06,2026-05-31 22:09:58.735720,20260531,HAEDAL
BingX,DOLO-USDT,DOLO,USDT,USDT,,4.0,1e-06,2026-05-31 22:09:58.735720,20260531,DOLO
BingX,ASR-USDT,ASR,USDT,USDT,,4.0,0.001,2026-05-31 22:09:58.735720,20260531,ASR
BingX,ALPINE-USDT,ALPINE,USDT,USDT,,4.0,0.0001,2026-05-31 22:09:58.735720,20260531,ALPINE
BingX,B2-USDT,B2,USDT,USDT,,4.0,0.0001,2026-05-31 22:09:58.735720,20260531,B2
BingX,SYRUP-USDT,SYRUP,USDT,USDT,,4.0,1e-05,2026-05-31 22:09:58.735720,20260531,SYRUP
BingX,SXT-USDT,SXT,USDT,USDT,,4.0,1e-05,2026-05-31 22:09:58.735720,20260531,SXT
BingX,DOOD-USDT,DOOD,USDT,USDT,,4.0,1e-07,2026-05-31 22:09:58.735720,20260531,DOOD
BingX,OG-USDT,OG,USDT,USDT,,4.0,0.0001,2026-05-31 22:09:58.735720,20260531,OG
BingX,SKYAI-USDT,SKYAI,USDT,USDT,,4.0,1e-05,2026-05-31 22:09:58.735720,20260531,SKYAI
BingX,MYX-USDT,MYX,USDT,USDT,,4.0,1e-05,2026-05-31 22:09:58.735720,20260531,MYX
BingX,NXPC-USDT,NXPC,USDT,USDT,,4.0,1e-05,2026-05-31 22:09:58.735720,20260531,NXPC
BingX,AWE-USDT,AWE,USDT,USDT,,4.0,1e-06,2026-05-31 22:09:58.735720,20260531,AWE
BingX,B-USDT,B,USDT,USDT,,4.0,0.0001,2026-05-31 22:09:58.735720,20260531,B
BingX,SOON-USDT,SOON,USDT,USDT,,4.0,1e-05,2026-05-31 22:09:58.735720,20260531,SOON
BingX,HUMA-USDT,HUMA,USDT,USDT,,4.0,1e-06,2026-05-31 22:09:58.735720,20260531,HUMA
BingX,A-USDT,A,USDT,USDT,,4.0,1e-05,2026-05-31 22:09:58.735720,20260531,A
BingX,SOPH-USDT,SOPH,USDT,USDT,,4.0,1e-06,2026-05-31 22:09:58.735720,20260531,SOPH
BingX,FLOCK-USDT,FLOCK,USDT,USDT,,4.0,1e-05,2026-05-31 22:09:58.735720,20260531,FLOCK
BingX,LA-USDT,LA,USDT,USDT,,4.0,0.0001,2026-05-31 22:09:58.735720,20260531,LA
BingX,1000000BOB-USDT,1000000BOB,USDT,USDT,,4.0,1e-05,2026-05-31 22:09:58.735720,20260531,1000000BOB
BingX,RESOLV-USDT,RESOLV,USDT,USDT,,4.0,1e-05,2026-05-31 22:09:58.735720,20260531,RESOLV
BingX,HOME-USDT,HOME,USDT,USDT,,4.0,1e-06,2026-05-31 22:09:58.735720,20260531,HOME
BingX,IDOL-USDT,IDOL,USDT,USDT,,4.0,1e-05,2026-05-31 22:09:58.735720,20260531,IDOL
BingX,TAIKO-USDT,TAIKO,USDT,USDT,,4.0,0.0001,2026-05-31 22:09:58.735720,20260531,TAIKO
BingX,SQD-USDT,SQD,USDT,USDT,,4.0,1e-05,2026-05-31 22:09:58.735720,20260531,SQD
BingX,SPK-USDT,SPK,USDT,USDT,,4.0,1e-05,2026-05-31 22:09:58.735720,20260531,SPK
BingX,F-USDT,F,USDT,USDT,,4.0,1e-06,2026-05-31 22:09:58.735720,20260531,F
BingX,SAHARA-USDT,SAHARA,USDT,USDT,,4.0,1e-05,2026-05-31 22:09:58.735720,20260531,SAHARA
BingX,H-USDT,H,USDT,USDT,,4.0,1e-05,2026-05-31 22:09:58.735720,20260531,H
BingX,HFT-USDT,HFT,USDT,USDT,,8.0,1e-05,2026-05-31 22:09:58.735720,20260531,HFT
BingX,USELESS-USDT,USELESS,USDT,USDT,,4.0,1e-05,2026-05-31 22:09:58.735720,20260531,USELESS
BingX,AAPLX-USDT,AAPLX,USDT,USDT,,8.0,0.01,2026-05-31 22:09:58.735720,20260531,AAPLX
BingX,ICNT-USDT,ICNT,USDT,USDT,,4.0,0.0001,2026-05-31 22:09:58.735720,20260531,ICNT
BingX,NVDAX-USDT,NVDAX,USDT,USDT,,8.0,0.01,2026-05-31 22:09:58.735720,20260531,NVDAX
BingX,CRCLX-USDT,CRCLX,USDT,USDT,,8.0,0.01,2026-05-31 22:09:58.735720,20260531,CRCLX
BingX,METAX-USDT,METAX,USDT,USDT,,8.0,0.01,2026-05-31 22:09:58.735720,20260531,METAX
BingX,M-USDT,M,USDT,USDT,,4.0,0.0001,2026-05-31 22:09:58.735720,20260531,M
BingX,PUMP-USDT,PUMP,USDT,USDT,,4.0,1e-06,2026-05-31 22:09:58.735720,20260531,PUMP
BingX,AIN-USDT,AIN,USDT,USDT,,4.0,1e-05,2026-05-31 22:09:58.735720,20260531,AIN
BingX,CROSS-USDT,CROSS,USDT,USDT,,4.0,1e-05,2026-05-31 22:09:58.735720,20260531,CROSS
BingX,C-USDT,C,USDT,USDT,,4.0,1e-05,2026-05-31 22:09:58.735720,20260531,C
BingX,VELVET-USDT,VELVET,USDT,USDT,,4.0,1e-05,2026-05-31 22:09:58.735720,20260531,VELVET
BingX,TAC-USDT,TAC,USDT,USDT,,4.0,1e-06,2026-05-31 22:09:58.735720,20260531,TAC
BingX,ERA-USDT,ERA,USDT,USDT,,4.0,0.0001,2026-05-31 22:09:58.735720,20260531,ERA
BingX,TA-USDT,TA,USDT,USDT,,4.0,1e-05,2026-05-31 22:09:58.735720,20260531,TA
BingX,PENGU-USDC,PENGU,USDC,USDC,,,1e-06,2026-05-31 22:09:58.735720,20260531,PENGU
BingX,TAG-USDT,TAG,USDT,USDT,,4.0,1e-07,2026-05-31 22:09:58.735720,20260531,TAG
BingX,ESPORTS-USDT,ESPORTS,USDT,USDT,,4.0,0.0001,2026-05-31 22:09:58.735720,20260531,ESPORTS
BingX,TREE-USDT,TREE,USDT,USDT,,4.0,0.0001,2026-05-31 22:09:58.735720,20260531,TREE
BingX,NAORIS-USDT,NAORIS,USDT,USDT,,4.0,1e-05,2026-05-31 22:09:58.735720,20260531,NAORIS
BingX,PLAYSOUT-USDT,PLAYSOUT,USDT,USDT,,4.0,1e-05,2026-05-31 22:09:58.735720,20260531,PLAYSOUT
BingX,TOWNS-USDT,TOWNS,USDT,USDT,,4.0,1e-06,2026-05-31 22:09:58.735720,20260531,TOWNS
BingX,PROVE-USDT,PROVE,USDT,USDT,,4.0,0.0001,2026-05-31 22:09:58.735720,20260531,PROVE
BingX,MNT-USDT,MNT,USDT,USDT,,8.0,1e-05,2026-05-31 22:09:58.735720,20260531,MNT
BingX,IN-USDT,IN,USDT,USDT,,4.0,1e-05,2026-05-31 22:09:58.735720,20260531,IN
BingX,XNY-USDT,XNY,USDT,USDT,,4.0,1e-06,2026-05-31 22:09:58.735720,20260531,XNY
BingX,NCFXEUR2JPY-USDT,NCFXEUR2JPY,USDT,USDT,,,0.001,2026-05-31 22:09:58.735720,20260531,NCFXEUR2JPY
BingX,SAPIEN-USDT,SAPIEN,USDT,USDT,,4.0,1e-05,2026-05-31 22:09:58.735720,20260531,SAPIEN
BingX,XPL-USDT,XPL,USDT,USDT,,4.0,0.0001,2026-05-31 22:09:58.735720,20260531,XPL
BingX,WLFI-USDT,WLFI,USDT,USDT,,4.0,0.0001,2026-05-31 22:09:58.735720,20260531,WLFI
BingX,SOMI-USDT,SOMI,USDT,USDT,,4.0,0.0001,2026-05-31 22:09:58.735720,20260531,SOMI
BingX,BAS-USDT,BAS,USDT,USDT,,4.0,1e-06,2026-05-31 22:09:58.735720,20260531,BAS
BingX,NCFXEUR2USD-USDT,NCFXEUR2USD,USDT,USDT,,,1e-05,2026-05-31 22:09:58.735720,20260531,NCFXEUR2USD
BingX,NCFXUSD2JPY-USDT,NCFXUSD2JPY,USDT,USDT,,,0.001,2026-05-31 22:09:58.735720,20260531,NCFXUSD2JPY
BingX,NCFXNZD2USD-USDT,NCFXNZD2USD,USDT,USDT,,,1e-05,2026-05-31 22:09:58.735720,20260531,NCFXNZD2USD
BingX,NCFXEUR2CAD-USDT,NCFXEUR2CAD,USDT,USDT,,,1e-05,2026-05-31 22:09:58.735720,20260531,NCFXEUR2CAD
BingX,NCFXGBP2JPY-USDT,NCFXGBP2JPY,USDT,USDT,,,0.001,2026-05-31 22:09:58.735720,20260531,NCFXGBP2JPY
BingX,NCFXGBP2USD-USDT,NCFXGBP2USD,USDT,USDT,,,1e-05,2026-05-31 22:09:58.735720,20260531,NCFXGBP2USD
BingX,NCFXUSD2CHF-USDT,NCFXUSD2CHF,USDT,USDT,,,1e-05,2026-05-31 22:09:58.735720,20260531,NCFXUSD2CHF
BingX,NCFXUSD2CAD-USDT,NCFXUSD2CAD,USDT,USDT,,,1e-05,2026-05-31 22:09:58.735720,20260531,NCFXUSD2CAD
BingX,NCFXAUD2USD-USDT,NCFXAUD2USD,USDT,USDT,,,1e-05,2026-05-31 22:09:58.735720,20260531,NCFXAUD2USD
BingX,HEMI-USDT,HEMI,USDT,USDT,,4.0,1e-06,2026-05-31 22:09:58.735720,20260531,HEMI
BingX,LINEA-USDT,LINEA,USDT,USDT,,4.0,1e-06,2026-05-31 22:09:58.735720,20260531,LINEA
BingX,Q-USDT,Q,USDT,USDT,,4.0,1e-06,2026-05-31 22:09:58.735720,20260531,Q
BingX,ARIA-USDT,ARIA,USDT,USDT,,4.0,1e-05,2026-05-31 22:09:58.735720,20260531,ARIA
BingX,TAKE-USDT,TAKE,USDT,USDT,,4.0,1e-05,2026-05-31 22:09:58.735720,20260531,TAKE
BingX,PTB-USDT,PTB,USDT,USDT,,4.0,1e-07,2026-05-31 22:09:58.736717,20260531,PTB
BingX,WLFI-USDC,WLFI,USDC,USDC,,,0.0001,2026-05-31 22:09:58.736717,20260531,WLFI
BingX,OPENLEDGER-USDT,OPENLEDGER,USDT,USDT,,4.0,0.0001,2026-05-31 22:09:58.736717,20260531,OPENLEDGER
BingX,SKY-USDT,SKY,USDT,USDT,,4.0,1e-05,2026-05-31 22:09:58.736717,20260531,SKY
BingX,AVNT-USDT,AVNT,USDT,USDT,,4.0,1e-05,2026-05-31 22:09:58.736717,20260531,AVNT
BingX,HOLO-USDT,HOLO,USDT,USDT,,4.0,1e-05,2026-05-31 22:09:58.736717,20260531,HOLO
BingX,XPIN-USDT,XPIN,USDT,USDT,,4.0,1e-07,2026-05-31 22:09:58.736717,20260531,XPIN
BingX,UB-USDT,UB,USDT,USDT,,4.0,1e-06,2026-05-31 22:09:58.736717,20260531,UB
BingX,ZKC-USDT,ZKC,USDT,USDT,,4.0,0.0001,2026-05-31 22:09:58.736717,20260531,ZKC
BingX,BARD-USDT,BARD,USDT,USDT,,4.0,0.0001,2026-05-31 22:09:58.736717,20260531,BARD
BingX,STBL-USDT,STBL,USDT,USDT,,4.0,1e-05,2026-05-31 22:09:58.736717,20260531,STBL
BingX,0G-USDT,0G,USDT,USDT,,4.0,0.0001,2026-05-31 22:09:58.736717,20260531,0G
BingX,AIA-USDT,AIA,USDT,USDT,,4.0,1e-05,2026-05-31 22:09:58.736717,20260531,AIA
BingX,ASTER-USDT,ASTER,USDT,USDT,,4.0,0.0001,2026-05-31 22:09:58.736717,20260531,ASTER
BingX,TRADOOR-USDT,TRADOOR,USDT,USDT,,4.0,0.0001,2026-05-31 22:09:58.736717,20260531,TRADOOR
BingX,GIGGLE-USDT,GIGGLE,USDT,USDT,,4.0,0.01,2026-05-31 22:09:58.736717,20260531,GIGGLE
BingX,RIVER-USDT,RIVER,USDT,USDT,,4.0,0.001,2026-05-31 22:09:58.736717,20260531,RIVER
BingX,BLESS-USDT,BLESS,USDT,USDT,,4.0,1e-06,2026-05-31 22:09:58.736717,20260531,BLESS
BingX,FLUID-USDT,FLUID,USDT,USDT,,4.0,0.0001,2026-05-31 22:09:58.736717,20260531,FLUID
BingX,COAI-USDT,COAI,USDT,USDT,,4.0,1e-05,2026-05-31 22:09:58.736717,20260531,COAI
BingX,MIRANETWORK-USDT,MIRANETWORK,USDT,USDT,,4.0,0.0001,2026-05-31 22:09:58.736717,20260531,MIRANETWORK
BingX,HANA-USDT,HANA,USDT,USDT,,4.0,1e-05,2026-05-31 22:09:58.736717,20260531,HANA
BingX,AKE-USDT,AKE,USDT,USDT,,4.0,1e-07,2026-05-31 22:09:58.736717,20260531,AKE
BingX,BITLIGHT-USDT,BITLIGHT,USDT,USDT,,4.0,1e-05,2026-05-31 22:09:58.736717,20260531,BITLIGHT
BingX,APEX-USDT,APEX,USDT,USDT,,4.0,0.0001,2026-05-31 22:09:58.736717,20260531,APEX
BingX,XAN-USDT,XAN,USDT,USDT,,4.0,1e-06,2026-05-31 22:09:58.736717,20260531,XAN
BingX,FF-USDT,FF,USDT,USDT,,4.0,1e-05,2026-05-31 22:09:58.736717,20260531,FF
BingX,OPENEDEN-USDT,OPENEDEN,USDT,USDT,,4.0,1e-05,2026-05-31 22:09:58.736717,20260531,OPENEDEN
BingX,NOMINA-USDT,NOMINA,USDT,USDT,,4.0,1e-06,2026-05-31 22:09:58.736717,20260531,NOMINA
BingX,TRUTH-USDT,TRUTH,USDT,USDT,,4.0,1e-06,2026-05-31 22:09:58.736717,20260531,TRUTH
BingX,2Z-USDT,2Z,USDT,USDT,,4.0,1e-05,2026-05-31 22:09:58.736717,20260531,2Z
BingX,4-USDT,4,USDT,USDT,,4.0,1e-05,2026-05-31 22:09:58.736717,20260531,4
BingX,EVAA-USDT,EVAA,USDT,USDT,,4.0,0.0001,2026-05-31 22:09:58.736717,20260531,EVAA
BingX,LYN-USDT,LYN,USDT,USDT,,4.0,1e-05,2026-05-31 22:09:58.736717,20260531,LYN
BingX,KGEN-USDT,KGEN,USDT,USDT,,4.0,1e-05,2026-05-31 22:09:58.736717,20260531,KGEN
BingX,MONAD-USDT,MONAD,USDT,USDT,,4.0,1e-05,2026-05-31 22:09:58.736717,20260531,MONAD
BingX,METEORA-USDT,METEORA,USDT,USDT,,4.0,0.0001,2026-05-31 22:09:58.736717,20260531,METEORA
BingX,YB-USDT,YB,USDT,USDT,,4.0,0.0001,2026-05-31 22:09:58.736717,20260531,YB
BingX,NCCOGOLD2USD-USDT,NCCOGOLD2USD,USDT,USDT,,4.0,0.01,2026-05-31 22:09:58.736717,20260531,NCCOGOLD2USD
BingX,NCCONATURALGAS2USD-USDT,NCCONATURALGAS2USD,USDT,USDT,,4.0,0.1,2026-05-31 22:09:58.736717,20260531,NCCONATURALGAS2USD
BingX,ENSO-USDT,ENSO,USDT,USDT,,4.0,0.0001,2026-05-31 22:09:58.736717,20260531,ENSO
BingX,CLO-USDT,CLO,USDT,USDT,,4.0,1e-05,2026-05-31 22:09:58.736717,20260531,CLO
BingX,LAB-USDT,LAB,USDT,USDT,,4.0,0.0001,2026-05-31 22:09:58.736717,20260531,LAB
BingX,RECALL-USDT,RECALL,USDT,USDT,,4.0,1e-05,2026-05-31 22:09:58.736717,20260531,RECALL
BingX,ZBT-USDT,ZBT,USDT,USDT,,4.0,1e-05,2026-05-31 22:09:58.736717,20260531,ZBT
BingX,BNLIFE-USDT,BNLIFE,USDT,USDT,,4.0,1e-05,2026-05-31 22:09:58.736717,20260531,BNLIFE
BingX,BLUAI-USDT,BLUAI,USDT,USDT,,4.0,1e-06,2026-05-31 22:09:58.736717,20260531,BLUAI
BingX,TURTLE-USDT,TURTLE,USDT,USDT,,4.0,1e-05,2026-05-31 22:09:58.736717,20260531,TURTLE
BingX,MEGA-USDT,MEGA,USDT,USDT,,4.0,1e-05,2026-05-31 22:09:58.736717,20260531,MEGA
BingX,APR-USDT,APR,USDT,USDT,,4.0,1e-05,2026-05-31 22:09:58.736717,20260531,APR
BingX,ON-USDT,ON,USDT,USDT,,4.0,1e-05,2026-05-31 22:09:58.736717,20260531,ON
BingX,AT-USDT,AT,USDT,USDT,,4.0,1e-05,2026-05-31 22:09:58.736717,20260531,AT
BingX,NCFXEUR2GBP-USDT,NCFXEUR2GBP,USDT,USDT,,,1e-05,2026-05-31 22:09:58.736717,20260531,NCFXEUR2GBP
BingX,NCFXEUR2CHF-USDT,NCFXEUR2CHF,USDT,USDT,,,1e-05,2026-05-31 22:09:58.736717,20260531,NCFXEUR2CHF
BingX,NCFXAUD2JPY-USDT,NCFXAUD2JPY,USDT,USDT,,,0.001,2026-05-31 22:09:58.736717,20260531,NCFXAUD2JPY
BingX,NCFXGBP2CHF-USDT,NCFXGBP2CHF,USDT,USDT,,,1e-05,2026-05-31 22:09:58.736717,20260531,NCFXGBP2CHF
BingX,MMT-USDT,MMT,USDT,USDT,,4.0,0.0001,2026-05-31 22:09:58.736717,20260531,MMT
BingX,CLANKER-USDT,CLANKER,USDT,USDT,,4.0,0.01,2026-05-31 22:09:58.736717,20260531,CLANKER
BingX,KITE-USDT,KITE,USDT,USDT,,4.0,1e-05,2026-05-31 22:09:58.736717,20260531,KITE
BingX,CC-USDT,CC,USDT,USDT,,4.0,1e-05,2026-05-31 22:09:58.736717,20260531,CC
BingX,BEAT-USDT,BEAT,USDT,USDT,,4.0,0.0001,2026-05-31 22:09:58.736717,20260531,BEAT
BingX,NCSKTSLA2USD-USDT,NCSKTSLA2USD,USDT,USDT,,8.0,0.01,2026-05-31 22:09:58.736717,20260531,NCSKTSLA2USD
BingX,NCSKMSFT2USD-USDT,NCSKMSFT2USD,USDT,USDT,,8.0,0.01,2026-05-31 22:09:58.736717,20260531,NCSKMSFT2USD
BingX,NCSKGOOGL2USD-USDT,NCSKGOOGL2USD,USDT,USDT,,8.0,0.01,2026-05-31 22:09:58.736717,20260531,NCSKGOOGL2USD
BingX,NCSKARM2USD-USDT,NCSKARM2USD,USDT,USDT,,8.0,0.01,2026-05-31 22:09:58.736717,20260531,NCSKARM2USD
BingX,NCSKAMZN2USD-USDT,NCSKAMZN2USD,USDT,USDT,,8.0,0.01,2026-05-31 22:09:58.736717,20260531,NCSKAMZN2USD
BingX,NCSKINTC2USD-USDT,NCSKINTC2USD,USDT,USDT,,8.0,0.01,2026-05-31 22:09:58.736717,20260531,NCSKINTC2USD
BingX,NCCOCOFFEE2USD-USDT,NCCOCOFFEE2USD,USDT,USDT,,,0.1,2026-05-31 22:09:58.736717,20260531,NCCOCOFFEE2USD
BingX,NCCOGASOLINE2USD-USDT,NCCOGASOLINE2USD,USDT,USDT,,,0.1,2026-05-31 22:09:58.736717,20260531,NCCOGASOLINE2USD
BingX,TRUST-USDT,TRUST,USDT,USDT,,4.0,0.0001,2026-05-31 22:09:58.736717,20260531,TRUST
BingX,UAI-USDT,UAI,USDT,USDT,,4.0,0.0001,2026-05-31 22:09:58.736717,20260531,UAI
BingX,STABLE-USDT,STABLE,USDT,USDT,,4.0,1e-06,2026-05-31 22:09:58.736717,20260531,STABLE
BingX,FOLKS-USDT,FOLKS,USDT,USDT,,4.0,0.001,2026-05-31 22:09:58.736717,20260531,FOLKS
BingX,ELIZAOS-USDT,ELIZAOS,USDT,USDT,,,1e-06,2026-05-31 22:09:58.736717,20260531,ELIZAOS
BingX,TIMI-USDT,TIMI,USDT,USDT,,1.0,1e-07,2026-05-31 22:09:58.736717,20260531,TIMI
BingX,JCT-USDT,JCT,USDT,USDT,,4.0,1e-06,2026-05-31 22:09:58.736717,20260531,JCT
BingX,ALLO-USDT,ALLO,USDT,USDT,,4.0,1e-05,2026-05-31 22:09:58.736717,20260531,ALLO
BingX,NCSKAAPL2USD-USDT,NCSKAAPL2USD,USDT,USDT,,8.0,0.01,2026-05-31 22:09:58.736717,20260531,NCSKAAPL2USD
BingX,NCSKCOIN2USD-USDT,NCSKCOIN2USD,USDT,USDT,,8.0,0.01,2026-05-31 22:09:58.736717,20260531,NCSKCOIN2USD
BingX,NCSKNVDA2USD-USDT,NCSKNVDA2USD,USDT,USDT,,8.0,0.01,2026-05-31 22:09:58.736717,20260531,NCSKNVDA2USD
BingX,NCSKMETA2USD-USDT,NCSKMETA2USD,USDT,USDT,,8.0,0.01,2026-05-31 22:09:58.736717,20260531,NCSKMETA2USD
BingX,NCSKHOOD2USD-USDT,NCSKHOOD2USD,USDT,USDT,,8.0,0.01,2026-05-31 22:09:58.736717,20260531,NCSKHOOD2USD
BingX,NCSKCRCL2USD-USDT,NCSKCRCL2USD,USDT,USDT,,8.0,0.01,2026-05-31 22:09:58.736717,20260531,NCSKCRCL2USD
BingX,NCSKPLTR2USD-USDT,NCSKPLTR2USD,USDT,USDT,,8.0,0.01,2026-05-31 22:09:58.736717,20260531,NCSKPLTR2USD
BingX,NCSKASML2USD-USDT,NCSKASML2USD,USDT,USDT,,8.0,0.01,2026-05-31 22:09:58.736717,20260531,NCSKASML2USD
BingX,NCSKORCL2USD-USDT,NCSKORCL2USD,USDT,USDT,,8.0,0.01,2026-05-31 22:09:58.736717,20260531,NCSKORCL2USD
BingX,NCSKRDDT2USD-USDT,NCSKRDDT2USD,USDT,USDT,,8.0,0.01,2026-05-31 22:09:58.736717,20260531,NCSKRDDT2USD
BingX,NCSKMRVL2USD-USDT,NCSKMRVL2USD,USDT,USDT,,8.0,0.01,2026-05-31 22:09:58.736717,20260531,NCSKMRVL2USD
BingX,NCSKAPP2USD-USDT,NCSKAPP2USD,USDT,USDT,,8.0,0.01,2026-05-31 22:09:58.736717,20260531,NCSKAPP2USD
BingX,NCSKGME2USD-USDT,NCSKGME2USD,USDT,USDT,,8.0,0.01,2026-05-31 22:09:58.736717,20260531,NCSKGME2USD
BingX,NCSKGE2USD-USDT,NCSKGE2USD,USDT,USDT,,8.0,0.01,2026-05-31 22:09:58.736717,20260531,NCSKGE2USD
BingX,NCSKMCD2USD-USDT,NCSKMCD2USD,USDT,USDT,,8.0,0.01,2026-05-31 22:09:58.736717,20260531,NCSKMCD2USD
BingX,NCSKMSTR2USD-USDT,NCSKMSTR2USD,USDT,USDT,,8.0,0.01,2026-05-31 22:09:58.736717,20260531,NCSKMSTR2USD
BingX,PIEVERSE-USDT,PIEVERSE,USDT,USDT,,4.0,0.0001,2026-05-31 22:09:58.736717,20260531,PIEVERSE
BingX,SENT-USDT,SENT,USDT,USDT,,4.0,1e-05,2026-05-31 22:09:58.736717,20260531,SENT
BingX,SUP-USDT,SUP,USDT,USDT,,1.0,1e-05,2026-05-31 22:09:58.736717,20260531,SUP
BingX,ZEC-USDC,ZEC,USDC,USDC,,,0.01,2026-05-31 22:09:58.736717,20260531,ZEC
BingX,REAL-USDT,REAL,USDT,USDT,,1.0,1e-05,2026-05-31 22:09:58.736717,20260531,REAL
BingX,IRYS-USDT,IRYS,USDT,USDT,,4.0,1e-06,2026-05-31 22:09:58.736717,20260531,IRYS
BingX,NCSINASDAQ1002USD-USDT,NCSINASDAQ1002USD,USDT,USDT,,,0.01,2026-05-31 22:09:58.736717,20260531,NCSINASDAQ1002USD
BingX,NCSISP5002USD-USDT,NCSISP5002USD,USDT,USDT,,,0.01,2026-05-31 22:09:58.736717,20260531,NCSISP5002USD
BingX,GUA-USDT,GUA,USDT,USDT,,4.0,0.0001,2026-05-31 22:09:58.736717,20260531,GUA
BingX,WET-USDT,WET,USDT,USDT,,4.0,1e-05,2026-05-31 22:09:58.736717,20260531,WET
BingX,POWER-USDT,POWER,USDT,USDT,,4.0,1e-05,2026-05-31 22:09:58.736717,20260531,POWER
BingX,ULTIMA-USDT,ULTIMA,USDT,USDT,,4.0,0.1,2026-05-31 22:09:58.736717,20260531,ULTIMA
BingX,WHITEWHALE-USDT,WHITEWHALE,USDT,USDT,,4.0,1e-06,2026-05-31 22:09:58.736717,20260531,WHITEWHALE
BingX,NCSINIKKEI2252USD-USDT,NCSINIKKEI2252USD,USDT,USDT,,,0.1,2026-05-31 22:09:58.736717,20260531,NCSINIKKEI2252USD
BingX,NCSIRUSSELL20002USD-USDT,NCSIRUSSELL20002USD,USDT,USDT,,,0.01,2026-05-31 22:09:58.736717,20260531,NCSIRUSSELL20002USD
BingX,NCSIDOWJONES2USD-USDT,NCSIDOWJONES2USD,USDT,USDT,,,0.1,2026-05-31 22:09:58.736717,20260531,NCSIDOWJONES2USD
BingX,NIGHT-USDT,NIGHT,USDT,USDT,,4.0,1e-05,2026-05-31 22:09:58.736717,20260531,NIGHT
BingX,NCCOCOPPER2USD-USDT,NCCOCOPPER2USD,USDT,USDT,,,0.1,2026-05-31 22:09:58.736717,20260531,NCCOCOPPER2USD
BingX,NCCOPALLADIUM2USD-USDT,NCCOPALLADIUM2USD,USDT,USDT,,,0.01,2026-05-31 22:09:58.736717,20260531,NCCOPALLADIUM2USD
BingX,NCCONICKEL2USD-USDT,NCCONICKEL2USD,USDT,USDT,,,0.1,2026-05-31 22:09:58.736717,20260531,NCCONICKEL2USD
BingX,NCCOZINC2USD-USDT,NCCOZINC2USD,USDT,USDT,,,0.01,2026-05-31 22:09:58.736717,20260531,NCCOZINC2USD
BingX,NCCOHEATINGOIL2USD-USDT,NCCOHEATINGOIL2USD,USDT,USDT,,,0.1,2026-05-31 22:09:58.736717,20260531,NCCOHEATINGOIL2USD
BingX,CYS-USDT,CYS,USDT,USDT,,4.0,0.0001,2026-05-31 22:09:58.736717,20260531,CYS
BingX,US-USDT,US,USDT,USDT,,4.0,1e-05,2026-05-31 22:09:58.736717,20260531,US
BingX,RAVE-USDT,RAVE,USDT,USDT,,4.0,0.0001,2026-05-31 22:09:58.736717,20260531,RAVE
BingX,MAGMA-USDT,MAGMA,USDT,USDT,,4.0,1e-05,2026-05-31 22:09:58.736717,20260531,MAGMA
BingX,ZKP-USDT,ZKP,USDT,USDT,,4.0,1e-05,2026-05-31 22:09:58.736717,20260531,ZKP
BingX,LIGHTER-USDT,LIGHTER,USDT,USDT,,4.0,0.001,2026-05-31 22:09:58.736717,20260531,LIGHTER
BingX,COLLECT-USDT,COLLECT,USDT,USDT,,4.0,1e-05,2026-05-31 22:09:58.736717,20260531,COLLECT
BingX,BREV-USDT,BREV,USDT,USDT,,4.0,0.0001,2026-05-31 22:09:58.736717,20260531,BREV
BingX,NCFXUSDBRL2USD-USDT,NCFXUSDBRL2USD,USDT,USDT,,,1e-05,2026-05-31 22:09:58.736717,20260531,NCFXUSDBRL2USD
BingX,NCFXGBPSGD2USD-USDT,NCFXGBPSGD2USD,USDT,USDT,,,1e-05,2026-05-31 22:09:58.736717,20260531,NCFXGBPSGD2USD
BingX,NCFXEURSGD2USD-USDT,NCFXEURSGD2USD,USDT,USDT,,,1e-05,2026-05-31 22:09:58.736717,20260531,NCFXEURSGD2USD
BingX,NCFXUSDSGD2USD-USDT,NCFXUSDSGD2USD,USDT,USDT,,,1e-05,2026-05-31 22:09:58.736717,20260531,NCFXUSDSGD2USD
BingX,NCCOSOYBEANS2USD-USDT,NCCOSOYBEANS2USD,USDT,USDT,,,0.01,2026-05-31 22:09:58.736717,20260531,NCCOSOYBEANS2USD
BingX,NCCOCOCOA2USD-USDT,NCCOCOCOA2USD,USDT,USDT,,,0.01,2026-05-31 22:09:58.736717,20260531,NCCOCOCOA2USD
BingX,NCCOLEAD2USD-USDT,NCCOLEAD2USD,USDT,USDT,,,0.01,2026-05-31 22:09:58.736717,20260531,NCCOLEAD2USD
BingX,NCCOALUMINIUM2USD-USDT,NCCOALUMINIUM2USD,USDT,USDT,,,0.01,2026-05-31 22:09:58.736717,20260531,NCCOALUMINIUM2USD
BingX,ZAMA-USDT,ZAMA,USDT,USDT,,4.0,0.0001,2026-05-31 22:09:58.736717,20260531,ZAMA
BingX,FOGO-USDT,FOGO,USDT,USDT,,4.0,1e-05,2026-05-31 22:09:58.736717,20260531,FOGO
BingX,WOTAMALAILE-USDT,WOTAMALAILE,USDT,USDT,,4.0,1e-06,2026-05-31 22:09:58.736717,20260531,WOTAMALAILE
BingX,TESTICLE-USDT,TESTICLE,USDT,USDT,,4.0,1e-05,2026-05-31 22:09:58.736717,20260531,TESTICLE
BingX,FRAX-USDT,FRAX,USDT,USDT,,4.0,0.0001,2026-05-31 22:09:58.736717,20260531,FRAX
BingX,OWL-USDT,OWL,USDT,USDT,,8.0,1e-05,2026-05-31 22:09:58.736717,20260531,OWL
BingX,SPORTFUN-USDT,SPORTFUN,USDT,USDT,,4.0,1e-05,2026-05-31 22:09:58.736717,20260531,SPORTFUN
BingX,BUTTCOIN-USDT,BUTTCOIN,USDT,USDT,,4.0,1e-05,2026-05-31 22:09:58.736717,20260531,BUTTCOIN
BingX,XUEQIU-USDT,XUEQIU,USDT,USDT,,,1e-05,2026-05-31 22:09:58.736717,20260531,XUEQIU
BingX,ELSA-USDT,ELSA,USDT,USDT,,4.0,1e-05,2026-05-31 22:09:58.736717,20260531,ELSA
BingX,ACU-USDT,ACU,USDT,USDT,,4.0,0.0001,2026-05-31 22:09:58.736717,20260531,ACU
BingX,SKR-USDT,SKR,USDT,USDT,,4.0,1e-06,2026-05-31 22:09:58.736717,20260531,SKR
BingX,NCFXUSD2NOK-USDT,NCFXUSD2NOK,USDT,USDT,,,1e-05,2026-05-31 22:09:58.736717,20260531,NCFXUSD2NOK
BingX,NCFXUSD2ZAR-USDT,NCFXUSD2ZAR,USDT,USDT,,,1e-05,2026-05-31 22:09:58.736717,20260531,NCFXUSD2ZAR
BingX,NCFXUSD2SEK-USDT,NCFXUSD2SEK,USDT,USDT,,,1e-05,2026-05-31 22:09:58.736717,20260531,NCFXUSD2SEK
BingX,NCFXUSD2TRY-USDT,NCFXUSD2TRY,USDT,USDT,,,1e-05,2026-05-31 22:09:58.736717,20260531,NCFXUSD2TRY
BingX,NCFXCAD2JPY-USDT,NCFXCAD2JPY,USDT,USDT,,,0.001,2026-05-31 22:09:58.736717,20260531,NCFXCAD2JPY
BingX,NCFXUSD2MXN-USDT,NCFXUSD2MXN,USDT,USDT,,,1e-05,2026-05-31 22:09:58.736717,20260531,NCFXUSD2MXN
BingX,NCFXNZD2JPY-USDT,NCFXNZD2JPY,USDT,USDT,,,0.001,2026-05-31 22:09:58.736717,20260531,NCFXNZD2JPY
BingX,NCFXUSD2DKK-USDT,NCFXUSD2DKK,USDT,USDT,,,1e-05,2026-05-31 22:09:58.736717,20260531,NCFXUSD2DKK
BingX,NCFXUSD2ILS-USDT,NCFXUSD2ILS,USDT,USDT,,,1e-05,2026-05-31 22:09:58.736717,20260531,NCFXUSD2ILS
BingX,GWEI-USDT,GWEI,USDT,USDT,,4.0,1e-06,2026-05-31 22:09:58.736717,20260531,GWEI
BingX,FIGHTID-USDT,FIGHTID,USDT,USDT,,4.0,1e-06,2026-05-31 22:09:58.736717,20260531,FIGHTID
BingX,SPACECOIN-USDT,SPACECOIN,USDT,USDT,,4.0,1e-06,2026-05-31 22:09:58.736717,20260531,SPACECOIN
BingX,PENGUIN-USDT,PENGUIN,USDT,USDT,,,1e-05,2026-05-31 22:09:58.736717,20260531,PENGUIN
BingX,BIRB-USDT,BIRB,USDT,USDT,,4.0,1e-05,2026-05-31 22:09:58.736717,20260531,BIRB
BingX,INX-USDT,INX,USDT,USDT,,4.0,1e-06,2026-05-31 22:09:58.736717,20260531,INX
BingX,KIN-USDT,KIN,USDT,USDT,,1.0,1e-05,2026-05-31 22:09:58.736717,20260531,KIN
BingX,TRIA-USDT,TRIA,USDT,USDT,,4.0,1e-05,2026-05-31 22:09:58.736717,20260531,TRIA
BingX,ESP-USDT,ESP,USDT,USDT,,4.0,1e-05,2026-05-31 22:09:58.736717,20260531,ESP
BingX,NCCOXAG2USD-USDT,NCCOXAG2USD,USDT,USDT,,4.0,0.01,2026-05-31 22:09:58.736717,20260531,NCCOXAG2USD
BingX,AZTEC-USDT,AZTEC,USDT,USDT,,4.0,1e-05,2026-05-31 22:09:58.736717,20260531,AZTEC
BingX,NCSKMU2USD-USDT,NCSKMU2USD,USDT,USDT,,8.0,0.01,2026-05-31 22:09:58.736717,20260531,NCSKMU2USD
BingX,NCSKRACE2USD-USDT,NCSKRACE2USD,USDT,USDT,,,0.01,2026-05-31 22:09:58.736717,20260531,NCSKRACE2USD
BingX,OPN-USDT,OPN,USDT,USDT,,4.0,0.0001,2026-05-31 22:09:58.736717,20260531,OPN
BingX,MAXXING-USDT,MAXXING,USDT,USDT,,,1e-06,2026-05-31 22:09:58.736717,20260531,MAXXING
BingX,ROBO-USDT,ROBO,USDT,USDT,,4.0,1e-05,2026-05-31 22:09:58.736717,20260531,ROBO
BingX,CFG-USDT,CFG,USDT,USDT,,4.0,0.0001,2026-05-31 22:09:58.736717,20260531,CFG
BingX,FREEDOMMONEY-USDT,FREEDOMMONEY,USDT,USDT,,1.0,1e-06,2026-05-31 22:09:58.736717,20260531,FREEDOMMONEY
BingX,KAT-USDT,KAT,USDT,USDT,,4.0,1e-05,2026-05-31 22:09:58.736717,20260531,KAT
BingX,FAI-USDT,FAI,USDT,USDT,,4.0,1e-06,2026-05-31 22:09:58.736717,20260531,FAI
BingX,BSB-USDT,BSB,USDT,USDT,,4.0,1e-05,2026-05-31 22:09:58.736717,20260531,BSB
BingX,MANTRA-USDT,MANTRA,USDT,USDT,,4.0,1e-05,2026-05-31 22:09:58.736717,20260531,MANTRA
BingX,NCCO1OILBRENT2USD-USDT,NCCO1OILBRENT2USD,USDT,USDT,,4.0,0.01,2026-05-31 22:09:58.736717,20260531,NCCO1OILBRENT2USD
BingX,NCCO1OILWTI2USD-USDT,NCCO1OILWTI2USD,USDT,USDT,,4.0,0.01,2026-05-31 22:09:58.736717,20260531,NCCO1OILWTI2USD
BingX,LONGXIA-USDT,LONGXIA,USDT,USDT,,4.0,1e-06,2026-05-31 22:09:58.736717,20260531,LONGXIA
BingX,NCCOXPT2USD-USDT,NCCOXPT2USD,USDT,USDT,,4.0,0.01,2026-05-31 22:09:58.736717,20260531,NCCOXPT2USD
BingX,ACX-USDT,ACX,USDT,USDT,,4.0,1e-05,2026-05-31 22:09:58.736717,20260531,ACX
BingX,NCCOWHEAT2USD-USDT,NCCOWHEAT2USD,USDT,USDT,,,0.001,2026-05-31 22:09:58.736717,20260531,NCCOWHEAT2USD
BingX,NCCOCOTTON2USD-USDT,NCCOCOTTON2USD,USDT,USDT,,,1e-05,2026-05-31 22:09:58.736717,20260531,NCCOCOTTON2USD
BingX,NCCOSUGAR2USD-USDT,NCCOSUGAR2USD,USDT,USDT,,,1e-05,2026-05-31 22:09:58.736717,20260531,NCCOSUGAR2USD
BingX,UNITAS-USDT,UNITAS,USDT,USDT,,1.0,1e-05,2026-05-31 22:09:58.736717,20260531,UNITAS
BingX,NCSIFLKR2USD-USDT,NCSIFLKR2USD,USDT,USDT,,,0.01,2026-05-31 22:09:58.736717,20260531,NCSIFLKR2USD
BingX,NCSIEWY2USD-USDT,NCSIEWY2USD,USDT,USDT,,8.0,0.01,2026-05-31 22:09:58.736717,20260531,NCSIEWY2USD
BingX,NCSIEWJ2USD-USDT,NCSIEWJ2USD,USDT,USDT,,8.0,0.01,2026-05-31 22:09:58.736717,20260531,NCSIEWJ2USD
BingX,EDGEX-USDT,EDGE,USDT,USDT,,4.0,0.0001,2026-05-31 22:09:58.736717,20260531,EDGEX
BingX,NCSI724NASDAQ1002USD-USDT,NCSI724NASDAQ1002USD,USDT,USDT,,8.0,1.0,2026-05-31 22:09:58.736717,20260531,NCSI724NASDAQ1002USD
BingX,NCSI724SP5002USD-USDT,NCSI724SP5002USD,USDT,USDT,,8.0,0.1,2026-05-31 22:09:58.736717,20260531,NCSI724SP5002USD
BingX,NCSIDXY2USD-USDT,NCSIDXY2USD,USDT,USDT,,,0.01,2026-05-31 22:09:58.736717,20260531,NCSIDXY2USD
BingX,NCSKJPM2USD-USDT,NCSKJPM2USD,USDT,USDT,,8.0,0.01,2026-05-31 22:09:58.736717,20260531,NCSKJPM2USD
BingX,NCSKGS2USD-USDT,NCSKGS2USD,USDT,USDT,,,0.01,2026-05-31 22:09:58.736717,20260531,NCSKGS2USD
BingX,NCSKJNJ2USD-USDT,NCSKJNJ2USD,USDT,USDT,,,0.01,2026-05-31 22:09:58.736717,20260531,NCSKJNJ2USD
BingX,NCSKMS2USD-USDT,NCSKMS2USD,USDT,USDT,,,0.01,2026-05-31 22:09:58.736717,20260531,NCSKMS2USD
BingX,NCSKCOP2USD-USDT,NCSKCOP2USD,USDT,USDT,,,0.01,2026-05-31 22:09:58.736717,20260531,NCSKCOP2USD
BingX,NCSKXOM2USD-USDT,NCSKXOM2USD,USDT,USDT,,,0.01,2026-05-31 22:09:58.736717,20260531,NCSKXOM2USD
BingX,IQ-USDT,IQ,USDT,USDT,,4.0,1e-06,2026-05-31 22:09:58.736717,20260531,IQ
BingX,NCSKOXY2USD-USDT,NCSKOXY2USD,USDT,USDT,,,0.01,2026-05-31 22:09:58.736717,20260531,NCSKOXY2USD
BingX,PRL-USDT,PRL,USDT,USDT,,4.0,0.0001,2026-05-31 22:09:58.736717,20260531,PRL
BingX,NCSKVCX2USD-USDT,NCSKVCX2USD,USDT,USDT,,,0.01,2026-05-31 22:09:58.736717,20260531,NCSKVCX2USD
BingX,BASED-USDT,BASED,USDT,USDT,,4.0,1e-05,2026-05-31 22:09:58.736717,20260531,BASED
BingX,STEEM-USDT,STEEM,USDT,USDT,,4.0,1e-05,2026-05-31 22:09:58.736717,20260531,STEEM
BingX,AMP-USDT,AMP,USDT,USDT,,4.0,1e-06,2026-05-31 22:09:58.736717,20260531,AMP
BingX,MEZO-USDT,MEZO,USDT,USDT,,4.0,1e-05,2026-05-31 22:09:58.736717,20260531,MEZO
BingX,NCSKXLE2USD-USDT,NCSKXLE2USD,USDT,USDT,,,0.01,2026-05-31 22:09:58.736717,20260531,NCSKXLE2USD
BingX,NCSKXOP2USD-USDT,NCSKXOP2USD,USDT,USDT,,,0.01,2026-05-31 22:09:58.736717,20260531,NCSKXOP2USD
BingX,NCSKLNG2USD-USDT,NCSKLNG2USD,USDT,USDT,,,0.01,2026-05-31 22:09:58.736717,20260531,NCSKLNG2USD
BingX,NCSKSLB2USD-USDT,NCSKSLB2USD,USDT,USDT,,,0.01,2026-05-31 22:09:58.736717,20260531,NCSKSLB2USD
BingX,EITHER-USDT,EITHER,USDT,USDT,,1.0,0.0001,2026-05-31 22:09:58.736717,20260531,EITHER
BingX,BURNIE-USDT,BURNIE,USDT,USDT,,1.0,1e-06,2026-05-31 22:09:58.736717,20260531,BURNIE
BingX,NCSKDRAM2USD-USDT,NCSKDRAM2USD,USDT,USDT,,,0.01,2026-05-31 22:09:58.736717,20260531,NCSKDRAM2USD
BingX,NCSKSNDK2USD-USDT,NCSKSNDK2USD,USDT,USDT,,8.0,0.01,2026-05-31 22:09:58.736717,20260531,NCSKSNDK2USD
BingX,OFC-USDT,OFC,USDT,USDT,,4.0,1e-05,2026-05-31 22:09:58.736717,20260531,OFC
BingX,NCSKSPACEXV2USD-USDT,NCSKSPACEXV2USD,USDT,USDT,,4.0,0.1,2026-05-31 22:09:58.736717,20260531,NCSKSPACEXV2USD
BingX,BULLSOL-USDT,BULLSOL,USDT,USDT,,4.0,1e-06,2026-05-31 22:09:58.736717,20260531,BULLSOL
BingX,GENIUS-USDT,GENIUS,USDT,USDT,,4.0,0.0001,2026-05-31 22:09:58.736717,20260531,GENIUS
BingX,NCSKSPACEXP2USD-USDT,NCSKSPACEXP2USD,USDT,USDT,,8.0,0.01,2026-05-31 22:09:58.736717,20260531,NCSKSPACEXP2USD
BingX,NCCO7241OILBRENT2USD-USDT,NCCO7241OILBRENT2USD,USDT,USDT,,4.0,0.01,2026-05-31 22:09:58.736717,20260531,NCCO7241OILBRENT2USD
BingX,NCSKQQQ2USD-USDT,NCSKQQQ2USD,USDT,USDT,,8.0,0.01,2026-05-31 22:09:58.736717,20260531,NCSKQQQ2USD
BingX,NCSKSPY2USD-USDT,NCSKSPY2USD,USDT,USDT,,8.0,0.01,2026-05-31 22:09:58.736717,20260531,NCSKSPY2USD
BingX,NCSKTSMU2USD-USDT,NCSKTSMU2USD,USDT,USDT,,8.0,0.01,2026-05-31 22:09:58.736717,20260531,NCSKTSMU2USD
BingX,UNC-USDT,UNC,USDT,USDT,,,1e-06,2026-05-31 22:09:58.736717,20260531,UNC
BingX,ST-USDT,ST,USDT,USDT,,4.0,1e-05,2026-05-31 22:09:58.736717,20260531,ST
BingX,NCCO7241NATGAS2USD-USDT,NCCO7241NATGAS2USD,USDT,USDT,,4.0,0.001,2026-05-31 22:09:58.736717,20260531,NCCO7241NATGAS2USD
BingX,CHIP-USDT,CHIP,USDT,USDT,,4.0,1e-05,2026-05-31 22:09:58.736717,20260531,CHIP
BingX,ASTEROID-USDT,ASTEROID,USDT,USDT,,4.0,1e-07,2026-05-31 22:09:58.736717,20260531,ASTEROID
BingX,ASTEROIDETH-USDT,ASTEROIDETH,USDT,USDT,,4.0,1e-07,2026-05-31 22:09:58.736717,20260531,ASTEROIDETH
BingX,NCSKNETFLIX2USD-USDT,NCSKNETFLIX2USD,USDT,USDT,,8.0,0.01,2026-05-31 22:09:58.736717,20260531,NCSKNETFLIX2USD
BingX,NCSKAVGO2USD-USDT,NCSKAVGO2USD,USDT,USDT,,8.0,0.01,2026-05-31 22:09:58.737715,20260531,NCSKAVGO2USD
BingX,NCSKSOXL2USD-USDT,NCSKSOXL2USD,USDT,USDT,,8.0,0.01,2026-05-31 22:09:58.737715,20260531,NCSKSOXL2USD
BingX,NCSKCOHR2USD-USDT,NCSKCOHR2USD,USDT,USDT,,8.0,0.01,2026-05-31 22:09:58.737715,20260531,NCSKCOHR2USD
BingX,NCSKAMAT2USD-USDT,NCSKAMAT2USD,USDT,USDT,,8.0,0.01,2026-05-31 22:09:58.737715,20260531,NCSKAMAT2USD
BingX,NCSKLRCX2USD-USDT,NCSKLRCX2USD,USDT,USDT,,8.0,0.01,2026-05-31 22:09:58.737715,20260531,NCSKLRCX2USD
BingX,NCSKOPENAIV2USD-USDT,NCSKOPENAIV2USD,USDT,USDT,,8.0,0.1,2026-05-31 22:09:58.737715,20260531,NCSKOPENAIV2USD
BingX,OPG-USDT,OPG,USDT,USDT,,4.0,0.0001,2026-05-31 22:09:58.737715,20260531,OPG
BingX,MAGASOL-USDT,MAGASOL,USDT,USDT,,1.0,1e-05,2026-05-31 22:09:58.737715,20260531,MAGASOL
BingX,FLORKETH-USDT,FLORKETH,USDT,USDT,,,1e-09,2026-05-31 22:09:58.737715,20260531,FLORKETH
BingX,NCCO724COPPER2USD-USDT,NCCO724COPPER2USD,USDT,USDT,,4.0,0.001,2026-05-31 22:09:58.737715,20260531,NCCO724COPPER2USD
BingX,10000NAT-USDT,10000NAT,USDT,USDT,,1.0,1e-06,2026-05-31 22:09:58.737715,20260531,10000NAT
BingX,BLEND-USDT,BLEND,USDT,USDT,,4.0,1e-05,2026-05-31 22:09:58.737715,20260531,BLEND
BingX,SCAM-USDT,SCAM,USDT,USDT,,,1e-07,2026-05-31 22:09:58.737715,20260531,SCAM
BingX,NCSKAMD2USD-USDT,NCSKAMD2USD,USDT,USDT,,8.0,0.01,2026-05-31 22:09:58.737715,20260531,NCSKAMD2USD
BingX,NCSKQCOM2USD-USDT,NCSKQCOM2USD,USDT,USDT,,8.0,0.01,2026-05-31 22:09:58.737715,20260531,NCSKQCOM2USD
BingX,UPEG-USDT,UPEG,USDT,USDT,,4.0,0.1,2026-05-31 22:09:58.737715,20260531,UPEG
BingX,PHAROS-USDT,PHAROS,USDT,USDT,,4.0,0.0001,2026-05-31 22:09:58.737715,20260531,PHAROS
BingX,GENSYN-USDT,GENSYN,USDT,USDT,,4.0,1e-05,2026-05-31 22:09:58.737715,20260531,GENSYN
BingX,BILL-USDT,BILL,USDT,USDT,,4.0,1e-05,2026-05-31 22:09:58.737715,20260531,BILL
BingX,NCSKSMCI2USD-USDT,NCSKSMCI2USD,USDT,USDT,,8.0,0.01,2026-05-31 22:09:58.737715,20260531,NCSKSMCI2USD
BingX,NCSKWDC2USD-USDT,NCSKWDC2USD,USDT,USDT,,8.0,0.01,2026-05-31 22:09:58.737715,20260531,NCSKWDC2USD
BingX,NCSKSTX2USD-USDT,NCSKSTX2USD,USDT,USDT,,8.0,0.01,2026-05-31 22:09:58.737715,20260531,NCSKSTX2USD
BingX,NCSKUSAR2USD-USDT,NCSKUSAR2USD,USDT,USDT,,8.0,0.01,2026-05-31 22:09:58.737715,20260531,NCSKUSAR2USD
BingX,NCSKLITE2USD-USDT,NCSKLITE2USD,USDT,USDT,,8.0,0.01,2026-05-31 22:09:58.737715,20260531,NCSKLITE2USD
BingX,KAIO-USDT,KAIO,USDT,USDT,,,0.0001,2026-05-31 22:09:58.737715,20260531,KAIO
BingX,SATO-USDT,SATO,USDT,USDT,,4.0,0.0001,2026-05-31 22:09:58.737715,20260531,SATO
BingX,GOBLIN-USDT,GOBLIN,USDT,USDT,,4.0,1e-06,2026-05-31 22:09:58.737715,20260531,GOBLIN
BingX,HANTA-USDT,HANTA,USDT,USDT,,1.0,1e-06,2026-05-31 22:09:58.737715,20260531,HANTA
BingX,USDUCPUMP-USDT,USDUCPUMP,USDT,USDT,,,1e-06,2026-05-31 22:09:58.737715,20260531,USDUCPUMP
BingX,SHARE-USDT,SHARE,USDT,USDT,,4.0,0.0001,2026-05-31 22:09:58.737715,20260531,SHARE
BingX,NCSKSKHYNIX2USD-USDT,NCSKSKHYNIX2USD,USDT,USDT,,8.0,0.01,2026-05-31 22:09:58.737715,20260531,NCSKSKHYNIX2USD
BingX,NCSKRKLB2USD-USDT,NCSKRKLB2USD,USDT,USDT,,8.0,0.01,2026-05-31 22:09:58.737715,20260531,NCSKRKLB2USD
BingX,NCSKAAOI2USD-USDT,NCSKAAOI2USD,USDT,USDT,,8.0,0.01,2026-05-31 22:09:58.737715,20260531,NCSKAAOI2USD
BingX,NCSKFLY2USD-USDT,NCSKFLY2USD,USDT,USDT,,8.0,0.01,2026-05-31 22:09:58.737715,20260531,NCSKFLY2USD
BingX,NCSKIREN2USD-USDT,NCSKIREN2USD,USDT,USDT,,8.0,0.01,2026-05-31 22:09:58.737715,20260531,NCSKIREN2USD
BingX,NCSKASTS2USD-USDT,NCSKASTS2USD,USDT,USDT,,8.0,0.01,2026-05-31 22:09:58.737715,20260531,NCSKASTS2USD
BingX,DOLPHIN-USDT,DOLPHIN,USDT,USDT,,4.0,0.0001,2026-05-31 22:09:58.737715,20260531,DOLPHIN
BingX,NCSKSAMSUNG2USD-USDT,NCSKSAMSUNG2USD,USDT,USDT,,8.0,0.01,2026-05-31 22:09:58.737715,20260531,NCSKSAMSUNG2USD
BingX,NCSIKOSPI2USD-USDT,NCSIKOSPI2USD,USDT,USDT,,8.0,0.01,2026-05-31 22:09:58.737715,20260531,NCSIKOSPI2USD
BingX,RKC-USDT,RKC,USDT,USDT,,4.0,1e-06,2026-05-31 22:09:58.737715,20260531,RKC
BingX,STAR-USDT,STAR,USDT,USDT,,4.0,1e-05,2026-05-31 22:09:58.737715,20260531,STAR
BingX,NCSKCBRS2USD-USDT,NCSKCBRS2USD,USDT,USDT,,8.0,0.01,2026-05-31 22:09:58.737715,20260531,NCSKCBRS2USD
BingX,NCSKAXTI2USD-USDT,NCSKAXTI2USD,USDT,USDT,,8.0,0.01,2026-05-31 22:09:58.737715,20260531,NCSKAXTI2USD
BingX,NCSKLMT2USD-USDT,NCSKLMT2USD,USDT,USDT,,8.0,0.01,2026-05-31 22:09:58.737715,20260531,NCSKLMT2USD
BingX,NCSKIONQ2USD-USDT,NCSKIONQ2USD,USDT,USDT,,8.0,0.01,2026-05-31 22:09:58.737715,20260531,NCSKIONQ2USD
BingX,NCSKNBIS2USD-USDT,NCSKNBIS2USD,USDT,USDT,,8.0,0.01,2026-05-31 22:09:58.737715,20260531,NCSKNBIS2USD
BingX,NCSKLWLG2USD-USDT,NCSKLWLG2USD,USDT,USDT,,,0.01,2026-05-31 22:09:58.737715,20260531,NCSKLWLG2USD
BingX,NCSKCRDO2USD-USDT,NCSKCRDO2USD,USDT,USDT,,,0.01,2026-05-31 22:09:58.737715,20260531,NCSKCRDO2USD
BingX,NCSKKOPN2USD-USDT,NCSKKOPN2USD,USDT,USDT,,8.0,0.01,2026-05-31 22:09:58.737715,20260531,NCSKKOPN2USD
BingX,BABYSHARK-USDT,BABYSHARK,USDT,USDT,,1.0,1e-05,2026-05-31 22:09:58.737715,20260531,BABYSHARK
BingX,HOOLI-USDT,HOOLI,USDT,USDT,,4.0,1e-05,2026-05-31 22:09:58.737715,20260531,HOOLI
BingX,GITLAWB-USDT,GITLAWB,USDT,USDT,,4.0,1e-07,2026-05-31 22:09:58.737715,20260531,GITLAWB
BingX,NCCOXAUAUD2USD-USDT,NCCOXAUAUD2USD,USDT,USDT,,,0.01,2026-05-31 22:09:58.737715,20260531,NCCOXAUAUD2USD
BingX,NCCOXAUEUR2USD-USDT,NCCOXAUEUR2USD,USDT,USDT,,,0.01,2026-05-31 22:09:58.737715,20260531,NCCOXAUEUR2USD
BingX,NCCOXAUJPY2USD-USDT,NCCOXAUJPY2USD,USDT,USDT,,,0.01,2026-05-31 22:09:58.737715,20260531,NCCOXAUJPY2USD
BingX,ZEST-USDT,ZEST,USDT,USDT,,4.0,1e-05,2026-05-31 22:09:58.737715,20260531,ZEST
BingX,AEON-USDT,AEON,USDT,USDT,,4.0,1e-07,2026-05-31 22:09:58.737715,20260531,AEON
BingX,NCSKLLY2USD-USDT,NCSKLLY2USD,USDT,USDT,,8.0,0.01,2026-05-31 22:09:58.737715,20260531,NCSKLLY2USD
BingX,NCSKBE2USD-USDT,NCSKBE2USD,USDT,USDT,,8.0,0.01,2026-05-31 22:09:58.737715,20260531,NCSKBE2USD
BingX,NCSKMP2USD-USDT,NCSKMP2USD,USDT,USDT,,,0.01,2026-05-31 22:09:58.737715,20260531,NCSKMP2USD
BingX,NCSKGLW2USD-USDT,NCSKGLW2USD,USDT,USDT,,8.0,0.01,2026-05-31 22:09:58.737715,20260531,NCSKGLW2USD
BingX,NCSKTXN2USD-USDT,NCSKTXN2USD,USDT,USDT,,8.0,0.01,2026-05-31 22:09:58.737715,20260531,NCSKTXN2USD
BingX,NEX-USDT,NEX,USDT,USDT,,4.0,1e-09,2026-05-31 22:09:58.737715,20260531,NEX
BingX,NCSKSPCX2USD-USDT,NCSKSPCX2USD,USDT,USDT,,8.0,0.01,2026-05-31 22:09:58.737715,20260531,NCSKSPCX2USD
BingX,NCSKANTHROPIC2USD-USDT,NCSKANTHROPIC2USD,USDT,USDT,,8.0,0.1,2026-05-31 22:09:58.737715,20260531,NCSKANTHROPIC2USD
BingX,NCSKOPENAI2USD-USDT,NCSKOPENAI2USD,USDT,USDT,,8.0,0.01,2026-05-31 22:09:58.737715,20260531,NCSKOPENAI2USD
BingX,DEXE-USDT,DEXE,USDT,USDT,,4.0,0.01,2026-05-31 22:09:58.737715,20260531,DEXE
BingX,SLX-USDT,SLX,USDT,USDT,,4.0,0.0001,2026-05-31 22:09:58.737715,20260531,SLX
BingX,NCSKINFQ2USD-USDT,NCSKINFQ2USD,USDT,USDT,,8.0,0.01,2026-05-31 22:09:58.737715,20260531,NCSKINFQ2USD
BingX,NCSKIBMR2USD-USDT,NCSKIBMR2USD,USDT,USDT,,8.0,0.01,2026-05-31 22:09:58.737715,20260531,NCSKIBMR2USD
BingX,CITREA-USDT,CITREA,USDT,USDT,,4.0,1e-05,2026-05-31 22:09:58.737715,20260531,CITREA
BingX,DEUS-USDT,DEUS,USDT,USDT,,1.0,1e-05,2026-05-31 22:09:58.737715,20260531,DEUS
BingX,QAIT-USDT,QAIT,USDT,USDT,,1.0,1e-05,2026-05-31 22:09:58.737715,20260531,QAIT
BingX,HYPE-USD,HYPE,USD,HYPE,,,,2026-05-31 22:09:58.737715,20260531,HYPE
BingX,SOL-USD,SOL,USD,SOL,,,,2026-05-31 22:09:58.737715,20260531,SOL
BingX,ETC-USD,ETC,USD,ETC,,,,2026-05-31 22:09:58.737715,20260531,ETC
BingX,LINK-USD,LINK,USD,LINK,,,,2026-05-31 22:09:58.737715,20260531,LINK
BingX,FIL-USD,FIL,USD,FIL,,,,2026-05-31 22:09:58.737715,20260531,FIL
BingX,XRP-USD,XRP,USD,XRP,,,,2026-05-31 22:09:58.737715,20260531,XRP
BingX,TRUMPSOL-USD,TRUMPSOL,USD,TRUMPSOL,,,,2026-05-31 22:09:58.737715,20260531,TRUMPSOL
BingX,LTC-USD,LTC,USD,LTC,,,,2026-05-31 22:09:58.737715,20260531,LTC
BingX,BTC-USD,BTC,USD,BTC,,,,2026-05-31 22:09:58.737715,20260531,BTC
BingX,DOGE-USD,DOGE,USD,DOGE,,,,2026-05-31 22:09:58.737715,20260531,DOGE
BingX,ETH-USD,ETH,USD,ETH,,,,2026-05-31 22:09:58.737715,20260531,ETH
BingX,ADA-USD,ADA,USD,ADA,,,,2026-05-31 22:09:58.737715,20260531,ADA
BingX,TONCOIN-USD,TONCOIN,USD,TONCOIN,,,,2026-05-31 22:09:58.737715,20260531,TONCOIN
BingX,SUI-USD,SUI,USD,SUI,,,,2026-05-31 22:09:58.737715,20260531,SUI
BingX,DOT-USD,DOT,USD,DOT,,,,2026-05-31 22:09:58.737715,20260531,DOT
BingX,BCH-USD,BCH,USD,BCH,,,,2026-05-31 22:09:58.737715,20260531,BCH
BingX,AVAX-USD,AVAX,USD,AVAX,,,,2026-05-31 22:09:58.737715,20260531,AVAX
BingX,AAVE-USD,AAVE,USD,AAVE,,,,2026-05-31 22:09:58.737715,20260531,AAVE
BingX,BNB-USD,BNB,USD,BNB,,,,2026-05-31 22:09:58.737715,20260531,BNB
BingX,UNI-USD,UNI,USD,UNI,,,,2026-05-31 22:09:58.737715,20260531,UNI
BingX,NEAR-USD,NEAR,USD,NEAR,,,,2026-05-31 22:09:58.737715,20260531,NEAR
Bitfinex,tBTCF0:USTF0,BTC,USDT,USDT,,,,2026-05-31 22:09:58.737715,20260531,tBTCF0:USTF0
Bitfinex,tETHF0:USTF0,ETH,USDT,USDT,,,,2026-05-31 22:09:58.737715,20260531,tETHF0:USTF0
Bitget,YGGUSDT_UMCBL,YGG,USDT,USDT,50.0,4.0,1e-05,2026-05-31 22:09:58.737715,20260531,YGGUSDT
Bitget,COSTUSDT_UMCBL,COST,USDT,USDT,25.0,8.0,0.01,2026-05-31 22:09:58.737715,20260531,COSTUSDT
Bitget,TNSRUSDT_UMCBL,TNSR,USDT,USDT,50.0,4.0,1e-05,2026-05-31 22:09:58.737715,20260531,TNSRUSDT
Bitget,CTRUSDT_UMCBL,CTR,USDT,USDT,20.0,4.0,1e-05,2026-05-31 22:09:58.737715,20260531,CTRUSDT
Bitget,ATHUSDT_UMCBL,ATH,USDT,USDT,25.0,4.0,1e-06,2026-05-31 22:09:58.737715,20260531,ATHUSDT
Bitget,BLURUSDT_UMCBL,BLUR,USDT,USDT,50.0,4.0,1e-05,2026-05-31 22:09:58.737715,20260531,BLURUSDT
Bitget,RUNEUSDT_UMCBL,RUNE,USDT,USDT,75.0,8.0,0.0001,2026-05-31 22:09:58.737715,20260531,RUNEUSDT
Bitget,CSCOUSDT_UMCBL,CSCO,USDT,USDT,20.0,8.0,0.01,2026-05-31 22:09:58.737715,20260531,CSCOUSDT
Bitget,HIVEUSDT_UMCBL,HIVE,USDT,USDT,50.0,1.0,1e-05,2026-05-31 22:09:58.737715,20260531,HIVEUSDT
Bitget,ASTSUSDT_UMCBL,ASTS,USDT,USDT,20.0,8.0,0.01,2026-05-31 22:09:58.737715,20260531,ASTSUSDT
Bitget,TIAUSDT_UMCBL,TIA,USDT,USDT,75.0,4.0,0.0001,2026-05-31 22:09:58.737715,20260531,TIAUSDT
Bitget,FUSDT_UMCBL,F,USDT,USDT,50.0,4.0,1e-06,2026-05-31 22:09:58.737715,20260531,FUSDT
Bitget,ETHUSDT_UMCBL,ETH,USDT,USDT,150.0,8.0,0.01,2026-05-31 22:09:58.737715,20260531,ETHUSDT
Bitget,1MCHEEMSUSDT_UMCBL,1MCHEEMS,USDT,USDT,25.0,4.0,0.0001,2026-05-31 22:09:58.737715,20260531,1MCHEEMSUSDT
Bitget,ELSAUSDT_UMCBL,ELSA,USDT,USDT,20.0,4.0,1e-05,2026-05-31 22:09:58.737715,20260531,ELSAUSDT
Bitget,ONGUSDT_UMCBL,ONG,USDT,USDT,50.0,4.0,1e-05,2026-05-31 22:09:58.737715,20260531,ONGUSDT
Bitget,KAVAUSDT_UMCBL,KAVA,USDT,USDT,25.0,4.0,1e-05,2026-05-31 22:09:58.737715,20260531,KAVAUSDT
Bitget,BIGTIMEUSDT_UMCBL,BIGTIME,USDT,USDT,50.0,4.0,1e-05,2026-05-31 22:09:58.737715,20260531,BIGTIMEUSDT
Bitget,APTUSDT_UMCBL,APT,USDT,USDT,75.0,8.0,0.0001,2026-05-31 22:09:58.737715,20260531,APTUSDT
Bitget,IONQUSDT_UMCBL,IONQ,USDT,USDT,20.0,8.0,0.01,2026-05-31 22:09:58.737715,20260531,IONQUSDT
Bitget,VTHOUSDT_UMCBL,VTHO,USDT,USDT,50.0,4.0,1e-07,2026-05-31 22:09:58.737715,20260531,VTHOUSDT
Bitget,ASMLUSDT_UMCBL,ASML,USDT,USDT,10.0,8.0,0.01,2026-05-31 22:09:58.737715,20260531,ASMLUSDT
Bitget,JSTUSDT_UMCBL,JST,USDT,USDT,25.0,4.0,1e-05,2026-05-31 22:09:58.737715,20260531,JSTUSDT
Bitget,SUNUSDT_UMCBL,SUN,USDT,USDT,50.0,4.0,1e-06,2026-05-31 22:09:58.737715,20260531,SUNUSDT
Bitget,FRAXUSDT_UMCBL,FRAX,USDT,USDT,50.0,4.0,1e-05,2026-05-31 22:09:58.737715,20260531,FRAXUSDT
Bitget,CTSIUSDT_UMCBL,CTSI,USDT,USDT,50.0,8.0,1e-05,2026-05-31 22:09:58.737715,20260531,CTSIUSDT
Bitget,ORDIUSDT_UMCBL,ORDI,USDT,USDT,75.0,4.0,0.001,2026-05-31 22:09:58.737715,20260531,ORDIUSDT
Bitget,DIAUSDT_UMCBL,DIA,USDT,USDT,50.0,4.0,0.0001,2026-05-31 22:09:58.737715,20260531,DIAUSDT
Bitget,TRADOORUSDT_UMCBL,TRADOOR,USDT,USDT,20.0,4.0,0.0001,2026-05-31 22:09:58.737715,20260531,TRADOORUSDT
Bitget,TOSHIUSDT_UMCBL,TOSHI,USDT,USDT,20.0,4.0,1e-07,2026-05-31 22:09:58.737715,20260531,TOSHIUSDT
Bitget,SEIUSDT_UMCBL,SEI,USDT,USDT,75.0,8.0,1e-05,2026-05-31 22:09:58.737715,20260531,SEIUSDT
Bitget,STOUSDT_UMCBL,STO,USDT,USDT,10.0,4.0,1e-05,2026-05-31 22:09:58.737715,20260531,STOUSDT
Bitget,RDDTUSDT_UMCBL,RDDT,USDT,USDT,20.0,8.0,0.01,2026-05-31 22:09:58.737715,20260531,RDDTUSDT
Bitget,MCDUSDT_UMCBL,MCD,USDT,USDT,20.0,8.0,0.01,2026-05-31 22:09:58.737715,20260531,MCDUSDT
Bitget,ARCUSDT_UMCBL,ARC,USDT,USDT,10.0,4.0,1e-05,2026-05-31 22:09:58.737715,20260531,ARCUSDT
Bitget,FETUSDT_UMCBL,FET,USDT,USDT,75.0,8.0,0.0001,2026-05-31 22:09:58.737715,20260531,FETUSDT
Bitget,JASMYUSDT_UMCBL,JASMY,USDT,USDT,75.0,8.0,1e-06,2026-05-31 22:09:58.737715,20260531,JASMYUSDT
Bitget,AVGOUSDT_UMCBL,AVGO,USDT,USDT,25.0,8.0,0.01,2026-05-31 22:09:58.737715,20260531,AVGOUSDT
Bitget,MERLUSDT_UMCBL,MERL,USDT,USDT,25.0,4.0,1e-05,2026-05-31 22:09:58.737715,20260531,MERLUSDT
Bitget,ALGOUSDT_UMCBL,ALGO,USDT,USDT,75.0,8.0,0.0001,2026-05-31 22:09:58.737715,20260531,ALGOUSDT
Bitget,PENGUUSDT_UMCBL,PENGU,USDT,USDT,75.0,4.0,1e-06,2026-05-31 22:09:58.737715,20260531,PENGUUSDT
Bitget,XPINUSDT_UMCBL,XPIN,USDT,USDT,50.0,4.0,1e-07,2026-05-31 22:09:58.737715,20260531,XPINUSDT
Bitget,SKRUSDT_UMCBL,SKR,USDT,USDT,20.0,4.0,1e-06,2026-05-31 22:09:58.737715,20260531,SKRUSDT
Bitget,AXSUSDT_UMCBL,AXS,USDT,USDT,50.0,4.0,0.001,2026-05-31 22:09:58.737715,20260531,AXSUSDT
Bitget,BBUSDT_UMCBL,BB,USDT,USDT,50.0,4.0,1e-05,2026-05-31 22:09:58.737715,20260531,BBUSDT
Bitget,QTUMUSDT_UMCBL,QTUM,USDT,USDT,75.0,8.0,0.001,2026-05-31 22:09:58.737715,20260531,QTUMUSDT
Bitget,XTZUSDT_UMCBL,XTZ,USDT,USDT,75.0,4.0,0.0001,2026-05-31 22:09:58.737715,20260531,XTZUSDT
Bitget,AWEUSDT_UMCBL,AWE,USDT,USDT,40.0,4.0,1e-06,2026-05-31 22:09:58.737715,20260531,AWEUSDT
Bitget,GUNUSDT_UMCBL,GUN,USDT,USDT,50.0,4.0,1e-05,2026-05-31 22:09:58.737715,20260531,GUNUSDT
Bitget,BAUSDT_UMCBL,BA,USDT,USDT,20.0,8.0,0.01,2026-05-31 22:09:58.737715,20260531,BAUSDT
Bitget,QNTSTOCKUSDT_UMCBL,QNTSTOCK,USDT,USDT,20.0,8.0,0.001,2026-05-31 22:09:58.737715,20260531,QNTSTOCKUSDT
Bitget,VETUSDT_UMCBL,VET,USDT,USDT,50.0,8.0,1e-06,2026-05-31 22:09:58.737715,20260531,VETUSDT
Bitget,BEAMUSDT_UMCBL,BEAM,USDT,USDT,20.0,4.0,1e-06,2026-05-31 22:09:58.737715,20260531,BEAMUSDT
Bitget,ESPUSDT_UMCBL,ESP,USDT,USDT,20.0,4.0,1e-06,2026-05-31 22:09:58.737715,20260531,ESPUSDT
Bitget,CETUSUSDT_UMCBL,CETUS,USDT,USDT,25.0,4.0,1e-05,2026-05-31 22:09:58.737715,20260531,CETUSUSDT
Bitget,TACUSDT_UMCBL,TAC,USDT,USDT,10.0,4.0,1e-06,2026-05-31 22:09:58.737715,20260531,TACUSDT
Bitget,XLMUSDT_UMCBL,XLM,USDT,USDT,75.0,8.0,1e-05,2026-05-31 22:09:58.737715,20260531,XLMUSDT
Bitget,APEUSDT_UMCBL,APE,USDT,USDT,25.0,8.0,0.0001,2026-05-31 22:09:58.737715,20260531,APEUSDT
Bitget,TLMUSDT_UMCBL,TLM,USDT,USDT,25.0,4.0,1e-06,2026-05-31 22:09:58.737715,20260531,TLMUSDT
Bitget,METISUSDT_UMCBL,METIS,USDT,USDT,50.0,4.0,0.001,2026-05-31 22:09:58.737715,20260531,METISUSDT
Bitget,SPCXUSDT_UMCBL,SPCX,USDT,USDT,5.0,8.0,0.01,2026-05-31 22:09:58.737715,20260531,SPCXUSDT
Bitget,AAOIUSDT_UMCBL,AAOI,USDT,USDT,20.0,8.0,0.01,2026-05-31 22:09:58.737715,20260531,AAOIUSDT
Bitget,VELODROMEUSDT_UMCBL,VELODROME,USDT,USDT,20.0,4.0,1e-06,2026-05-31 22:09:58.737715,20260531,VELODROMEUSDT
Bitget,TSMUSDT_UMCBL,TSM,USDT,USDT,100.0,8.0,0.01,2026-05-31 22:09:58.737715,20260531,TSMUSDT
Bitget,ACHRUSDT_UMCBL,ACHR,USDT,USDT,20.0,8.0,0.001,2026-05-31 22:09:58.737715,20260531,ACHRUSDT
Bitget,POWRUSDT_UMCBL,POWR,USDT,USDT,50.0,4.0,1e-05,2026-05-31 22:09:58.737715,20260531,POWRUSDT
Bitget,SQDUSDT_UMCBL,SQD,USDT,USDT,25.0,4.0,1e-05,2026-05-31 22:09:58.737715,20260531,SQDUSDT
Bitget,APPUSDT_UMCBL,APP,USDT,USDT,20.0,8.0,0.01,2026-05-31 22:09:58.737715,20260531,APPUSDT
Bitget,MINAUSDT_UMCBL,MINA,USDT,USDT,75.0,8.0,1e-05,2026-05-31 22:09:58.737715,20260531,MINAUSDT
Bitget,MANAUSDT_UMCBL,MANA,USDT,USDT,25.0,8.0,0.0001,2026-05-31 22:09:58.737715,20260531,MANAUSDT
Bitget,SFPUSDT_UMCBL,SFP,USDT,USDT,75.0,8.0,0.0001,2026-05-31 22:09:58.737715,20260531,SFPUSDT
Bitget,EGLDUSDT_UMCBL,EGLD,USDT,USDT,75.0,8.0,0.001,2026-05-31 22:09:58.737715,20260531,EGLDUSDT
Bitget,MAVUSDT_UMCBL,MAV,USDT,USDT,20.0,8.0,1e-05,2026-05-31 22:09:58.737715,20260531,MAVUSDT
Bitget,CYBERUSDT_UMCBL,CYBER,USDT,USDT,50.0,4.0,0.0001,2026-05-31 22:09:58.737715,20260531,CYBERUSDT
Bitget,ARKUSDT_UMCBL,ARK,USDT,USDT,25.0,4.0,0.0001,2026-05-31 22:09:58.737715,20260531,ARKUSDT
Bitget,BEATUSDT_UMCBL,BEAT,USDT,USDT,25.0,4.0,1e-05,2026-05-31 22:09:58.737715,20260531,BEATUSDT
Bitget,GMXUSDT_UMCBL,GMX,USDT,USDT,50.0,8.0,0.001,2026-05-31 22:09:58.737715,20260531,GMXUSDT
Bitget,DYDXUSDT_UMCBL,DYDX,USDT,USDT,10.0,8.0,0.0001,2026-05-31 22:09:58.737715,20260531,DYDXUSDT
Bitget,SHIBUSDT_UMCBL,SHIB,USDT,USDT,75.0,8.0,1e-09,2026-05-31 22:09:58.737715,20260531,SHIBUSDT
Bitget,CFXUSDT_UMCBL,CFX,USDT,USDT,75.0,8.0,1e-05,2026-05-31 22:09:58.737715,20260531,CFXUSDT
Bitget,KOPNUSDT_UMCBL,KOPN,USDT,USDT,20.0,8.0,0.001,2026-05-31 22:09:58.737715,20260531,KOPNUSDT
Bitget,MYXUSDT_UMCBL,MYX,USDT,USDT,10.0,4.0,0.0001,2026-05-31 22:09:58.737715,20260531,MYXUSDT
Bitget,CRCLUSDT_UMCBL,CRCL,USDT,USDT,25.0,8.0,0.01,2026-05-31 22:09:58.737715,20260531,CRCLUSDT
Bitget,RENDERUSDT_UMCBL,RENDER,USDT,USDT,50.0,4.0,0.001,2026-05-31 22:09:58.737715,20260531,RENDERUSDT
Bitget,LWLGUSDT_UMCBL,LWLG,USDT,USDT,20.0,8.0,0.001,2026-05-31 22:09:58.737715,20260531,LWLGUSDT
Bitget,HOLOUSDT_UMCBL,HOLO,USDT,USDT,20.0,4.0,1e-05,2026-05-31 22:09:58.737715,20260531,HOLOUSDT
Bitget,POLYXUSDT_UMCBL,POLYX,USDT,USDT,50.0,4.0,1e-05,2026-05-31 22:09:58.737715,20260531,POLYXUSDT
Bitget,FARTCOINUSDT_UMCBL,FARTCOIN,USDT,USDT,50.0,4.0,0.0001,2026-05-31 22:09:58.737715,20260531,FARTCOINUSDT
Bitget,VANRYUSDT_UMCBL,VANRY,USDT,USDT,25.0,4.0,1e-06,2026-05-31 22:09:58.737715,20260531,VANRYUSDT
Bitget,ZENUSDT_UMCBL,ZEN,USDT,USDT,50.0,8.0,0.001,2026-05-31 22:09:58.737715,20260531,ZENUSDT
Bitget,HYPEUSDT_UMCBL,HYPE,USDT,USDT,75.0,4.0,0.001,2026-05-31 22:09:58.737715,20260531,HYPEUSDT
Bitget,NIOUSDT_UMCBL,NIO,USDT,USDT,20.0,8.0,0.001,2026-05-31 22:09:58.737715,20260531,NIOUSDT
Bitget,IMXUSDT_UMCBL,IMX,USDT,USDT,75.0,4.0,0.0001,2026-05-31 22:09:58.737715,20260531,IMXUSDT
Bitget,FOGOUSDT_UMCBL,FOGO,USDT,USDT,25.0,4.0,1e-05,2026-05-31 22:09:58.737715,20260531,FOGOUSDT
Bitget,TAIKOUSDT_UMCBL,TAIKO,USDT,USDT,25.0,4.0,0.0001,2026-05-31 22:09:58.737715,20260531,TAIKOUSDT
Bitget,SCRTUSDT_UMCBL,SCRT,USDT,USDT,25.0,4.0,0.0001,2026-05-31 22:09:58.737715,20260531,SCRTUSDT
Bitget,USELESSUSDT_UMCBL,USELESS,USDT,USDT,20.0,4.0,1e-05,2026-05-31 22:09:58.737715,20260531,USELESSUSDT
Bitget,MOODENGUSDT_UMCBL,MOODENG,USDT,USDT,50.0,4.0,1e-05,2026-05-31 22:09:58.737715,20260531,MOODENGUSDT
Bitget,DASHUSDT_UMCBL,DASH,USDT,USDT,50.0,8.0,0.01,2026-05-31 22:09:58.737715,20260531,DASHUSDT
Bitget,WIFUSDT_UMCBL,WIF,USDT,USDT,50.0,4.0,0.0001,2026-05-31 22:09:58.737715,20260531,WIFUSDT
Bitget,SOXSUSDT_UMCBL,SOXS,USDT,USDT,20.0,8.0,0.01,2026-05-31 22:09:58.737715,20260531,SOXSUSDT
Bitget,RECALLUSDT_UMCBL,RECALL,USDT,USDT,25.0,4.0,1e-05,2026-05-31 22:09:58.737715,20260531,RECALLUSDT
Bitget,ARBUSDT_UMCBL,ARB,USDT,USDT,50.0,8.0,0.0001,2026-05-31 22:09:58.737715,20260531,ARBUSDT
Bitget,1MBABYDOGEUSDT_UMCBL,1MBABYDOGE,USDT,USDT,75.0,4.0,1e-07,2026-05-31 22:09:58.737715,20260531,1MBABYDOGEUSDT
Bitget,HFTUSDT_UMCBL,HFT,USDT,USDT,25.0,8.0,1e-05,2026-05-31 22:09:58.737715,20260531,HFTUSDT
Bitget,GPSUSDT_UMCBL,GPS,USDT,USDT,50.0,4.0,1e-06,2026-05-31 22:09:58.737715,20260531,GPSUSDT
Bitget,UNHUSDT_UMCBL,UNH,USDT,USDT,20.0,8.0,0.01,2026-05-31 22:09:58.737715,20260531,UNHUSDT
Bitget,COHRUSDT_UMCBL,COHR,USDT,USDT,20.0,8.0,0.01,2026-05-31 22:09:58.737715,20260531,COHRUSDT
Bitget,SOLUSDT_UMCBL,SOL,USDT,USDT,100.0,8.0,0.001,2026-05-31 22:09:58.737715,20260531,SOLUSDT
Bitget,AXTIUSDT_UMCBL,AXTI,USDT,USDT,20.0,8.0,0.01,2026-05-31 22:09:58.737715,20260531,AXTIUSDT
Bitget,FIDAUSDT_UMCBL,FIDA,USDT,USDT,25.0,4.0,1e-05,2026-05-31 22:09:58.737715,20260531,FIDAUSDT
Bitget,ACTUSDT_UMCBL,ACT,USDT,USDT,10.0,4.0,1e-05,2026-05-31 22:09:58.737715,20260531,ACTUSDT
Bitget,CROSSUSDT_UMCBL,CROSS,USDT,USDT,20.0,4.0,1e-05,2026-05-31 22:09:58.737715,20260531,CROSSUSDT
Bitget,1000BONKUSDT_UMCBL,1000BONK,USDT,USDT,75.0,4.0,1e-06,2026-05-31 22:09:58.737715,20260531,1000BONKUSDT
Bitget,MEUSDT_UMCBL,ME,USDT,USDT,25.0,4.0,0.0001,2026-05-31 22:09:58.737715,20260531,MEUSDT
Bitget,OUSTUSDT_UMCBL,OUST,USDT,USDT,20.0,8.0,0.01,2026-05-31 22:09:58.737715,20260531,OUSTUSDT
Bitget,BIRBUSDT_UMCBL,BIRB,USDT,USDT,20.0,4.0,1e-05,2026-05-31 22:09:58.737715,20260531,BIRBUSDT
Bitget,OPUSDT_UMCBL,OP,USDT,USDT,75.0,8.0,0.0001,2026-05-31 22:09:58.737715,20260531,OPUSDT
Bitget,EPICUSDT_UMCBL,EPIC,USDT,USDT,10.0,4.0,0.0001,2026-05-31 22:09:58.737715,20260531,EPICUSDT
Bitget,RDWUSDT_UMCBL,RDW,USDT,USDT,20.0,8.0,0.001,2026-05-31 22:09:58.737715,20260531,RDWUSDT
Bitget,SLPUSDT_UMCBL,SLP,USDT,USDT,25.0,4.0,1e-07,2026-05-31 22:09:58.737715,20260531,SLPUSDT
Bitget,IPUSDT_UMCBL,IP,USDT,USDT,50.0,4.0,0.0001,2026-05-31 22:09:58.737715,20260531,IPUSDT
Bitget,2ZUSDT_UMCBL,2Z,USDT,USDT,50.0,4.0,1e-05,2026-05-31 22:09:58.737715,20260531,2ZUSDT
Bitget,C98USDT_UMCBL,C98,USDT,USDT,50.0,8.0,1e-05,2026-05-31 22:09:58.737715,20260531,C98USDT
Bitget,ASRUSDT_UMCBL,ASR,USDT,USDT,10.0,4.0,0.001,2026-05-31 22:09:58.737715,20260531,ASRUSDT
Bitget,MASKUSDT_UMCBL,MASK,USDT,USDT,50.0,4.0,0.0001,2026-05-31 22:09:58.737715,20260531,MASKUSDT
Bitget,GMEUSDT_UMCBL,GME,USDT,USDT,20.0,8.0,0.01,2026-05-31 22:09:58.737715,20260531,GMEUSDT
Bitget,COAIUSDT_UMCBL,COAI,USDT,USDT,10.0,4.0,0.0001,2026-05-31 22:09:58.737715,20260531,COAIUSDT
Bitget,EWTUSDT_UMCBL,EWT,USDT,USDT,25.0,8.0,0.01,2026-05-31 22:09:58.737715,20260531,EWTUSDT
Bitget,GRIFFAINUSDT_UMCBL,GRIFFAIN,USDT,USDT,10.0,4.0,1e-05,2026-05-31 22:09:58.737715,20260531,GRIFFAINUSDT
Bitget,ARUSDT_UMCBL,AR,USDT,USDT,75.0,8.0,0.001,2026-05-31 22:09:58.737715,20260531,ARUSDT
Bitget,ZKUSDT_UMCBL,ZKJ,USDT,USDT,75.0,4.0,1e-05,2026-05-31 22:09:58.737715,20260531,ZKUSDT
Bitget,CHILLGUYUSDT_UMCBL,CHILLGUY,USDT,USDT,10.0,4.0,1e-05,2026-05-31 22:09:58.737715,20260531,CHILLGUYUSDT
Bitget,JOBYUSDT_UMCBL,JOBY,USDT,USDT,20.0,8.0,0.001,2026-05-31 22:09:58.737715,20260531,JOBYUSDT
Bitget,AINUSDT_UMCBL,AIN,USDT,USDT,10.0,4.0,1e-05,2026-05-31 22:09:58.737715,20260531,AINUSDT
Bitget,DYMUSDT_UMCBL,DYM,USDT,USDT,25.0,4.0,1e-05,2026-05-31 22:09:58.738711,20260531,DYMUSDT
Bitget,WDCUSDT_UMCBL,WDC,USDT,USDT,20.0,8.0,0.01,2026-05-31 22:09:58.738711,20260531,WDCUSDT
Bitget,CKBUSDT_UMCBL,CKB,USDT,USDT,50.0,8.0,1e-06,2026-05-31 22:09:58.738711,20260531,CKBUSDT
Bitget,FLYUSDT_UMCBL,FLY,USDT,USDT,20.0,8.0,0.01,2026-05-31 22:09:58.738711,20260531,FLYUSDT
Bitget,BTCUSDT_UMCBL,BTC,USDT,USDT,150.0,8.0,0.1,2026-05-31 22:09:58.738711,20260531,BTCUSDT
Bitget,RAYUSDT_UMCBL,RAY,USDT,USDT,75.0,4.0,0.0001,2026-05-31 22:09:58.738711,20260531,RAYUSDT
Bitget,ALLOUSDT_UMCBL,ALLO,USDT,USDT,20.0,4.0,0.0001,2026-05-31 22:09:58.738711,20260531,ALLOUSDT
Bitget,ATOMUSDT_UMCBL,ATOM,USDT,USDT,75.0,8.0,0.0001,2026-05-31 22:09:58.738711,20260531,ATOMUSDT
Bitget,LYNUSDT_UMCBL,LYN,USDT,USDT,25.0,4.0,1e-05,2026-05-31 22:09:58.738711,20260531,LYNUSDT
Bitget,SANTOSUSDT_UMCBL,SANTOS,USDT,USDT,50.0,4.0,0.001,2026-05-31 22:09:58.738711,20260531,SANTOSUSDT
Bitget,AUCTIONUSDT_UMCBL,AUCTION,USDT,USDT,25.0,4.0,0.001,2026-05-31 22:09:58.738711,20260531,AUCTIONUSDT
Bitget,HUMAUSDT_UMCBL,HUMA,USDT,USDT,20.0,4.0,1e-05,2026-05-31 22:09:58.738711,20260531,HUMAUSDT
Bitget,EDGEUSDT_UMCBL,EDGE,USDT,USDT,20.0,4.0,0.0001,2026-05-31 22:09:58.738711,20260531,EDGEUSDT
Bitget,BANANAS31USDT_UMCBL,BANANAS31,USDT,USDT,25.0,4.0,1e-06,2026-05-31 22:09:58.738711,20260531,BANANAS31USDT
Bitget,BCHUSDT_UMCBL,BCH,USDT,USDT,75.0,8.0,0.01,2026-05-31 22:09:58.738711,20260531,BCHUSDT
Bitget,SKYUSDT_UMCBL,SKY,USDT,USDT,75.0,4.0,1e-05,2026-05-31 22:09:58.738711,20260531,SKYUSDT
Bitget,B2USDT_UMCBL,B2,USDT,USDT,50.0,4.0,0.0001,2026-05-31 22:09:58.738711,20260531,B2USDT
Bitget,MUSDT_UMCBL,M,USDT,USDT,10.0,4.0,1e-05,2026-05-31 22:09:58.738711,20260531,MUSDT
Bitget,DEXEUSDT_UMCBL,DEXE,USDT,USDT,25.0,4.0,0.001,2026-05-31 22:09:58.738711,20260531,DEXEUSDT
Bitget,PENDLEUSDT_UMCBL,PENDLE,USDT,USDT,75.0,8.0,0.0001,2026-05-31 22:09:58.738711,20260531,PENDLEUSDT
Bitget,LINEAUSDT_UMCBL,LINEA,USDT,USDT,50.0,4.0,1e-06,2026-05-31 22:09:58.738711,20260531,LINEAUSDT
Bitget,ADAUSDT_UMCBL,ADA,USDT,USDT,75.0,8.0,0.0001,2026-05-31 22:09:58.738711,20260531,ADAUSDT
Bitget,QNTUSDT_UMCBL,QNT,USDT,USDT,75.0,8.0,0.01,2026-05-31 22:09:58.738711,20260531,QNTUSDT
Bitget,NEWTUSDT_UMCBL,NEWT,USDT,USDT,20.0,4.0,1e-05,2026-05-31 22:09:58.738711,20260531,NEWTUSDT
Bitget,TRUMPUSDT_UMCBL,TRUMP,USDT,USDT,75.0,4.0,0.001,2026-05-31 22:09:58.738711,20260531,TRUMPUSDT
Bitget,SSVUSDT_UMCBL,SSV,USDT,USDT,50.0,8.0,0.001,2026-05-31 22:09:58.738711,20260531,SSVUSDT
Bitget,KERNELUSDT_UMCBL,KERNEL,USDT,USDT,50.0,4.0,1e-05,2026-05-31 22:09:58.738711,20260531,KERNELUSDT
Bitget,REZUSDT_UMCBL,REZ,USDT,USDT,50.0,4.0,1e-06,2026-05-31 22:09:58.738711,20260531,REZUSDT
Bitget,QUBTUSDT_UMCBL,QUBT,USDT,USDT,20.0,8.0,0.001,2026-05-31 22:09:58.738711,20260531,QUBTUSDT
Bitget,TOWNSUSDT_UMCBL,TOWNS,USDT,USDT,10.0,4.0,1e-06,2026-05-31 22:09:58.738711,20260531,TOWNSUSDT
Bitget,APRUSDT_UMCBL,APR,USDT,USDT,50.0,4.0,1e-05,2026-05-31 22:09:58.738711,20260531,APRUSDT
Bitget,BRETTUSDT_UMCBL,BRETT,USDT,USDT,75.0,4.0,1e-06,2026-05-31 22:09:58.738711,20260531,BRETTUSDT
Bitget,LITEUSDT_UMCBL,LITE,USDT,USDT,20.0,8.0,0.01,2026-05-31 22:09:58.738711,20260531,LITEUSDT
Bitget,HYPERUSDT_UMCBL,HYPER,USDT,USDT,50.0,4.0,0.0001,2026-05-31 22:09:58.738711,20260531,HYPERUSDT
Bitget,TUTUSDT_UMCBL,TUT,USDT,USDT,20.0,4.0,1e-05,2026-05-31 22:09:58.738711,20260531,TUTUSDT
Bitget,IOTXUSDT_UMCBL,IOTX,USDT,USDT,50.0,8.0,1e-06,2026-05-31 22:09:58.738711,20260531,IOTXUSDT
Bitget,UNIUSDT_UMCBL,UNI,USDT,USDT,75.0,8.0,0.001,2026-05-31 22:09:58.738711,20260531,UNIUSDT
Bitget,ARQQUSDT_UMCBL,ARQQ,USDT,USDT,20.0,8.0,0.001,2026-05-31 22:09:58.738711,20260531,ARQQUSDT
Bitget,EWYUSDT_UMCBL,EWY,USDT,USDT,20.0,8.0,0.01,2026-05-31 22:09:58.738711,20260531,EWYUSDT
Bitget,KASUSDT_UMCBL,KAS,USDT,USDT,50.0,4.0,1e-05,2026-05-31 22:09:58.738711,20260531,KASUSDT
Bitget,JUPUSDT_UMCBL,JUP,USDT,USDT,75.0,4.0,0.0001,2026-05-31 22:09:58.738711,20260531,JUPUSDT
Bitget,GASUSDT_UMCBL,GAS,USDT,USDT,50.0,4.0,0.001,2026-05-31 22:09:58.738711,20260531,GASUSDT
Bitget,QQQUSDT_UMCBL,QQQ,USDT,USDT,20.0,8.0,0.01,2026-05-31 22:09:58.738711,20260531,QQQUSDT
Bitget,PUMPUSDT_UMCBL,PUMP,USDT,USDT,75.0,4.0,1e-06,2026-05-31 22:09:58.738711,20260531,PUMPUSDT
Bitget,COWUSDT_UMCBL,COW,USDT,USDT,50.0,4.0,0.0001,2026-05-31 22:09:58.738711,20260531,COWUSDT
Bitget,LUNAUSDT_UMCBL,LUNA,USDT,USDT,50.0,4.0,1e-05,2026-05-31 22:09:58.738711,20260531,LUNAUSDT
Bitget,RIVERUSDT_UMCBL,RIVER,USDT,USDT,20.0,4.0,0.001,2026-05-31 22:09:58.738711,20260531,RIVERUSDT
Bitget,LINKUSDT_UMCBL,LINK,USDT,USDT,75.0,8.0,0.001,2026-05-31 22:09:58.738711,20260531,LINKUSDT
Bitget,RKLBUSDT_UMCBL,RKLB,USDT,USDT,20.0,8.0,0.01,2026-05-31 22:09:58.738711,20260531,RKLBUSDT
Bitget,QBTSUSDT_UMCBL,QBTS,USDT,USDT,20.0,8.0,0.001,2026-05-31 22:09:58.738711,20260531,QBTSUSDT
Bitget,CELRUSDT_UMCBL,CELR,USDT,USDT,50.0,8.0,1e-06,2026-05-31 22:09:58.738711,20260531,CELRUSDT
Bitget,MORPHOUSDT_UMCBL,MORPHO,USDT,USDT,75.0,4.0,0.0001,2026-05-31 22:09:58.738711,20260531,MORPHOUSDT
Bitget,GEUSDT_UMCBL,GE,USDT,USDT,20.0,8.0,0.01,2026-05-31 22:09:58.738711,20260531,GEUSDT
Bitget,BGBUSDT_UMCBL,BGB,USDT,USDT,50.0,8.0,0.0001,2026-05-31 22:09:58.738711,20260531,BGBUSDT
Bitget,BARDUSDT_UMCBL,BARD,USDT,USDT,20.0,4.0,0.0001,2026-05-31 22:09:58.738711,20260531,BARDUSDT
Bitget,BABYUSDT_UMCBL,BABY,USDT,USDT,50.0,4.0,1e-05,2026-05-31 22:09:58.738711,20260531,BABYUSDT
Bitget,CATIUSDT_UMCBL,CATI,USDT,USDT,50.0,4.0,1e-05,2026-05-31 22:09:58.738711,20260531,CATIUSDT
Bitget,SPYUSDT_UMCBL,SPY,USDT,USDT,50.0,8.0,0.01,2026-05-31 22:09:58.738711,20260531,SPYUSDT
Bitget,ACXUSDT_UMCBL,ACX,USDT,USDT,20.0,4.0,1e-05,2026-05-31 22:09:58.738711,20260531,ACXUSDT
Bitget,MSTRUSDT_UMCBL,MSTR,USDT,USDT,25.0,8.0,0.01,2026-05-31 22:09:58.738711,20260531,MSTRUSDT
Bitget,ORCAUSDT_UMCBL,ORCA,USDT,USDT,25.0,4.0,0.001,2026-05-31 22:09:58.738711,20260531,ORCAUSDT
Bitget,INUSDT_UMCBL,IN,USDT,USDT,50.0,4.0,1e-05,2026-05-31 22:09:58.738711,20260531,INUSDT
Bitget,STBLUSDT_UMCBL,STBL,USDT,USDT,50.0,4.0,1e-05,2026-05-31 22:09:58.738711,20260531,STBLUSDT
Bitget,UBUSDT_UMCBL,UB,USDT,USDT,50.0,4.0,1e-05,2026-05-31 22:09:58.738711,20260531,UBUSDT
Bitget,1000000MOGUSDT_UMCBL,1000000MOG,USDT,USDT,50.0,4.0,0.0001,2026-05-31 22:09:58.738711,20260531,1000000MOGUSDT
Bitget,NEARUSDT_UMCBL,NEAR,USDT,USDT,75.0,8.0,0.0001,2026-05-31 22:09:58.738711,20260531,NEARUSDT
Bitget,GUSDT_UMCBL,G,USDT,USDT,50.0,4.0,1e-06,2026-05-31 22:09:58.738711,20260531,GUSDT
Bitget,ASTERUSDT_UMCBL,ASTER,USDT,USDT,50.0,4.0,0.0001,2026-05-31 22:09:58.738711,20260531,ASTERUSDT
Bitget,SPKUSDT_UMCBL,SPK,USDT,USDT,50.0,4.0,1e-05,2026-05-31 22:09:58.738711,20260531,SPKUSDT
Bitget,BZUSDT_UMCBL,BZ,USDT,USDT,100.0,4.0,0.01,2026-05-31 22:09:58.738711,20260531,BZUSDT
Bitget,PHAUSDT_UMCBL,PHA,USDT,USDT,50.0,4.0,1e-05,2026-05-31 22:09:58.738711,20260531,PHAUSDT
Bitget,GRASSUSDT_UMCBL,GRASS,USDT,USDT,75.0,4.0,0.0001,2026-05-31 22:09:58.738711,20260531,GRASSUSDT
Bitget,SPACEUSDT_UMCBL,SPACE,USDT,USDT,20.0,4.0,1e-06,2026-05-31 22:09:58.738711,20260531,SPACEUSDT
Bitget,BATUSDT_UMCBL,BAT,USDT,USDT,50.0,8.0,0.0001,2026-05-31 22:09:58.738711,20260531,BATUSDT
Bitget,LUNCUSDT_UMCBL,LUNC,USDT,USDT,25.0,8.0,1e-08,2026-05-31 22:09:58.738711,20260531,LUNCUSDT
Bitget,POLUSDT_UMCBL,POL,USDT,USDT,50.0,4.0,1e-05,2026-05-31 22:09:58.738711,20260531,POLUSDT
Bitget,ZROUSDT_UMCBL,ZRO,USDT,USDT,75.0,4.0,0.0001,2026-05-31 22:09:58.738711,20260531,ZROUSDT
Bitget,BNBUSDT_UMCBL,BNB,USDT,USDT,75.0,8.0,0.01,2026-05-31 22:09:58.738711,20260531,BNBUSDT
Bitget,TAOUSDT_UMCBL,TAO,USDT,USDT,50.0,4.0,0.01,2026-05-31 22:09:58.738711,20260531,TAOUSDT
Bitget,SANDUSDT_UMCBL,SAND,USDT,USDT,75.0,8.0,1e-05,2026-05-31 22:09:58.738711,20260531,SANDUSDT
Bitget,PANWUSDT_UMCBL,PANW,USDT,USDT,20.0,8.0,0.01,2026-05-31 22:09:58.738711,20260531,PANWUSDT
Bitget,0GUSDT_UMCBL,0G,USDT,USDT,50.0,4.0,0.0001,2026-05-31 22:09:58.738711,20260531,0GUSDT
Bitget,OXYUSDT_UMCBL,OXY,USDT,USDT,50.0,8.0,0.01,2026-05-31 22:09:58.738711,20260531,OXYUSDT
Bitget,GOOGLUSDT_UMCBL,GOOGL,USDT,USDT,100.0,8.0,0.01,2026-05-31 22:09:58.738711,20260531,GOOGLUSDT
Bitget,LAUSDT_UMCBL,LA,USDT,USDT,50.0,4.0,0.0001,2026-05-31 22:09:58.738711,20260531,LAUSDT
Bitget,REDUSDT_UMCBL,RED,USDT,USDT,20.0,4.0,0.0001,2026-05-31 22:09:58.738711,20260531,REDUSDT
Bitget,PUNDIXUSDT_UMCBL,PUNDIX,USDT,USDT,20.0,4.0,0.0001,2026-05-31 22:09:58.738711,20260531,PUNDIXUSDT
Bitget,ACEUSDT_UMCBL,ACE,USDT,USDT,10.0,4.0,0.0001,2026-05-31 22:09:58.738711,20260531,ACEUSDT
Bitget,BOMEUSDT_UMCBL,BOME,USDT,USDT,50.0,4.0,1e-07,2026-05-31 22:09:58.738711,20260531,BOMEUSDT
Bitget,SOONUSDT_UMCBL,SOON,USDT,USDT,25.0,4.0,0.0001,2026-05-31 22:09:58.738711,20260531,SOONUSDT
Bitget,CUSDT_UMCBL,C,USDT,USDT,20.0,4.0,1e-05,2026-05-31 22:09:58.738711,20260531,CUSDT
Bitget,TUSDT_UMCBL,T,USDT,USDT,50.0,4.0,1e-06,2026-05-31 22:09:58.738711,20260531,TUSDT
Bitget,CRWVUSDT_UMCBL,CRWV,USDT,USDT,20.0,8.0,0.01,2026-05-31 22:09:58.738711,20260531,CRWVUSDT
Bitget,MEGAUSDT_UMCBL,MEGA,USDT,USDT,50.0,4.0,1e-05,2026-05-31 22:09:58.738711,20260531,MEGAUSDT
Bitget,ARMUSDT_UMCBL,ARM,USDT,USDT,10.0,8.0,0.01,2026-05-31 22:09:58.738711,20260531,ARMUSDT
Bitget,AEROUSDT_UMCBL,AERO,USDT,USDT,75.0,4.0,0.0001,2026-05-31 22:09:58.738711,20260531,AEROUSDT
Bitget,BANDUSDT_UMCBL,BAND,USDT,USDT,50.0,8.0,0.0001,2026-05-31 22:09:58.738711,20260531,BANDUSDT
Bitget,WCTUSDT_UMCBL,WCT,USDT,USDT,50.0,4.0,1e-05,2026-05-31 22:09:58.738711,20260531,WCTUSDT
Bitget,POWERUSDT_UMCBL,POWER,USDT,USDT,20.0,4.0,1e-05,2026-05-31 22:09:58.738711,20260531,POWERUSDT
Bitget,SOMIUSDT_UMCBL,SOMI,USDT,USDT,50.0,4.0,0.0001,2026-05-31 22:09:58.738711,20260531,SOMIUSDT
Bitget,IOSTUSDT_UMCBL,IOST,USDT,USDT,25.0,8.0,1e-06,2026-05-31 22:09:58.738711,20260531,IOSTUSDT
Bitget,TONUSDT_UMCBL,TON,USDT,USDT,75.0,4.0,0.0001,2026-05-31 22:09:58.738711,20260531,TONUSDT
Bitget,COMPUSDT_UMCBL,COMP,USDT,USDT,75.0,8.0,0.01,2026-05-31 22:09:58.738711,20260531,COMPUSDT
Bitget,CFGUSDT_UMCBL,CFG,USDT,USDT,20.0,4.0,1e-05,2026-05-31 22:09:58.738711,20260531,CFGUSDT
Bitget,SONICUSDT_UMCBL,SONIC,USDT,USDT,10.0,4.0,1e-05,2026-05-31 22:09:58.738711,20260531,SONICUSDT
Bitget,CRDOUSDT_UMCBL,CRDO,USDT,USDT,20.0,8.0,0.01,2026-05-31 22:09:58.738711,20260531,CRDOUSDT
Bitget,NBISUSDT_UMCBL,NBIS,USDT,USDT,20.0,8.0,0.01,2026-05-31 22:09:58.738711,20260531,NBISUSDT
Bitget,XAUTUSDT_UMCBL,XAUT,USDT,USDT,75.0,4.0,0.01,2026-05-31 22:09:58.738711,20260531,XAUTUSDT
Bitget,FUTUUSDT_UMCBL,FUTU,USDT,USDT,20.0,8.0,0.01,2026-05-31 22:09:58.738711,20260531,FUTUUSDT
Bitget,DOTUSDT_UMCBL,DOT,USDT,USDT,75.0,8.0,0.001,2026-05-31 22:09:58.738711,20260531,DOTUSDT
Bitget,ENSUSDT_UMCBL,ENS,USDT,USDT,75.0,8.0,0.001,2026-05-31 22:09:58.738711,20260531,ENSUSDT
Bitget,CHRUSDT_UMCBL,CHR,USDT,USDT,50.0,8.0,1e-05,2026-05-31 22:09:58.738711,20260531,CHRUSDT
Bitget,SAFEUSDT_UMCBL,SAFE,USDT,USDT,50.0,4.0,0.0001,2026-05-31 22:09:58.738711,20260531,SAFEUSDT
Bitget,NOTUSDT_UMCBL,NOT,USDT,USDT,50.0,4.0,1e-07,2026-05-31 22:09:58.738711,20260531,NOTUSDT
Bitget,MONUSDT_UMCBL,MON,USDT,USDT,25.0,4.0,1e-05,2026-05-31 22:09:58.738711,20260531,MONUSDT
Bitget,IDUSDT_UMCBL,ID,USDT,USDT,50.0,1.0,1e-05,2026-05-31 22:09:58.738711,20260531,IDUSDT
Bitget,LDOUSDT_UMCBL,LDO,USDT,USDT,75.0,8.0,0.0001,2026-05-31 22:09:58.738711,20260531,LDOUSDT
Bitget,BSBUSDT_UMCBL,BSB,USDT,USDT,20.0,4.0,1e-05,2026-05-31 22:09:58.738711,20260531,BSBUSDT
Bitget,KWEBUSDT_UMCBL,KWEB,USDT,USDT,25.0,8.0,0.001,2026-05-31 22:09:58.738711,20260531,KWEBUSDT
Bitget,COPPERUSDT_UMCBL,COPPER,USDT,USDT,100.0,4.0,0.001,2026-05-31 22:09:58.738711,20260531,COPPERUSDT
Bitget,SHELLUSDT_UMCBL,SHELL,USDT,USDT,10.0,4.0,1e-05,2026-05-31 22:09:58.738711,20260531,SHELLUSDT
Bitget,NFLXUSDT_UMCBL,NFLX,USDT,USDT,50.0,8.0,0.01,2026-05-31 22:09:58.738711,20260531,NFLXUSDT
Bitget,DEEPUSDT_UMCBL,DEEP,USDT,USDT,50.0,4.0,1e-05,2026-05-31 22:09:58.738711,20260531,DEEPUSDT
Bitget,STABLEUSDT_UMCBL,STABLE,USDT,USDT,25.0,4.0,1e-05,2026-05-31 22:09:58.738711,20260531,STABLEUSDT
Bitget,SXTUSDT_UMCBL,SXT,USDT,USDT,25.0,4.0,1e-05,2026-05-31 22:09:58.738711,20260531,SXTUSDT
Bitget,SIRENUSDT_UMCBL,SIREN,USDT,USDT,10.0,4.0,1e-05,2026-05-31 22:09:58.738711,20260531,SIRENUSDT
Bitget,EIGENUSDT_UMCBL,EIGEN,USDT,USDT,75.0,4.0,0.0001,2026-05-31 22:09:58.738711,20260531,EIGENUSDT
Bitget,OPGUSDT_UMCBL,OPG,USDT,USDT,20.0,4.0,0.0001,2026-05-31 22:09:58.738711,20260531,OPGUSDT
Bitget,LQTYUSDT_UMCBL,LQTY,USDT,USDT,50.0,8.0,0.0001,2026-05-31 22:09:58.738711,20260531,LQTYUSDT
Bitget,BRUSDT_UMCBL,BR,USDT,USDT,10.0,4.0,1e-05,2026-05-31 22:09:58.738711,20260531,BRUSDT
Bitget,OGNUSDT_UMCBL,OGN,USDT,USDT,50.0,4.0,1e-05,2026-05-31 22:09:58.738711,20260531,OGNUSDT
Bitget,EWHUSDT_UMCBL,EWH,USDT,USDT,20.0,8.0,0.001,2026-05-31 22:09:58.738711,20260531,EWHUSDT
Bitget,AZTECUSDT_UMCBL,AZTEC,USDT,USDT,20.0,4.0,1e-05,2026-05-31 22:09:58.738711,20260531,AZTECUSDT
Bitget,USUSDT_UMCBL,US,USDT,USDT,10.0,4.0,1e-06,2026-05-31 22:09:58.738711,20260531,USUSDT
Bitget,AUSDT_UMCBL,A,USDT,USDT,75.0,4.0,1e-05,2026-05-31 22:09:58.738711,20260531,AUSDT
Bitget,CRVUSDT_UMCBL,CRV,USDT,USDT,75.0,8.0,0.0001,2026-05-31 22:09:58.738711,20260531,CRVUSDT
Bitget,BIOUSDT_UMCBL,BIO,USDT,USDT,50.0,4.0,1e-05,2026-05-31 22:09:58.738711,20260531,BIOUSDT
Bitget,TRUSTUSDT_UMCBL,TRUST,USDT,USDT,50.0,4.0,1e-05,2026-05-31 22:09:58.738711,20260531,TRUSTUSDT
Bitget,SUSHIUSDT_UMCBL,SUSHI,USDT,USDT,50.0,8.0,0.0001,2026-05-31 22:09:58.738711,20260531,SUSHIUSDT
Bitget,JCTUSDT_UMCBL,JCT,USDT,USDT,25.0,4.0,1e-06,2026-05-31 22:09:58.738711,20260531,JCTUSDT
Bitget,EWJUSDT_UMCBL,EWJ,USDT,USDT,20.0,8.0,0.01,2026-05-31 22:09:58.738711,20260531,EWJUSDT
Bitget,ORDERUSDT_UMCBL,ORDER,USDT,USDT,20.0,4.0,1e-05,2026-05-31 22:09:58.738711,20260531,ORDERUSDT
Bitget,PIEVERSEUSDT_UMCBL,PIEVERSE,USDT,USDT,10.0,4.0,1e-05,2026-05-31 22:09:58.738711,20260531,PIEVERSEUSDT
Bitget,VRTUSDT_UMCBL,VRT,USDT,USDT,20.0,8.0,0.01,2026-05-31 22:09:58.738711,20260531,VRTUSDT
Bitget,CLUSDT_UMCBL,CL,USDT,USDT,100.0,4.0,0.001,2026-05-31 22:09:58.738711,20260531,CLUSDT
Bitget,XPTUSDT_UMCBL,XPT,USDT,USDT,100.0,4.0,0.01,2026-05-31 22:09:58.738711,20260531,XPTUSDT
Bitget,AMATUSDT_UMCBL,AMAT,USDT,USDT,20.0,8.0,0.01,2026-05-31 22:09:58.738711,20260531,AMATUSDT
Bitget,MEWUSDT_UMCBL,MEW,USDT,USDT,50.0,4.0,1e-07,2026-05-31 22:09:58.738711,20260531,MEWUSDT
Bitget,SENTUSDT_UMCBL,SENT,USDT,USDT,20.0,4.0,1e-05,2026-05-31 22:09:58.738711,20260531,SENTUSDT
Bitget,PLTRUSDT_UMCBL,PLTR,USDT,USDT,20.0,8.0,0.01,2026-05-31 22:09:58.738711,20260531,PLTRUSDT
Bitget,BERAUSDT_UMCBL,BERA,USDT,USDT,50.0,4.0,0.0001,2026-05-31 22:09:58.738711,20260531,BERAUSDT
Bitget,SKYAIUSDT_UMCBL,SKYAI,USDT,USDT,10.0,4.0,1e-05,2026-05-31 22:09:58.738711,20260531,SKYAIUSDT
Bitget,MTLUSDT_UMCBL,MTL,USDT,USDT,25.0,8.0,0.0001,2026-05-31 22:09:58.738711,20260531,MTLUSDT
Bitget,ARIAUSDT_UMCBL,ARIA,USDT,USDT,10.0,4.0,1e-05,2026-05-31 22:09:58.738711,20260531,ARIAUSDT
Bitget,BROCCOLIUSDT_UMCBL,BROCCOLI,USDT,USDT,20.0,4.0,1e-05,2026-05-31 22:09:58.738711,20260531,BROCCOLIUSDT
Bitget,ILVUSDT_UMCBL,ILV,USDT,USDT,50.0,4.0,0.001,2026-05-31 22:09:58.738711,20260531,ILVUSDT
Bitget,BANUSDT_UMCBL,BAN,USDT,USDT,50.0,4.0,1e-05,2026-05-31 22:09:58.738711,20260531,BANUSDT
Bitget,XAUUSDT_UMCBL,XAU,USDT,USDT,100.0,4.0,0.01,2026-05-31 22:09:58.738711,20260531,XAUUSDT
Bitget,GALAUSDT_UMCBL,GALA,USDT,USDT,75.0,8.0,1e-06,2026-05-31 22:09:58.738711,20260531,GALAUSDT
Bitget,OKLOUSDT_UMCBL,OKLO,USDT,USDT,20.0,8.0,0.01,2026-05-31 22:09:58.738711,20260531,OKLOUSDT
Bitget,WAXPUSDT_UMCBL,WAXP,USDT,USDT,50.0,4.0,1e-06,2026-05-31 22:09:58.738711,20260531,WAXPUSDT
Bitget,PIXELUSDT_UMCBL,PIXEL,USDT,USDT,50.0,4.0,1e-06,2026-05-31 22:09:58.738711,20260531,PIXELUSDT
Bitget,QUSDT_UMCBL,Q,USDT,USDT,20.0,4.0,1e-06,2026-05-31 22:09:58.738711,20260531,QUSDT
Bitget,CHIPUSDT_UMCBL,CHIP,USDT,USDT,50.0,4.0,1e-05,2026-05-31 22:09:58.738711,20260531,CHIPUSDT
Bitget,ZBTUSDT_UMCBL,ZBT,USDT,USDT,10.0,4.0,1e-05,2026-05-31 22:09:58.738711,20260531,ZBTUSDT
Bitget,VANAUSDT_UMCBL,VANA,USDT,USDT,50.0,4.0,0.001,2026-05-31 22:09:58.738711,20260531,VANAUSDT
Bitget,PNUTUSDT_UMCBL,PNUT,USDT,USDT,50.0,4.0,1e-05,2026-05-31 22:09:58.738711,20260531,PNUTUSDT
Bitget,AIGENSYNUSDT_UMCBL,AIGENSYN,USDT,USDT,20.0,4.0,1e-05,2026-05-31 22:09:58.738711,20260531,AIGENSYNUSDT
Bitget,SOPHUSDT_UMCBL,SOPH,USDT,USDT,50.0,4.0,1e-06,2026-05-31 22:09:58.738711,20260531,SOPHUSDT
Bitget,ARPAUSDT_UMCBL,ARPA,USDT,USDT,50.0,8.0,1e-05,2026-05-31 22:09:58.738711,20260531,ARPAUSDT
Bitget,MPUSDT_UMCBL,MP,USDT,USDT,20.0,8.0,0.01,2026-05-31 22:09:58.738711,20260531,MPUSDT
Bitget,RPLUSDT_UMCBL,RPL,USDT,USDT,50.0,4.0,0.001,2026-05-31 22:09:58.738711,20260531,RPLUSDT
Bitget,MUBARAKUSDT_UMCBL,MUBARAK,USDT,USDT,25.0,4.0,1e-05,2026-05-31 22:09:58.738711,20260531,MUBARAKUSDT
Bitget,BABAUSDT_UMCBL,BABA,USDT,USDT,20.0,8.0,0.01,2026-05-31 22:09:58.738711,20260531,BABAUSDT
Bitget,INTCUSDT_UMCBL,INTC,USDT,USDT,50.0,8.0,0.01,2026-05-31 22:09:58.738711,20260531,INTCUSDT
Bitget,GENIUSUSDT_UMCBL,GENIUS,USDT,USDT,20.0,4.0,1e-05,2026-05-31 22:09:58.738711,20260531,GENIUSUSDT
Bitget,KNCUSDT_UMCBL,KNC,USDT,USDT,50.0,8.0,0.0001,2026-05-31 22:09:58.738711,20260531,KNCUSDT
Bitget,KSMUSDT_UMCBL,KSM,USDT,USDT,50.0,8.0,0.001,2026-05-31 22:09:58.738711,20260531,KSMUSDT
Bitget,BEUSDT_UMCBL,BE,USDT,USDT,20.0,8.0,0.01,2026-05-31 22:09:58.738711,20260531,BEUSDT
Bitget,AMDUSDT_UMCBL,AMD,USDT,USDT,20.0,8.0,0.01,2026-05-31 22:09:58.738711,20260531,AMDUSDT
Bitget,ACHUSDT_UMCBL,ACH,USDT,USDT,50.0,8.0,1e-06,2026-05-31 22:09:58.738711,20260531,ACHUSDT
Bitget,OPENUSDT_UMCBL,OPEN,USDT,USDT,20.0,4.0,0.0001,2026-05-31 22:09:58.738711,20260531,OPENUSDT
Bitget,SYNUSDT_UMCBL,SYN,USDT,USDT,10.0,4.0,1e-05,2026-05-31 22:09:58.738711,20260531,SYNUSDT
Bitget,ZKCUSDT_UMCBL,ZKC,USDT,USDT,50.0,4.0,1e-05,2026-05-31 22:09:58.738711,20260531,ZKCUSDT
Bitget,AIXBTUSDT_UMCBL,AIXBT,USDT,USDT,20.0,4.0,1e-05,2026-05-31 22:09:58.738711,20260531,AIXBTUSDT
Bitget,GLMUSDT_UMCBL,GLM,USDT,USDT,25.0,4.0,0.0001,2026-05-31 22:09:58.738711,20260531,GLMUSDT
Bitget,ALCHUSDT_UMCBL,ALCH,USDT,USDT,10.0,4.0,1e-05,2026-05-31 22:09:58.738711,20260531,ALCHUSDT
Bitget,USUALUSDT_UMCBL,USUAL,USDT,USDT,50.0,4.0,1e-05,2026-05-31 22:09:58.738711,20260531,USUALUSDT
Bitget,1000XECUSDT_UMCBL,1000XEC,USDT,USDT,50.0,8.0,1e-05,2026-05-31 22:09:58.738711,20260531,1000XECUSDT
Bitget,BICOUSDT_UMCBL,BICO,USDT,USDT,50.0,8.0,1e-05,2026-05-31 22:09:58.738711,20260531,BICOUSDT
Bitget,XPLUSDT_UMCBL,XPL,USDT,USDT,75.0,4.0,1e-05,2026-05-31 22:09:58.738711,20260531,XPLUSDT
Bitget,XANUSDT_UMCBL,XAN,USDT,USDT,50.0,4.0,1e-06,2026-05-31 22:09:58.738711,20260531,XANUSDT
Bitget,ZAMAUSDT_UMCBL,ZAMA,USDT,USDT,20.0,4.0,1e-05,2026-05-31 22:09:58.738711,20260531,ZAMAUSDT
Bitget,GWEIUSDT_UMCBL,GWEI,USDT,USDT,20.0,4.0,1e-05,2026-05-31 22:09:58.738711,20260531,GWEIUSDT
Bitget,NIGHTUSDT_UMCBL,NIGHT,USDT,USDT,25.0,4.0,1e-05,2026-05-31 22:09:58.738711,20260531,NIGHTUSDT
Bitget,METUSDT_UMCBL,MET,USDT,USDT,25.0,4.0,0.0001,2026-05-31 22:09:58.738711,20260531,METUSDT
Bitget,SNOWUSDT_UMCBL,SNOW,USDT,USDT,20.0,8.0,0.01,2026-05-31 22:09:58.738711,20260531,SNOWUSDT
Bitget,FILUSDT_UMCBL,FIL,USDT,USDT,75.0,8.0,0.0001,2026-05-31 22:09:58.738711,20260531,FILUSDT
Bitget,RAREUSDT_UMCBL,RARE,USDT,USDT,20.0,4.0,1e-05,2026-05-31 22:09:58.738711,20260531,RAREUSDT
Bitget,TURBOUSDT_UMCBL,TURBO,USDT,USDT,25.0,4.0,1e-06,2026-05-31 22:09:58.738711,20260531,TURBOUSDT
Bitget,NILUSDT_UMCBL,NIL,USDT,USDT,50.0,4.0,1e-05,2026-05-31 22:09:58.738711,20260531,NILUSDT
Bitget,SUPERUSDT_UMCBL,SUPER,USDT,USDT,25.0,4.0,0.0001,2026-05-31 22:09:58.738711,20260531,SUPERUSDT
Bitget,SPXUSDT_UMCBL,SPX,USDT,USDT,50.0,4.0,0.0001,2026-05-31 22:09:58.738711,20260531,SPXUSDT
Bitget,BRKBUSDT_UMCBL,BRKB,USDT,USDT,20.0,8.0,0.01,2026-05-31 22:09:58.738711,20260531,BRKBUSDT
Bitget,GOATUSDT_UMCBL,GOAT,USDT,USDT,10.0,4.0,1e-05,2026-05-31 22:09:58.738711,20260531,GOATUSDT
Bitget,ZILUSDT_UMCBL,ZIL,USDT,USDT,75.0,4.0,1e-06,2026-05-31 22:09:58.738711,20260531,ZILUSDT
Bitget,AAPLUSDT_UMCBL,AAPL,USDT,USDT,100.0,8.0,0.01,2026-05-31 22:09:58.738711,20260531,AAPLUSDT
Bitget,SAHARAUSDT_UMCBL,SAHARA,USDT,USDT,25.0,4.0,1e-05,2026-05-31 22:09:58.738711,20260531,SAHARAUSDT
Bitget,MIRAUSDT_UMCBL,MIRA,USDT,USDT,20.0,4.0,0.0001,2026-05-31 22:09:58.738711,20260531,MIRAUSDT
Bitget,ENJUSDT_UMCBL,ENJ,USDT,USDT,50.0,4.0,1e-05,2026-05-31 22:09:58.738711,20260531,ENJUSDT
Bitget,XOMUSDT_UMCBL,XOM,USDT,USDT,50.0,8.0,0.01,2026-05-31 22:09:58.738711,20260531,XOMUSDT
Bitget,XPDUSDT_UMCBL,XPD,USDT,USDT,100.0,4.0,0.01,2026-05-31 22:09:58.738711,20260531,XPDUSDT
Bitget,INJUSDT_UMCBL,INJ,USDT,USDT,75.0,8.0,0.001,2026-05-31 22:09:58.738711,20260531,INJUSDT
Bitget,BILLUSDT_UMCBL,BILL,USDT,USDT,20.0,4.0,1e-05,2026-05-31 22:09:58.738711,20260531,BILLUSDT
Bitget,MMTUSDT_UMCBL,MMT,USDT,USDT,50.0,4.0,0.0001,2026-05-31 22:09:58.738711,20260531,MMTUSDT
Bitget,CTKUSDT_UMCBL,CTK,USDT,USDT,50.0,4.0,0.0001,2026-05-31 22:09:58.738711,20260531,CTKUSDT
Bitget,NXPCUSDT_UMCBL,NXPC,USDT,USDT,50.0,4.0,0.0001,2026-05-31 22:09:58.738711,20260531,NXPCUSDT
Bitget,DRAMUSDT_UMCBL,DRAM,USDT,USDT,20.0,8.0,0.01,2026-05-31 22:09:58.738711,20260531,DRAMUSDT
Bitget,ZETAUSDT_UMCBL,ZETA,USDT,USDT,50.0,4.0,1e-05,2026-05-31 22:09:58.738711,20260531,ZETAUSDT
Bitget,NAORISUSDT_UMCBL,NAORIS,USDT,USDT,20.0,4.0,1e-05,2026-05-31 22:09:58.738711,20260531,NAORISUSDT
Bitget,JDUSDT_UMCBL,JD,USDT,USDT,20.0,8.0,0.01,2026-05-31 22:09:58.738711,20260531,JDUSDT
Bitget,POPCATUSDT_UMCBL,POPCAT,USDT,USDT,50.0,4.0,1e-05,2026-05-31 22:09:58.738711,20260531,POPCATUSDT
Bitget,KAITOUSDT_UMCBL,KAITO,USDT,USDT,75.0,4.0,0.0001,2026-05-31 22:09:58.738711,20260531,KAITOUSDT
Bitget,ARKMUSDT_UMCBL,ARKM,USDT,USDT,50.0,8.0,0.0001,2026-05-31 22:09:58.738711,20260531,ARKMUSDT
Bitget,PIPPINUSDT_UMCBL,PIPPIN,USDT,USDT,10.0,4.0,1e-05,2026-05-31 22:09:58.738711,20260531,PIPPINUSDT
Bitget,ONDSUSDT_UMCBL,ONDS,USDT,USDT,20.0,8.0,0.001,2026-05-31 22:09:58.738711,20260531,ONDSUSDT
Bitget,TRXUSDT_UMCBL,TRX,USDT,USDT,75.0,8.0,1e-05,2026-05-31 22:09:58.738711,20260531,TRXUSDT
Bitget,1000SATSUSDT_UMCBL,1000SATS,USDT,USDT,25.0,4.0,1e-08,2026-05-31 22:09:58.738711,20260531,1000SATSUSDT
Bitget,FLOCKUSDT_UMCBL,FLOCK,USDT,USDT,20.0,4.0,1e-05,2026-05-31 22:09:58.738711,20260531,FLOCKUSDT
Bitget,JOEUSDT_UMCBL,JOE,USDT,USDT,10.0,8.0,1e-05,2026-05-31 22:09:58.738711,20260531,JOEUSDT
Bitget,CVCUSDT_UMCBL,CVC,USDT,USDT,50.0,4.0,1e-05,2026-05-31 22:09:58.739709,20260531,CVCUSDT
Bitget,TAGUSDT_UMCBL,TAG,USDT,USDT,20.0,4.0,1e-07,2026-05-31 22:09:58.739709,20260531,TAGUSDT
Bitget,ICNTUSDT_UMCBL,ICNT,USDT,USDT,50.0,4.0,0.0001,2026-05-31 22:09:58.739709,20260531,ICNTUSDT
Bitget,RVNUSDT_UMCBL,RVN,USDT,USDT,50.0,4.0,1e-06,2026-05-31 22:09:58.739709,20260531,RVNUSDT
Bitget,ICPUSDT_UMCBL,ICP,USDT,USDT,50.0,8.0,0.001,2026-05-31 22:09:58.739709,20260531,ICPUSDT
Bitget,AVAXUSDT_UMCBL,AVAX,USDT,USDT,75.0,8.0,0.001,2026-05-31 22:09:58.739709,20260531,AVAXUSDT
Bitget,1000CATUSDT_UMCBL,1000CAT,USDT,USDT,10.0,4.0,1e-06,2026-05-31 22:09:58.739709,20260531,1000CATUSDT
Bitget,KATUSDT_UMCBL,KAT,USDT,USDT,20.0,4.0,1e-05,2026-05-31 22:09:58.739709,20260531,KATUSDT
Bitget,CROUSDT_UMCBL,CRO,USDT,USDT,25.0,8.0,1e-05,2026-05-31 22:09:58.739709,20260531,CROUSDT
Bitget,ETCUSDT_UMCBL,ETC,USDT,USDT,75.0,8.0,0.001,2026-05-31 22:09:58.739709,20260531,ETCUSDT
Bitget,STRKUSDT_UMCBL,STRK,USDT,USDT,75.0,4.0,1e-06,2026-05-31 22:09:58.739709,20260531,STRKUSDT
Bitget,AIOUSDT_UMCBL,AIO,USDT,USDT,50.0,4.0,1e-05,2026-05-31 22:09:58.739709,20260531,AIOUSDT
Bitget,LUMIAUSDT_UMCBL,LUMIA,USDT,USDT,10.0,4.0,1e-05,2026-05-31 22:09:58.739709,20260531,LUMIAUSDT
Bitget,MOVEUSDT_UMCBL,MOVE,USDT,USDT,50.0,4.0,1e-05,2026-05-31 22:09:58.739709,20260531,MOVEUSDT
Bitget,AAVEUSDT_UMCBL,AAVE,USDT,USDT,75.0,8.0,0.01,2026-05-31 22:09:58.739709,20260531,AAVEUSDT
Bitget,ETHWUSDT_UMCBL,ETHW,USDT,USDT,50.0,4.0,0.0001,2026-05-31 22:09:58.739709,20260531,ETHWUSDT
Bitget,MAGICUSDT_UMCBL,MAGIC,USDT,USDT,25.0,4.0,1e-05,2026-05-31 22:09:58.739709,20260531,MAGICUSDT
Bitget,YBUSDT_UMCBL,YB,USDT,USDT,10.0,4.0,0.0001,2026-05-31 22:09:58.739709,20260531,YBUSDT
Bitget,NOKSTOCKUSDT_UMCBL,NOKSTOCK,USDT,USDT,20.0,8.0,0.001,2026-05-31 22:09:58.739709,20260531,NOKSTOCKUSDT
Bitget,HOTUSDT_UMCBL,HOT,USDT,USDT,25.0,8.0,1e-07,2026-05-31 22:09:58.739709,20260531,HOTUSDT
Bitget,DOGSUSDT_UMCBL,DOGS,USDT,USDT,50.0,4.0,1e-08,2026-05-31 22:09:58.739709,20260531,DOGSUSDT
Bitget,4USDT_UMCBL,4,USDT,USDT,10.0,4.0,1e-05,2026-05-31 22:09:58.739709,20260531,4USDT
Bitget,GRTUSDT_UMCBL,GRT,USDT,USDT,75.0,8.0,1e-05,2026-05-31 22:09:58.739709,20260531,GRTUSDT
Bitget,API3USDT_UMCBL,API3,USDT,USDT,20.0,4.0,0.0001,2026-05-31 22:09:58.739709,20260531,API3USDT
Bitget,ATUSDT_UMCBL,AT,USDT,USDT,50.0,4.0,0.0001,2026-05-31 22:09:58.739709,20260531,ATUSDT
Bitget,MANTRAUSDT_UMCBL,MANTRA,USDT,USDT,50.0,4.0,1e-05,2026-05-31 22:09:58.739709,20260531,MANTRAUSDT
Bitget,COTIUSDT_UMCBL,COTI,USDT,USDT,50.0,8.0,1e-05,2026-05-31 22:09:58.739709,20260531,COTIUSDT
Bitget,CCUSDT_UMCBL,CC,USDT,USDT,20.0,4.0,1e-05,2026-05-31 22:09:58.739709,20260531,CCUSDT
Bitget,PROSUSDT_UMCBL,PROS,USDT,USDT,20.0,4.0,0.0001,2026-05-31 22:09:58.739709,20260531,PROSUSDT
Bitget,ZRXUSDT_UMCBL,ZRX,USDT,USDT,50.0,4.0,0.0001,2026-05-31 22:09:58.739709,20260531,ZRXUSDT
Bitget,CGPTUSDT_UMCBL,CGPT,USDT,USDT,50.0,4.0,1e-05,2026-05-31 22:09:58.739709,20260531,CGPTUSDT
Bitget,LABUSDT_UMCBL,LAB,USDT,USDT,10.0,4.0,1e-05,2026-05-31 22:09:58.739709,20260531,LABUSDT
Bitget,SAPIENUSDT_UMCBL,SAPIEN,USDT,USDT,50.0,4.0,1e-05,2026-05-31 22:09:58.739709,20260531,SAPIENUSDT
Bitget,APLDUSDT_UMCBL,APLD,USDT,USDT,20.0,8.0,0.01,2026-05-31 22:09:58.739709,20260531,APLDUSDT
Bitget,FLUIDUSDT_UMCBL,FLUID,USDT,USDT,75.0,4.0,0.001,2026-05-31 22:09:58.739709,20260531,FLUIDUSDT
Bitget,CVXUSDT_UMCBL,CVX,USDT,USDT,25.0,4.0,0.001,2026-05-31 22:09:58.739709,20260531,CVXUSDT
Bitget,VVVUSDT_UMCBL,VVV,USDT,USDT,20.0,4.0,0.001,2026-05-31 22:09:58.739709,20260531,VVVUSDT
Bitget,NATGASUSDT_UMCBL,NATGAS,USDT,USDT,100.0,4.0,0.001,2026-05-31 22:09:58.739709,20260531,NATGASUSDT
Bitget,KAIAUSDT_UMCBL,KAIA,USDT,USDT,75.0,4.0,1e-05,2026-05-31 22:09:58.739709,20260531,KAIAUSDT
Bitget,SQQQUSDT_UMCBL,SQQQ,USDT,USDT,20.0,8.0,0.01,2026-05-31 22:09:58.739709,20260531,SQQQUSDT
Bitget,XVGUSDT_UMCBL,XVG,USDT,USDT,20.0,8.0,1e-06,2026-05-31 22:09:58.739709,20260531,XVGUSDT
Bitget,ALICEUSDT_UMCBL,ALICE,USDT,USDT,50.0,4.0,0.0001,2026-05-31 22:09:58.739709,20260531,ALICEUSDT
Bitget,SPELLUSDT_UMCBL,SPELL,USDT,USDT,50.0,8.0,1e-07,2026-05-31 22:09:58.739709,20260531,SPELLUSDT
Bitget,CHZUSDT_UMCBL,CHZ,USDT,USDT,75.0,8.0,1e-05,2026-05-31 22:09:58.739709,20260531,CHZUSDT
Bitget,HOMEUSDT_UMCBL,HOME,USDT,USDT,50.0,4.0,1e-05,2026-05-31 22:09:58.739709,20260531,HOMEUSDT
Bitget,XRPUSDT_UMCBL,XRP,USDT,USDT,125.0,8.0,0.0001,2026-05-31 22:09:58.739709,20260531,XRPUSDT
Bitget,SUIUSDT_UMCBL,SUI,USDT,USDT,75.0,8.0,0.0001,2026-05-31 22:09:58.739709,20260531,SUIUSDT
Bitget,SMCIUSDT_UMCBL,SMCI,USDT,USDT,20.0,8.0,0.001,2026-05-31 22:09:58.739709,20260531,SMCIUSDT
Bitget,IOTAUSDT_UMCBL,IOTA,USDT,USDT,75.0,8.0,1e-05,2026-05-31 22:09:58.739709,20260531,IOTAUSDT
Bitget,WLFIUSDT_UMCBL,WLFI,USDT,USDT,75.0,4.0,1e-05,2026-05-31 22:09:58.739709,20260531,WLFIUSDT
Bitget,DELLUSDT_UMCBL,DELL,USDT,USDT,20.0,8.0,0.01,2026-05-31 22:09:58.739709,20260531,DELLUSDT
Bitget,TRBUSDT_UMCBL,TRB,USDT,USDT,50.0,4.0,0.001,2026-05-31 22:09:58.739709,20260531,TRBUSDT
Bitget,WETUSDT_UMCBL,WET,USDT,USDT,25.0,4.0,1e-05,2026-05-31 22:09:58.739709,20260531,WETUSDT
Bitget,PEOPLEUSDT_UMCBL,PEOPLE,USDT,USDT,50.0,8.0,1e-06,2026-05-31 22:09:58.739709,20260531,PEOPLEUSDT
Bitget,WLDUSDT_UMCBL,WLD,USDT,USDT,75.0,8.0,0.0001,2026-05-31 22:09:58.739709,20260531,WLDUSDT
Bitget,MOCAUSDT_UMCBL,MOCA,USDT,USDT,50.0,4.0,1e-05,2026-05-31 22:09:58.739709,20260531,MOCAUSDT
Bitget,AKTUSDT_UMCBL,AKT,USDT,USDT,50.0,4.0,0.0001,2026-05-31 22:09:58.739709,20260531,AKTUSDT
Bitget,龙虾USDT_UMCBL,龙虾,USDT,USDT,10.0,4.0,1e-06,2026-05-31 22:09:58.739709,20260531,龙虾USDT
Bitget,FORMUSDT_UMCBL,FORM,USDT,USDT,50.0,4.0,0.0001,2026-05-31 22:09:58.739709,20260531,FORMUSDT
Bitget,SNXUSDT_UMCBL,SNX,USDT,USDT,50.0,8.0,0.0001,2026-05-31 22:09:58.739709,20260531,SNXUSDT
Bitget,ROBOUSDT_UMCBL,ROBO,USDT,USDT,20.0,4.0,1e-05,2026-05-31 22:09:58.739709,20260531,ROBOUSDT
Bitget,USARUSDT_UMCBL,USAR,USDT,USDT,20.0,8.0,0.01,2026-05-31 22:09:58.739709,20260531,USARUSDT
Bitget,AEVOUSDT_UMCBL,AEVO,USDT,USDT,50.0,4.0,1e-05,2026-05-31 22:09:58.739709,20260531,AEVOUSDT
Bitget,GMTUSDT_UMCBL,GMT,USDT,USDT,50.0,4.0,1e-05,2026-05-31 22:09:58.739709,20260531,GMTUSDT
Bitget,LITUSDT_UMCBL,LIT,USDT,USDT,20.0,4.0,0.001,2026-05-31 22:09:58.739709,20260531,LITUSDT
Bitget,BANKUSDT_UMCBL,BANK,USDT,USDT,25.0,4.0,1e-05,2026-05-31 22:09:58.739709,20260531,BANKUSDT
Bitget,KITEUSDT_UMCBL,KITE,USDT,USDT,10.0,4.0,1e-05,2026-05-31 22:09:58.739709,20260531,KITEUSDT
Bitget,LPTUSDT_UMCBL,LPT,USDT,USDT,75.0,4.0,0.001,2026-05-31 22:09:58.739709,20260531,LPTUSDT
Bitget,WMTUSDT_UMCBL,WMT,USDT,USDT,50.0,8.0,0.01,2026-05-31 22:09:58.739709,20260531,WMTUSDT
Bitget,AVNTUSDT_UMCBL,AVNT,USDT,USDT,20.0,4.0,1e-05,2026-05-31 22:09:58.739709,20260531,AVNTUSDT
Bitget,ONTUSDT_UMCBL,ONT,USDT,USDT,50.0,4.0,1e-05,2026-05-31 22:09:58.739709,20260531,ONTUSDT
Bitget,COOKIEUSDT_UMCBL,COOKIE,USDT,USDT,10.0,4.0,1e-05,2026-05-31 22:09:58.739709,20260531,COOKIEUSDT
Bitget,METAUSDT_UMCBL,META,USDT,USDT,100.0,8.0,0.01,2026-05-31 22:09:58.739709,20260531,METAUSDT
Bitget,COINUSDT_UMCBL,COIN,USDT,USDT,25.0,8.0,0.01,2026-05-31 22:09:58.739709,20260531,COINUSDT
Bitget,RESOLVUSDT_UMCBL,RESOLV,USDT,USDT,25.0,4.0,1e-05,2026-05-31 22:09:58.739709,20260531,RESOLVUSDT
Bitget,SKLUSDT_UMCBL,SKL,USDT,USDT,25.0,4.0,1e-06,2026-05-31 22:09:58.739709,20260531,SKLUSDT
Bitget,BNTUSDT_UMCBL,BNT,USDT,USDT,50.0,8.0,0.0001,2026-05-31 22:09:58.739709,20260531,BNTUSDT
Bitget,ONEUSDT_UMCBL,ONE,USDT,USDT,50.0,8.0,1e-06,2026-05-31 22:09:58.739709,20260531,ONEUSDT
Bitget,FIGHTUSDT_UMCBL,FIGHT,USDT,USDT,10.0,4.0,1e-06,2026-05-31 22:09:58.739709,20260531,FIGHTUSDT
Bitget,PEPEUSDT_UMCBL,PEPE,USDT,USDT,75.0,8.0,1e-10,2026-05-31 22:09:58.739709,20260531,PEPEUSDT
Bitget,PYTHUSDT_UMCBL,PYTH,USDT,USDT,75.0,4.0,1e-05,2026-05-31 22:09:58.739709,20260531,PYTHUSDT
Bitget,SP500USDT_UMCBL,SP500,USDT,USDT,50.0,8.0,0.1,2026-05-31 22:09:58.739709,20260531,SP500USDT
Bitget,LSKUSDT_UMCBL,LSK,USDT,USDT,50.0,4.0,0.0001,2026-05-31 22:09:58.739709,20260531,LSKUSDT
Bitget,KLACUSDT_UMCBL,KLAC,USDT,USDT,20.0,8.0,0.01,2026-05-31 22:09:58.739709,20260531,KLACUSDT
Bitget,BSVUSDT_UMCBL,BSV,USDT,USDT,75.0,4.0,0.01,2026-05-31 22:09:58.739709,20260531,BSVUSDT
Bitget,ROSEUSDT_UMCBL,ROSE,USDT,USDT,50.0,8.0,1e-05,2026-05-31 22:09:58.739709,20260531,ROSEUSDT
Bitget,MEMEUSDT_UMCBL,MEME,USDT,USDT,25.0,4.0,1e-07,2026-05-31 22:09:58.739709,20260531,MEMEUSDT
Bitget,FLOKIUSDT_UMCBL,FLOKI,USDT,USDT,75.0,8.0,1e-08,2026-05-31 22:09:58.739709,20260531,FLOKIUSDT
Bitget,XVSUSDT_UMCBL,XVS,USDT,USDT,50.0,8.0,0.001,2026-05-31 22:09:58.739709,20260531,XVSUSDT
Bitget,INXUSDT_UMCBL,INX,USDT,USDT,25.0,4.0,1e-06,2026-05-31 22:09:58.739709,20260531,INXUSDT
Bitget,VELVETUSDT_UMCBL,VELVET,USDT,USDT,10.0,4.0,1e-05,2026-05-31 22:09:58.739709,20260531,VELVETUSDT
Bitget,PLUMEUSDT_UMCBL,PLUME,USDT,USDT,25.0,4.0,1e-05,2026-05-31 22:09:58.739709,20260531,PLUMEUSDT
Bitget,KGENUSDT_UMCBL,KGEN,USDT,USDT,50.0,4.0,1e-05,2026-05-31 22:09:58.739709,20260531,KGENUSDT
Bitget,ACUUSDT_UMCBL,ACU,USDT,USDT,10.0,4.0,1e-05,2026-05-31 22:09:58.739709,20260531,ACUUSDT
Bitget,VIRTUALUSDT_UMCBL,VIRTUAL,USDT,USDT,25.0,4.0,0.0001,2026-05-31 22:09:58.739709,20260531,VIRTUALUSDT
Bitget,STORJUSDT_UMCBL,STORJ,USDT,USDT,50.0,4.0,0.0001,2026-05-31 22:09:58.739709,20260531,STORJUSDT
Bitget,OPENAIUSDT_UMCBL,OPENAI,USDT,USDT,20.0,8.0,0.01,2026-05-31 22:09:58.739709,20260531,OPENAIUSDT
Bitget,TREEUSDT_UMCBL,TREE,USDT,USDT,25.0,4.0,1e-05,2026-05-31 22:09:58.739709,20260531,TREEUSDT
Bitget,LAYERUSDT_UMCBL,LAYER,USDT,USDT,50.0,4.0,0.0001,2026-05-31 22:09:58.739709,20260531,LAYERUSDT
Bitget,DOODUSDT_UMCBL,DOOD,USDT,USDT,50.0,4.0,1e-06,2026-05-31 22:09:58.739709,20260531,DOODUSDT
Bitget,OPNUSDT_UMCBL,OPN,USDT,USDT,20.0,4.0,0.0001,2026-05-31 22:09:58.739709,20260531,OPNUSDT
Bitget,CYSUSDT_UMCBL,CYS,USDT,USDT,25.0,4.0,1e-05,2026-05-31 22:09:58.739709,20260531,CYSUSDT
Bitget,INFQUSDT_UMCBL,INFQ,USDT,USDT,20.0,8.0,0.001,2026-05-31 22:09:58.739709,20260531,INFQUSDT
Bitget,MSFTUSDT_UMCBL,MSFT,USDT,USDT,100.0,8.0,0.01,2026-05-31 22:09:58.739709,20260531,MSFTUSDT
Bitget,PRLUSDT_UMCBL,PRL,USDT,USDT,20.0,4.0,0.0001,2026-05-31 22:09:58.739709,20260531,PRLUSDT
Bitget,SIGNUSDT_UMCBL,SIGN,USDT,USDT,50.0,4.0,1e-05,2026-05-31 22:09:58.739709,20260531,SIGNUSDT
Bitget,AGLDUSDT_UMCBL,AGLD,USDT,USDT,50.0,8.0,0.0001,2026-05-31 22:09:58.739709,20260531,AGLDUSDT
Bitget,ETHFIUSDT_UMCBL,ETHFI,USDT,USDT,75.0,4.0,0.0001,2026-05-31 22:09:58.739709,20260531,ETHFIUSDT
Bitget,EULUSDT_UMCBL,EUL,USDT,USDT,50.0,4.0,0.001,2026-05-31 22:09:58.739709,20260531,EULUSDT
Bitget,LISTAUSDT_UMCBL,LISTA,USDT,USDT,50.0,4.0,0.0001,2026-05-31 22:09:58.739709,20260531,LISTAUSDT
Bitget,IOUSDT_UMCBL,IO,USDT,USDT,50.0,4.0,0.0001,2026-05-31 22:09:58.739709,20260531,IOUSDT
Bitget,MOVRUSDT_UMCBL,MOVR,USDT,USDT,50.0,4.0,0.001,2026-05-31 22:09:58.739709,20260531,MOVRUSDT
Bitget,ANIMEUSDT_UMCBL,ANIME,USDT,USDT,50.0,4.0,1e-06,2026-05-31 22:09:58.739709,20260531,ANIMEUSDT
Bitget,HBARUSDT_UMCBL,HBAR,USDT,USDT,75.0,8.0,1e-05,2026-05-31 22:09:58.739709,20260531,HBARUSDT
Bitget,ICXUSDT_UMCBL,ICX,USDT,USDT,50.0,4.0,1e-05,2026-05-31 22:09:58.739709,20260531,ICXUSDT
Bitget,QCOMUSDT_UMCBL,QCOM,USDT,USDT,20.0,8.0,0.01,2026-05-31 22:09:58.739709,20260531,QCOMUSDT
Bitget,CAKEUSDT_UMCBL,CAKE,USDT,USDT,75.0,4.0,0.0001,2026-05-31 22:09:58.739709,20260531,CAKEUSDT
Bitget,ENAUSDT_UMCBL,ENA,USDT,USDT,75.0,4.0,1e-05,2026-05-31 22:09:58.739709,20260531,ENAUSDT
Bitget,POETUSDT_UMCBL,POET,USDT,USDT,20.0,8.0,0.001,2026-05-31 22:09:58.739709,20260531,POETUSDT
Bitget,PROVEUSDT_UMCBL,PROVE,USDT,USDT,50.0,4.0,0.0001,2026-05-31 22:09:58.739709,20260531,PROVEUSDT
Bitget,ORCLUSDT_UMCBL,ORCL,USDT,USDT,20.0,8.0,0.01,2026-05-31 22:09:58.739709,20260531,ORCLUSDT
Bitget,IRYSUSDT_UMCBL,IRYS,USDT,USDT,20.0,4.0,1e-05,2026-05-31 22:09:58.739709,20260531,IRYSUSDT
Bitget,ONDOUSDT_UMCBL,ONDO,USDT,USDT,50.0,4.0,0.0001,2026-05-31 22:09:58.739709,20260531,ONDOUSDT
Bitget,TSLAUSDT_UMCBL,TSLA,USDT,USDT,100.0,8.0,0.01,2026-05-31 22:09:58.739709,20260531,TSLAUSDT
Bitget,PROMUSDT_UMCBL,PROM,USDT,USDT,50.0,4.0,0.0001,2026-05-31 22:09:58.739709,20260531,PROMUSDT
Bitget,HUSDT_UMCBL,H,USDT,USDT,10.0,4.0,1e-05,2026-05-31 22:09:58.739709,20260531,HUSDT
Bitget,STXUSDT_UMCBL,STX,USDT,USDT,50.0,8.0,0.0001,2026-05-31 22:09:58.739709,20260531,STXUSDT
Bitget,FOLKSUSDT_UMCBL,FOLKS,USDT,USDT,50.0,4.0,0.0001,2026-05-31 22:09:58.739709,20260531,FOLKSUSDT
Bitget,ZKPUSDT_UMCBL,ZKP,USDT,USDT,20.0,4.0,1e-05,2026-05-31 22:09:58.739709,20260531,ZKPUSDT
Bitget,USTCUSDT_UMCBL,USTC,USDT,USDT,50.0,4.0,1e-05,2026-05-31 22:09:58.739709,20260531,USTCUSDT
Bitget,THEUSDT_UMCBL,THE,USDT,USDT,50.0,4.0,0.0001,2026-05-31 22:09:58.739709,20260531,THEUSDT
Bitget,MAGMAUSDT_UMCBL,MAGMA,USDT,USDT,20.0,4.0,1e-05,2026-05-31 22:09:58.739709,20260531,MAGMAUSDT
Bitget,TRIAUSDT_UMCBL,TRIA,USDT,USDT,20.0,4.0,1e-06,2026-05-31 22:09:58.739709,20260531,TRIAUSDT
Bitget,PARTIUSDT_UMCBL,PARTI,USDT,USDT,20.0,4.0,1e-05,2026-05-31 22:09:58.739709,20260531,PARTIUSDT
Bitget,ZORAUSDT_UMCBL,ZORA,USDT,USDT,25.0,4.0,1e-05,2026-05-31 22:09:58.739709,20260531,ZORAUSDT
Bitget,KMNOUSDT_UMCBL,KMNO,USDT,USDT,50.0,4.0,1e-05,2026-05-31 22:09:58.739709,20260531,KMNOUSDT
Bitget,DOLOUSDT_UMCBL,DOLO,USDT,USDT,20.0,4.0,1e-05,2026-05-31 22:09:58.739709,20260531,DOLOUSDT
Bitget,XMRUSDT_UMCBL,XMR,USDT,USDT,50.0,8.0,0.01,2026-05-31 22:09:58.739709,20260531,XMRUSDT
Bitget,LTCUSDT_UMCBL,LTC,USDT,USDT,75.0,8.0,0.01,2026-05-31 22:09:58.739709,20260531,LTCUSDT
Bitget,BASUSDT_UMCBL,BAS,USDT,USDT,10.0,4.0,1e-06,2026-05-31 22:09:58.739709,20260531,BASUSDT
Bitget,ERAUSDT_UMCBL,ERA,USDT,USDT,25.0,4.0,0.0001,2026-05-31 22:09:58.739709,20260531,ERAUSDT
Bitget,WALUSDT_UMCBL,WAL,USDT,USDT,20.0,4.0,1e-05,2026-05-31 22:09:58.739709,20260531,WALUSDT
Bitget,AVAUSDT_UMCBL,AVA,USDT,USDT,50.0,4.0,0.0001,2026-05-31 22:09:58.739709,20260531,AVAUSDT
Bitget,STEEMUSDT_UMCBL,STEEM,USDT,USDT,25.0,4.0,1e-05,2026-05-31 22:09:58.739709,20260531,STEEMUSDT
Bitget,SNDKUSDT_UMCBL,SNDK,USDT,USDT,50.0,8.0,0.01,2026-05-31 22:09:58.739709,20260531,SNDKUSDT
Bitget,NDX100USDT_UMCBL,NDX100,USDT,USDT,50.0,8.0,1.0,2026-05-31 22:09:58.739709,20260531,NDX100USDT
Bitget,SUSDT_UMCBL,S,USDT,USDT,50.0,4.0,1e-05,2026-05-31 22:09:58.739709,20260531,SUSDT
Bitget,CBRSUSDT_UMCBL,CBRS,USDT,USDT,10.0,8.0,0.01,2026-05-31 22:09:58.739709,20260531,CBRSUSDT
Bitget,RSRUSDT_UMCBL,RSR,USDT,USDT,50.0,8.0,1e-06,2026-05-31 22:09:58.739709,20260531,RSRUSDT
Bitget,LLYUSDT_UMCBL,LLY,USDT,USDT,20.0,8.0,0.01,2026-05-31 22:09:58.739709,20260531,LLYUSDT
Bitget,INDAUSDT_UMCBL,INDA,USDT,USDT,20.0,8.0,0.01,2026-05-31 22:09:58.739709,20260531,INDAUSDT
Bitget,HAEDALUSDT_UMCBL,HAEDAL,USDT,USDT,10.0,4.0,1e-05,2026-05-31 22:09:58.739709,20260531,HAEDALUSDT
Bitget,XAGUSDT_UMCBL,XAG,USDT,USDT,100.0,4.0,0.01,2026-05-31 22:09:58.739709,20260531,XAGUSDT
Bitget,FLUXUSDT_UMCBL,FLUX,USDT,USDT,50.0,4.0,1e-05,2026-05-31 22:09:58.739709,20260531,FLUXUSDT
Bitget,AXLUSDT_UMCBL,AXL,USDT,USDT,50.0,4.0,1e-05,2026-05-31 22:09:58.739709,20260531,AXLUSDT
Bitget,OGUSDT_UMCBL,OG,USDT,USDT,20.0,4.0,0.0001,2026-05-31 22:09:58.739709,20260531,OGUSDT
Bitget,BLESSUSDT_UMCBL,BLESS,USDT,USDT,10.0,4.0,1e-06,2026-05-31 22:09:58.739709,20260531,BLESSUSDT
Bitget,1000RATSUSDT_UMCBL,1000RATS,USDT,USDT,25.0,4.0,1e-05,2026-05-31 22:09:58.739709,20260531,1000RATSUSDT
Bitget,ESPORTSUSDT_UMCBL,ESPORTS,USDT,USDT,10.0,4.0,1e-05,2026-05-31 22:09:58.739709,20260531,ESPORTSUSDT
Bitget,ENSOUSDT_UMCBL,ENSO,USDT,USDT,25.0,4.0,0.0001,2026-05-31 22:09:58.739709,20260531,ENSOUSDT
Bitget,RAVEUSDT_UMCBL,RAVE,USDT,USDT,20.0,4.0,1e-05,2026-05-31 22:09:58.739709,20260531,RAVEUSDT
Bitget,MELANIAUSDT_UMCBL,MELANIA,USDT,USDT,50.0,4.0,0.0001,2026-05-31 22:09:58.739709,20260531,MELANIAUSDT
Bitget,NEIROCTOUSDT_UMCBL,NEIROCTO,USDT,USDT,25.0,4.0,1e-07,2026-05-31 22:09:58.739709,20260531,NEIROCTOUSDT
Bitget,ASTRUSDT_UMCBL,ASTR,USDT,USDT,50.0,8.0,1e-05,2026-05-31 22:09:58.739709,20260531,ASTRUSDT
Bitget,10000NEXUSDT_UMCBL,10000NEX,USDT,USDT,20.0,4.0,1e-05,2026-05-31 22:09:58.739709,20260531,10000NEXUSDT
Bitget,HOODUSDT_UMCBL,HOOD,USDT,USDT,25.0,8.0,0.01,2026-05-31 22:09:58.739709,20260531,HOODUSDT
Bitget,USDCUSDT_UMCBL,USDC,USDT,USDT,50.0,8.0,0.0001,2026-05-31 22:09:58.739709,20260531,USDCUSDT
Bitget,INITUSDT_UMCBL,INIT,USDT,USDT,25.0,4.0,1e-05,2026-05-31 22:09:58.739709,20260531,INITUSDT
Bitget,UAIUSDT_UMCBL,UAI,USDT,USDT,25.0,4.0,1e-05,2026-05-31 22:09:58.739709,20260531,UAIUSDT
Bitget,FFUSDT_UMCBL,FF,USDT,USDT,50.0,4.0,1e-05,2026-05-31 22:09:58.739709,20260531,FFUSDT
Bitget,PAXGUSDT_UMCBL,PAXG,USDT,USDT,50.0,4.0,0.01,2026-05-31 22:09:58.739709,20260531,PAXGUSDT
Bitget,BASEDUSDT_UMCBL,BASED,USDT,USDT,50.0,4.0,1e-05,2026-05-31 22:09:58.739709,20260531,BASEDUSDT
Bitget,RGTIUSDT_UMCBL,RGTI,USDT,USDT,20.0,8.0,0.001,2026-05-31 22:09:58.739709,20260531,RGTIUSDT
Bitget,CELOUSDT_UMCBL,CELO,USDT,USDT,50.0,8.0,0.0001,2026-05-31 22:09:58.739709,20260531,CELOUSDT
Bitget,IDOLUSDT_UMCBL,IDOL,USDT,USDT,20.0,4.0,1e-05,2026-05-31 22:09:58.739709,20260531,IDOLUSDT
Bitget,STXSTOCKUSDT_UMCBL,STXSTOCK,USDT,USDT,20.0,8.0,0.01,2026-05-31 22:09:58.739709,20260531,STXSTOCKUSDT
Bitget,ETNUSDT_UMCBL,ETN,USDT,USDT,20.0,8.0,0.01,2026-05-31 22:09:58.739709,20260531,ETNUSDT
Bitget,UMAUSDT_UMCBL,UMA,USDT,USDT,50.0,4.0,0.0001,2026-05-31 22:09:58.739709,20260531,UMAUSDT
Bitget,COPUSDT_UMCBL,COP,USDT,USDT,50.0,8.0,0.01,2026-05-31 22:09:58.739709,20260531,COPUSDT
Bitget,TQQQUSDT_UMCBL,TQQQ,USDT,USDT,20.0,8.0,0.01,2026-05-31 22:09:58.739709,20260531,TQQQUSDT
Bitget,MUUSDT_UMCBL,MU,USDT,USDT,50.0,8.0,0.01,2026-05-31 22:09:58.739709,20260531,MUUSDT
Bitget,ALTUSDT_UMCBL,ALT,USDT,USDT,50.0,4.0,1e-06,2026-05-31 22:09:58.739709,20260531,ALTUSDT
Bitget,1INCHUSDT_UMCBL,1INCH,USDT,USDT,75.0,8.0,0.0001,2026-05-31 22:09:58.739709,20260531,1INCHUSDT
Bitget,CLANKERUSDT_UMCBL,CLANKER,USDT,USDT,20.0,4.0,0.01,2026-05-31 22:09:58.739709,20260531,CLANKERUSDT
Bitget,SYRUPUSDT_UMCBL,SYRUP,USDT,USDT,20.0,4.0,0.0001,2026-05-31 22:09:58.739709,20260531,SYRUPUSDT
Bitget,WUSDT_UMCBL,W,USDT,USDT,75.0,4.0,1e-05,2026-05-31 22:09:58.739709,20260531,WUSDT
Bitget,NMRUSDT_UMCBL,NMR,USDT,USDT,50.0,4.0,0.001,2026-05-31 22:09:58.739709,20260531,NMRUSDT
Bitget,AMZNUSDT_UMCBL,AMZN,USDT,USDT,100.0,8.0,0.01,2026-05-31 22:09:58.739709,20260531,AMZNUSDT
Bitget,ZECUSDT_UMCBL,ZEC,USDT,USDT,75.0,4.0,0.01,2026-05-31 22:09:58.739709,20260531,ZECUSDT
Bitget,DRIFTUSDT_UMCBL,DRIFT,USDT,USDT,10.0,4.0,1e-05,2026-05-31 22:09:58.739709,20260531,DRIFTUSDT
Bitget,THETAUSDT_UMCBL,THETA,USDT,USDT,50.0,8.0,0.0001,2026-05-31 22:09:58.739709,20260531,THETAUSDT
Bitget,BREVUSDT_UMCBL,BREV,USDT,USDT,20.0,4.0,0.0001,2026-05-31 22:09:58.739709,20260531,BREVUSDT
Bitget,SOXLUSDT_UMCBL,SOXL,USDT,USDT,20.0,8.0,0.01,2026-05-31 22:09:58.739709,20260531,SOXLUSDT
Bitget,MRVLUSDT_UMCBL,MRVL,USDT,USDT,20.0,8.0,0.01,2026-05-31 22:09:58.739709,20260531,MRVLUSDT
Bitget,MANTAUSDT_UMCBL,MANTA,USDT,USDT,50.0,4.0,1e-05,2026-05-31 22:09:58.739709,20260531,MANTAUSDT
Bitget,BANANAUSDT_UMCBL,BANANA,USDT,USDT,20.0,4.0,0.001,2026-05-31 22:09:58.739709,20260531,BANANAUSDT
Bitget,GIGGLEUSDT_UMCBL,GIGGLE,USDT,USDT,25.0,4.0,0.01,2026-05-31 22:09:58.739709,20260531,GIGGLEUSDT
Bitget,DOGEUSDT_UMCBL,DOGE,USDT,USDT,75.0,8.0,1e-05,2026-05-31 22:09:58.739709,20260531,DOGEUSDT
Bitget,WOOUSDT_UMCBL,WOO,USDT,USDT,50.0,8.0,1e-05,2026-05-31 22:09:58.739709,20260531,WOOUSDT
Bitget,ANKRUSDT_UMCBL,ANKR,USDT,USDT,50.0,4.0,1e-06,2026-05-31 22:09:58.739709,20260531,ANKRUSDT
Bitget,XAIUSDT_UMCBL,XAI,USDT,USDT,50.0,4.0,1e-05,2026-05-31 22:09:58.739709,20260531,XAIUSDT
Bitget,NVDAUSDT_UMCBL,NVDA,USDT,USDT,100.0,8.0,0.01,2026-05-31 22:09:58.739709,20260531,NVDAUSDT
Bitget,NEOUSDT_UMCBL,NEO,USDT,USDT,75.0,8.0,0.001,2026-05-31 22:09:58.739709,20260531,NEOUSDT
Bitget,CARVUSDT_UMCBL,CARV,USDT,USDT,25.0,4.0,1e-05,2026-05-31 22:09:58.739709,20260531,CARVUSDT
Bitget,STGUSDT_UMCBL,STG,USDT,USDT,50.0,8.0,0.0001,2026-05-31 22:09:58.739709,20260531,STGUSDT
Bitget,JTOUSDT_UMCBL,JTO,USDT,USDT,50.0,4.0,0.0001,2026-05-31 22:09:58.739709,20260531,JTOUSDT
Bitget,BUSDT_UMCBL,B,USDT,USDT,10.0,4.0,0.0001,2026-05-31 22:09:58.739709,20260531,BUSDT
Bitget,LINKUSD_DMCBL,LINK,USD,LINK,20.0,8.0,0.001,2026-05-31 22:09:58.739709,20260531,LINKUSD
Bitget,FILUSD_DMCBL,FIL,USD,FIL,25.0,8.0,0.001,2026-05-31 22:09:58.739709,20260531,FILUSD
Bitget,BCHUSD_DMCBL,BCH,USD,BCH,100.0,8.0,0.01,2026-05-31 22:09:58.739709,20260531,BCHUSD
Bitget,AAVEUSD_DMCBL,AAVE,USD,AAVE,25.0,8.0,0.01,2026-05-31 22:09:58.739709,20260531,AAVEUSD
Bitget,XLMUSD_DMCBL,XLM,USD,XLM,25.0,8.0,1e-05,2026-05-31 22:09:58.739709,20260531,XLMUSD
Bitget,SOLUSD_DMCBL,SOL,USD,SOL,50.0,8.0,0.001,2026-05-31 22:09:58.739709,20260531,SOLUSD
Bitget,ETCUSD_DMCBL,ETC,USD,ETC,25.0,8.0,0.001,2026-05-31 22:09:58.739709,20260531,ETCUSD
Bitget,SUIUSD_DMCBL,SUI,USD,SUI,25.0,8.0,0.0001,2026-05-31 22:09:58.739709,20260531,SUIUSD
Bitget,XRPUSD_DMCBL,XRP,USD,XRP,50.0,8.0,1e-05,2026-05-31 22:09:58.739709,20260531,XRPUSD
Bitget,ETHUSDM26_DMCBL,ETH,USD,ETH,50.0,,0.01,2026-05-31 22:09:58.739709,20260531,ETHUSDM26
Bitget,DOGEUSD_DMCBL,DOGE,USD,DOGE,25.0,8.0,1e-06,2026-05-31 22:09:58.739709,20260531,DOGEUSD
Bitget,ADAUSD_DMCBL,ADA,USD,ADA,20.0,8.0,0.0001,2026-05-31 22:09:58.739709,20260531,ADAUSD
Bitget,ETHUSDU26_DMCBL,ETH,USD,ETH,50.0,,0.01,2026-05-31 22:09:58.739709,20260531,ETHUSDU26
Bitget,BTCUSDU26_DMCBL,BTC,USD,BTC,50.0,,0.1,2026-05-31 22:09:58.739709,20260531,BTCUSDU26
Bitget,ETHUSD_DMCBL,ETH,USD,ETH,100.0,8.0,0.01,2026-05-31 22:09:58.739709,20260531,ETHUSD
Bitget,UNIUSD_DMCBL,UNI,USD,UNI,50.0,8.0,0.001,2026-05-31 22:09:58.739709,20260531,UNIUSD
Bitget,LTCUSD_DMCBL,LTC,USD,LTC,50.0,8.0,0.01,2026-05-31 22:09:58.739709,20260531,LTCUSD
Bitget,AVAXUSD_DMCBL,AVAX,USD,AVAX,25.0,8.0,0.001,2026-05-31 22:09:58.739709,20260531,AVAXUSD
Bitget,DOTUSD_DMCBL,DOT,USD,DOT,20.0,8.0,0.001,2026-05-31 22:09:58.739709,20260531,DOTUSD
Bitget,BTCUSD_DMCBL,BTC,USD,BTC,125.0,8.0,0.1,2026-05-31 22:09:58.739709,20260531,BTCUSD
Bitget,TRXUSD_DMCBL,TRX,USD,TRX,20.0,8.0,1e-05,2026-05-31 22:09:58.739709,20260531,TRXUSD
Bitget,NEARUSD_DMCBL,NEAR,USD,NEAR,25.0,8.0,0.001,2026-05-31 22:09:58.739709,20260531,NEARUSD
Bitget,BTCUSDM26_DMCBL,BTC,USD,BTC,50.0,,0.1,2026-05-31 22:09:58.739709,20260531,BTCUSDM26
Bitget,ETHPERP_UMCBL,ETH,USDC,USDC,100.0,8.0,0.01,2026-05-31 22:09:58.740706,20260531,ETHPERP
Bitget,TIAPERP_UMCBL,TIA,USDC,USDC,50.0,4.0,0.0001,2026-05-31 22:09:58.740706,20260531,TIAPERP
Bitget,XLMPERP_UMCBL,XLM,USDC,USDC,75.0,8.0,1e-05,2026-05-31 22:09:58.740706,20260531,XLMPERP
Bitget,TONPERP_UMCBL,TON,USDC,USDC,25.0,8.0,0.001,2026-05-31 22:09:58.740706,20260531,TONPERP
Bitget,1000BONKPERP_UMCBL,1000BONK,USDC,USDC,75.0,4.0,1e-06,2026-05-31 22:09:58.740706,20260531,1000BONKPERP
Bitget,BCHPERP_UMCBL,BCH,USDC,USDC,75.0,8.0,0.01,2026-05-31 22:09:58.740706,20260531,BCHPERP
Bitget,ARBPERP_UMCBL,ARB,USDC,USDC,50.0,8.0,0.0001,2026-05-31 22:09:58.740706,20260531,ARBPERP
Bitget,ORDIPERP_UMCBL,ORDI,USDC,USDC,75.0,4.0,0.001,2026-05-31 22:09:58.740706,20260531,ORDIPERP
Bitget,PENGUPERP_UMCBL,PENGU,USDC,USDC,50.0,4.0,1e-06,2026-05-31 22:09:58.740706,20260531,PENGUPERP
Bitget,IPPERP_UMCBL,IP,USDC,USDC,25.0,4.0,0.0001,2026-05-31 22:09:58.740706,20260531,IPPERP
Bitget,SHIBPERP_UMCBL,SHIB,USDC,USDC,50.0,8.0,1e-09,2026-05-31 22:09:58.740706,20260531,SHIBPERP
Bitget,FARTCOINPERP_UMCBL,FARTCOIN,USDC,USDC,25.0,4.0,0.0001,2026-05-31 22:09:58.740706,20260531,FARTCOINPERP
Bitget,BTCPERP_UMCBL,BTC,USDC,USDC,125.0,8.0,0.1,2026-05-31 22:09:58.740706,20260531,BTCPERP
Bitget,OPPERP_UMCBL,OP,USDC,USDC,50.0,8.0,0.0001,2026-05-31 22:09:58.740706,20260531,OPPERP
Bitget,TRUMPPERP_UMCBL,TRUMP,USDC,USDC,25.0,4.0,0.001,2026-05-31 22:09:58.740706,20260531,TRUMPPERP
Bitget,ADAPERP_UMCBL,ADA,USDC,USDC,75.0,4.0,0.0001,2026-05-31 22:09:58.740706,20260531,ADAPERP
Bitget,WLDPERP_UMCBL,WLD,USDC,USDC,75.0,8.0,0.0001,2026-05-31 22:09:58.740706,20260531,WLDPERP
Bitget,NEARPERP_UMCBL,NEAR,USDC,USDC,50.0,8.0,0.001,2026-05-31 22:09:58.740706,20260531,NEARPERP
Bitget,SOLPERP_UMCBL,SOL,USDC,USDC,100.0,8.0,0.01,2026-05-31 22:09:58.740706,20260531,SOLPERP
Bitget,BOMEPERP_UMCBL,BOME,USDC,USDC,50.0,4.0,1e-07,2026-05-31 22:09:58.740706,20260531,BOMEPERP
Bitget,BNBPERP_UMCBL,BNB,USDC,USDC,75.0,8.0,0.01,2026-05-31 22:09:58.740706,20260531,BNBPERP
Bitget,CRVPERP_UMCBL,CRV,USDC,USDC,25.0,8.0,0.0001,2026-05-31 22:09:58.740706,20260531,CRVPERP
Bitget,BIOPERP_UMCBL,BIO,USDC,USDC,25.0,4.0,1e-05,2026-05-31 22:09:58.740706,20260531,BIOPERP
Bitget,POLPERP_UMCBL,POL,USDC,USDC,50.0,8.0,0.0001,2026-05-31 22:09:58.740706,20260531,POLPERP
Bitget,EIGENPERP_UMCBL,EIGEN,USDC,USDC,75.0,8.0,0.0001,2026-05-31 22:09:58.740706,20260531,EIGENPERP
Bitget,DOTPERP_UMCBL,DOT,USDC,USDC,75.0,8.0,0.001,2026-05-31 22:09:58.740706,20260531,DOTPERP
Bitget,LINKPERP_UMCBL,LINK,USDC,USDC,75.0,8.0,0.001,2026-05-31 22:09:58.740706,20260531,LINKPERP
Bitget,PNUTPERP_UMCBL,PNUT,USDC,USDC,50.0,4.0,1e-05,2026-05-31 22:09:58.740706,20260531,PNUTPERP
Bitget,FILPERP_UMCBL,FIL,USDC,USDC,75.0,8.0,0.001,2026-05-31 22:09:58.740706,20260531,FILPERP
Bitget,WLFIPERP_UMCBL,WLFI,USDC,USDC,50.0,4.0,0.0001,2026-05-31 22:09:58.740706,20260531,WLFIPERP
Bitget,POPCATPERP_UMCBL,POPCAT,USDC,USDC,50.0,8.0,0.0001,2026-05-31 22:09:58.740706,20260531,POPCATPERP
Bitget,TRXPERP_UMCBL,TRX,USDC,USDC,75.0,8.0,1e-05,2026-05-31 22:09:58.740706,20260531,TRXPERP
Bitget,AVAXPERP_UMCBL,AVAX,USDC,USDC,75.0,8.0,0.001,2026-05-31 22:09:58.740706,20260531,AVAXPERP
Bitget,KAITOPERP_UMCBL,KAITO,USDC,USDC,25.0,4.0,0.0001,2026-05-31 22:09:58.740706,20260531,KAITOPERP
Bitget,XRPPERP_UMCBL,XRP,USDC,USDC,75.0,8.0,0.0001,2026-05-31 22:09:58.740706,20260531,XRPPERP
Bitget,STRKPERP_UMCBL,STRK,USDC,USDC,50.0,8.0,1e-05,2026-05-31 22:09:58.740706,20260531,STRKPERP
Bitget,ETCPERP_UMCBL,ETC,USDC,USDC,50.0,8.0,0.001,2026-05-31 22:09:58.740706,20260531,ETCPERP
Bitget,AAVEPERP_UMCBL,AAVE,USDC,USDC,75.0,8.0,0.01,2026-05-31 22:09:58.740706,20260531,AAVEPERP
Bitget,UNIPERP_UMCBL,UNI,USDC,USDC,75.0,8.0,0.001,2026-05-31 22:09:58.740706,20260531,UNIPERP
Bitget,PEPEPERP_UMCBL,PEPE,USDC,USDC,50.0,8.0,1e-10,2026-05-31 22:09:58.740706,20260531,PEPEPERP
Bitget,NEOPERP_UMCBL,NEO,USDC,USDC,50.0,8.0,0.001,2026-05-31 22:09:58.740706,20260531,NEOPERP
Bitget,DOGEPERP_UMCBL,DOGE,USDC,USDC,75.0,8.0,1e-05,2026-05-31 22:09:58.740706,20260531,DOGEPERP
Bitget,ETHFIPERP_UMCBL,ETHFI,USDC,USDC,50.0,4.0,0.0001,2026-05-31 22:09:58.740706,20260531,ETHFIPERP
Bitget,SUIPERP_UMCBL,SUI,USDC,USDC,50.0,8.0,0.0001,2026-05-31 22:09:58.740706,20260531,SUIPERP
Bitget,HBARPERP_UMCBL,HBAR,USDC,USDC,75.0,4.0,1e-05,2026-05-31 22:09:58.740706,20260531,HBARPERP
Bitget,ENAPERP_UMCBL,ENA,USDC,USDC,50.0,4.0,0.0001,2026-05-31 22:09:58.740706,20260531,ENAPERP
Bitget,WIFPERP_UMCBL,WIF,USDC,USDC,50.0,4.0,0.0001,2026-05-31 22:09:58.740706,20260531,WIFPERP
Bitget,LTCPERP_UMCBL,LTC,USDC,USDC,75.0,8.0,0.01,2026-05-31 22:09:58.740706,20260531,LTCPERP
Bitget,ONDOPERP_UMCBL,ONDO,USDC,USDC,50.0,8.0,0.0001,2026-05-31 22:09:58.740706,20260531,ONDOPERP
Bitmex,SUIUSDT,SUI,USDT,USDT,,,0.0001,2026-05-31 22:09:58.740706,20260531,SUIUSDT
Bitmex,XRPUSDT,XRP,USDT,USDT,,,0.0001,2026-05-31 22:09:58.740706,20260531,XRPUSDT
Bitmex,SUIUSD,SUI,USD,BTC,,,0.001,2026-05-31 22:09:58.740706,20260531,SUIUSD
Bitmex,SOLUSD,SOL,USD,BTC,,,0.01,2026-05-31 22:09:58.740706,20260531,SOLUSD
Bitmex,DOGEUSD,DOGE,USD,BTC,,,1e-05,2026-05-31 22:09:58.740706,20260531,DOGEUSD
Bitmex,DOGEUSDT,DOGE,USDT,USDT,,,1e-05,2026-05-31 22:09:58.740706,20260531,DOGEUSDT
Bitmex,SOLUSDT,SOL,USDT,USDT,,,0.01,2026-05-31 22:09:58.740706,20260531,SOLUSDT
Bitmex,XRPUSD,XRP,USD,BTC,,,0.0001,2026-05-31 22:09:58.740706,20260531,XRPUSD
Bitmex,BCHUSDT,BCH,USDT,USDT,,,0.05,2026-05-31 22:09:58.740706,20260531,BCHUSDT
Bitmex,LINKUSD,LINK,USD,BTC,,,0.001,2026-05-31 22:09:58.740706,20260531,LINKUSD
Bitmex,LITUSDT,LIT,USDT,USDT,,,0.0001,2026-05-31 22:09:58.740706,20260531,LITUSDT
Bitmex,WIFUSDT,WIF,USDT,USDT,,,0.0001,2026-05-31 22:09:58.740706,20260531,WIFUSDT
Bitmex,ASTERUSDT,ASTER,USDT,USDT,,,0.0001,2026-05-31 22:09:58.740706,20260531,ASTERUSDT
Bitmex,HYPEUSDT,HYPE,USDT,USDT,,,0.001,2026-05-31 22:09:58.740706,20260531,HYPEUSDT
Bitmex,LOTUSDT,LOT,USDT,USDT,,,1e-06,2026-05-31 22:09:58.740706,20260531,LOTUSDT
Bitmex,BNBUSDT,BNB,USDT,USDT,,,0.01,2026-05-31 22:09:58.740706,20260531,BNBUSDT
Bitmex,POPCATUSDT,POPCAT,USDT,USDT,,,0.0001,2026-05-31 22:09:58.740706,20260531,POPCATUSDT
Bitmex,WLFIUSDT,WLFI,USDT,USDT,,,1e-05,2026-05-31 22:09:58.740706,20260531,WLFIUSDT
Bitmex,BCHUSD,BCH,USD,BTC,,,0.05,2026-05-31 22:09:58.740706,20260531,BCHUSD
Bitmex,OPNUSDT,OPN,USDT,USDT,,,1e-05,2026-05-31 22:09:58.740706,20260531,OPNUSDT
Bitmex,PUMPUSDT,PUMP,USDT,USDT,,,1e-06,2026-05-31 22:09:58.740706,20260531,PUMPUSDT
Bitmex,BNBUSD,BNB,USD,BTC,,,0.01,2026-05-31 22:09:58.740706,20260531,BNBUSD
Bitmex,JUPUSDT,JUP,USDT,USDT,,,0.0001,2026-05-31 22:09:58.740706,20260531,JUPUSDT
Bitmex,LINKUSDT,LINK,USDT,USDT,,,0.001,2026-05-31 22:09:58.740706,20260531,LINKUSDT
Bitmex,WLDUSDT,WLD,USDT,USDT,,,0.0001,2026-05-31 22:09:58.740706,20260531,WLDUSDT
Bitmex,MONUSDT,MON,USDT,USDT,,,1e-06,2026-05-31 22:09:58.740706,20260531,MONUSDT
Bitmex,ENAUSDT,ENA,USDT,USDT,,,0.0001,2026-05-31 22:09:58.740706,20260531,ENAUSDT
Bitmex,ZECUSDT,ZEC,USDT,USDT,,,0.01,2026-05-31 22:09:58.740706,20260531,ZECUSDT
Bitmex,SHIBUSDT,SHIB,USDT,USDT,,,1e-09,2026-05-31 22:09:58.740706,20260531,SHIBUSDT
Bitmex,NEARUSDT,NEAR,USDT,USDT,,,0.0001,2026-05-31 22:09:58.740706,20260531,NEARUSDT
Bitmex,CRVUSDT,CRV,USDT,USDT,,,0.0001,2026-05-31 22:09:58.740706,20260531,CRVUSDT
Bitmex,XMRUSDT,XMR,USDT,USDT,,,0.01,2026-05-31 22:09:58.740706,20260531,XMRUSDT
Bitmex,ADAUSD,ADA,USD,BTC,,,0.0001,2026-05-31 22:09:58.740706,20260531,ADAUSD
Bitmex,ADAUSDT,ADA,USDT,USDT,,,0.0001,2026-05-31 22:09:58.740706,20260531,ADAUSDT
Bitmex,XAUTUSDT,XAUT,USDT,USDT,,,0.01,2026-05-31 22:09:58.740706,20260531,XAUTUSDT
Bitmex,POLUSDT,POL,USDT,USDT,,,0.0001,2026-05-31 22:09:58.740706,20260531,POLUSDT
Bitmex,DOTUSDT,DOT,USDT,USDT,,,0.001,2026-05-31 22:09:58.740706,20260531,DOTUSDT
Bitmex,DOTUSD,DOT,USD,BTC,,,0.001,2026-05-31 22:09:58.740706,20260531,DOTUSD
Bitmex,APEUSDT,APE,USDT,USDT,,,0.0001,2026-05-31 22:09:58.740706,20260531,APEUSDT
Bitmex,ARBUSDT,ARB,USDT,USDT,,,0.0001,2026-05-31 22:09:58.740706,20260531,ARBUSDT
Bitmex,NEARUSD,NEAR,USD,BTC,,,0.001,2026-05-31 22:09:58.740706,20260531,NEARUSD
Bitmex,PEPEUSD,PEPE,USD,BTC,,,1e-09,2026-05-31 22:09:58.740706,20260531,PEPEUSD
Bitmex,TRUMPOFFICIALUSDT,TRUMPOFFICIAL,USDT,USDT,,,0.001,2026-05-31 22:09:58.740706,20260531,TRUMPOFFICIALUSDT
Bitmex,PEPEUSDT,PEPE,USDT,USDT,,,1e-09,2026-05-31 22:09:58.740706,20260531,PEPEUSDT
Bitmex,TONUSD,TON,USD,BTC,,,0.0001,2026-05-31 22:09:58.740706,20260531,TONUSD
Bitmex,SEIUSDT,SEI,USDT,USDT,,,0.0001,2026-05-31 22:09:58.740706,20260531,SEIUSDT
Bitmex,TONUSDT,TON,USDT,USDT,,,0.0001,2026-05-31 22:09:58.740706,20260531,TONUSDT
Bitmex,WLDUSD,WLD,USD,BTC,,,0.0001,2026-05-31 22:09:58.740706,20260531,WLDUSD
Bitmex,AVAXUSD,AVAX,USD,BTC,,,0.001,2026-05-31 22:09:58.740706,20260531,AVAXUSD
Bitmex,AAVEUSDT,AAVE,USDT,USDT,,,0.01,2026-05-31 22:09:58.740706,20260531,AAVEUSDT
Bitmex,AVAXUSDT,AVAX,USDT,USDT,,,0.001,2026-05-31 22:09:58.740706,20260531,AVAXUSDT
Bitmex,UNIUSDT,UNI,USDT,USDT,,,0.001,2026-05-31 22:09:58.740706,20260531,UNIUSDT
Bitmex,OPUSDT,OP,USDT,USDT,,,0.0001,2026-05-31 22:09:58.740706,20260531,OPUSDT
Bitmex,FILUSDT,FIL,USDT,USDT,,,0.0001,2026-05-31 22:09:58.740706,20260531,FILUSDT
Bitmex,FILUSD,FIL,USD,BTC,,,0.0001,2026-05-31 22:09:58.740706,20260531,FILUSD
Bitmex,BMEXUSDT,BMEX,USDT,USDT,,,0.001,2026-05-31 22:09:58.740706,20260531,BMEXUSDT
Bitmex,ADAM26,ADA,BTC,BTC,,,1e-08,2026-05-31 22:09:58.740706,20260531,ADAM26
Bitmex,XRPM26,XRP,BTC,BTC,,,1e-08,2026-05-31 22:09:58.740706,20260531,XRPM26
Bitmex,XBTUSDT,BTC,USDT,USDT,,,0.1,2026-05-31 22:09:58.740706,20260531,XBTUSDT
Bitmex,XBTUSD,BTC,USD,BTC,,,0.1,2026-05-31 22:09:58.740706,20260531,XBTUSD
Bitmex,XBTETH,BTC,ETH,BTC,,,0.001,2026-05-31 22:09:58.740706,20260531,XBTETH
Bitmex,XBTEUR,BTC,EUR,BTC,,,0.5,2026-05-31 22:09:58.740706,20260531,XBTEUR
Bitmex,XBTM26,BTC,USD,BTC,,,0.5,2026-05-31 22:09:58.740706,20260531,XBTM26
Bitmex,XBTUSDTM26,BTC,USDT,USDT,,,0.5,2026-05-31 22:09:58.740706,20260531,XBTUSDTM26
Bitmex,XBTN26,BTC,USD,BTC,,,0.5,2026-05-31 22:09:58.740706,20260531,XBTN26
Bitmex,XBTU26,BTC,USD,BTC,,,0.5,2026-05-31 22:09:58.740706,20260531,XBTU26
Bitmex,XBTZ26,BTC,USD,BTC,,,0.5,2026-05-31 22:09:58.740706,20260531,XBTZ26
Bitmex,ETHUSD,ETH,USD,BTC,,,0.01,2026-05-31 22:09:58.740706,20260531,ETHUSD
Bitmex,ETHUSDT,ETH,USDT,USDT,,,0.01,2026-05-31 22:09:58.740706,20260531,ETHUSDT
Bitmex,ETHUSDM26,ETH,USD,BTC,,,0.05,2026-05-31 22:09:58.740706,20260531,ETHUSDM26
Bitmex,ETHM26,ETH,BTC,BTC,,,1e-05,2026-05-31 22:09:58.740706,20260531,ETHM26
Bitmex,LTCUSDT,LTC,USDT,USDT,,,0.01,2026-05-31 22:09:58.740706,20260531,LTCUSDT
Bitmex,LTCUSD,LTC,USD,BTC,,,0.01,2026-05-31 22:09:58.740706,20260531,LTCUSD
Bitunix,BTCUSDT,BTC,USDT,USDT,200.0,8.0,0.1,2026-05-31 22:09:58.740706,20260531,BTCUSDT
Bitunix,ETHUSDT,ETH,USDT,USDT,200.0,8.0,0.01,2026-05-31 22:09:58.740706,20260531,ETHUSDT
Bitunix,BNBUSDT,BNB,USDT,USDT,75.0,8.0,0.01,2026-05-31 22:09:58.740706,20260531,BNBUSDT
Bitunix,XRPUSDT,XRP,USDT,USDT,100.0,8.0,0.0001,2026-05-31 22:09:58.740706,20260531,XRPUSDT
Bitunix,ADAUSDT,ADA,USDT,USDT,75.0,8.0,0.0001,2026-05-31 22:09:58.740706,20260531,ADAUSDT
Bitunix,LTCUSDT,LTC,USDT,USDT,75.0,8.0,0.01,2026-05-31 22:09:58.740706,20260531,LTCUSDT
Bitunix,DOGEUSDT,DOGE,USDT,USDT,75.0,8.0,1e-05,2026-05-31 22:09:58.740706,20260531,DOGEUSDT
Bitunix,SOLUSDT,SOL,USDT,USDT,100.0,8.0,0.01,2026-05-31 22:09:58.740706,20260531,SOLUSDT
Bitunix,DOTUSDT,DOT,USDT,USDT,75.0,8.0,0.001,2026-05-31 22:09:58.740706,20260531,DOTUSDT
Bitunix,AVAXUSDT,AVAX,USDT,USDT,75.0,8.0,0.001,2026-05-31 22:09:58.740706,20260531,AVAXUSDT
Bitunix,TRXUSDT,TRX,USDT,USDT,75.0,8.0,1e-05,2026-05-31 22:09:58.740706,20260531,TRXUSDT
Bitunix,LINKUSDT,LINK,USDT,USDT,75.0,8.0,0.001,2026-05-31 22:09:58.740706,20260531,LINKUSDT
Bitunix,ATOMUSDT,ATOM,USDT,USDT,75.0,8.0,0.001,2026-05-31 22:09:58.740706,20260531,ATOMUSDT
Bitunix,ETCUSDT,ETC,USDT,USDT,75.0,8.0,0.001,2026-05-31 22:09:58.740706,20260531,ETCUSDT
Bitunix,UNIUSDT,UNI,USDT,USDT,75.0,8.0,0.001,2026-05-31 22:09:58.740706,20260531,UNIUSDT
Bitunix,XLMUSDT,XLM,USDT,USDT,75.0,8.0,1e-05,2026-05-31 22:09:58.740706,20260531,XLMUSDT
Bitunix,ICPUSDT,ICP,USDT,USDT,75.0,8.0,0.001,2026-05-31 22:09:58.740706,20260531,ICPUSDT
Bitunix,FILUSDT,FIL,USDT,USDT,75.0,8.0,0.001,2026-05-31 22:09:58.740706,20260531,FILUSDT
Bitunix,BCHUSDT,BCH,USDT,USDT,75.0,8.0,0.01,2026-05-31 22:09:58.740706,20260531,BCHUSDT
Bitunix,APTUSDT,APT,USDT,USDT,50.0,8.0,0.0001,2026-05-31 22:09:58.740706,20260531,APTUSDT
Bitunix,BATUSDT,BAT,USDT,USDT,50.0,8.0,0.0001,2026-05-31 22:09:58.740706,20260531,BATUSDT
Bitunix,DYDXUSDT,DYDX,USDT,USDT,75.0,8.0,0.0001,2026-05-31 22:09:58.740706,20260531,DYDXUSDT
Bitunix,ARBUSDT,ARB,USDT,USDT,50.0,8.0,0.0001,2026-05-31 22:09:58.740706,20260531,ARBUSDT
Bitunix,APEUSDT,APE,USDT,USDT,50.0,8.0,0.0001,2026-05-31 22:09:58.740706,20260531,APEUSDT
Bitunix,LDOUSDT,LDO,USDT,USDT,50.0,8.0,0.0001,2026-05-31 22:09:58.740706,20260531,LDOUSDT
Bitunix,CRVUSDT,CRV,USDT,USDT,75.0,8.0,0.0001,2026-05-31 22:09:58.740706,20260531,CRVUSDT
Bitunix,MASKUSDT,MASK,USDT,USDT,50.0,4.0,0.0001,2026-05-31 22:09:58.740706,20260531,MASKUSDT
Bitunix,VETUSDT,VET,USDT,USDT,50.0,8.0,1e-06,2026-05-31 22:09:58.740706,20260531,VETUSDT
Bitunix,NEARUSDT,NEAR,USDT,USDT,50.0,8.0,0.001,2026-05-31 22:09:58.740706,20260531,NEARUSDT
Bitunix,AAVEUSDT,AAVE,USDT,USDT,75.0,8.0,0.01,2026-05-31 22:09:58.740706,20260531,AAVEUSDT
Bitunix,GRTUSDT,GRT,USDT,USDT,50.0,8.0,1e-05,2026-05-31 22:09:58.740706,20260531,GRTUSDT
Bitunix,OPUSDT,OP,USDT,USDT,50.0,8.0,0.0001,2026-05-31 22:09:58.740706,20260531,OPUSDT
Bitunix,EGLDUSDT,EGLD,USDT,USDT,25.0,8.0,0.001,2026-05-31 22:09:58.740706,20260531,EGLDUSDT
Bitunix,STXUSDT,STX,USDT,USDT,25.0,8.0,0.0001,2026-05-31 22:09:58.740706,20260531,STXUSDT
Bitunix,SANDUSDT,SAND,USDT,USDT,50.0,8.0,1e-05,2026-05-31 22:09:58.740706,20260531,SANDUSDT
Bitunix,ALGOUSDT,ALGO,USDT,USDT,75.0,8.0,0.0001,2026-05-31 22:09:58.740706,20260531,ALGOUSDT
Bitunix,SUIUSDT,SUI,USDT,USDT,75.0,8.0,0.0001,2026-05-31 22:09:58.740706,20260531,SUIUSDT
Bitunix,IMXUSDT,IMX,USDT,USDT,50.0,4.0,0.0001,2026-05-31 22:09:58.740706,20260531,IMXUSDT
Bitunix,SNXUSDT,SNX,USDT,USDT,50.0,8.0,0.0001,2026-05-31 22:09:58.740706,20260531,SNXUSDT
Bitunix,GALAUSDT,GALA,USDT,USDT,50.0,8.0,1e-06,2026-05-31 22:09:58.740706,20260531,GALAUSDT
Bitunix,THETAUSDT,THETA,USDT,USDT,50.0,8.0,0.0001,2026-05-31 22:09:58.740706,20260531,THETAUSDT
Bitunix,MANAUSDT,MANA,USDT,USDT,50.0,8.0,0.0001,2026-05-31 22:09:58.740706,20260531,MANAUSDT
Bitunix,XTZUSDT,XTZ,USDT,USDT,50.0,4.0,0.0001,2026-05-31 22:09:58.740706,20260531,XTZUSDT
Bitunix,AXSUSDT,AXS,USDT,USDT,50.0,4.0,0.001,2026-05-31 22:09:58.740706,20260531,AXSUSDT
Bitunix,COMPUSDT,COMP,USDT,USDT,25.0,8.0,0.01,2026-05-31 22:09:58.740706,20260531,COMPUSDT
Bitunix,CYBERUSDT,CYBER,USDT,USDT,20.0,4.0,0.0001,2026-05-31 22:09:58.740706,20260531,CYBERUSDT
Bitunix,WLDUSDT,WLD,USDT,USDT,75.0,8.0,0.0001,2026-05-31 22:09:58.740706,20260531,WLDUSDT
Bitunix,TRBUSDT,TRB,USDT,USDT,50.0,4.0,0.001,2026-05-31 22:09:58.740706,20260531,TRBUSDT
Bitunix,RUNEUSDT,RUNE,USDT,USDT,50.0,8.0,0.0001,2026-05-31 22:09:58.740706,20260531,RUNEUSDT
Bitunix,BIGTIMEUSDT,BIGTIME,USDT,USDT,50.0,4.0,1e-05,2026-05-31 22:09:58.740706,20260531,BIGTIMEUSDT
Bitunix,INJUSDT,INJ,USDT,USDT,25.0,8.0,0.001,2026-05-31 22:09:58.740706,20260531,INJUSDT
Bitunix,CAKEUSDT,CAKE,USDT,USDT,50.0,4.0,0.0001,2026-05-31 22:09:58.740706,20260531,CAKEUSDT
Bitunix,CELOUSDT,CELO,USDT,USDT,50.0,8.0,1e-05,2026-05-31 22:09:58.740706,20260531,CELOUSDT
Bitunix,XAIUSDT,XAI,USDT,USDT,50.0,4.0,1e-05,2026-05-31 22:09:58.740706,20260531,XAIUSDT
Bitunix,ORDIUSDT,ORDI,USDT,USDT,75.0,4.0,0.001,2026-05-31 22:09:58.740706,20260531,ORDIUSDT
Bitunix,JTOUSDT,JTO,USDT,USDT,50.0,4.0,0.0001,2026-05-31 22:09:58.740706,20260531,JTOUSDT
Bitunix,TIAUSDT,TIA,USDT,USDT,50.0,4.0,0.0001,2026-05-31 22:09:58.740706,20260531,TIAUSDT
Bitunix,ENSUSDT,ENS,USDT,USDT,50.0,8.0,0.001,2026-05-31 22:09:58.740706,20260531,ENSUSDT
Bitunix,1000RATSUSDT,RATS,USDT,USDT,50.0,4.0,1e-05,2026-05-31 22:09:58.740706,20260531,1000RATSUSDT
Bitunix,PEOPLEUSDT,PEOPLE,USDT,USDT,50.0,8.0,1e-05,2026-05-31 22:09:58.740706,20260531,PEOPLEUSDT
Bitunix,SEIUSDT,SEI,USDT,USDT,50.0,8.0,1e-05,2026-05-31 22:09:58.740706,20260531,SEIUSDT
Bitunix,1000BONKUSDT,BONK,USDT,USDT,75.0,4.0,1e-06,2026-05-31 22:09:58.740706,20260531,1000BONKUSDT
Bitunix,MEMEUSDT,MEME,USDT,USDT,50.0,4.0,1e-07,2026-05-31 22:09:58.740706,20260531,MEMEUSDT
Bitunix,ACEUSDT,ACE,USDT,USDT,20.0,4.0,0.0001,2026-05-31 22:09:58.740706,20260531,ACEUSDT
Bitunix,1000SATSUSDT,SATS,USDT,USDT,50.0,4.0,1e-08,2026-05-31 22:09:58.740706,20260531,1000SATSUSDT
Bitunix,PYTHUSDT,PYTH,USDT,USDT,50.0,4.0,1e-05,2026-05-31 22:09:58.740706,20260531,PYTHUSDT
Bitunix,NFPUSDT,NFP,USDT,USDT,50.0,4.0,1e-05,2026-05-31 22:09:58.740706,20260531,NFPUSDT
Bitunix,BLURUSDT,BLUR,USDT,USDT,50.0,4.0,1e-05,2026-05-31 22:09:58.740706,20260531,BLURUSDT
Bitunix,TUSDT,T,USDT,USDT,50.0,4.0,1e-06,2026-05-31 22:09:58.740706,20260531,TUSDT
Bitunix,GMTUSDT,GMT,USDT,USDT,50.0,4.0,1e-05,2026-05-31 22:09:58.740706,20260531,GMTUSDT
Bitunix,1000PEPEUSDT,PEPE,USDT,USDT,75.0,8.0,1e-07,2026-05-31 22:09:58.740706,20260531,1000PEPEUSDT
Bitunix,1000SHIBUSDT,SHIB,USDT,USDT,125.0,8.0,1e-06,2026-05-31 22:09:58.740706,20260531,1000SHIBUSDT
Bitunix,CFXUSDT,CFX,USDT,USDT,50.0,8.0,1e-05,2026-05-31 22:09:58.740706,20260531,CFXUSDT
Bitunix,MOVRUSDT,MOVR,USDT,USDT,50.0,4.0,0.001,2026-05-31 22:09:58.740706,20260531,MOVRUSDT
Bitunix,BSVUSDT,BSV,USDT,USDT,50.0,4.0,0.01,2026-05-31 22:09:58.740706,20260531,BSVUSDT
Bitunix,MINAUSDT,MINA,USDT,USDT,75.0,8.0,1e-05,2026-05-31 22:09:58.740706,20260531,MINAUSDT
Bitunix,AUCTIONUSDT,AUCTION,USDT,USDT,50.0,4.0,0.001,2026-05-31 22:09:58.740706,20260531,AUCTIONUSDT
Bitunix,1000LUNCUSDT,LUNC,USDT,USDT,50.0,8.0,1e-05,2026-05-31 22:09:58.740706,20260531,1000LUNCUSDT
Bitunix,ARUSDT,AR,USDT,USDT,50.0,8.0,0.001,2026-05-31 22:09:58.740706,20260531,ARUSDT
Bitunix,SSVUSDT,SSV,USDT,USDT,50.0,8.0,0.001,2026-05-31 22:09:58.740706,20260531,SSVUSDT
Bitunix,MAGICUSDT,MAGIC,USDT,USDT,50.0,4.0,1e-05,2026-05-31 22:09:58.740706,20260531,MAGICUSDT
Bitunix,CHZUSDT,CHZ,USDT,USDT,50.0,8.0,1e-05,2026-05-31 22:09:58.740706,20260531,CHZUSDT
Bitunix,POWRUSDT,POWR,USDT,USDT,50.0,4.0,1e-05,2026-05-31 22:09:58.740706,20260531,POWRUSDT
Bitunix,LUNA2USDT,LUNA2,USDT,USDT,20.0,4.0,1e-05,2026-05-31 22:09:58.740706,20260531,LUNA2USDT
Bitunix,PENDLEUSDT,PENDLE,USDT,USDT,50.0,8.0,0.0001,2026-05-31 22:09:58.740706,20260531,PENDLEUSDT
Bitunix,LPTUSDT,LPT,USDT,USDT,50.0,4.0,0.001,2026-05-31 22:09:58.740706,20260531,LPTUSDT
Bitunix,1INCHUSDT,1INCH,USDT,USDT,50.0,8.0,0.0001,2026-05-31 22:09:58.740706,20260531,1INCHUSDT
Bitunix,FETUSDT,FET,USDT,USDT,25.0,8.0,0.0001,2026-05-31 22:09:58.740706,20260531,FETUSDT
Bitunix,ASTRUSDT,ASTR,USDT,USDT,50.0,8.0,1e-06,2026-05-31 22:09:58.740706,20260531,ASTRUSDT
Bitunix,WOOUSDT,WOO,USDT,USDT,50.0,8.0,1e-05,2026-05-31 22:09:58.740706,20260531,WOOUSDT
Bitunix,USTCUSDT,USTC,USDT,USDT,50.0,4.0,1e-06,2026-05-31 22:09:58.740706,20260531,USTCUSDT
Bitunix,ROSEUSDT,ROSE,USDT,USDT,50.0,8.0,1e-05,2026-05-31 22:09:58.740706,20260531,ROSEUSDT
Bitunix,BEAMXUSDT,BEAMX,USDT,USDT,50.0,4.0,1e-06,2026-05-31 22:09:58.740706,20260531,BEAMXUSDT
Bitunix,SKLUSDT,SKL,USDT,USDT,50.0,4.0,1e-05,2026-05-31 22:09:58.740706,20260531,SKLUSDT
Bitunix,GASUSDT,GAS,USDT,USDT,50.0,4.0,0.001,2026-05-31 22:09:58.740706,20260531,GASUSDT
Bitunix,MAVUSDT,MAV,USDT,USDT,50.0,8.0,1e-05,2026-05-31 22:09:58.740706,20260531,MAVUSDT
Bitunix,DUSKUSDT,DUSK,USDT,USDT,50.0,4.0,1e-05,2026-05-31 22:09:58.740706,20260531,DUSKUSDT
Bitunix,FLOWUSDT,FLOW,USDT,USDT,50.0,4.0,1e-05,2026-05-31 22:09:58.740706,20260531,FLOWUSDT
Bitunix,STORJUSDT,STORJ,USDT,USDT,25.0,4.0,0.0001,2026-05-31 22:09:58.740706,20260531,STORJUSDT
Bitunix,NEOUSDT,NEO,USDT,USDT,50.0,8.0,0.001,2026-05-31 22:09:58.740706,20260531,NEOUSDT
Bitunix,ZENUSDT,ZEN,USDT,USDT,50.0,8.0,0.001,2026-05-31 22:09:58.740706,20260531,ZENUSDT
Bitunix,OGNUSDT,OGN,USDT,USDT,50.0,4.0,1e-05,2026-05-31 22:09:58.740706,20260531,OGNUSDT
Bitunix,ONTUSDT,ONT,USDT,USDT,75.0,4.0,0.0001,2026-05-31 22:09:58.740706,20260531,ONTUSDT
Bitunix,HBARUSDT,HBAR,USDT,USDT,75.0,8.0,1e-05,2026-05-31 22:09:58.740706,20260531,HBARUSDT
Bitunix,C98USDT,C98,USDT,USDT,50.0,8.0,1e-05,2026-05-31 22:09:58.740706,20260531,C98USDT
Bitunix,ETHWUSDT,ETHW,USDT,USDT,50.0,4.0,0.0001,2026-05-31 22:09:58.740706,20260531,ETHWUSDT
Bitunix,SUSHIUSDT,SUSHI,USDT,USDT,75.0,8.0,0.0001,2026-05-31 22:09:58.740706,20260531,SUSHIUSDT
Bitunix,ARPAUSDT,ARPA,USDT,USDT,75.0,8.0,1e-05,2026-05-31 22:09:58.741704,20260531,ARPAUSDT
Bitunix,KSMUSDT,KSM,USDT,USDT,50.0,8.0,0.001,2026-05-31 22:09:58.741704,20260531,KSMUSDT
Bitunix,IDUSDT,ID,USDT,USDT,50.0,1.0,1e-05,2026-05-31 22:09:58.741704,20260531,IDUSDT
Bitunix,CHRUSDT,CHR,USDT,USDT,50.0,8.0,1e-05,2026-05-31 22:09:58.741704,20260531,CHRUSDT
Bitunix,ARKMUSDT,ARKM,USDT,USDT,20.0,8.0,0.0001,2026-05-31 22:09:58.741704,20260531,ARKMUSDT
Bitunix,HIGHUSDT,HIGH,USDT,USDT,25.0,8.0,0.0001,2026-05-31 22:09:58.741704,20260531,HIGHUSDT
Bitunix,AGLDUSDT,AGLD,USDT,USDT,50.0,8.0,0.0001,2026-05-31 22:09:58.741704,20260531,AGLDUSDT
Bitunix,JOEUSDT,JOE,USDT,USDT,20.0,8.0,1e-05,2026-05-31 22:09:58.741704,20260531,JOEUSDT
Bitunix,KASUSDT,KAS,USDT,USDT,50.0,4.0,1e-05,2026-05-31 22:09:58.741704,20260531,KASUSDT
Bitunix,ZRXUSDT,ZRX,USDT,USDT,50.0,4.0,0.0001,2026-05-31 22:09:58.741704,20260531,ZRXUSDT
Bitunix,KAVAUSDT,KAVA,USDT,USDT,25.0,4.0,0.0001,2026-05-31 22:09:58.741704,20260531,KAVAUSDT
Bitunix,ARKUSDT,ARK,USDT,USDT,20.0,4.0,0.0001,2026-05-31 22:09:58.741704,20260531,ARKUSDT
Bitunix,HFTUSDT,HFT,USDT,USDT,20.0,8.0,1e-05,2026-05-31 22:09:58.741704,20260531,HFTUSDT
Bitunix,JASMYUSDT,JASMY,USDT,USDT,50.0,8.0,1e-06,2026-05-31 22:09:58.741704,20260531,JASMYUSDT
Bitunix,ONGUSDT,ONG,USDT,USDT,50.0,4.0,1e-05,2026-05-31 22:09:58.741704,20260531,ONGUSDT
Bitunix,IOTAUSDT,IOTA,USDT,USDT,50.0,8.0,0.0001,2026-05-31 22:09:58.741704,20260531,IOTAUSDT
Bitunix,QTUMUSDT,QTUM,USDT,USDT,50.0,8.0,0.001,2026-05-31 22:09:58.741704,20260531,QTUMUSDT
Bitunix,YFIUSDT,YFI,USDT,USDT,50.0,8.0,1.0,2026-05-31 22:09:58.741704,20260531,YFIUSDT
Bitunix,SUPERUSDT,SUPER,USDT,USDT,50.0,4.0,0.0001,2026-05-31 22:09:58.741704,20260531,SUPERUSDT
Bitunix,ZILUSDT,ZIL,USDT,USDT,50.0,4.0,1e-05,2026-05-31 22:09:58.741704,20260531,ZILUSDT
Bitunix,GMXUSDT,GMX,USDT,USDT,25.0,8.0,0.001,2026-05-31 22:09:58.741704,20260531,GMXUSDT
Bitunix,RIFUSDT,RIF,USDT,USDT,50.0,4.0,1e-05,2026-05-31 22:09:58.741704,20260531,RIFUSDT
Bitunix,1000FLOKIUSDT,FLOKI,USDT,USDT,20.0,8.0,1e-05,2026-05-31 22:09:58.741704,20260531,1000FLOKIUSDT
Bitunix,HOTUSDT,HOT,USDT,USDT,25.0,8.0,1e-06,2026-05-31 22:09:58.741704,20260531,HOTUSDT
Bitunix,LQTYUSDT,LQTY,USDT,USDT,25.0,8.0,0.0001,2026-05-31 22:09:58.741704,20260531,LQTYUSDT
Bitunix,ANKRUSDT,ANKR,USDT,USDT,25.0,4.0,1e-06,2026-05-31 22:09:58.741704,20260531,ANKRUSDT
Bitunix,POLYXUSDT,POLYX,USDT,USDT,50.0,4.0,1e-05,2026-05-31 22:09:58.741704,20260531,POLYXUSDT
Bitunix,ENJUSDT,ENJ,USDT,USDT,25.0,4.0,1e-05,2026-05-31 22:09:58.741704,20260531,ENJUSDT
Bitunix,ALICEUSDT,ALICE,USDT,USDT,20.0,4.0,0.0001,2026-05-31 22:09:58.741704,20260531,ALICEUSDT
Bitunix,RSRUSDT,RSR,USDT,USDT,25.0,8.0,1e-06,2026-05-31 22:09:58.741704,20260531,RSRUSDT
Bitunix,MTLUSDT,MTL,USDT,USDT,25.0,8.0,0.0001,2026-05-31 22:09:58.741704,20260531,MTLUSDT
Bitunix,API3USDT,API3,USDT,USDT,50.0,4.0,0.0001,2026-05-31 22:09:58.741704,20260531,API3USDT
Bitunix,GTCUSDT,GTC,USDT,USDT,20.0,8.0,1e-05,2026-05-31 22:09:58.741704,20260531,GTCUSDT
Bitunix,QNTUSDT,QNT,USDT,USDT,20.0,8.0,0.01,2026-05-31 22:09:58.741704,20260531,QNTUSDT
Bitunix,WIFUSDT,WIF,USDT,USDT,75.0,4.0,0.0001,2026-05-31 22:09:58.741704,20260531,WIFUSDT
Bitunix,JUPUSDT,JUP,USDT,USDT,75.0,4.0,0.0001,2026-05-31 22:09:58.741704,20260531,JUPUSDT
Bitunix,BOMEUSDT,BOME,USDT,USDT,50.0,4.0,1e-07,2026-05-31 22:09:58.741704,20260531,BOMEUSDT
Bitunix,ONDOUSDT,ONDO,USDT,USDT,75.0,4.0,0.0001,2026-05-31 22:09:58.741704,20260531,ONDOUSDT
Bitunix,ETHFIUSDT,ETHFI,USDT,USDT,50.0,4.0,0.0001,2026-05-31 22:09:58.741704,20260531,ETHFIUSDT
Bitunix,WUSDT,W,USDT,USDT,50.0,4.0,1e-05,2026-05-31 22:09:58.741704,20260531,WUSDT
Bitunix,ENAUSDT,ENA,USDT,USDT,75.0,4.0,1e-05,2026-05-31 22:09:58.741704,20260531,ENAUSDT
Bitunix,PIXELUSDT,PIXEL,USDT,USDT,50.0,4.0,1e-06,2026-05-31 22:09:58.741704,20260531,PIXELUSDT
Bitunix,EDUUSDT,EDU,USDT,USDT,50.0,8.0,1e-05,2026-05-31 22:09:58.741704,20260531,EDUUSDT
Bitunix,CTSIUSDT,CTSI,USDT,USDT,25.0,8.0,1e-05,2026-05-31 22:09:58.741704,20260531,CTSIUSDT
Bitunix,KNCUSDT,KNC,USDT,USDT,50.0,8.0,0.0001,2026-05-31 22:09:58.741704,20260531,KNCUSDT
Bitunix,ONEUSDT,ONE,USDT,USDT,50.0,8.0,1e-06,2026-05-31 22:09:58.741704,20260531,ONEUSDT
Bitunix,AEVOUSDT,AEVO,USDT,USDT,50.0,4.0,1e-05,2026-05-31 22:09:58.741704,20260531,AEVOUSDT
Bitunix,TONUSDT,TON,USDT,USDT,50.0,4.0,0.0001,2026-05-31 22:09:58.741704,20260531,TONUSDT
Bitunix,ZETAUSDT,ZETA,USDT,USDT,50.0,4.0,1e-05,2026-05-31 22:09:58.741704,20260531,ZETAUSDT
Bitunix,SAGAUSDT,SAGA,USDT,USDT,50.0,4.0,1e-05,2026-05-31 22:09:58.741704,20260531,SAGAUSDT
Bitunix,TAOUSDT,TAO,USDT,USDT,75.0,4.0,0.01,2026-05-31 22:09:58.741704,20260531,TAOUSDT
Bitunix,TNSRUSDT,TNSR,USDT,USDT,50.0,4.0,1e-05,2026-05-31 22:09:58.741704,20260531,TNSRUSDT
Bitunix,BNTUSDT,BNT,USDT,USDT,50.0,8.0,0.0001,2026-05-31 22:09:58.741704,20260531,BNTUSDT
Bitunix,CKBUSDT,CKB,USDT,USDT,20.0,8.0,1e-06,2026-05-31 22:09:58.741704,20260531,CKBUSDT
Bitunix,MANTAUSDT,MANTA,USDT,USDT,50.0,4.0,1e-05,2026-05-31 22:09:58.741704,20260531,MANTAUSDT
Bitunix,ACHUSDT,ACH,USDT,USDT,50.0,8.0,1e-06,2026-05-31 22:09:58.741704,20260531,ACHUSDT
Bitunix,YGGUSDT,YGG,USDT,USDT,50.0,4.0,1e-05,2026-05-31 22:09:58.741704,20260531,YGGUSDT
Bitunix,REZUSDT,REZ,USDT,USDT,50.0,4.0,1e-06,2026-05-31 22:09:58.741704,20260531,REZUSDT
Bitunix,SLPUSDT,SLP,USDT,USDT,75.0,4.0,1e-07,2026-05-31 22:09:58.741704,20260531,SLPUSDT
Bitunix,CELRUSDT,CELR,USDT,USDT,25.0,8.0,1e-06,2026-05-31 22:09:58.741704,20260531,CELRUSDT
Bitunix,STRKUSDT,STRK,USDT,USDT,50.0,4.0,1e-05,2026-05-31 22:09:58.741704,20260531,STRKUSDT
Bitunix,TLMUSDT,TLM,USDT,USDT,50.0,4.0,1e-06,2026-05-31 22:09:58.741704,20260531,TLMUSDT
Bitunix,DYMUSDT,DYM,USDT,USDT,50.0,4.0,1e-05,2026-05-31 22:09:58.741704,20260531,DYMUSDT
Bitunix,GLMUSDT,GLM,USDT,USDT,50.0,4.0,1e-05,2026-05-31 22:09:58.741704,20260531,GLMUSDT
Bitunix,BBUSDT,BB,USDT,USDT,50.0,4.0,1e-05,2026-05-31 22:09:58.741704,20260531,BBUSDT
Bitunix,UMAUSDT,UMA,USDT,USDT,50.0,4.0,0.0001,2026-05-31 22:09:58.741704,20260531,UMAUSDT
Bitunix,LSKUSDT,LSK,USDT,USDT,50.0,4.0,0.0001,2026-05-31 22:09:58.741704,20260531,LSKUSDT
Bitunix,NOTUSDT,NOT,USDT,USDT,50.0,4.0,1e-07,2026-05-31 22:09:58.741704,20260531,NOTUSDT
Bitunix,BICOUSDT,BICO,USDT,USDT,20.0,8.0,1e-05,2026-05-31 22:09:58.741704,20260531,BICOUSDT
Bitunix,VANRYUSDT,VANRY,USDT,USDT,50.0,4.0,1e-06,2026-05-31 22:09:58.741704,20260531,VANRYUSDT
Bitunix,AXLUSDT,AXL,USDT,USDT,50.0,4.0,1e-05,2026-05-31 22:09:58.741704,20260531,AXLUSDT
Bitunix,BANDUSDT,BAND,USDT,USDT,50.0,8.0,0.0001,2026-05-31 22:09:58.741704,20260531,BANDUSDT
Bitunix,NMRUSDT,NMR,USDT,USDT,20.0,4.0,0.001,2026-05-31 22:09:58.741704,20260531,NMRUSDT
Bitunix,IOTXUSDT,IOTX,USDT,USDT,20.0,8.0,1e-05,2026-05-31 22:09:58.741704,20260531,IOTXUSDT
Bitunix,SPELLUSDT,SPELL,USDT,USDT,50.0,8.0,1e-07,2026-05-31 22:09:58.741704,20260531,SPELLUSDT
Bitunix,TURBOUSDT,TURBO,USDT,USDT,50.0,4.0,1e-07,2026-05-31 22:09:58.741704,20260531,TURBOUSDT
Bitunix,RVNUSDT,RVN,USDT,USDT,50.0,4.0,1e-05,2026-05-31 22:09:58.741704,20260531,RVNUSDT
Bitunix,ALTUSDT,ALT,USDT,USDT,50.0,4.0,1e-06,2026-05-31 22:09:58.741704,20260531,ALTUSDT
Bitunix,STGUSDT,STG,USDT,USDT,50.0,8.0,0.0001,2026-05-31 22:09:58.741704,20260531,STGUSDT
Bitunix,ILVUSDT,ILV,USDT,USDT,50.0,4.0,0.001,2026-05-31 22:09:58.741704,20260531,ILVUSDT
Bitunix,IOUSDT,IO,USDT,USDT,50.0,4.0,0.0001,2026-05-31 22:09:58.741704,20260531,IOUSDT
Bitunix,ZKUSDT,ZK,USDT,USDT,50.0,4.0,1e-05,2026-05-31 22:09:58.741704,20260531,ZKUSDT
Bitunix,IOSTUSDT,IOST,USDT,USDT,50.0,8.0,1e-06,2026-05-31 22:09:58.741704,20260531,IOSTUSDT
Bitunix,ZROUSDT,ZRO,USDT,USDT,50.0,4.0,0.0001,2026-05-31 22:09:58.741704,20260531,ZROUSDT
Bitunix,LISTAUSDT,LISTA,USDT,USDT,50.0,4.0,1e-05,2026-05-31 22:09:58.741704,20260531,LISTAUSDT
Bitunix,TWTUSDT,TWT,USDT,USDT,50.0,4.0,0.0001,2026-05-31 22:09:58.741704,20260531,TWTUSDT
Bitunix,MEWUSDT,MEW,USDT,USDT,50.0,4.0,1e-07,2026-05-31 22:09:58.741704,20260531,MEWUSDT
Bitunix,SFPUSDT,SFP,USDT,USDT,25.0,8.0,0.0001,2026-05-31 22:09:58.741704,20260531,SFPUSDT
Bitunix,ICXUSDT,ICX,USDT,USDT,50.0,4.0,1e-05,2026-05-31 22:09:58.741704,20260531,ICXUSDT
Bitunix,WAXPUSDT,WAXP,USDT,USDT,50.0,4.0,1e-06,2026-05-31 22:09:58.741704,20260531,WAXPUSDT
Bitunix,RENDERUSDT,RENDER,USDT,USDT,50.0,4.0,0.001,2026-05-31 22:09:58.741704,20260531,RENDERUSDT
Bitunix,COTIUSDT,COTI,USDT,USDT,50.0,8.0,1e-05,2026-05-31 22:09:58.741704,20260531,COTIUSDT
Bitunix,RAREUSDT,RARE,USDT,USDT,50.0,4.0,1e-05,2026-05-31 22:09:58.741704,20260531,RAREUSDT
Bitunix,BANANAUSDT,BANANA,USDT,USDT,50.0,4.0,0.001,2026-05-31 22:09:58.741704,20260531,BANANAUSDT
Bitunix,SYNUSDT,SYN,USDT,USDT,50.0,4.0,1e-05,2026-05-31 22:09:58.741704,20260531,SYNUSDT
Bitunix,DOGSUSDT,DOGS,USDT,USDT,75.0,4.0,1e-08,2026-05-31 22:09:58.741704,20260531,DOGSUSDT
Bitunix,POPCATUSDT,POPCAT,USDT,USDT,75.0,4.0,1e-05,2026-05-31 22:09:58.741704,20260531,POPCATUSDT
Bitunix,POLUSDT,POL,USDT,USDT,75.0,4.0,1e-05,2026-05-31 22:09:58.741704,20260531,POLUSDT
Bitunix,FIDAUSDT,FIDA,USDT,USDT,75.0,4.0,1e-05,2026-05-31 22:09:58.741704,20260531,FIDAUSDT
Bitunix,EIGENUSDT,EIGEN,USDT,USDT,75.0,4.0,0.0001,2026-05-31 22:09:58.741704,20260531,EIGENUSDT
Bitunix,DIAUSDT,DIA,USDT,USDT,75.0,4.0,0.0001,2026-05-31 22:09:58.741704,20260531,DIAUSDT
Bitunix,SUNUSDT,SUN,USDT,USDT,75.0,4.0,1e-06,2026-05-31 22:09:58.741704,20260531,SUNUSDT
Bitunix,GOATUSDT,GOAT,USDT,USDT,75.0,4.0,1e-05,2026-05-31 22:09:58.741704,20260531,GOATUSDT
Bitunix,MOODENGUSDT,MOODENG,USDT,USDT,75.0,4.0,1e-05,2026-05-31 22:09:58.741704,20260531,MOODENGUSDT
Bitunix,SAFEUSDT,SAFE,USDT,USDT,75.0,4.0,0.0001,2026-05-31 22:09:58.741704,20260531,SAFEUSDT
Bitunix,CATIUSDT,CATI,USDT,USDT,75.0,4.0,1e-05,2026-05-31 22:09:58.741704,20260531,CATIUSDT
Bitunix,HMSTRUSDT,HMSTR,USDT,USDT,75.0,4.0,1e-07,2026-05-31 22:09:58.741704,20260531,HMSTRUSDT
Bitunix,GRASSUSDT,GRASS,USDT,USDT,75.0,4.0,0.0001,2026-05-31 22:09:58.741704,20260531,GRASSUSDT
Bitunix,COWUSDT,COW,USDT,USDT,75.0,4.0,0.0001,2026-05-31 22:09:58.741704,20260531,COWUSDT
Bitunix,PNUTUSDT,PNUT,USDT,USDT,75.0,4.0,1e-05,2026-05-31 22:09:58.741704,20260531,PNUTUSDT
Bitunix,ACTUSDT,ACT,USDT,USDT,75.0,4.0,1e-05,2026-05-31 22:09:58.741704,20260531,ACTUSDT
Bitunix,METISUSDT,METIS,USDT,USDT,50.0,4.0,0.001,2026-05-31 22:09:58.741704,20260531,METISUSDT
Bitunix,BANUSDT,BAN,USDT,USDT,75.0,4.0,1e-05,2026-05-31 22:09:58.741704,20260531,BANUSDT
Bitunix,DRIFTUSDT,DRIFT,USDT,USDT,75.0,4.0,1e-05,2026-05-31 22:09:58.741704,20260531,DRIFTUSDT
Bitunix,BRETTUSDT,BRETT,USDT,USDT,75.0,4.0,1e-06,2026-05-31 22:09:58.741704,20260531,BRETTUSDT
Bitunix,1000CHEEMSUSDT,CHEEMS,USDT,USDT,75.0,4.0,1e-07,2026-05-31 22:09:58.741704,20260531,1000CHEEMSUSDT
Bitunix,THEUSDT,THE,USDT,USDT,125.0,4.0,0.0001,2026-05-31 22:09:58.741704,20260531,THEUSDT
Bitunix,MORPHOUSDT,MORPHO,USDT,USDT,75.0,4.0,0.0001,2026-05-31 22:09:58.741704,20260531,MORPHOUSDT
Bitunix,CHILLGUYUSDT,CHILLGUY,USDT,USDT,75.0,4.0,1e-06,2026-05-31 22:09:58.741704,20260531,CHILLGUYUSDT
Bitunix,SCRUSDT,SCR,USDT,USDT,75.0,4.0,1e-05,2026-05-31 22:09:58.741704,20260531,SCRUSDT
Bitunix,CETUSUSDT,CETUS,USDT,USDT,75.0,4.0,1e-05,2026-05-31 22:09:58.741704,20260531,CETUSUSDT
Bitunix,ACXUSDT,ACX,USDT,USDT,75.0,4.0,1e-05,2026-05-31 22:09:58.741704,20260531,ACXUSDT
Bitunix,MOVEUSDT,MOVE,USDT,USDT,75.0,4.0,1e-05,2026-05-31 22:09:58.741704,20260531,MOVEUSDT
Bitunix,MEUSDT,ME,USDT,USDT,75.0,4.0,0.0001,2026-05-31 22:09:58.741704,20260531,MEUSDT
Bitunix,VELODROMEUSDT,VELODROME,USDT,USDT,75.0,4.0,1e-05,2026-05-31 22:09:58.741704,20260531,VELODROMEUSDT
Bitunix,MOCAUSDT,MOCA,USDT,USDT,75.0,4.0,1e-05,2026-05-31 22:09:58.741704,20260531,MOCAUSDT
Bitunix,PENGUUSDT,PENGU,USDT,USDT,75.0,4.0,1e-06,2026-05-31 22:09:58.741704,20260531,PENGUUSDT
Bitunix,1000CATUSDT,1000CAT,USDT,USDT,75.0,4.0,1e-06,2026-05-31 22:09:58.741704,20260531,1000CATUSDT
Bitunix,USUALUSDT,USUAL,USDT,USDT,75.0,4.0,1e-05,2026-05-31 22:09:58.741704,20260531,USUALUSDT
Bitunix,KOMAUSDT,KOMA,USDT,USDT,75.0,4.0,1e-06,2026-05-31 22:09:58.741704,20260531,KOMAUSDT
Bitunix,VANAUSDT,VANA,USDT,USDT,75.0,4.0,0.001,2026-05-31 22:09:58.741704,20260531,VANAUSDT
Bitunix,STEEMUSDT,STEEM,USDT,USDT,50.0,4.0,1e-05,2026-05-31 22:09:58.741704,20260531,STEEMUSDT
Bitunix,AIXBTUSDT,AIXBT,USDT,USDT,75.0,4.0,1e-05,2026-05-31 22:09:58.741704,20260531,AIXBTUSDT
Bitunix,HIVEUSDT,HIVE,USDT,USDT,50.0,1.0,1e-05,2026-05-31 22:09:58.741704,20260531,HIVEUSDT
Bitunix,VIRTUALUSDT,VIRTUAL,USDT,USDT,75.0,4.0,0.0001,2026-05-31 22:09:58.741704,20260531,VIRTUALUSDT
Bitunix,GRIFFAINUSDT,GRIFFAIN,USDT,USDT,75.0,4.0,1e-06,2026-05-31 22:09:58.741704,20260531,GRIFFAINUSDT
Bitunix,FARTCOINUSDT,FARTCOIN,USDT,USDT,75.0,4.0,0.0001,2026-05-31 22:09:58.741704,20260531,FARTCOINUSDT
Bitunix,ZEREBROUSDT,ZEREBRO,USDT,USDT,50.0,4.0,1e-06,2026-05-31 22:09:58.741704,20260531,ZEREBROUSDT
Bitunix,BIOUSDT,BIO,USDT,USDT,50.0,4.0,1e-05,2026-05-31 22:09:58.741704,20260531,BIOUSDT
Bitunix,PORTALUSDT,PORTAL,USDT,USDT,50.0,4.0,1e-05,2026-05-31 22:09:58.741704,20260531,PORTALUSDT
Bitunix,SWARMSUSDT,SWARMS,USDT,USDT,50.0,4.0,1e-06,2026-05-31 22:09:58.741704,20260531,SWARMSUSDT
Bitunix,ALCHUSDT,ALCH,USDT,USDT,50.0,4.0,1e-05,2026-05-31 22:09:58.741704,20260531,ALCHUSDT
Bitunix,COOKIEUSDT,COOKIE,USDT,USDT,50.0,4.0,1e-05,2026-05-31 22:09:58.741704,20260531,COOKIEUSDT
Bitunix,SONICUSDT,SONIC,USDT,USDT,75.0,4.0,1e-05,2026-05-31 22:09:58.741704,20260531,SONICUSDT
Bitunix,1MBABYDOGEUSDT,BABYDOGE,USDT,USDT,75.0,4.0,1e-07,2026-05-31 22:09:58.741704,20260531,1MBABYDOGEUSDT
Bitunix,SUSDT,S,USDT,USDT,75.0,4.0,1e-05,2026-05-31 22:09:58.741704,20260531,SUSDT
Bitunix,TRUMPUSDT,TRUMP,USDT,USDT,75.0,4.0,0.001,2026-05-31 22:09:58.741704,20260531,TRUMPUSDT
Bitunix,MELANIAUSDT,MELANIA,USDT,USDT,50.0,4.0,0.0001,2026-05-31 22:09:58.741704,20260531,MELANIAUSDT
Bitunix,SPXUSDT,SPX,USDT,USDT,50.0,4.0,0.0001,2026-05-31 22:09:58.741704,20260531,SPXUSDT
Bitunix,SOLVUSDT,SOLV,USDT,USDT,25.0,4.0,1e-06,2026-05-31 22:09:58.741704,20260531,SOLVUSDT
Bitunix,DEXEUSDT,DEXE,USDT,USDT,50.0,4.0,0.001,2026-05-31 22:09:58.741704,20260531,DEXEUSDT
Bitunix,VTHOUSDT,VTHO,USDT,USDT,50.0,4.0,1e-07,2026-05-31 22:09:58.741704,20260531,VTHOUSDT
Bitunix,ANIMEUSDT,ANIME,USDT,USDT,50.0,4.0,1e-06,2026-05-31 22:09:58.741704,20260531,ANIMEUSDT
Bitunix,PIPPINUSDT,PIPPIN,USDT,USDT,25.0,4.0,1e-05,2026-05-31 22:09:58.741704,20260531,PIPPINUSDT
Bitunix,CGPTUSDT,CGPT,USDT,USDT,25.0,4.0,1e-05,2026-05-31 22:09:58.741704,20260531,CGPTUSDT
Bitunix,AVAUSDT,AVA,USDT,USDT,75.0,4.0,0.0001,2026-05-31 22:09:58.741704,20260531,AVAUSDT
Bitunix,KMNOUSDT,KMNO,USDT,USDT,75.0,4.0,1e-05,2026-05-31 22:09:58.741704,20260531,KMNOUSDT
Bitunix,VVVUSDT,VVV,USDT,USDT,25.0,4.0,0.001,2026-05-31 22:09:58.741704,20260531,VVVUSDT
Bitunix,BERAUSDT,BERA,USDT,USDT,75.0,4.0,0.0001,2026-05-31 22:09:58.741704,20260531,BERAUSDT
Bitunix,TSTUSDT,TST,USDT,USDT,75.0,4.0,1e-06,2026-05-31 22:09:58.741704,20260531,TSTUSDT
Bitunix,LAYERUSDT,LAYER,USDT,USDT,25.0,4.0,1e-05,2026-05-31 22:09:58.741704,20260531,LAYERUSDT
Bitunix,PROMUSDT,PROM,USDT,USDT,50.0,4.0,0.001,2026-05-31 22:09:58.741704,20260531,PROMUSDT
Bitunix,HEIUSDT,HEI,USDT,USDT,50.0,4.0,1e-05,2026-05-31 22:09:58.741704,20260531,HEIUSDT
Bitunix,IPUSDT,IP,USDT,USDT,75.0,4.0,0.0001,2026-05-31 22:09:58.741704,20260531,IPUSDT
Bitunix,SHELLUSDT,SHELL,USDT,USDT,25.0,4.0,1e-05,2026-05-31 22:09:58.741704,20260531,SHELLUSDT
Bitunix,GPSUSDT,GPS,USDT,USDT,25.0,4.0,1e-06,2026-05-31 22:09:58.741704,20260531,GPSUSDT
Bitunix,KAITOUSDT,KAITO,USDT,USDT,75.0,4.0,0.0001,2026-05-31 22:09:58.741704,20260531,KAITOUSDT
Bitunix,RLCUSDT,RLC,USDT,USDT,25.0,8.0,0.0001,2026-05-31 22:09:58.741704,20260531,RLCUSDT
Bitunix,GUSDT,G,USDT,USDT,50.0,4.0,1e-06,2026-05-31 22:09:58.741704,20260531,GUSDT
Bitunix,REDUSDT,RED,USDT,USDT,75.0,4.0,0.0001,2026-05-31 22:09:58.741704,20260531,REDUSDT
Bitunix,VICUSDT,VIC,USDT,USDT,75.0,4.0,1e-05,2026-05-31 22:09:58.741704,20260531,VICUSDT
Bitunix,MUBARAKUSDT,MUBARAK,USDT,USDT,25.0,4.0,1e-05,2026-05-31 22:09:58.741704,20260531,MUBARAKUSDT
Bitunix,BMTUSDT,BMT,USDT,USDT,25.0,4.0,1e-05,2026-05-31 22:09:58.741704,20260531,BMTUSDT
Bitunix,EPICUSDT,EPIC,USDT,USDT,25.0,4.0,0.0001,2026-05-31 22:09:58.741704,20260531,EPICUSDT
Bitunix,FORMUSDT,FORM,USDT,USDT,75.0,4.0,0.0001,2026-05-31 22:09:58.741704,20260531,FORMUSDT
Bitunix,TUTUSDT,TUT,USDT,USDT,25.0,4.0,1e-05,2026-05-31 22:09:58.741704,20260531,TUTUSDT
Bitunix,PLUMEUSDT,PLUME,USDT,USDT,25.0,4.0,1e-05,2026-05-31 22:09:58.741704,20260531,PLUMEUSDT
Bitunix,BRUSDT,BR,USDT,USDT,25.0,4.0,1e-05,2026-05-31 22:09:58.741704,20260531,BRUSDT
Bitunix,SIRENUSDT,SIREN,USDT,USDT,25.0,4.0,0.0001,2026-05-31 22:09:58.741704,20260531,SIRENUSDT
Bitunix,ORCAUSDT,ORCA,USDT,USDT,25.0,4.0,0.001,2026-05-31 22:09:58.741704,20260531,ORCAUSDT
Bitunix,BANANAS31USDT,BANANAS31,USDT,USDT,25.0,4.0,1e-06,2026-05-31 22:09:58.741704,20260531,BANANAS31USDT
Bitunix,XAUTUSDT,XAUT,USDT,USDT,75.0,4.0,0.1,2026-05-31 22:09:58.741704,20260531,XAUTUSDT
Bitunix,PARTIUSDT,PARTI,USDT,USDT,75.0,4.0,1e-05,2026-05-31 22:09:58.741704,20260531,PARTIUSDT
Bitunix,NILUSDT,NIL,USDT,USDT,75.0,4.0,1e-05,2026-05-31 22:09:58.741704,20260531,NILUSDT
Bitunix,JELLYJELLYUSDT,JELLYJELLY,USDT,USDT,25.0,4.0,1e-05,2026-05-31 22:09:58.741704,20260531,JELLYJELLYUSDT
Bitunix,MAVIAUSDT,MAVIA,USDT,USDT,25.0,4.0,1e-05,2026-05-31 22:09:58.741704,20260531,MAVIAUSDT
Bitunix,HYPEUSDT,HYPE,USDT,USDT,75.0,4.0,0.001,2026-05-31 22:09:58.741704,20260531,HYPEUSDT
Bitunix,WALUSDT,WAL,USDT,USDT,25.0,4.0,1e-05,2026-05-31 22:09:58.741704,20260531,WALUSDT
Bitunix,GUNUSDT,GUN,USDT,USDT,50.0,4.0,1e-05,2026-05-31 22:09:58.741704,20260531,GUNUSDT
Bitunix,PAXGUSDT,PAXG,USDT,USDT,200.0,4.0,0.01,2026-05-31 22:09:58.741704,20260531,PAXGUSDT
Bitunix,RAYUSDT,RAY,USDT,USDT,75.0,4.0,0.0001,2026-05-31 22:09:58.741704,20260531,RAYUSDT
Bitunix,ATHUSDT,ATH,USDT,USDT,50.0,4.0,1e-06,2026-05-31 22:09:58.741704,20260531,ATHUSDT
Bitunix,AEROUSDT,AERO,USDT,USDT,25.0,4.0,0.0001,2026-05-31 22:09:58.741704,20260531,AEROUSDT
Bitunix,KAIAUSDT,KAIA,USDT,USDT,50.0,4.0,1e-05,2026-05-31 22:09:58.741704,20260531,KAIAUSDT
Bitunix,BABYUSDT,BABY,USDT,USDT,75.0,4.0,1e-05,2026-05-31 22:09:58.741704,20260531,BABYUSDT
Bitunix,BROCCOLIUSDT,BROCCOLI,USDT,USDT,25.0,4.0,1e-05,2026-05-31 22:09:58.741704,20260531,BROCCOLIUSDT
Bitunix,PROMPTUSDT,PROMPT,USDT,USDT,25.0,4.0,1e-05,2026-05-31 22:09:58.741704,20260531,PROMPTUSDT
Bitunix,PUMPUSDT,PUMP,USDT,USDT,20.0,4.0,1e-05,2026-05-31 22:09:58.741704,20260531,PUMPUSDT
Bitunix,STOUSDT,STO,USDT,USDT,20.0,4.0,1e-05,2026-05-31 22:09:58.741704,20260531,STOUSDT
Bitunix,FHEUSDT,FHE,USDT,USDT,20.0,4.0,1e-05,2026-05-31 22:09:58.741704,20260531,FHEUSDT
Bitunix,KERNELUSDT,KERNEL,USDT,USDT,75.0,4.0,1e-05,2026-05-31 22:09:58.741704,20260531,KERNELUSDT
Bitunix,WCTUSDT,WCT,USDT,USDT,75.0,4.0,1e-05,2026-05-31 22:09:58.741704,20260531,WCTUSDT
Bitunix,DEEPUSDT,DEEP,USDT,USDT,25.0,4.0,1e-05,2026-05-31 22:09:58.741704,20260531,DEEPUSDT
Bitunix,BANKUSDT,BANK,USDT,USDT,50.0,4.0,1e-05,2026-05-31 22:09:58.741704,20260531,BANKUSDT
Bitunix,HYPERUSDT,HYPER,USDT,USDT,50.0,4.0,1e-05,2026-05-31 22:09:58.741704,20260531,HYPERUSDT
Bitunix,INITUSDT,INIT,USDT,USDT,75.0,4.0,1e-05,2026-05-31 22:09:58.741704,20260531,INITUSDT
Bitunix,ZBCNUSDT,ZBCN,USDT,USDT,20.0,8.0,1e-07,2026-05-31 22:09:58.741704,20260531,ZBCNUSDT
Bitunix,SIGNUSDT,SIGN,USDT,USDT,50.0,4.0,1e-05,2026-05-31 22:09:58.741704,20260531,SIGNUSDT
Bitunix,JSTUSDT,JST,USDT,USDT,50.0,4.0,1e-05,2026-05-31 22:09:58.741704,20260531,JSTUSDT
Bitunix,COREUSDT,CORE,USDT,USDT,25.0,8.0,1e-05,2026-05-31 22:09:58.741704,20260531,COREUSDT
Bitunix,PUNDIXUSDT,PUNDIX,USDT,USDT,75.0,4.0,0.0001,2026-05-31 22:09:58.741704,20260531,PUNDIXUSDT
Bitunix,CTKUSDT,CTK,USDT,USDT,75.0,4.0,0.0001,2026-05-31 22:09:58.741704,20260531,CTKUSDT
Bitunix,DOLOUSDT,DOLO,USDT,USDT,50.0,4.0,1e-05,2026-05-31 22:09:58.741704,20260531,DOLOUSDT
Bitunix,HAEDALUSDT,HAEDAL,USDT,USDT,50.0,4.0,1e-05,2026-05-31 22:09:58.741704,20260531,HAEDALUSDT
Bitunix,AVAAIUSDT,AVAAI,USDT,USDT,25.0,4.0,1e-06,2026-05-31 22:09:58.741704,20260531,AVAAIUSDT
Bitunix,B2USDT,B2,USDT,USDT,50.0,4.0,0.0001,2026-05-31 22:09:58.741704,20260531,B2USDT
Bitunix,SYRUPUSDT,SYRUP,USDT,USDT,75.0,4.0,1e-05,2026-05-31 22:09:58.741704,20260531,SYRUPUSDT
Bitunix,ALPINEUSDT,ALPINE,USDT,USDT,75.0,4.0,0.0001,2026-05-31 22:09:58.741704,20260531,ALPINEUSDT
Bitunix,SXTUSDT,SXT,USDT,USDT,50.0,4.0,1e-05,2026-05-31 22:09:58.741704,20260531,SXTUSDT
Bitunix,ASRUSDT,ASR,USDT,USDT,75.0,4.0,0.001,2026-05-31 22:09:58.741704,20260531,ASRUSDT
Bitunix,DOODUSDT,DOOD,USDT,USDT,50.0,4.0,1e-06,2026-05-31 22:09:58.741704,20260531,DOODUSDT
Bitunix,OGUSDT,OG,USDT,USDT,25.0,4.0,0.001,2026-05-31 22:09:58.741704,20260531,OGUSDT
Bitunix,SKYAIUSDT,SKYAI,USDT,USDT,50.0,4.0,1e-05,2026-05-31 22:09:58.741704,20260531,SKYAIUSDT
Bitunix,NXPCUSDT,NXPC,USDT,USDT,50.0,4.0,0.0001,2026-05-31 22:09:58.741704,20260531,NXPCUSDT
Bitunix,CVCUSDT,CVC,USDT,USDT,75.0,4.0,1e-05,2026-05-31 22:09:58.741704,20260531,CVCUSDT
Bitunix,AWEUSDT,AWE,USDT,USDT,25.0,4.0,1e-05,2026-05-31 22:09:58.741704,20260531,AWEUSDT
Bitunix,BUSDT,B,USDT,USDT,50.0,4.0,0.0001,2026-05-31 22:09:58.741704,20260531,BUSDT
Bitunix,SOONUSDT,SOON,USDT,USDT,50.0,4.0,0.0001,2026-05-31 22:09:58.741704,20260531,SOONUSDT
Bitunix,HUMAUSDT,HUMA,USDT,USDT,50.0,4.0,1e-06,2026-05-31 22:09:58.741704,20260531,HUMAUSDT
Bitunix,AUSDT,A,USDT,USDT,75.0,4.0,1e-05,2026-05-31 22:09:58.741704,20260531,AUSDT
Bitunix,SOPHUSDT,SOPH,USDT,USDT,75.0,4.0,1e-06,2026-05-31 22:09:58.742701,20260531,SOPHUSDT
Bitunix,MERLUSDT,MERL,USDT,USDT,75.0,4.0,1e-05,2026-05-31 22:09:58.742701,20260531,MERLUSDT
Bitunix,MNTUSDT,MNT,USDT,USDT,20.0,8.0,0.0001,2026-05-31 22:09:58.742701,20260531,MNTUSDT
Bitunix,1000000MOGUSDT,MOG,USDT,USDT,50.0,4.0,0.0001,2026-05-31 22:09:58.742701,20260531,1000000MOGUSDT
Bitunix,LAUSDT,LA,USDT,USDT,50.0,4.0,0.0001,2026-05-31 22:09:58.742701,20260531,LAUSDT
Bitunix,HOMEUSDT,HOME,USDT,USDT,50.0,4.0,1e-06,2026-05-31 22:09:58.742701,20260531,HOMEUSDT
Bitunix,RESOLVUSDT,RESOLV,USDT,USDT,50.0,4.0,1e-05,2026-05-31 22:09:58.742701,20260531,RESOLVUSDT
Bitunix,SQDUSDT,SQD,USDT,USDT,50.0,4.0,1e-05,2026-05-31 22:09:58.742701,20260531,SQDUSDT
Bitunix,TAIKOUSDT,TAIKO,USDT,USDT,50.0,4.0,0.0001,2026-05-31 22:09:58.742701,20260531,TAIKOUSDT
Bitunix,SPKUSDT,SPK,USDT,USDT,75.0,4.0,1e-05,2026-05-31 22:09:58.742701,20260531,SPKUSDT
Bitunix,MYXUSDT,MYX,USDT,USDT,50.0,4.0,0.0001,2026-05-31 22:09:58.742701,20260531,MYXUSDT
Bitunix,FUSDT,F,USDT,USDT,50.0,4.0,1e-06,2026-05-31 22:09:58.742701,20260531,FUSDT
Bitunix,NEWTUSDT,NEWT,USDT,USDT,75.0,4.0,1e-05,2026-05-31 22:09:58.742701,20260531,NEWTUSDT
Bitunix,HUSDT,H,USDT,USDT,50.0,4.0,1e-05,2026-05-31 22:09:58.742701,20260531,HUSDT
Bitunix,SAHARAUSDT,SAHARA,USDT,USDT,75.0,4.0,1e-05,2026-05-31 22:09:58.742701,20260531,SAHARAUSDT
Bitunix,ICNTUSDT,ICNT,USDT,USDT,50.0,4.0,0.0001,2026-05-31 22:09:58.742701,20260531,ICNTUSDT
Bitunix,DOGUSDT,DOG,USDT,USDT,25.0,4.0,1e-07,2026-05-31 22:09:58.742701,20260531,DOGUSDT
Bitunix,IDOLUSDT,IDOL,USDT,USDT,50.0,4.0,1e-05,2026-05-31 22:09:58.742701,20260531,IDOLUSDT
Bitunix,AINUSDT,AIN,USDT,USDT,50.0,4.0,1e-05,2026-05-31 22:09:58.742701,20260531,AINUSDT
Bitunix,CROSSUSDT,CROSS,USDT,USDT,50.0,4.0,1e-05,2026-05-31 22:09:58.742701,20260531,CROSSUSDT
Bitunix,MUSDT,M,USDT,USDT,50.0,4.0,0.0001,2026-05-31 22:09:58.742701,20260531,MUSDT
Bitunix,PUMPFUNUSDT,PUMPFUN,USDT,USDT,75.0,4.0,1e-06,2026-05-31 22:09:58.742701,20260531,PUMPFUNUSDT
Bitunix,CUSDT,C,USDT,USDT,50.0,4.0,1e-05,2026-05-31 22:09:58.742701,20260531,CUSDT
Bitunix,TACUSDT,TAC,USDT,USDT,50.0,4.0,1e-06,2026-05-31 22:09:58.742701,20260531,TACUSDT
Bitunix,VELVETUSDT,VELVET,USDT,USDT,50.0,4.0,1e-05,2026-05-31 22:09:58.742701,20260531,VELVETUSDT
Bitunix,CVXUSDT,CVX,USDT,USDT,25.0,4.0,0.001,2026-05-31 22:09:58.742701,20260531,CVXUSDT
Bitunix,ERAUSDT,ERA,USDT,USDT,75.0,4.0,0.0001,2026-05-31 22:09:58.742701,20260531,ERAUSDT
Bitunix,TAUSDT,TA,USDT,USDT,50.0,4.0,1e-05,2026-05-31 22:09:58.742701,20260531,TAUSDT
Bitunix,USELESSUSDT,USELESS,USDT,USDT,25.0,4.0,1e-05,2026-05-31 22:09:58.742701,20260531,USELESSUSDT
Bitunix,ZORAUSDT,ZORA,USDT,USDT,75.0,4.0,1e-05,2026-05-31 22:09:58.742701,20260531,ZORAUSDT
Bitunix,TAGUSDT,TAG,USDT,USDT,50.0,4.0,1e-07,2026-05-31 22:09:58.742701,20260531,TAGUSDT
Bitunix,TREEUSDT,TREE,USDT,USDT,75.0,4.0,1e-05,2026-05-31 22:09:58.742701,20260531,TREEUSDT
Bitunix,ESPORTSUSDT,ESPORTS,USDT,USDT,50.0,4.0,0.0001,2026-05-31 22:09:58.742701,20260531,ESPORTSUSDT
Bitunix,NAORISUSDT,NAORIS,USDT,USDT,50.0,4.0,1e-05,2026-05-31 22:09:58.742701,20260531,NAORISUSDT
Bitunix,TOWNSUSDT,TOWNS,USDT,USDT,75.0,4.0,1e-06,2026-05-31 22:09:58.742701,20260531,TOWNSUSDT
Bitunix,PROVEUSDT,PROVE,USDT,USDT,75.0,4.0,0.0001,2026-05-31 22:09:58.742701,20260531,PROVEUSDT
Bitunix,INUSDT,IN,USDT,USDT,50.0,4.0,1e-05,2026-05-31 22:09:58.742701,20260531,INUSDT
Bitunix,CARVUSDT,CARV,USDT,USDT,50.0,4.0,1e-05,2026-05-31 22:09:58.742701,20260531,CARVUSDT
Bitunix,RPLUSDT,RPL,USDT,USDT,75.0,4.0,0.001,2026-05-31 22:09:58.742701,20260531,RPLUSDT
Bitunix,CROUSDT,CRO,USDT,USDT,25.0,8.0,1e-05,2026-05-31 22:09:58.742701,20260531,CROUSDT
Bitunix,XNYUSDT,XNY,USDT,USDT,50.0,4.0,1e-06,2026-05-31 22:09:58.742701,20260531,XNYUSDT
Bitunix,LUMIAUSDT,LUMIA,USDT,USDT,50.0,4.0,1e-05,2026-05-31 22:09:58.742701,20260531,LUMIAUSDT
Bitunix,AIOUSDT,AIO,USDT,USDT,50.0,4.0,1e-05,2026-05-31 22:09:58.742701,20260531,AIOUSDT
Bitunix,COSUSDT,COS,USDT,USDT,50.0,4.0,1e-06,2026-05-31 22:09:58.742701,20260531,COSUSDT
Bitunix,SAPIENUSDT,SAPIEN,USDT,USDT,50.0,4.0,1e-05,2026-05-31 22:09:58.742701,20260531,SAPIENUSDT
Bitunix,OKBUSDT,OKB,USDT,USDT,25.0,4.0,0.01,2026-05-31 22:09:58.742701,20260531,OKBUSDT
Bitunix,WLFIUSDT,WLFI,USDT,USDT,50.0,4.0,0.0001,2026-05-31 22:09:58.742701,20260531,WLFIUSDT
Bitunix,XPLUSDT,XPL,USDT,USDT,75.0,4.0,0.0001,2026-05-31 22:09:58.742701,20260531,XPLUSDT
Bitunix,BTCUSD,BTC,USD,BTC,125.0,8.0,0.1,2026-05-31 22:09:58.742701,20260531,BTCUSD
Bitunix,BTRUSDT,BTR,USDT,USDT,50.0,4.0,1e-05,2026-05-31 22:09:58.742701,20260531,BTRUSDT
Bitunix,MITOUSDT,MITO,USDT,USDT,50.0,4.0,1e-05,2026-05-31 22:09:58.742701,20260531,MITOUSDT
Bitunix,BASUSDT,BAS,USDT,USDT,50.0,4.0,1e-06,2026-05-31 22:09:58.742701,20260531,BASUSDT
Bitunix,AIOTUSDT,AIOT,USDT,USDT,50.0,4.0,1e-05,2026-05-31 22:09:58.742701,20260531,AIOTUSDT
Bitunix,QUSDT,Q,USDT,USDT,50.0,4.0,1e-06,2026-05-31 22:09:58.742701,20260531,QUSDT
Bitunix,SOMIUSDT,SOMI,USDT,USDT,50.0,4.0,0.0001,2026-05-31 22:09:58.742701,20260531,SOMIUSDT
Bitunix,XVSUSDT,XVS,USDT,USDT,50.0,8.0,0.001,2026-05-31 22:09:58.742701,20260531,XVSUSDT
Bitunix,ARIAUSDT,ARIA,USDT,USDT,50.0,4.0,0.0001,2026-05-31 22:09:58.742701,20260531,ARIAUSDT
Bitunix,PTBUSDT,PTB,USDT,USDT,50.0,4.0,1e-07,2026-05-31 22:09:58.742701,20260531,PTBUSDT
Bitunix,TAKEUSDT,TAKE,USDT,USDT,50.0,4.0,1e-05,2026-05-31 22:09:58.742701,20260531,TAKEUSDT
Bitunix,HEMIUSDT,HEMI,USDT,USDT,50.0,4.0,1e-06,2026-05-31 22:09:58.742701,20260531,HEMIUSDT
Bitunix,OPENUSDT,OPEN,USDT,USDT,75.0,4.0,0.0001,2026-05-31 22:09:58.742701,20260531,OPENUSDT
Bitunix,FLOCKUSDT,FLOCK,USDT,USDT,75.0,4.0,1e-05,2026-05-31 22:09:58.742701,20260531,FLOCKUSDT
Bitunix,AVNTUSDT,AVNT,USDT,USDT,50.0,4.0,0.0001,2026-05-31 22:09:58.742701,20260531,AVNTUSDT
Bitunix,SKYUSDT,SKY,USDT,USDT,50.0,4.0,1e-05,2026-05-31 22:09:58.742701,20260531,SKYUSDT
Bitunix,ETHUSD,ETH,USD,ETH,100.0,8.0,0.01,2026-05-31 22:09:58.742701,20260531,ETHUSD
Bitunix,XRPUSD,XRP,USD,XRP,20.0,8.0,0.0001,2026-05-31 22:09:58.742701,20260531,XRPUSD
Bitunix,SOLUSD,SOL,USD,SOL,20.0,8.0,0.01,2026-05-31 22:09:58.742701,20260531,SOLUSD
Bitunix,ADAUSD,ADA,USD,ADA,20.0,8.0,0.0001,2026-05-31 22:09:58.742701,20260531,ADAUSD
Bitunix,LINEAUSDT,LINEA,USDT,USDT,50.0,4.0,1e-06,2026-05-31 22:09:58.742701,20260531,LINEAUSDT
Bitunix,HOLOUSDT,HOLO,USDT,USDT,75.0,4.0,1e-05,2026-05-31 22:09:58.742701,20260531,HOLOUSDT
Bitunix,XPINUSDT,XPIN,USDT,USDT,50.0,4.0,1e-06,2026-05-31 22:09:58.742701,20260531,XPINUSDT
Bitunix,UBUSDT,UB,USDT,USDT,50.0,4.0,1e-05,2026-05-31 22:09:58.742701,20260531,UBUSDT
Bitunix,ZKCUSDT,ZKC,USDT,USDT,50.0,4.0,1e-05,2026-05-31 22:09:58.742701,20260531,ZKCUSDT
Bitunix,TOSHIUSDT,TOSHI,USDT,USDT,50.0,4.0,1e-07,2026-05-31 22:09:58.742701,20260531,TOSHIUSDT
Bitunix,AIAUSDT,AIA,USDT,USDT,20.0,4.0,1e-05,2026-05-31 22:09:58.742701,20260531,AIAUSDT
Bitunix,BARDUSDT,BARD,USDT,USDT,50.0,4.0,0.0001,2026-05-31 22:09:58.742701,20260531,BARDUSDT
Bitunix,ASTERUSDT,ASTER,USDT,USDT,50.0,4.0,0.0001,2026-05-31 22:09:58.742701,20260531,ASTERUSDT
Bitunix,0GUSDT,0G,USDT,USDT,75.0,4.0,0.0001,2026-05-31 22:09:58.742701,20260531,0GUSDT
Bitunix,TRADOORUSDT,TRADOOR,USDT,USDT,50.0,4.0,0.0001,2026-05-31 22:09:58.742701,20260531,TRADOORUSDT
Bitunix,STBLUSDT,STBL,USDT,USDT,50.0,4.0,1e-05,2026-05-31 22:09:58.742701,20260531,STBLUSDT
Bitunix,BLESSUSDT,BLESS,USDT,USDT,50.0,4.0,1e-06,2026-05-31 22:09:58.742701,20260531,BLESSUSDT
Bitunix,FLUIDUSDT,FLUID,USDT,USDT,75.0,4.0,0.001,2026-05-31 22:09:58.742701,20260531,FLUIDUSDT
Bitunix,COAIUSDT,COAI,USDT,USDT,50.0,4.0,0.0001,2026-05-31 22:09:58.742701,20260531,COAIUSDT
Bitunix,MIRAUSDT,MIRA,USDT,USDT,75.0,4.0,1e-05,2026-05-31 22:09:58.742701,20260531,MIRAUSDT
Bitunix,HANAUSDT,HANA,USDT,USDT,50.0,4.0,1e-05,2026-05-31 22:09:58.742701,20260531,HANAUSDT
Bitunix,ORDERUSDT,ORDER,USDT,USDT,50.0,4.0,1e-05,2026-05-31 22:09:58.742701,20260531,ORDERUSDT
Bitunix,FFUSDT,FF,USDT,USDT,75.0,4.0,1e-05,2026-05-31 22:09:58.742701,20260531,FFUSDT
Bitunix,LIGHTUSDT,LIGHT,USDT,USDT,50.0,4.0,0.0001,2026-05-31 22:09:58.742701,20260531,LIGHTUSDT
Bitunix,AKEUSDT,AKE,USDT,USDT,50.0,4.0,1e-07,2026-05-31 22:09:58.742701,20260531,AKEUSDT
Bitunix,EDENUSDT,EDEN,USDT,USDT,75.0,4.0,1e-05,2026-05-31 22:09:58.742701,20260531,EDENUSDT
Bitunix,APEXUSDT,APEX,USDT,USDT,50.0,4.0,0.0001,2026-05-31 22:09:58.742701,20260531,APEXUSDT
Bitunix,XANUSDT,XAN,USDT,USDT,50.0,4.0,1e-06,2026-05-31 22:09:58.742701,20260531,XANUSDT
Bitunix,NOMUSDT,NOM,USDT,USDT,75.0,4.0,1e-06,2026-05-31 22:09:58.742701,20260531,NOMUSDT
Bitunix,2ZUSDT,2Z,USDT,USDT,50.0,4.0,1e-05,2026-05-31 22:09:58.742701,20260531,2ZUSDT
Bitunix,TRUTHUSDT,TRUTH,USDT,USDT,50.0,4.0,1e-06,2026-05-31 22:09:58.742701,20260531,TRUTHUSDT
Bitunix,EVAAUSDT,EVAA,USDT,USDT,50.0,4.0,0.0001,2026-05-31 22:09:58.742701,20260531,EVAAUSDT
Bitunix,LYNUSDT,LYN,USDT,USDT,50.0,4.0,1e-05,2026-05-31 22:09:58.742701,20260531,LYNUSDT
Bitunix,KGENUSDT,KGEN,USDT,USDT,50.0,4.0,1e-05,2026-05-31 22:09:58.742701,20260531,KGENUSDT
Bitunix,4USDT,4,USDT,USDT,50.0,4.0,1e-06,2026-05-31 22:09:58.742701,20260531,4USDT
Bitunix,GIGGLEUSDT,GIGGLE,USDT,USDT,50.0,4.0,0.01,2026-05-31 22:09:58.742701,20260531,GIGGLEUSDT
Bitunix,EULUSDT,EUL,USDT,USDT,75.0,4.0,0.0001,2026-05-31 22:09:58.742701,20260531,EULUSDT
Bitunix,ENSOUSDT,ENSO,USDT,USDT,75.0,4.0,0.0001,2026-05-31 22:09:58.742701,20260531,ENSOUSDT
Bitunix,YBUSDT,YB,USDT,USDT,25.0,4.0,0.0001,2026-05-31 22:09:58.742701,20260531,YBUSDT
Bitunix,RECALLUSDT,RECALL,USDT,USDT,50.0,4.0,1e-05,2026-05-31 22:09:58.742701,20260531,RECALLUSDT
Bitunix,CLOUSDT,CLO,USDT,USDT,50.0,4.0,1e-05,2026-05-31 22:09:58.742701,20260531,CLOUSDT
Bitunix,ZBTUSDT,ZBT,USDT,USDT,50.0,4.0,1e-05,2026-05-31 22:09:58.742701,20260531,ZBTUSDT
Bitunix,RIVERUSDT,RIVER,USDT,USDT,50.0,4.0,0.001,2026-05-31 22:09:58.742701,20260531,RIVERUSDT
Bitunix,LABUSDT,LAB,USDT,USDT,50.0,4.0,0.0001,2026-05-31 22:09:58.742701,20260531,LABUSDT
Bitunix,BLUAIUSDT,BLUAI,USDT,USDT,50.0,4.0,1e-06,2026-05-31 22:09:58.742701,20260531,BLUAIUSDT
Bitunix,TURTLEUSDT,TURTLE,USDT,USDT,50.0,4.0,1e-05,2026-05-31 22:09:58.742701,20260531,TURTLEUSDT
Bitunix,METUSDT,MET,USDT,USDT,50.0,4.0,0.0001,2026-05-31 22:09:58.742701,20260531,METUSDT
Bitunix,APRUSDT,APR,USDT,USDT,50.0,4.0,1e-05,2026-05-31 22:09:58.742701,20260531,APRUSDT
Bitunix,ONUSDT,ON,USDT,USDT,50.0,4.0,1e-05,2026-05-31 22:09:58.742701,20260531,ONUSDT
Bitunix,ATUSDT,AT,USDT,USDT,50.0,4.0,1e-05,2026-05-31 22:09:58.742701,20260531,ATUSDT
Bitunix,KITEUSDT,KITE,USDT,USDT,50.0,4.0,1e-05,2026-05-31 22:09:58.742701,20260531,KITEUSDT
Bitunix,MMTUSDT,MMT,USDT,USDT,50.0,4.0,0.0001,2026-05-31 22:09:58.742701,20260531,MMTUSDT
Bitunix,TRUSTUSDT,TRUST,USDT,USDT,50.0,4.0,1e-05,2026-05-31 22:09:58.742701,20260531,TRUSTUSDT
Bitunix,UAIUSDT,UAI,USDT,USDT,50.0,4.0,0.0001,2026-05-31 22:09:58.742701,20260531,UAIUSDT
Bitunix,JCTUSDT,JCT,USDT,USDT,40.0,4.0,1e-06,2026-05-31 22:09:58.742701,20260531,JCTUSDT
Bitunix,CCUSDT,CC,USDT,USDT,75.0,4.0,1e-05,2026-05-31 22:09:58.742701,20260531,CCUSDT
Bitunix,FOLKSUSDT,FOLKS,USDT,USDT,50.0,4.0,0.001,2026-05-31 22:09:58.742701,20260531,FOLKSUSDT
Bitunix,ALLOUSDT,ALLO,USDT,USDT,50.0,4.0,1e-05,2026-05-31 22:09:58.742701,20260531,ALLOUSDT
Bitunix,CLANKERUSDT,CLANKER,USDT,USDT,25.0,4.0,0.01,2026-05-31 22:09:58.742701,20260531,CLANKERUSDT
Bitunix,BEATUSDT,BEAT,USDT,USDT,25.0,4.0,0.0001,2026-05-31 22:09:58.742701,20260531,BEATUSDT
Bitunix,PIEVERSEUSDT,PIEVERSE,USDT,USDT,50.0,4.0,0.0001,2026-05-31 22:09:58.742701,20260531,PIEVERSEUSDT
Bitunix,MONUSDT,MON,USDT,USDT,50.0,4.0,1e-05,2026-05-31 22:09:58.742701,20260531,MONUSDT
Bitunix,IRYSUSDT,IRYS,USDT,USDT,20.0,4.0,1e-05,2026-05-31 22:09:58.742701,20260531,IRYSUSDT
Bitunix,LTCUSD,LTC,USD,LTC,20.0,8.0,0.01,2026-05-31 22:09:58.742701,20260531,LTCUSD
Bitunix,BNBUSD,BNB,USD,BNB,20.0,8.0,0.01,2026-05-31 22:09:58.742701,20260531,BNBUSD
Bitunix,DOGEUSD,DOGE,USD,DOGE,25.0,8.0,1e-05,2026-05-31 22:09:58.742701,20260531,DOGEUSD
Bitunix,LINKUSD,LINK,USD,LINK,20.0,8.0,0.001,2026-05-31 22:09:58.742701,20260531,LINKUSD
Bitunix,AVAXUSD,AVAX,USD,AVAX,20.0,8.0,0.01,2026-05-31 22:09:58.742701,20260531,AVAXUSD
Bitunix,POWERUSDT,POWER,USDT,USDT,20.0,4.0,1e-05,2026-05-31 22:09:58.742701,20260531,POWERUSDT
Bitunix,STABLEUSDT,STABLE,USDT,USDT,75.0,4.0,1e-05,2026-05-31 22:09:58.742701,20260531,STABLEUSDT
Bitunix,DOTUSD,DOT,USD,DOT,20.0,8.0,0.001,2026-05-31 22:09:58.742701,20260531,DOTUSD
Bitunix,BCHUSD,BCH,USD,BCH,20.0,8.0,0.01,2026-05-31 22:09:58.742701,20260531,BCHUSD
Bitunix,XLMUSD,XLM,USD,XLM,20.0,8.0,1e-05,2026-05-31 22:09:58.742701,20260531,XLMUSD
Bitunix,SUIUSD,SUI,USD,SUI,20.0,8.0,0.0001,2026-05-31 22:09:58.742701,20260531,SUIUSD
Bitunix,AAVEUSD,AAVE,USD,AAVE,20.0,8.0,0.01,2026-05-31 22:09:58.742701,20260531,AAVEUSD
Bitunix,WETUSDT,WET,USDT,USDT,50.0,4.0,1e-05,2026-05-31 22:09:58.742701,20260531,WETUSDT
Bitunix,BTCUSDC,BTC,USDC,USDC,125.0,8.0,0.1,2026-05-31 22:09:58.742701,20260531,BTCUSDC
Bitunix,ETHUSDC,ETH,USDC,USDC,125.0,8.0,0.01,2026-05-31 22:09:58.742701,20260531,ETHUSDC
Bitunix,SOLUSDC,SOL,USDC,USDC,100.0,8.0,0.01,2026-05-31 22:09:58.742701,20260531,SOLUSDC
Bitunix,XRPUSDC,XRP,USDC,USDC,75.0,8.0,0.0001,2026-05-31 22:09:58.742701,20260531,XRPUSDC
Bitunix,BNBUSDC,BNB,USDC,USDC,75.0,8.0,0.01,2026-05-31 22:09:58.742701,20260531,BNBUSDC
Bitunix,DOGEUSDC,DOGE,USDC,USDC,75.0,8.0,1e-05,2026-05-31 22:09:58.742701,20260531,DOGEUSDC
Bitunix,SUIUSDC,SUI,USDC,USDC,50.0,8.0,0.0001,2026-05-31 22:09:58.742701,20260531,SUIUSDC
Bitunix,BCHUSDC,BCH,USDC,USDC,75.0,8.0,0.01,2026-05-31 22:09:58.742701,20260531,BCHUSDC
Bitunix,ADAUSDC,ADA,USDC,USDC,75.0,4.0,0.0001,2026-05-31 22:09:58.742701,20260531,ADAUSDC
Bitunix,ENAUSDC,ENA,USDC,USDC,50.0,4.0,0.0001,2026-05-31 22:09:58.742701,20260531,ENAUSDC
Bitunix,NIGHTUSDT,NIGHT,USDT,USDT,50.0,4.0,1e-05,2026-05-31 22:09:58.742701,20260531,NIGHTUSDT
Bitunix,CYSUSDT,CYS,USDT,USDT,20.0,4.0,0.0001,2026-05-31 22:09:58.742701,20260531,CYSUSDT
Bitunix,LINKUSDC,LINK,USDC,USDC,75.0,8.0,0.001,2026-05-31 22:09:58.742701,20260531,LINKUSDC
Bitunix,AVAXUSDC,AVAX,USDC,USDC,75.0,8.0,0.001,2026-05-31 22:09:58.742701,20260531,AVAXUSDC
Bitunix,FILUSDC,FIL,USDC,USDC,75.0,8.0,0.001,2026-05-31 22:09:58.742701,20260531,FILUSDC
Bitunix,LTCUSDC,LTC,USDC,USDC,75.0,8.0,0.01,2026-05-31 22:09:58.742701,20260531,LTCUSDC
Bitunix,ARBUSDC,ARB,USDC,USDC,50.0,8.0,0.0001,2026-05-31 22:09:58.742701,20260531,ARBUSDC
Bitunix,UNIUSDC,UNI,USDC,USDC,75.0,8.0,0.001,2026-05-31 22:09:58.742701,20260531,UNIUSDC
Bitunix,AAVEUSDC,AAVE,USDC,USDC,75.0,8.0,0.01,2026-05-31 22:09:58.742701,20260531,AAVEUSDC
Bitunix,NEARUSDC,NEAR,USDC,USDC,50.0,8.0,0.001,2026-05-31 22:09:58.742701,20260531,NEARUSDC
Bitunix,HBARUSDC,HBAR,USDC,USDC,75.0,4.0,1e-05,2026-05-31 22:09:58.742701,20260531,HBARUSDC
Bitunix,RAVEUSDT,RAVE,USDT,USDT,50.0,4.0,0.0001,2026-05-31 22:09:58.742701,20260531,RAVEUSDT
Bitunix,1000SHIBUSDC,SHIB,USDC,USDC,50.0,8.0,1e-06,2026-05-31 22:09:58.742701,20260531,1000SHIBUSDC
Bitunix,USUSDT,US,USDT,USDT,50.0,4.0,1e-06,2026-05-31 22:09:58.742701,20260531,USUSDT
Bitunix,ZKPUSDT,ZKP,USDT,USDT,40.0,4.0,1e-05,2026-05-31 22:09:58.742701,20260531,ZKPUSDT
Bitunix,GUAUSDT,GUA,USDT,USDT,20.0,4.0,0.0001,2026-05-31 22:09:58.742701,20260531,GUAUSDT
Bitunix,LIGHTERUSDT,LIGHTER,USDT,USDT,50.0,4.0,0.0001,2026-05-31 22:09:58.742701,20260531,LIGHTERUSDT
Bitunix,COLLECTUSDT,COLLECT,USDT,USDT,20.0,4.0,1e-05,2026-05-31 22:09:58.742701,20260531,COLLECTUSDT
Bitunix,MAGMAUSDT,MAGMA,USDT,USDT,20.0,4.0,1e-05,2026-05-31 22:09:58.742701,20260531,MAGMAUSDT
Bitunix,BREVUSDT,BREV,USDT,USDT,50.0,4.0,0.0001,2026-05-31 22:09:58.742701,20260531,BREVUSDT
Bitunix,XAGUSDT,XAG,USDT,USDT,200.0,4.0,0.01,2026-05-31 22:09:58.742701,20260531,XAGUSDT
Bitunix,FOGOUSDT,FOGO,USDT,USDT,25.0,4.0,1e-05,2026-05-31 22:09:58.742701,20260531,FOGOUSDT
Bitunix,WLDUSDC,WLD,USDC,USDC,75.0,8.0,0.0001,2026-05-31 22:09:58.742701,20260531,WLDUSDC
Bitunix,WIFUSDC,WIF,USDC,USDC,50.0,4.0,0.0001,2026-05-31 22:09:58.742701,20260531,WIFUSDC
Bitunix,WLFIUSDC,WLFI,USDC,USDC,75.0,4.0,0.0001,2026-05-31 22:09:58.742701,20260531,WLFIUSDC
Bitunix,1000PEPEUSDC,PEPE,USDC,USDC,50.0,8.0,1e-07,2026-05-31 22:09:58.742701,20260531,1000PEPEUSDC
Bitunix,1000BONKUSDC,BONK,USDC,USDC,75.0,4.0,1e-06,2026-05-31 22:09:58.742701,20260531,1000BONKUSDC
Bitunix,SPORTFUNUSDT,SPORTFUN,USDT,USDT,20.0,4.0,1e-05,2026-05-31 22:09:58.742701,20260531,SPORTFUNUSDT
Bitunix,ACUUSDT,ACU,USDT,USDT,10.0,4.0,1e-05,2026-05-31 22:09:58.742701,20260531,ACUUSDT
Bitunix,SENTUSDT,SENT,USDT,USDT,40.0,4.0,1e-05,2026-05-31 22:09:58.742701,20260531,SENTUSDT
Bitunix,SKRUSDT,SKR,USDT,USDT,20.0,4.0,1e-06,2026-05-31 22:09:58.742701,20260531,SKRUSDT
Bitunix,ELSAUSDT,ELSA,USDT,USDT,20.0,4.0,1e-05,2026-05-31 22:09:58.742701,20260531,ELSAUSDT
Bitunix,SPACEUSDT,SPACE,USDT,USDT,20.0,4.0,1e-06,2026-05-31 22:09:58.742701,20260531,SPACEUSDT
Bitunix,FIGHTUSDT,FIGHT,USDT,USDT,20.0,4.0,1e-06,2026-05-31 22:09:58.742701,20260531,FIGHTUSDT
Bitunix,BIRBUSDT,BIRB,USDT,USDT,50.0,4.0,1e-05,2026-05-31 22:09:58.742701,20260531,BIRBUSDT
Bitunix,GWEIUSDT,GWEI,USDT,USDT,50.0,4.0,1e-05,2026-05-31 22:09:58.742701,20260531,GWEIUSDT
Bitunix,XPTUSDT,XPT,USDT,USDT,100.0,4.0,0.01,2026-05-31 22:09:58.742701,20260531,XPTUSDT
Bitunix,INXUSDT,INX,USDT,USDT,50.0,4.0,1e-06,2026-05-31 22:09:58.742701,20260531,INXUSDT
Bitunix,XPDUSDT,XPD,USDT,USDT,100.0,4.0,0.01,2026-05-31 22:09:58.742701,20260531,XPDUSDT
Bitunix,ZAMAUSDT,ZAMA,USDT,USDT,50.0,4.0,1e-05,2026-05-31 22:09:58.742701,20260531,ZAMAUSDT
Bitunix,TRIAUSDT,TRIA,USDT,USDT,50.0,4.0,1e-05,2026-05-31 22:09:58.742701,20260531,TRIAUSDT
Bitunix,XAUUSDT,XAU,USDT,USDT,200.0,4.0,0.01,2026-05-31 22:09:58.742701,20260531,XAUUSDT
Bitunix,ESPUSDT,ESP,USDT,USDT,25.0,4.0,1e-05,2026-05-31 22:09:58.742701,20260531,ESPUSDT
Bitunix,AZTECUSDT,AZTEC,USDT,USDT,25.0,4.0,1e-05,2026-05-31 22:09:58.742701,20260531,AZTECUSDT
Bitunix,MEGAUSDT,MEGA,USDT,USDT,50.0,4.0,1e-05,2026-05-31 22:09:58.742701,20260531,MEGAUSDT
Bitunix,OPNUSDT,OPN,USDT,USDT,25.0,4.0,0.0001,2026-05-31 22:09:58.742701,20260531,OPNUSDT
Bitunix,ROBOUSDT,ROBO,USDT,USDT,20.0,4.0,1e-05,2026-05-31 22:09:58.742701,20260531,ROBOUSDT
Bitunix,KATUSDT,KAT,USDT,USDT,50.0,4.0,1e-05,2026-05-31 22:09:58.742701,20260531,KATUSDT
Bitunix,MANTRAUSDT,MANTRA,USDT,USDT,50.0,4.0,1e-05,2026-05-31 22:09:58.742701,20260531,MANTRAUSDT
Bitunix,COPPERUSDT,COPPER,USDT,USDT,100.0,4.0,0.001,2026-05-31 22:09:58.742701,20260531,COPPERUSDT
Bitunix,TSLAUSDT,TSLA,USDT,USDT,50.0,8.0,0.01,2026-05-31 22:09:58.742701,20260531,TSLAUSDT
Bitunix,CRCLUSDT,CRCL,USDT,USDT,50.0,8.0,0.01,2026-05-31 22:09:58.742701,20260531,CRCLUSDT
Bitunix,MSTRUSDT,MSTR,USDT,USDT,50.0,8.0,0.01,2026-05-31 22:09:58.742701,20260531,MSTRUSDT
Bitunix,INTCUSDT,INTC,USDT,USDT,50.0,8.0,0.01,2026-05-31 22:09:58.742701,20260531,INTCUSDT
Bitunix,AMZNUSDT,AMZN,USDT,USDT,50.0,8.0,0.01,2026-05-31 22:09:58.742701,20260531,AMZNUSDT
Bitunix,CFGUSDT,CFG,USDT,USDT,50.0,4.0,0.0001,2026-05-31 22:09:58.742701,20260531,CFGUSDT
Bitunix,HOODUSDT,HOOD,USDT,USDT,50.0,8.0,0.01,2026-05-31 22:09:58.742701,20260531,HOODUSDT
Bitunix,COINUSDT,COIN,USDT,USDT,50.0,8.0,0.01,2026-05-31 22:09:58.742701,20260531,COINUSDT
Bitunix,AAPLUSDT,AAPL,USDT,USDT,50.0,8.0,0.01,2026-05-31 22:09:58.742701,20260531,AAPLUSDT
Bitunix,NVDAUSDT,NVDA,USDT,USDT,50.0,8.0,0.01,2026-05-31 22:09:58.742701,20260531,NVDAUSDT
Bitunix,QQQUSDT,QQQ,USDT,USDT,50.0,8.0,0.01,2026-05-31 22:09:58.742701,20260531,QQQUSDT
Bitunix,SPYUSDT,SPY,USDT,USDT,50.0,8.0,0.01,2026-05-31 22:09:58.742701,20260531,SPYUSDT
Bitunix,EWJUSDT,EWJ,USDT,USDT,50.0,8.0,0.01,2026-05-31 22:09:58.742701,20260531,EWJUSDT
Bitunix,EWYUSDT,EWY,USDT,USDT,50.0,8.0,0.01,2026-05-31 22:09:58.742701,20260531,EWYUSDT
Bitunix,CLUSDT,CL,USDT,USDT,100.0,4.0,0.01,2026-05-31 22:09:58.742701,20260531,CLUSDT
Bitunix,PAYPUSDT,PAYP,USDT,USDT,10.0,8.0,0.01,2026-05-31 22:09:58.742701,20260531,PAYPUSDT
Bitunix,PLTRUSDT,PLTR,USDT,USDT,50.0,8.0,0.01,2026-05-31 22:09:58.742701,20260531,PLTRUSDT
Bitunix,BSBUSDT,BSB,USDT,USDT,20.0,4.0,1e-05,2026-05-31 22:09:58.742701,20260531,BSBUSDT
Bitunix,GOOGLUSDT,GOOGL,USDT,USDT,50.0,8.0,0.01,2026-05-31 22:09:58.742701,20260531,GOOGLUSDT
Bitunix,METAUSDT,META,USDT,USDT,50.0,8.0,0.01,2026-05-31 22:09:58.742701,20260531,METAUSDT
Bitunix,AMDUSDT,AMD,USDT,USDT,10.0,8.0,0.01,2026-05-31 22:09:58.742701,20260531,AMDUSDT
Bitunix,SNDKUSDT,SNDK,USDT,USDT,50.0,8.0,0.01,2026-05-31 22:09:58.742701,20260531,SNDKUSDT
Bitunix,MSFTUSDT,MSFT,USDT,USDT,50.0,8.0,0.01,2026-05-31 22:09:58.742701,20260531,MSFTUSDT
Bitunix,NFLXUSDT,NFLX,USDT,USDT,10.0,8.0,0.01,2026-05-31 22:09:58.742701,20260531,NFLXUSDT
Bitunix,BASEDUSDT,BASED,USDT,USDT,50.0,4.0,1e-05,2026-05-31 22:09:58.742701,20260531,BASEDUSDT
Bitunix,MUUSDT,MU,USDT,USDT,50.0,8.0,0.01,2026-05-31 22:09:58.742701,20260531,MUUSDT
Bitunix,TSMUSDT,TSM,USDT,USDT,50.0,8.0,0.01,2026-05-31 22:09:58.742701,20260531,TSMUSDT
Bitunix,ORCLUSDT,ORCL,USDT,USDT,50.0,8.0,0.01,2026-05-31 22:09:58.742701,20260531,ORCLUSDT
Bitunix,BZUSDT,BZ,USDT,USDT,100.0,4.0,0.01,2026-05-31 22:09:58.742701,20260531,BZUSDT
Bitunix,NATGASUSDT,NATGAS,USDT,USDT,100.0,4.0,0.001,2026-05-31 22:09:58.742701,20260531,NATGASUSDT
Bitunix,PRLUSDT,PRL,USDT,USDT,20.0,4.0,0.0001,2026-05-31 22:09:58.743698,20260531,PRLUSDT
Bitunix,UPUSDT,UP,USDT,USDT,20.0,4.0,0.0001,2026-05-31 22:09:58.743698,20260531,UPUSDT
Bitunix,GENIUSUSDT,GENIUS,USDT,USDT,50.0,4.0,0.0001,2026-05-31 22:09:58.743698,20260531,GENIUSUSDT
Bitunix,FRAXUSDT,FRAX,USDT,USDT,50.0,4.0,0.0001,2026-05-31 22:09:58.743698,20260531,FRAXUSDT
Bitunix,BABAUSDT,BABA,USDT,USDT,10.0,8.0,0.01,2026-05-31 22:09:58.743698,20260531,BABAUSDT
Bitunix,AVGOUSDT,AVGO,USDT,USDT,10.0,8.0,0.01,2026-05-31 22:09:58.743698,20260531,AVGOUSDT
Bitunix,CHIPUSDT,CHIP,USDT,USDT,50.0,4.0,1e-05,2026-05-31 22:09:58.743698,20260531,CHIPUSDT
Bitunix,OPGUSDT,OPG,USDT,USDT,20.0,4.0,0.0001,2026-05-31 22:09:58.743698,20260531,OPGUSDT
Bitunix,BLENDUSDT,BLEND,USDT,USDT,20.0,4.0,0.0001,2026-05-31 22:09:58.743698,20260531,BLENDUSDT
Bitunix,AIGENSYNUSDT,AIGENSYN,USDT,USDT,25.0,4.0,1e-05,2026-05-31 22:09:58.743698,20260531,AIGENSYNUSDT
Bitunix,USARUSDT,USAR,USDT,USDT,20.0,8.0,0.01,2026-05-31 22:09:58.743698,20260531,USARUSDT
Bitunix,QCOMUSDT,QCOM,USDT,USDT,20.0,8.0,0.01,2026-05-31 22:09:58.743698,20260531,QCOMUSDT
Bitunix,BILLUSDT,BILL,USDT,USDT,20.0,4.0,1e-05,2026-05-31 22:09:58.743698,20260531,BILLUSDT
Bitunix,GAMESTOPUSDT,GAMESTOP,USDT,USDT,20.0,8.0,0.01,2026-05-31 22:09:58.743698,20260531,GAMESTOPUSDT
Bitunix,LITEUSDT,LITE,USDT,USDT,20.0,8.0,0.1,2026-05-31 22:09:58.743698,20260531,LITEUSDT
Bitunix,ARMUSDT,ARM,USDT,USDT,20.0,8.0,0.1,2026-05-31 22:09:58.743698,20260531,ARMUSDT
Bitunix,COSTUSDT,COST,USDT,USDT,20.0,8.0,0.1,2026-05-31 22:09:58.743698,20260531,COSTUSDT
Bitunix,SHLDUSDT,SHLD,USDT,USDT,20.0,8.0,0.01,2026-05-31 22:09:58.743698,20260531,SHLDUSDT
Bitunix,USOUSDT,USO,USDT,USDT,20.0,8.0,0.1,2026-05-31 22:09:58.743698,20260531,USOUSDT
Bitunix,PHAROSUSDT,PHAROS,USDT,USDT,20.0,4.0,0.0001,2026-05-31 22:09:58.743698,20260531,PHAROSUSDT
Bitunix,EDGEXUSDT,EDGEX,USDT,USDT,50.0,4.0,0.0001,2026-05-31 22:09:58.743698,20260531,EDGEXUSDT
Bitunix,MRVLUSDT,MRVL,USDT,USDT,20.0,8.0,0.01,2026-05-31 22:09:58.743698,20260531,MRVLUSDT
Bitunix,SOXLUSDT,SOXL,USDT,USDT,20.0,8.0,0.01,2026-05-31 22:09:58.743698,20260531,SOXLUSDT
Bitunix,CRWVUSDT,CRWV,USDT,USDT,20.0,8.0,0.01,2026-05-31 22:09:58.743698,20260531,CRWVUSDT
Bitunix,WMTUSDT,WMT,USDT,USDT,20.0,8.0,0.01,2026-05-31 22:09:58.743698,20260531,WMTUSDT
Bitunix,BRKBUSDT,BRKB,USDT,USDT,20.0,8.0,0.01,2026-05-31 22:09:58.743698,20260531,BRKBUSDT
Bitunix,JPMUSDT,JPM,USDT,USDT,20.0,8.0,0.01,2026-05-31 22:09:58.743698,20260531,JPMUSDT
Bitunix,VUSDT,V,USDT,USDT,20.0,8.0,0.01,2026-05-31 22:09:58.743698,20260531,VUSDT
Bitunix,CBRSUSDT,CBRS,USDT,USDT,20.0,8.0,0.01,2026-05-31 22:09:58.743698,20260531,CBRSUSDT
Bitunix,RKLBUSDT,RKLB,USDT,USDT,20.0,8.0,0.01,2026-05-31 22:09:58.743698,20260531,RKLBUSDT
Bitunix,DRAMUSDT,DRAM,USDT,USDT,20.0,8.0,0.01,2026-05-31 22:09:58.743698,20260531,DRAMUSDT
Bitunix,FLNCUSDT,FLNC,USDT,USDT,20.0,8.0,0.01,2026-05-31 22:09:58.743698,20260531,FLNCUSDT
Bitunix,SPCXUSDT,SPCX,USDT,USDT,10.0,8.0,0.01,2026-05-31 22:09:58.743698,20260531,SPCXUSDT
Bitunix,OPENAIUSDT,OPENAI,USDT,USDT,50.0,8.0,0.01,2026-05-31 22:09:58.743698,20260531,OPENAIUSDT
Bitunix,NBISUSDT,NBIS,USDT,USDT,20.0,8.0,0.01,2026-05-31 22:09:58.743698,20260531,NBISUSDT
Bitunix,WDCUSDT,WDC,USDT,USDT,20.0,8.0,0.01,2026-05-31 22:09:58.743698,20260531,WDCUSDT
Bitunix,BEUSDT,BE,USDT,USDT,50.0,8.0,0.01,2026-05-31 22:09:58.743698,20260531,BEUSDT
Bitunix,COHRUSDT,COHR,USDT,USDT,50.0,8.0,0.01,2026-05-31 22:09:58.743698,20260531,COHRUSDT
Bitunix,CTRUSDT,CTR,USDT,USDT,50.0,4.0,1e-05,2026-05-31 22:09:58.743698,20260531,CTRUSDT
Bybit,0GUSDT,0G,USDT,USDT,50.0,4.0,0.0001,2026-05-31 22:09:58.743698,20260531,0GUSDT
Bybit,1000000BABYDOGEUSDT,1000000BABYDOGE,USDT,USDT,25.0,4.0,1e-07,2026-05-31 22:09:58.743698,20260531,1000000BABYDOGEUSDT
Bybit,1000000MOGUSDT,1000000MOG,USDT,USDT,50.0,4.0,1e-05,2026-05-31 22:09:58.743698,20260531,1000000MOGUSDT
Bybit,10000NEXUSDT,10000NEX,USDT,USDT,10.0,4.0,1e-05,2026-05-31 22:09:58.743698,20260531,10000NEXUSDT
Bybit,10000SATSUSDT,10000SATS,USDT,USDT,12.0,4.0,1e-07,2026-05-31 22:09:58.743698,20260531,10000SATSUSDT
Bybit,1000BONKPERP,1000BONK,USDC,USDC,75.0,8.0,1e-06,2026-05-31 22:09:58.743698,20260531,1000BONKPERP
Bybit,1000BONKUSDT,1000BONK,USDT,USDT,50.0,4.0,1e-06,2026-05-31 22:09:58.743698,20260531,1000BONKUSDT
Bybit,1000BTTUSDT,1000BTT,USDT,USDT,12.0,8.0,1e-07,2026-05-31 22:09:58.743698,20260531,1000BTTUSDT
Bybit,1000CATUSDT,1000CAT,USDT,USDT,25.0,4.0,1e-07,2026-05-31 22:09:58.743698,20260531,1000CATUSDT
Bybit,1000FLOKIUSDT,1000FLOKI,USDT,USDT,50.0,8.0,1e-05,2026-05-31 22:09:58.743698,20260531,1000FLOKIUSDT
Bybit,1000LUNCUSDT,1000LUNC,USDT,USDT,25.0,8.0,1e-05,2026-05-31 22:09:58.743698,20260531,1000LUNCUSDT
Bybit,1000NEIROCTOPERP,1000NEIROCTO,USDC,USDC,20.0,4.0,1e-05,2026-05-31 22:09:58.743698,20260531,1000NEIROCTOPERP
Bybit,1000NEIROCTOUSDT,1000NEIROCTO,USDT,USDT,50.0,4.0,1e-05,2026-05-31 22:09:58.743698,20260531,1000NEIROCTOUSDT
Bybit,1000PEPEPERP,1000PEPE,USDC,USDC,50.0,8.0,1e-06,2026-05-31 22:09:58.743698,20260531,1000PEPEPERP
Bybit,1000PEPEUSDT,1000PEPE,USDT,USDT,50.0,8.0,1e-06,2026-05-31 22:09:58.743698,20260531,1000PEPEUSDT
Bybit,1000RATSUSDT,1000RATS,USDT,USDT,20.0,4.0,1e-05,2026-05-31 22:09:58.743698,20260531,1000RATSUSDT
Bybit,1000TAGUSDT,1000TAG,USDT,USDT,5.0,4.0,0.0001,2026-05-31 22:09:58.743698,20260531,1000TAGUSDT
Bybit,1000TOSHIUSDT,1000TOSHI,USDT,USDT,25.0,4.0,1e-05,2026-05-31 22:09:58.743698,20260531,1000TOSHIUSDT
Bybit,1000TURBOUSDT,1000TURBO,USDT,USDT,25.0,4.0,0.0001,2026-05-31 22:09:58.743698,20260531,1000TURBOUSDT
Bybit,1000XECUSDT,1000XEC,USDT,USDT,5.0,8.0,1e-06,2026-05-31 22:09:58.743698,20260531,1000XECUSDT
Bybit,1INCHUSDT,1INCH,USDT,USDT,25.0,8.0,1e-05,2026-05-31 22:09:58.743698,20260531,1INCHUSDT
Bybit,2ZUSDT,2Z,USDT,USDT,50.0,4.0,1e-05,2026-05-31 22:09:58.743698,20260531,2ZUSDT
Bybit,4USDT,4,USDT,USDT,5.0,4.0,1e-06,2026-05-31 22:09:58.743698,20260531,4USDT
Bybit,AAPLUSDT,AAPL,USDT,USDT,20.0,8.0,0.01,2026-05-31 22:09:58.743698,20260531,AAPLUSDT
Bybit,AAVEPERP,AAVE,USDC,USDC,20.0,4.0,0.01,2026-05-31 22:09:58.743698,20260531,AAVEPERP
Bybit,AAVEUSDT,AAVE,USDT,USDT,75.0,8.0,0.01,2026-05-31 22:09:58.743698,20260531,AAVEUSDT
Bybit,ACEUSDT,ACE,USDT,USDT,25.0,4.0,1e-05,2026-05-31 22:09:58.743698,20260531,ACEUSDT
Bybit,ACHUSDT,ACH,USDT,USDT,25.0,4.0,1e-06,2026-05-31 22:09:58.743698,20260531,ACHUSDT
Bybit,ACTUSDT,ACT,USDT,USDT,25.0,4.0,1e-06,2026-05-31 22:09:58.743698,20260531,ACTUSDT
Bybit,ACUUSDT,ACU,USDT,USDT,12.0,4.0,1e-05,2026-05-31 22:09:58.743698,20260531,ACUUSDT
Bybit,ACXUSDT,ACX,USDT,USDT,20.0,4.0,1e-05,2026-05-31 22:09:58.743698,20260531,ACXUSDT
Bybit,ADAUSDT,ADA,USDT,USDT,75.0,8.0,0.0001,2026-05-31 22:09:58.743698,20260531,ADAUSDT
Bybit,AERGOUSDT,AERGO,USDT,USDT,25.0,4.0,1e-05,2026-05-31 22:09:58.743698,20260531,AERGOUSDT
Bybit,AEROUSDT,AERO,USDT,USDT,25.0,4.0,0.0001,2026-05-31 22:09:58.743698,20260531,AEROUSDT
Bybit,AEVOPERP,AEVO,USDC,USDC,25.0,8.0,1e-05,2026-05-31 22:09:58.743698,20260531,AEVOPERP
Bybit,AEVOUSDT,AEVO,USDT,USDT,25.0,4.0,1e-05,2026-05-31 22:09:58.743698,20260531,AEVOUSDT
Bybit,AGIUSDT,AGI,USDT,USDT,5.0,8.0,1e-06,2026-05-31 22:09:58.743698,20260531,AGIUSDT
Bybit,AGLDUSDT,AGLD,USDT,USDT,25.0,8.0,1e-05,2026-05-31 22:09:58.743698,20260531,AGLDUSDT
Bybit,AIGENSYNUSDT,AIGENSYN,USDT,USDT,20.0,4.0,1e-05,2026-05-31 22:09:58.743698,20260531,AIGENSYNUSDT
Bybit,AIOUSDT,AIO,USDT,USDT,5.0,4.0,1e-05,2026-05-31 22:09:58.743698,20260531,AIOUSDT
Bybit,AIOZUSDT,AIOZ,USDT,USDT,20.0,8.0,1e-05,2026-05-31 22:09:58.743698,20260531,AIOZUSDT
Bybit,AIXBTUSDT,AIXBT,USDT,USDT,25.0,4.0,1e-06,2026-05-31 22:09:58.743698,20260531,AIXBTUSDT
Bybit,AKEUSDT,AKE,USDT,USDT,25.0,4.0,1e-07,2026-05-31 22:09:58.743698,20260531,AKEUSDT
Bybit,AKTUSDT,AKT,USDT,USDT,25.0,4.0,0.0001,2026-05-31 22:09:58.743698,20260531,AKTUSDT
Bybit,ALCHUSDT,ALCH,USDT,USDT,20.0,4.0,1e-05,2026-05-31 22:09:58.743698,20260531,ALCHUSDT
Bybit,ALGOUSDT,ALGO,USDT,USDT,50.0,8.0,1e-05,2026-05-31 22:09:58.743698,20260531,ALGOUSDT
Bybit,ALICEUSDT,ALICE,USDT,USDT,20.0,8.0,1e-05,2026-05-31 22:09:58.743698,20260531,ALICEUSDT
Bybit,ALLOUSDT,ALLO,USDT,USDT,25.0,4.0,1e-05,2026-05-31 22:09:58.743698,20260531,ALLOUSDT
Bybit,ALPINEUSDT,ALPINE,USDT,USDT,25.0,4.0,0.0001,2026-05-31 22:09:58.743698,20260531,ALPINEUSDT
Bybit,ALTUSDT,ALT,USDT,USDT,25.0,4.0,1e-06,2026-05-31 22:09:58.743698,20260531,ALTUSDT
Bybit,AMDSTOCKUSDT,AMDSTOCK,USDT,USDT,20.0,8.0,0.01,2026-05-31 22:09:58.743698,20260531,AMDSTOCKUSDT
Bybit,AMZNUSDT,AMZN,USDT,USDT,20.0,8.0,0.01,2026-05-31 22:09:58.743698,20260531,AMZNUSDT
Bybit,ANIMEUSDT,ANIME,USDT,USDT,25.0,4.0,1e-06,2026-05-31 22:09:58.743698,20260531,ANIMEUSDT
Bybit,ANKRUSDT,ANKR,USDT,USDT,25.0,8.0,1e-06,2026-05-31 22:09:58.743698,20260531,ANKRUSDT
Bybit,APEUSDT,APE,USDT,USDT,50.0,8.0,1e-05,2026-05-31 22:09:58.743698,20260531,APEUSDT
Bybit,APEXUSDT,APEX,USDT,USDT,25.0,4.0,0.0001,2026-05-31 22:09:58.743698,20260531,APEXUSDT
Bybit,API3USDT,API3,USDT,USDT,25.0,4.0,0.0001,2026-05-31 22:09:58.743698,20260531,API3USDT
Bybit,APRUSDT,APR,USDT,USDT,20.0,4.0,1e-05,2026-05-31 22:09:58.743698,20260531,APRUSDT
Bybit,APTUSDT,APT,USDT,USDT,50.0,8.0,0.0001,2026-05-31 22:09:58.743698,20260531,APTUSDT
Bybit,ARBPERP,ARB,USDC,USDC,50.0,8.0,1e-05,2026-05-31 22:09:58.743698,20260531,ARBPERP
Bybit,ARBUSDT,ARB,USDT,USDT,50.0,8.0,1e-05,2026-05-31 22:09:58.743698,20260531,ARBUSDT
Bybit,ARCUSDT,ARC,USDT,USDT,12.0,4.0,1e-05,2026-05-31 22:09:58.743698,20260531,ARCUSDT
Bybit,ARIAUSDT,ARIA,USDT,USDT,25.0,4.0,1e-05,2026-05-31 22:09:58.743698,20260531,ARIAUSDT
Bybit,ARKMUSDT,ARKM,USDT,USDT,50.0,8.0,1e-05,2026-05-31 22:09:58.743698,20260531,ARKMUSDT
Bybit,ARKUSDT,ARK,USDT,USDT,25.0,4.0,1e-05,2026-05-31 22:09:58.743698,20260531,ARKUSDT
Bybit,ARMUSDT,ARM,USDT,USDT,10.0,8.0,0.01,2026-05-31 22:09:58.743698,20260531,ARMUSDT
Bybit,ARPAUSDT,ARPA,USDT,USDT,25.0,8.0,1e-06,2026-05-31 22:09:58.743698,20260531,ARPAUSDT
Bybit,ARUSDT,AR,USDT,USDT,25.0,8.0,0.0001,2026-05-31 22:09:58.743698,20260531,ARUSDT
Bybit,ASPUSDT,ASP,USDT,USDT,5.0,4.0,1e-05,2026-05-31 22:09:58.743698,20260531,ASPUSDT
Bybit,ASRUSDT,ASR,USDT,USDT,25.0,4.0,0.0001,2026-05-31 22:09:58.743698,20260531,ASRUSDT
Bybit,ASTERPERP,ASTER,USDC,USDC,20.0,4.0,0.0001,2026-05-31 22:09:58.743698,20260531,ASTERPERP
Bybit,ASTERUSDT,ASTER,USDT,USDT,75.0,4.0,0.0001,2026-05-31 22:09:58.743698,20260531,ASTERUSDT
Bybit,ASTRUSDT,ASTR,USDT,USDT,25.0,8.0,1e-06,2026-05-31 22:09:58.743698,20260531,ASTRUSDT
Bybit,ATHUSDT,ATH,USDT,USDT,25.0,4.0,1e-06,2026-05-31 22:09:58.743698,20260531,ATHUSDT
Bybit,ATOMUSDT,ATOM,USDT,USDT,75.0,8.0,0.0001,2026-05-31 22:09:58.743698,20260531,ATOMUSDT
Bybit,ATUSDT,AT,USDT,USDT,25.0,4.0,1e-05,2026-05-31 22:09:58.743698,20260531,ATUSDT
Bybit,AUCTIONUSDT,AUCTION,USDT,USDT,25.0,4.0,0.001,2026-05-31 22:09:58.743698,20260531,AUCTIONUSDT
Bybit,AUSDT,A,USDT,USDT,50.0,4.0,1e-05,2026-05-31 22:09:58.743698,20260531,AUSDT
Bybit,AVAAIUSDT,AVAAI,USDT,USDT,20.0,4.0,1e-06,2026-05-31 22:09:58.743698,20260531,AVAAIUSDT
Bybit,AVAUSDT,AVA,USDT,USDT,5.0,4.0,0.0001,2026-05-31 22:09:58.743698,20260531,AVAUSDT
Bybit,AVAXUSDT,AVAX,USDT,USDT,50.0,8.0,0.001,2026-05-31 22:09:58.743698,20260531,AVAXUSDT
Bybit,AVGOUSDT,AVGO,USDT,USDT,20.0,8.0,0.01,2026-05-31 22:09:58.743698,20260531,AVGOUSDT
Bybit,AVNTPERP,AVNT,USDC,USDC,50.0,4.0,1e-05,2026-05-31 22:09:58.743698,20260531,AVNTPERP
Bybit,AVNTUSDT,AVNT,USDT,USDT,50.0,4.0,1e-05,2026-05-31 22:09:58.743698,20260531,AVNTUSDT
Bybit,AWEUSDT,AWE,USDT,USDT,25.0,4.0,1e-05,2026-05-31 22:09:58.743698,20260531,AWEUSDT
Bybit,AXLUSDT,AXL,USDT,USDT,25.0,4.0,1e-05,2026-05-31 22:09:58.743698,20260531,AXLUSDT
Bybit,AXSUSDT,AXS,USDT,USDT,50.0,8.0,0.0001,2026-05-31 22:09:58.743698,20260531,AXSUSDT
Bybit,AZTECUSDT,AZTEC,USDT,USDT,25.0,4.0,1e-06,2026-05-31 22:09:58.743698,20260531,AZTECUSDT
Bybit,B2USDT,B2,USDT,USDT,12.0,4.0,0.0001,2026-05-31 22:09:58.743698,20260531,B2USDT
Bybit,B3USDT,B3,USDT,USDT,20.0,4.0,1e-07,2026-05-31 22:09:58.743698,20260531,B3USDT
Bybit,BABAUSDT,BABA,USDT,USDT,10.0,8.0,0.01,2026-05-31 22:09:58.743698,20260531,BABAUSDT
Bybit,BABYUSDT,BABY,USDT,USDT,25.0,4.0,1e-06,2026-05-31 22:09:58.743698,20260531,BABYUSDT
Bybit,BANANAS31USDT,BANANAS31,USDT,USDT,20.0,4.0,1e-06,2026-05-31 22:09:58.743698,20260531,BANANAS31USDT
Bybit,BANANAUSDT,BANANA,USDT,USDT,25.0,4.0,0.001,2026-05-31 22:09:58.743698,20260531,BANANAUSDT
Bybit,BANDUSDT,BAND,USDT,USDT,5.0,8.0,0.0001,2026-05-31 22:09:58.743698,20260531,BANDUSDT
Bybit,BANKUSDT,BANK,USDT,USDT,20.0,4.0,1e-05,2026-05-31 22:09:58.743698,20260531,BANKUSDT
Bybit,BANUSDT,BAN,USDT,USDT,12.0,4.0,1e-05,2026-05-31 22:09:58.743698,20260531,BANUSDT
Bybit,BARDUSDT,BARD,USDT,USDT,25.0,4.0,0.0001,2026-05-31 22:09:58.743698,20260531,BARDUSDT
Bybit,BASEDUSDT,BASED,USDT,USDT,25.0,4.0,1e-05,2026-05-31 22:09:58.743698,20260531,BASEDUSDT
Bybit,BATUSDT,BAT,USDT,USDT,25.0,8.0,1e-05,2026-05-31 22:09:58.743698,20260531,BATUSDT
Bybit,BBUSDT,BB,USDT,USDT,25.0,4.0,1e-05,2026-05-31 22:09:58.743698,20260531,BBUSDT
Bybit,BCHPERP,BCH,USDC,USDC,75.0,4.0,0.1,2026-05-31 22:09:58.743698,20260531,BCHPERP
Bybit,BCHUSDT,BCH,USDT,USDT,50.0,8.0,0.1,2026-05-31 22:09:58.743698,20260531,BCHUSDT
Bybit,BEAMUSDT,BEAM,USDT,USDT,25.0,4.0,1e-07,2026-05-31 22:09:58.743698,20260531,BEAMUSDT
Bybit,BEATUSDT,BEAT,USDT,USDT,25.0,4.0,1e-05,2026-05-31 22:09:58.743698,20260531,BEATUSDT
Bybit,BELUSDT,BEL,USDT,USDT,5.0,8.0,1e-05,2026-05-31 22:09:58.743698,20260531,BELUSDT
Bybit,BERAUSDT,BERA,USDT,USDT,25.0,4.0,0.0001,2026-05-31 22:09:58.743698,20260531,BERAUSDT
Bybit,BEUSDT,BE,USDT,USDT,10.0,8.0,0.01,2026-05-31 22:09:58.743698,20260531,BEUSDT
Bybit,BICOUSDT,BICO,USDT,USDT,5.0,8.0,1e-05,2026-05-31 22:09:58.743698,20260531,BICOUSDT
Bybit,BIGTIMEUSDT,BIGTIME,USDT,USDT,25.0,4.0,1e-06,2026-05-31 22:09:58.743698,20260531,BIGTIMEUSDT
Bybit,BILLUSDT,BILL,USDT,USDT,20.0,4.0,1e-05,2026-05-31 22:09:58.743698,20260531,BILLUSDT
Bybit,BIOUSDT,BIO,USDT,USDT,50.0,4.0,1e-05,2026-05-31 22:09:58.743698,20260531,BIOUSDT
Bybit,BIRBUSDT,BIRB,USDT,USDT,25.0,4.0,1e-05,2026-05-31 22:09:58.743698,20260531,BIRBUSDT
Bybit,BLASTUSDT,BLAST,USDT,USDT,20.0,8.0,1e-07,2026-05-31 22:09:58.743698,20260531,BLASTUSDT
Bybit,BLENDUSDT,BLEND,USDT,USDT,20.0,4.0,0.0001,2026-05-31 22:09:58.743698,20260531,BLENDUSDT
Bybit,BLESSUSDT,BLESS,USDT,USDT,12.0,4.0,1e-06,2026-05-31 22:09:58.743698,20260531,BLESSUSDT
Bybit,BLUAIUSDT,BLUAI,USDT,USDT,12.0,4.0,1e-06,2026-05-31 22:09:58.743698,20260531,BLUAIUSDT
Bybit,BLURUSDT,BLUR,USDT,USDT,50.0,8.0,1e-06,2026-05-31 22:09:58.743698,20260531,BLURUSDT
Bybit,BMNRUSDT,BMNR,USDT,USDT,10.0,8.0,0.001,2026-05-31 22:09:58.743698,20260531,BMNRUSDT
Bybit,BMTUSDT,BMT,USDT,USDT,5.0,4.0,1e-06,2026-05-31 22:09:58.743698,20260531,BMTUSDT
Bybit,BNBPERP,BNB,USDC,USDC,50.0,8.0,0.1,2026-05-31 22:09:58.743698,20260531,BNBPERP
Bybit,BNBUSDT,BNB,USDT,USDT,50.0,8.0,0.1,2026-05-31 22:09:58.743698,20260531,BNBUSDT
Bybit,BNTUSDT,BNT,USDT,USDT,5.0,8.0,0.0001,2026-05-31 22:09:58.743698,20260531,BNTUSDT
Bybit,BOBAUSDT,BOBA,USDT,USDT,5.0,8.0,1e-05,2026-05-31 22:09:58.743698,20260531,BOBAUSDT
Bybit,BOBBOBUSDT,BOBBOB,USDT,USDT,20.0,4.0,1e-06,2026-05-31 22:09:58.743698,20260531,BOBBOBUSDT
Bybit,BOMEUSDT,BOME,USDT,USDT,25.0,4.0,1e-07,2026-05-31 22:09:58.743698,20260531,BOMEUSDT
Bybit,BRETTUSDT,BRETT,USDT,USDT,25.0,4.0,1e-06,2026-05-31 22:09:58.743698,20260531,BRETTUSDT
Bybit,BREVUSDT,BREV,USDT,USDT,50.0,4.0,1e-05,2026-05-31 22:09:58.743698,20260531,BREVUSDT
Bybit,BROCCOLIUSDT,BROCCOLI,USDT,USDT,20.0,4.0,1e-06,2026-05-31 22:09:58.743698,20260531,BROCCOLIUSDT
Bybit,BRUSDT,BR,USDT,USDT,5.0,4.0,1e-05,2026-05-31 22:09:58.743698,20260531,BRUSDT
Bybit,BSBUSDT,BSB,USDT,USDT,25.0,4.0,0.0001,2026-05-31 22:09:58.743698,20260531,BSBUSDT
Bybit,BSVUSDT,BSV,USDT,USDT,25.0,4.0,0.001,2026-05-31 22:09:58.743698,20260531,BSVUSDT
Bybit,BTCPERP,BTC,USDC,USDC,125.0,8.0,0.1,2026-05-31 22:09:58.743698,20260531,BTCPERP
Bybit,BTCUSDT,BTC,USDT,USDT,100.0,8.0,0.1,2026-05-31 22:09:58.743698,20260531,BTCUSDT
Bybit,BTCUSDT-05JUN26,BTC,USDT,USDT,50.0,0.0,0.1,2026-05-31 22:09:58.743698,20260531,BTCUSDT-05JUN26
Bybit,BTCUSDT-12JUN26,BTC,USDT,USDT,50.0,0.0,0.1,2026-05-31 22:09:58.743698,20260531,BTCUSDT-12JUN26
Bybit,BTCUSDT-19JUN26,BTC,USDT,USDT,50.0,0.0,0.1,2026-05-31 22:09:58.743698,20260531,BTCUSDT-19JUN26
Bybit,BTCUSDT-25DEC26,BTC,USDT,USDT,50.0,0.0,0.1,2026-05-31 22:09:58.743698,20260531,BTCUSDT-25DEC26
Bybit,BTCUSDT-25SEP26,BTC,USDT,USDT,50.0,0.0,0.1,2026-05-31 22:09:58.743698,20260531,BTCUSDT-25SEP26
Bybit,BTCUSDT-26JUN26,BTC,USDT,USDT,50.0,0.0,0.1,2026-05-31 22:09:58.743698,20260531,BTCUSDT-26JUN26
Bybit,BTCUSDT-26MAR27,BTC,USDT,USDT,50.0,0.0,0.1,2026-05-31 22:09:58.743698,20260531,BTCUSDT-26MAR27
Bybit,BTCUSDT-31JUL26,BTC,USDT,USDT,50.0,0.0,0.1,2026-05-31 22:09:58.743698,20260531,BTCUSDT-31JUL26
Bybit,BTRUSDT,BTR,USDT,USDT,25.0,4.0,1e-05,2026-05-31 22:09:58.743698,20260531,BTRUSDT
Bybit,BUSDT,B,USDT,USDT,12.0,4.0,1e-05,2026-05-31 22:09:58.743698,20260531,BUSDT
Bybit,BZUSDT,BZ,USDT,USDT,10.0,8.0,0.01,2026-05-31 22:09:58.743698,20260531,BZUSDT
Bybit,C98USDT,C98,USDT,USDT,25.0,8.0,1e-06,2026-05-31 22:09:58.743698,20260531,C98USDT
Bybit,CAKEUSDT,CAKE,USDT,USDT,25.0,4.0,0.0001,2026-05-31 22:09:58.743698,20260531,CAKEUSDT
Bybit,CARVUSDT,CARV,USDT,USDT,20.0,4.0,1e-05,2026-05-31 22:09:58.743698,20260531,CARVUSDT
Bybit,CATIUSDT,CATI,USDT,USDT,25.0,4.0,1e-05,2026-05-31 22:09:58.743698,20260531,CATIUSDT
Bybit,CBRSUSDT,CBRS,USDT,USDT,10.0,8.0,0.01,2026-05-31 22:09:58.743698,20260531,CBRSUSDT
Bybit,CCUSDT,CC,USDT,USDT,25.0,4.0,1e-05,2026-05-31 22:09:58.743698,20260531,CCUSDT
Bybit,CELOUSDT,CELO,USDT,USDT,25.0,8.0,1e-05,2026-05-31 22:09:58.743698,20260531,CELOUSDT
Bybit,CETUSUSDT,CETUS,USDT,USDT,12.0,4.0,1e-06,2026-05-31 22:09:58.743698,20260531,CETUSUSDT
Bybit,CFGUSDT,CFG,USDT,USDT,25.0,4.0,0.0001,2026-05-31 22:09:58.743698,20260531,CFGUSDT
Bybit,CFXUSDT,CFX,USDT,USDT,25.0,8.0,1e-05,2026-05-31 22:09:58.743698,20260531,CFXUSDT
Bybit,CGPTUSDT,CGPT,USDT,USDT,25.0,4.0,1e-06,2026-05-31 22:09:58.743698,20260531,CGPTUSDT
Bybit,CHILLGUYUSDT,CHILLGUY,USDT,USDT,25.0,4.0,1e-06,2026-05-31 22:09:58.743698,20260531,CHILLGUYUSDT
Bybit,CHIPUSDT,CHIP,USDT,USDT,20.0,4.0,1e-05,2026-05-31 22:09:58.743698,20260531,CHIPUSDT
Bybit,CHRUSDT,CHR,USDT,USDT,20.0,8.0,1e-05,2026-05-31 22:09:58.743698,20260531,CHRUSDT
Bybit,CHZUSDT,CHZ,USDT,USDT,25.0,8.0,1e-05,2026-05-31 22:09:58.743698,20260531,CHZUSDT
Bybit,CKBUSDT,CKB,USDT,USDT,25.0,8.0,1e-07,2026-05-31 22:09:58.743698,20260531,CKBUSDT
Bybit,CLANKERUSDT,CLANKER,USDT,USDT,20.0,4.0,0.001,2026-05-31 22:09:58.743698,20260531,CLANKERUSDT
Bybit,CLOUSDT,CLO,USDT,USDT,20.0,4.0,1e-05,2026-05-31 22:09:58.743698,20260531,CLOUSDT
Bybit,CLUSDT,CL,USDT,USDT,50.0,4.0,0.01,2026-05-31 22:09:58.743698,20260531,CLUSDT
Bybit,COAIUSDT,COAI,USDT,USDT,12.0,4.0,0.0001,2026-05-31 22:09:58.743698,20260531,COAIUSDT
Bybit,COINUSDT,COIN,USDT,USDT,20.0,8.0,0.01,2026-05-31 22:09:58.743698,20260531,COINUSDT
Bybit,COMPUSDT,COMP,USDT,USDT,25.0,8.0,0.001,2026-05-31 22:09:58.743698,20260531,COMPUSDT
Bybit,COOKIEUSDT,COOKIE,USDT,USDT,25.0,4.0,1e-06,2026-05-31 22:09:58.743698,20260531,COOKIEUSDT
Bybit,COREUSDT,CORE,USDT,USDT,20.0,8.0,1e-05,2026-05-31 22:09:58.743698,20260531,COREUSDT
Bybit,COTIUSDT,COTI,USDT,USDT,25.0,8.0,1e-06,2026-05-31 22:09:58.743698,20260531,COTIUSDT
Bybit,COWUSDT,COW,USDT,USDT,25.0,4.0,1e-05,2026-05-31 22:09:58.743698,20260531,COWUSDT
Bybit,CRCLUSDT,CRCL,USDT,USDT,20.0,8.0,0.01,2026-05-31 22:09:58.743698,20260531,CRCLUSDT
Bybit,CROSSUSDT,CROSS,USDT,USDT,20.0,4.0,1e-05,2026-05-31 22:09:58.743698,20260531,CROSSUSDT
Bybit,CROUSDT,CRO,USDT,USDT,25.0,8.0,1e-05,2026-05-31 22:09:58.743698,20260531,CROUSDT
Bybit,CRVPERP,CRV,USDC,USDC,20.0,4.0,0.0001,2026-05-31 22:09:58.743698,20260531,CRVPERP
Bybit,CRVUSDT,CRV,USDT,USDT,50.0,8.0,0.0001,2026-05-31 22:09:58.743698,20260531,CRVUSDT
Bybit,CRWVUSDT,CRWV,USDT,USDT,10.0,8.0,0.01,2026-05-31 22:09:58.743698,20260531,CRWVUSDT
Bybit,CSCOUSDT,CSCO,USDT,USDT,10.0,8.0,0.01,2026-05-31 22:09:58.743698,20260531,CSCOUSDT
Bybit,CTCUSDT,CTC,USDT,USDT,25.0,4.0,1e-05,2026-05-31 22:09:58.743698,20260531,CTCUSDT
Bybit,CUSDT,C,USDT,USDT,12.0,4.0,1e-05,2026-05-31 22:09:58.743698,20260531,CUSDT
Bybit,CVCUSDT,CVC,USDT,USDT,25.0,8.0,1e-05,2026-05-31 22:09:58.743698,20260531,CVCUSDT
Bybit,CVXUSDT,CVX,USDT,USDT,25.0,4.0,0.0001,2026-05-31 22:09:58.743698,20260531,CVXUSDT
Bybit,CYBERUSDT,CYBER,USDT,USDT,25.0,4.0,0.0001,2026-05-31 22:09:58.743698,20260531,CYBERUSDT
Bybit,CYSUSDT,CYS,USDT,USDT,12.0,4.0,0.0001,2026-05-31 22:09:58.743698,20260531,CYSUSDT
Bybit,DASHUSDT,DASH,USDT,USDT,25.0,8.0,0.01,2026-05-31 22:09:58.743698,20260531,DASHUSDT
Bybit,DBRUSDT,DBR,USDT,USDT,5.0,4.0,1e-06,2026-05-31 22:09:58.743698,20260531,DBRUSDT
Bybit,DEEPUSDT,DEEP,USDT,USDT,50.0,8.0,1e-05,2026-05-31 22:09:58.743698,20260531,DEEPUSDT
Bybit,DEXEUSDT,DEXE,USDT,USDT,20.0,4.0,0.001,2026-05-31 22:09:58.743698,20260531,DEXEUSDT
Bybit,DIAUSDT,DIA,USDT,USDT,5.0,4.0,1e-05,2026-05-31 22:09:58.743698,20260531,DIAUSDT
Bybit,DOGEPERP,DOGE,USDC,USDC,50.0,8.0,1e-05,2026-05-31 22:09:58.743698,20260531,DOGEPERP
Bybit,DOGEUSDT,DOGE,USDT,USDT,75.0,8.0,1e-05,2026-05-31 22:09:58.743698,20260531,DOGEUSDT
Bybit,DOGEUSDT-05JUN26,DOGE,USDT,USDT,50.0,0.0,1e-05,2026-05-31 22:09:58.743698,20260531,DOGEUSDT-05JUN26
Bybit,DOGEUSDT-12JUN26,DOGE,USDT,USDT,50.0,0.0,1e-05,2026-05-31 22:09:58.743698,20260531,DOGEUSDT-12JUN26
Bybit,DOGEUSDT-19JUN26,DOGE,USDT,USDT,50.0,0.0,1e-05,2026-05-31 22:09:58.744696,20260531,DOGEUSDT-19JUN26
Bybit,DOGEUSDT-26JUN26,DOGE,USDT,USDT,50.0,0.0,1e-05,2026-05-31 22:09:58.744696,20260531,DOGEUSDT-26JUN26
Bybit,DOLOUSDT,DOLO,USDT,USDT,12.0,4.0,1e-05,2026-05-31 22:09:58.744696,20260531,DOLOUSDT
Bybit,DOODUSDT,DOOD,USDT,USDT,12.0,4.0,1e-06,2026-05-31 22:09:58.744696,20260531,DOODUSDT
Bybit,DOTPERP,DOT,USDC,USDC,75.0,8.0,0.0001,2026-05-31 22:09:58.744696,20260531,DOTPERP
Bybit,DOTUSDT,DOT,USDT,USDT,50.0,8.0,0.0001,2026-05-31 22:09:58.744696,20260531,DOTUSDT
Bybit,DRAMUSDT,DRAM,USDT,USDT,20.0,8.0,0.001,2026-05-31 22:09:58.744696,20260531,DRAMUSDT
Bybit,DRIFTUSDT,DRIFT,USDT,USDT,20.0,4.0,1e-05,2026-05-31 22:09:58.744696,20260531,DRIFTUSDT
Bybit,DUSKUSDT,DUSK,USDT,USDT,12.0,8.0,1e-05,2026-05-31 22:09:58.744696,20260531,DUSKUSDT
Bybit,DYDXUSDT,DYDX,USDT,USDT,50.0,8.0,1e-05,2026-05-31 22:09:58.744696,20260531,DYDXUSDT
Bybit,DYMUSDT,DYM,USDT,USDT,25.0,4.0,1e-05,2026-05-31 22:09:58.744696,20260531,DYMUSDT
Bybit,EDENUSDT,EDEN,USDT,USDT,20.0,4.0,1e-05,2026-05-31 22:09:58.744696,20260531,EDENUSDT
Bybit,EDGEUSDT,EDGE,USDT,USDT,25.0,4.0,0.0001,2026-05-31 22:09:58.744696,20260531,EDGEUSDT
Bybit,EDUUSDT,EDU,USDT,USDT,5.0,8.0,1e-05,2026-05-31 22:09:58.744696,20260531,EDUUSDT
Bybit,EGLDUSDT,EGLD,USDT,USDT,50.0,8.0,0.001,2026-05-31 22:09:58.744696,20260531,EGLDUSDT
Bybit,EIGENPERP,EIGEN,USDC,USDC,25.0,4.0,1e-05,2026-05-31 22:09:58.744696,20260531,EIGENPERP
Bybit,EIGENUSDT,EIGEN,USDT,USDT,50.0,4.0,1e-05,2026-05-31 22:09:58.744696,20260531,EIGENUSDT
Bybit,ELSAUSDT,ELSA,USDT,USDT,20.0,4.0,1e-05,2026-05-31 22:09:58.744696,20260531,ELSAUSDT
Bybit,ENAPERP,ENA,USDC,USDC,50.0,8.0,1e-05,2026-05-31 22:09:58.744696,20260531,ENAPERP
Bybit,ENAUSDT,ENA,USDT,USDT,50.0,4.0,1e-05,2026-05-31 22:09:58.744696,20260531,ENAUSDT
Bybit,ENJUSDT,ENJ,USDT,USDT,20.0,8.0,1e-06,2026-05-31 22:09:58.744696,20260531,ENJUSDT
Bybit,ENSOUSDT,ENSO,USDT,USDT,25.0,4.0,0.0001,2026-05-31 22:09:58.744696,20260531,ENSOUSDT
Bybit,ENSUSDT,ENS,USDT,USDT,50.0,8.0,0.001,2026-05-31 22:09:58.744696,20260531,ENSUSDT
Bybit,EPICUSDT,EPIC,USDT,USDT,25.0,4.0,0.0001,2026-05-31 22:09:58.744696,20260531,EPICUSDT
Bybit,ERAUSDT,ERA,USDT,USDT,25.0,4.0,1e-05,2026-05-31 22:09:58.744696,20260531,ERAUSDT
Bybit,ESPORTSUSDT,ESPORTS,USDT,USDT,20.0,4.0,1e-05,2026-05-31 22:09:58.744696,20260531,ESPORTSUSDT
Bybit,ESPUSDT,ESP,USDT,USDT,50.0,4.0,1e-05,2026-05-31 22:09:58.744696,20260531,ESPUSDT
Bybit,ESUSDT,ES,USDT,USDT,5.0,4.0,1e-05,2026-05-31 22:09:58.744696,20260531,ESUSDT
Bybit,ETCPERP,ETC,USDC,USDC,50.0,8.0,0.001,2026-05-31 22:09:58.744696,20260531,ETCPERP
Bybit,ETCUSDT,ETC,USDT,USDT,50.0,8.0,0.001,2026-05-31 22:09:58.744696,20260531,ETCUSDT
Bybit,ETHBTCUSDT,ETHBTC,USDT,USDT,25.0,8.0,1e-06,2026-05-31 22:09:58.744696,20260531,ETHBTCUSDT
Bybit,ETHFIPERP,ETHFI,USDC,USDC,25.0,8.0,0.0001,2026-05-31 22:09:58.744696,20260531,ETHFIPERP
Bybit,ETHFIUSDT,ETHFI,USDT,USDT,25.0,4.0,0.0001,2026-05-31 22:09:58.744696,20260531,ETHFIUSDT
Bybit,ETHPERP,ETH,USDC,USDC,66.0,8.0,0.01,2026-05-31 22:09:58.744696,20260531,ETHPERP
Bybit,ETHUSDT,ETH,USDT,USDT,100.0,8.0,0.01,2026-05-31 22:09:58.744696,20260531,ETHUSDT
Bybit,ETHUSDT-05JUN26,ETH,USDT,USDT,50.0,0.0,0.01,2026-05-31 22:09:58.744696,20260531,ETHUSDT-05JUN26
Bybit,ETHUSDT-12JUN26,ETH,USDT,USDT,50.0,0.0,0.01,2026-05-31 22:09:58.744696,20260531,ETHUSDT-12JUN26
Bybit,ETHUSDT-19JUN26,ETH,USDT,USDT,50.0,0.0,0.01,2026-05-31 22:09:58.744696,20260531,ETHUSDT-19JUN26
Bybit,ETHUSDT-25DEC26,ETH,USDT,USDT,50.0,0.0,0.01,2026-05-31 22:09:58.744696,20260531,ETHUSDT-25DEC26
Bybit,ETHUSDT-25SEP26,ETH,USDT,USDT,50.0,0.0,0.01,2026-05-31 22:09:58.744696,20260531,ETHUSDT-25SEP26
Bybit,ETHUSDT-26JUN26,ETH,USDT,USDT,50.0,0.0,0.01,2026-05-31 22:09:58.744696,20260531,ETHUSDT-26JUN26
Bybit,ETHUSDT-26MAR27,ETH,USDT,USDT,50.0,0.0,0.01,2026-05-31 22:09:58.744696,20260531,ETHUSDT-26MAR27
Bybit,ETHUSDT-31JUL26,ETH,USDT,USDT,50.0,0.0,0.01,2026-05-31 22:09:58.744696,20260531,ETHUSDT-31JUL26
Bybit,EULUSDT,EUL,USDT,USDT,25.0,4.0,0.0001,2026-05-31 22:09:58.744696,20260531,EULUSDT
Bybit,EVAAUSDT,EVAA,USDT,USDT,5.0,4.0,0.0001,2026-05-31 22:09:58.744696,20260531,EVAAUSDT
Bybit,EWJUSDT,EWJ,USDT,USDT,20.0,8.0,0.01,2026-05-31 22:09:58.744696,20260531,EWJUSDT
Bybit,EWYUSDT,EWY,USDT,USDT,20.0,8.0,0.01,2026-05-31 22:09:58.744696,20260531,EWYUSDT
Bybit,FARTCOINPERP,FARTCOIN,USDC,USDC,20.0,4.0,1e-05,2026-05-31 22:09:58.744696,20260531,FARTCOINPERP
Bybit,FARTCOINUSDT,FARTCOIN,USDT,USDT,75.0,4.0,1e-05,2026-05-31 22:09:58.744696,20260531,FARTCOINUSDT
Bybit,FFUSDT,FF,USDT,USDT,50.0,4.0,1e-05,2026-05-31 22:09:58.744696,20260531,FFUSDT
Bybit,FHEUSDT,FHE,USDT,USDT,12.0,4.0,1e-05,2026-05-31 22:09:58.744696,20260531,FHEUSDT
Bybit,FIDAUSDT,FIDA,USDT,USDT,20.0,4.0,1e-06,2026-05-31 22:09:58.744696,20260531,FIDAUSDT
Bybit,FIGHTUSDT,FIGHT,USDT,USDT,20.0,4.0,1e-06,2026-05-31 22:09:58.744696,20260531,FIGHTUSDT
Bybit,FILPERP,FIL,USDC,USDC,25.0,4.0,0.0001,2026-05-31 22:09:58.744696,20260531,FILPERP
Bybit,FILUSDT,FIL,USDT,USDT,25.0,8.0,0.0001,2026-05-31 22:09:58.744696,20260531,FILUSDT
Bybit,FLOCKUSDT,FLOCK,USDT,USDT,20.0,4.0,1e-05,2026-05-31 22:09:58.744696,20260531,FLOCKUSDT
Bybit,FLOWUSDT,FLOW,USDT,USDT,20.0,8.0,1e-05,2026-05-31 22:09:58.744696,20260531,FLOWUSDT
Bybit,FLRUSDT,FLR,USDT,USDT,20.0,8.0,1e-06,2026-05-31 22:09:58.744696,20260531,FLRUSDT
Bybit,FLUIDUSDT,FLUID,USDT,USDT,25.0,4.0,0.001,2026-05-31 22:09:58.744696,20260531,FLUIDUSDT
Bybit,FLUXUSDT,FLUX,USDT,USDT,20.0,4.0,1e-05,2026-05-31 22:09:58.744696,20260531,FLUXUSDT
Bybit,FOGOUSDT,FOGO,USDT,USDT,50.0,4.0,1e-05,2026-05-31 22:09:58.744696,20260531,FOGOUSDT
Bybit,FOLKSUSDT,FOLKS,USDT,USDT,20.0,4.0,0.0001,2026-05-31 22:09:58.744696,20260531,FOLKSUSDT
Bybit,FORMUSDT,FORM,USDT,USDT,20.0,4.0,1e-05,2026-05-31 22:09:58.744696,20260531,FORMUSDT
Bybit,FUSDT,F,USDT,USDT,25.0,4.0,1e-06,2026-05-31 22:09:58.744696,20260531,FUSDT
Bybit,GALAUSDT,GALA,USDT,USDT,75.0,8.0,1e-06,2026-05-31 22:09:58.744696,20260531,GALAUSDT
Bybit,GASUSDT,GAS,USDT,USDT,25.0,4.0,0.0001,2026-05-31 22:09:58.744696,20260531,GASUSDT
Bybit,GENIUSUSDT,GENIUS,USDT,USDT,25.0,4.0,0.0001,2026-05-31 22:09:58.744696,20260531,GENIUSUSDT
Bybit,GIGAUSDT,GIGA,USDT,USDT,20.0,4.0,1e-07,2026-05-31 22:09:58.744696,20260531,GIGAUSDT
Bybit,GIGGLEUSDT,GIGGLE,USDT,USDT,25.0,4.0,0.01,2026-05-31 22:09:58.744696,20260531,GIGGLEUSDT
Bybit,GLMUSDT,GLM,USDT,USDT,25.0,4.0,1e-05,2026-05-31 22:09:58.744696,20260531,GLMUSDT
Bybit,GMTUSDT,GMT,USDT,USDT,50.0,8.0,1e-06,2026-05-31 22:09:58.744696,20260531,GMTUSDT
Bybit,GMXUSDT,GMX,USDT,USDT,20.0,8.0,0.001,2026-05-31 22:09:58.744696,20260531,GMXUSDT
Bybit,GNOUSDT,GNO,USDT,USDT,5.0,8.0,0.01,2026-05-31 22:09:58.744696,20260531,GNOUSDT
Bybit,GOATUSDT,GOAT,USDT,USDT,25.0,4.0,1e-05,2026-05-31 22:09:58.744696,20260531,GOATUSDT
Bybit,GODSUSDT,GODS,USDT,USDT,5.0,4.0,1e-05,2026-05-31 22:09:58.744696,20260531,GODSUSDT
Bybit,GOOGLUSDT,GOOGL,USDT,USDT,20.0,8.0,0.01,2026-05-31 22:09:58.744696,20260531,GOOGLUSDT
Bybit,GPSUSDT,GPS,USDT,USDT,50.0,4.0,1e-06,2026-05-31 22:09:58.744696,20260531,GPSUSDT
Bybit,GRASSUSDT,GRASS,USDT,USDT,25.0,4.0,1e-05,2026-05-31 22:09:58.744696,20260531,GRASSUSDT
Bybit,GRIFFAINUSDT,GRIFFAIN,USDT,USDT,25.0,4.0,1e-06,2026-05-31 22:09:58.744696,20260531,GRIFFAINUSDT
Bybit,GRTUSDT,GRT,USDT,USDT,25.0,8.0,1e-05,2026-05-31 22:09:58.744696,20260531,GRTUSDT
Bybit,GUNUSDT,GUN,USDT,USDT,20.0,4.0,1e-06,2026-05-31 22:09:58.744696,20260531,GUNUSDT
Bybit,GWEIUSDT,GWEI,USDT,USDT,25.0,4.0,0.0001,2026-05-31 22:09:58.744696,20260531,GWEIUSDT
Bybit,HAEDALUSDT,HAEDAL,USDT,USDT,12.0,4.0,1e-05,2026-05-31 22:09:58.744696,20260531,HAEDALUSDT
Bybit,HANAUSDT,HANA,USDT,USDT,25.0,4.0,1e-06,2026-05-31 22:09:58.744696,20260531,HANAUSDT
Bybit,HBARPERP,HBAR,USDC,USDC,20.0,4.0,1e-05,2026-05-31 22:09:58.744696,20260531,HBARPERP
Bybit,HBARUSDT,HBAR,USDT,USDT,75.0,8.0,1e-05,2026-05-31 22:09:58.744696,20260531,HBARUSDT
Bybit,HEIUSDT,HEI,USDT,USDT,5.0,4.0,1e-05,2026-05-31 22:09:58.744696,20260531,HEIUSDT
Bybit,HEMIUSDT,HEMI,USDT,USDT,25.0,4.0,1e-06,2026-05-31 22:09:58.744696,20260531,HEMIUSDT
Bybit,HFTUSDT,HFT,USDT,USDT,25.0,8.0,1e-06,2026-05-31 22:09:58.744696,20260531,HFTUSDT
Bybit,HIGHUSDT,HIGH,USDT,USDT,12.0,8.0,1e-05,2026-05-31 22:09:58.744696,20260531,HIGHUSDT
Bybit,HIVEUSDT,HIVE,USDT,USDT,25.0,1.0,1e-05,2026-05-31 22:09:58.744696,20260531,HIVEUSDT
Bybit,HMSTRUSDT,HMSTR,USDT,USDT,25.0,4.0,1e-07,2026-05-31 22:09:58.744696,20260531,HMSTRUSDT
Bybit,HNTUSDT,HNT,USDT,USDT,12.0,8.0,0.0001,2026-05-31 22:09:58.744696,20260531,HNTUSDT
Bybit,HOLOUSDT,HOLO,USDT,USDT,25.0,4.0,1e-05,2026-05-31 22:09:58.744696,20260531,HOLOUSDT
Bybit,HOMEUSDT,HOME,USDT,USDT,25.0,4.0,1e-06,2026-05-31 22:09:58.744696,20260531,HOMEUSDT
Bybit,HOODUSDT,HOOD,USDT,USDT,20.0,8.0,0.01,2026-05-31 22:09:58.744696,20260531,HOODUSDT
Bybit,HPERP,H,USDC,USDC,25.0,4.0,1e-05,2026-05-31 22:09:58.744696,20260531,HPERP
Bybit,HUMAUSDT,HUMA,USDT,USDT,25.0,4.0,1e-06,2026-05-31 22:09:58.744696,20260531,HUMAUSDT
Bybit,HUSDT,H,USDT,USDT,20.0,4.0,1e-05,2026-05-31 22:09:58.744696,20260531,HUSDT
Bybit,HYPEPERP,HYPE,USDC,USDC,20.0,4.0,0.001,2026-05-31 22:09:58.744696,20260531,HYPEPERP
Bybit,HYPERUSDT,HYPER,USDT,USDT,25.0,4.0,1e-05,2026-05-31 22:09:58.744696,20260531,HYPERUSDT
Bybit,HYPEUSDT,HYPE,USDT,USDT,75.0,8.0,0.001,2026-05-31 22:09:58.744696,20260531,HYPEUSDT
Bybit,ICNTPERP,ICNT,USDC,USDC,20.0,4.0,0.0001,2026-05-31 22:09:58.744696,20260531,ICNTPERP
Bybit,ICNTUSDT,ICNT,USDT,USDT,20.0,4.0,0.0001,2026-05-31 22:09:58.744696,20260531,ICNTUSDT
Bybit,ICPPERP,ICP,USDC,USDC,25.0,4.0,0.001,2026-05-31 22:09:58.744696,20260531,ICPPERP
Bybit,ICPUSDT,ICP,USDT,USDT,50.0,8.0,0.001,2026-05-31 22:09:58.744696,20260531,ICPUSDT
Bybit,ICXUSDT,ICX,USDT,USDT,25.0,8.0,1e-05,2026-05-31 22:09:58.744696,20260531,ICXUSDT
Bybit,IDUSDT,ID,USDT,USDT,25.0,1.0,1e-05,2026-05-31 22:09:58.744696,20260531,IDUSDT
Bybit,ILVUSDT,ILV,USDT,USDT,20.0,4.0,0.001,2026-05-31 22:09:58.744696,20260531,ILVUSDT
Bybit,IMXUSDT,IMX,USDT,USDT,50.0,4.0,1e-05,2026-05-31 22:09:58.744696,20260531,IMXUSDT
Bybit,INITUSDT,INIT,USDT,USDT,25.0,4.0,1e-05,2026-05-31 22:09:58.744696,20260531,INITUSDT
Bybit,INJPERP,INJ,USDC,USDC,20.0,4.0,0.001,2026-05-31 22:09:58.744696,20260531,INJPERP
Bybit,INJUSDT,INJ,USDT,USDT,50.0,8.0,0.001,2026-05-31 22:09:58.744696,20260531,INJUSDT
Bybit,INTCUSDT,INTC,USDT,USDT,20.0,8.0,0.01,2026-05-31 22:09:58.744696,20260531,INTCUSDT
Bybit,INUSDT,IN,USDT,USDT,20.0,4.0,1e-05,2026-05-31 22:09:58.744696,20260531,INUSDT
Bybit,INXUSDT,INX,USDT,USDT,12.0,4.0,1e-06,2026-05-31 22:09:58.744696,20260531,INXUSDT
Bybit,IOSTUSDT,IOST,USDT,USDT,12.0,8.0,1e-07,2026-05-31 22:09:58.744696,20260531,IOSTUSDT
Bybit,IOTAUSDT,IOTA,USDT,USDT,25.0,8.0,1e-05,2026-05-31 22:09:58.744696,20260531,IOTAUSDT
Bybit,IOTXUSDT,IOTX,USDT,USDT,12.0,8.0,1e-06,2026-05-31 22:09:58.744696,20260531,IOTXUSDT
Bybit,IOUSDT,IO,USDT,USDT,25.0,4.0,1e-05,2026-05-31 22:09:58.744696,20260531,IOUSDT
Bybit,IPPERP,IP,USDC,USDC,20.0,4.0,0.0001,2026-05-31 22:09:58.744696,20260531,IPPERP
Bybit,IPUSDT,IP,USDT,USDT,50.0,4.0,0.0001,2026-05-31 22:09:58.744696,20260531,IPUSDT
Bybit,IRYSUSDT,IRYS,USDT,USDT,20.0,4.0,1e-06,2026-05-31 22:09:58.744696,20260531,IRYSUSDT
Bybit,IWMUSDT,IWM,USDT,USDT,20.0,8.0,0.01,2026-05-31 22:09:58.744696,20260531,IWMUSDT
Bybit,JASMYUSDT,JASMY,USDT,USDT,50.0,8.0,1e-06,2026-05-31 22:09:58.744696,20260531,JASMYUSDT
Bybit,JCTUSDT,JCT,USDT,USDT,20.0,4.0,1e-07,2026-05-31 22:09:58.744696,20260531,JCTUSDT
Bybit,JELLYJELLYUSDT,JELLYJELLY,USDT,USDT,20.0,4.0,1e-05,2026-05-31 22:09:58.744696,20260531,JELLYJELLYUSDT
Bybit,JSTUSDT,JST,USDT,USDT,25.0,8.0,1e-05,2026-05-31 22:09:58.744696,20260531,JSTUSDT
Bybit,JTOUSDT,JTO,USDT,USDT,50.0,4.0,0.0001,2026-05-31 22:09:58.744696,20260531,JTOUSDT
Bybit,JUPUSDT,JUP,USDT,USDT,50.0,4.0,1e-05,2026-05-31 22:09:58.744696,20260531,JUPUSDT
Bybit,KAIAUSDT,KAIA,USDT,USDT,50.0,4.0,1e-05,2026-05-31 22:09:58.744696,20260531,KAIAUSDT
Bybit,KAITOUSDT,KAITO,USDT,USDT,75.0,4.0,0.0001,2026-05-31 22:09:58.744696,20260531,KAITOUSDT
Bybit,KASPERP,KAS,USDC,USDC,50.0,4.0,1e-05,2026-05-31 22:09:58.744696,20260531,KASPERP
Bybit,KASUSDT,KAS,USDT,USDT,50.0,4.0,1e-05,2026-05-31 22:09:58.744696,20260531,KASUSDT
Bybit,KATUSDT,KAT,USDT,USDT,25.0,4.0,1e-05,2026-05-31 22:09:58.744696,20260531,KATUSDT
Bybit,KAVAUSDT,KAVA,USDT,USDT,25.0,8.0,1e-05,2026-05-31 22:09:58.744696,20260531,KAVAUSDT
Bybit,KERNELUSDT,KERNEL,USDT,USDT,20.0,4.0,1e-05,2026-05-31 22:09:58.744696,20260531,KERNELUSDT
Bybit,KGENUSDT,KGEN,USDT,USDT,20.0,4.0,1e-05,2026-05-31 22:09:58.744696,20260531,KGENUSDT
Bybit,KITEUSDT,KITE,USDT,USDT,25.0,4.0,1e-05,2026-05-31 22:09:58.744696,20260531,KITEUSDT
Bybit,KMNOUSDT,KMNO,USDT,USDT,25.0,4.0,1e-05,2026-05-31 22:09:58.744696,20260531,KMNOUSDT
Bybit,KNCUSDT,KNC,USDT,USDT,25.0,8.0,1e-05,2026-05-31 22:09:58.744696,20260531,KNCUSDT
Bybit,KSMUSDT,KSM,USDT,USDT,25.0,8.0,0.001,2026-05-31 22:09:58.744696,20260531,KSMUSDT
Bybit,LABUSDT,LAB,USDT,USDT,20.0,4.0,0.0001,2026-05-31 22:09:58.744696,20260531,LABUSDT
Bybit,LAUSDT,LA,USDT,USDT,25.0,4.0,1e-05,2026-05-31 22:09:58.744696,20260531,LAUSDT
Bybit,LDOUSDT,LDO,USDT,USDT,50.0,8.0,0.0001,2026-05-31 22:09:58.744696,20260531,LDOUSDT
Bybit,LIGHTUSDT,LIGHT,USDT,USDT,12.0,4.0,0.0001,2026-05-31 22:09:58.744696,20260531,LIGHTUSDT
Bybit,LINEAUSDT,LINEA,USDT,USDT,50.0,4.0,1e-06,2026-05-31 22:09:58.744696,20260531,LINEAUSDT
Bybit,LINKPERP,LINK,USDC,USDC,50.0,8.0,0.001,2026-05-31 22:09:58.744696,20260531,LINKPERP
Bybit,LINKUSDT,LINK,USDT,USDT,50.0,8.0,0.001,2026-05-31 22:09:58.744696,20260531,LINKUSDT
Bybit,LITEUSDT,LITE,USDT,USDT,10.0,8.0,0.01,2026-05-31 22:09:58.744696,20260531,LITEUSDT
Bybit,LITUSDT,LIT,USDT,USDT,25.0,4.0,0.0001,2026-05-31 22:09:58.744696,20260531,LITUSDT
Bybit,LLYUSDT,LLY,USDT,USDT,20.0,8.0,0.01,2026-05-31 22:09:58.744696,20260531,LLYUSDT
Bybit,LPTUSDT,LPT,USDT,USDT,25.0,4.0,0.001,2026-05-31 22:09:58.744696,20260531,LPTUSDT
Bybit,LQTYUSDT,LQTY,USDT,USDT,20.0,8.0,0.0001,2026-05-31 22:09:58.744696,20260531,LQTYUSDT
Bybit,LRCUSDT,LRC,USDT,USDT,25.0,8.0,1e-05,2026-05-31 22:09:58.744696,20260531,LRCUSDT
Bybit,LSKUSDT,LSK,USDT,USDT,25.0,4.0,1e-05,2026-05-31 22:09:58.744696,20260531,LSKUSDT
Bybit,LTCPERP,LTC,USDC,USDC,75.0,4.0,0.01,2026-05-31 22:09:58.744696,20260531,LTCPERP
Bybit,LTCUSDT,LTC,USDT,USDT,50.0,8.0,0.01,2026-05-31 22:09:58.744696,20260531,LTCUSDT
Bybit,LUMIAUSDT,LUMIA,USDT,USDT,25.0,4.0,1e-05,2026-05-31 22:09:58.744696,20260531,LUMIAUSDT
Bybit,LUNA2USDT,LUNA2,USDT,USDT,25.0,8.0,1e-05,2026-05-31 22:09:58.744696,20260531,LUNA2USDT
Bybit,LYNUSDT,LYN,USDT,USDT,25.0,4.0,1e-05,2026-05-31 22:09:58.744696,20260531,LYNUSDT
Bybit,MAGICUSDT,MAGIC,USDT,USDT,25.0,4.0,1e-05,2026-05-31 22:09:58.744696,20260531,MAGICUSDT
Bybit,MAGMAUSDT,MAGMA,USDT,USDT,20.0,4.0,1e-05,2026-05-31 22:09:58.744696,20260531,MAGMAUSDT
Bybit,MANAUSDT,MANA,USDT,USDT,25.0,8.0,1e-05,2026-05-31 22:09:58.744696,20260531,MANAUSDT
Bybit,MANTAUSDT,MANTA,USDT,USDT,25.0,4.0,1e-05,2026-05-31 22:09:58.744696,20260531,MANTAUSDT
Bybit,MASKUSDT,MASK,USDT,USDT,25.0,4.0,0.0001,2026-05-31 22:09:58.744696,20260531,MASKUSDT
Bybit,MAVIAUSDT,MAVIA,USDT,USDT,25.0,4.0,1e-05,2026-05-31 22:09:58.744696,20260531,MAVIAUSDT
Bybit,MAVUSDT,MAV,USDT,USDT,20.0,8.0,1e-06,2026-05-31 22:09:58.744696,20260531,MAVUSDT
Bybit,MBOXUSDT,MBOX,USDT,USDT,25.0,4.0,1e-06,2026-05-31 22:09:58.744696,20260531,MBOXUSDT
Bybit,MEGAUSDT,MEGA,USDT,USDT,20.0,4.0,1e-05,2026-05-31 22:09:58.744696,20260531,MEGAUSDT
Bybit,MELANIAUSDT,MELANIA,USDT,USDT,20.0,4.0,1e-05,2026-05-31 22:09:58.744696,20260531,MELANIAUSDT
Bybit,MEMEUSDT,MEME,USDT,USDT,50.0,4.0,1e-07,2026-05-31 22:09:58.744696,20260531,MEMEUSDT
Bybit,MERLPERP,MERL,USDC,USDC,25.0,4.0,1e-05,2026-05-31 22:09:58.744696,20260531,MERLPERP
Bybit,MERLUSDT,MERL,USDT,USDT,25.0,8.0,1e-05,2026-05-31 22:09:58.744696,20260531,MERLUSDT
Bybit,METAUSDT,META,USDT,USDT,20.0,8.0,0.01,2026-05-31 22:09:58.744696,20260531,METAUSDT
Bybit,METISUSDT,METIS,USDT,USDT,20.0,4.0,0.001,2026-05-31 22:09:58.744696,20260531,METISUSDT
Bybit,METUSDT,MET,USDT,USDT,25.0,4.0,1e-05,2026-05-31 22:09:58.744696,20260531,METUSDT
Bybit,MEUSDT,ME,USDT,USDT,25.0,4.0,1e-05,2026-05-31 22:09:58.744696,20260531,MEUSDT
Bybit,MEWUSDT,MEW,USDT,USDT,25.0,4.0,1e-07,2026-05-31 22:09:58.744696,20260531,MEWUSDT
Bybit,MINAUSDT,MINA,USDT,USDT,25.0,4.0,1e-05,2026-05-31 22:09:58.744696,20260531,MINAUSDT
Bybit,MIRAUSDT,MIRA,USDT,USDT,25.0,4.0,1e-05,2026-05-31 22:09:58.744696,20260531,MIRAUSDT
Bybit,MITOUSDT,MITO,USDT,USDT,25.0,4.0,1e-05,2026-05-31 22:09:58.744696,20260531,MITOUSDT
Bybit,MLNUSDT,MLN,USDT,USDT,20.0,4.0,0.001,2026-05-31 22:09:58.744696,20260531,MLNUSDT
Bybit,MMTUSDT,MMT,USDT,USDT,25.0,4.0,1e-05,2026-05-31 22:09:58.744696,20260531,MMTUSDT
Bybit,MNTPERP,MNT,USDC,USDC,25.0,8.0,0.0001,2026-05-31 22:09:58.744696,20260531,MNTPERP
Bybit,MNTUSDT,MNT,USDT,USDT,25.0,8.0,0.0001,2026-05-31 22:09:58.744696,20260531,MNTUSDT
Bybit,MNTUSDT-05JUN26,MNT,USDT,USDT,25.0,0.0,0.0001,2026-05-31 22:09:58.744696,20260531,MNTUSDT-05JUN26
Bybit,MNTUSDT-12JUN26,MNT,USDT,USDT,25.0,0.0,0.0001,2026-05-31 22:09:58.744696,20260531,MNTUSDT-12JUN26
Bybit,MNTUSDT-19JUN26,MNT,USDT,USDT,25.0,0.0,0.0001,2026-05-31 22:09:58.744696,20260531,MNTUSDT-19JUN26
Bybit,MNTUSDT-26JUN26,MNT,USDT,USDT,25.0,0.0,0.0001,2026-05-31 22:09:58.744696,20260531,MNTUSDT-26JUN26
Bybit,MOCAUSDT,MOCA,USDT,USDT,25.0,4.0,1e-06,2026-05-31 22:09:58.744696,20260531,MOCAUSDT
Bybit,MONUSDT,MON,USDT,USDT,50.0,8.0,1e-06,2026-05-31 22:09:58.744696,20260531,MONUSDT
Bybit,MOODENGPERP,MOODENG,USDC,USDC,20.0,4.0,1e-05,2026-05-31 22:09:58.744696,20260531,MOODENGPERP
Bybit,MOODENGUSDT,MOODENG,USDT,USDT,50.0,4.0,1e-05,2026-05-31 22:09:58.744696,20260531,MOODENGUSDT
Bybit,MORPHOUSDT,MORPHO,USDT,USDT,25.0,4.0,0.0001,2026-05-31 22:09:58.744696,20260531,MORPHOUSDT
Bybit,MOVEUSDT,MOVE,USDT,USDT,25.0,4.0,1e-05,2026-05-31 22:09:58.744696,20260531,MOVEUSDT
Bybit,MOVRUSDT,MOVR,USDT,USDT,20.0,4.0,0.0001,2026-05-31 22:09:58.744696,20260531,MOVRUSDT
Bybit,MRVLUSDT,MRVL,USDT,USDT,10.0,8.0,0.01,2026-05-31 22:09:58.744696,20260531,MRVLUSDT
Bybit,MSFTUSDT,MSFT,USDT,USDT,20.0,8.0,0.01,2026-05-31 22:09:58.744696,20260531,MSFTUSDT
Bybit,MSTRUSDT,MSTR,USDT,USDT,20.0,8.0,0.01,2026-05-31 22:09:58.744696,20260531,MSTRUSDT
Bybit,MTLUSDT,MTL,USDT,USDT,20.0,8.0,0.0001,2026-05-31 22:09:58.744696,20260531,MTLUSDT
Bybit,MUBARAKUSDT,MUBARAK,USDT,USDT,20.0,4.0,1e-06,2026-05-31 22:09:58.744696,20260531,MUBARAKUSDT
Bybit,MUSDT,M,USDT,USDT,20.0,4.0,0.0001,2026-05-31 22:09:58.744696,20260531,MUSDT
Bybit,MUUSDT,MU,USDT,USDT,20.0,8.0,0.01,2026-05-31 22:09:58.744696,20260531,MUUSDT
Bybit,MYXUSDT,MYX,USDT,USDT,12.0,4.0,0.0001,2026-05-31 22:09:58.744696,20260531,MYXUSDT
Bybit,NAORISUSDT,NAORIS,USDT,USDT,20.0,4.0,1e-05,2026-05-31 22:09:58.744696,20260531,NAORISUSDT
Bybit,NBISUSDT,NBIS,USDT,USDT,10.0,8.0,0.01,2026-05-31 22:09:58.744696,20260531,NBISUSDT
Bybit,NEARUSDT,NEAR,USDT,USDT,50.0,8.0,0.0001,2026-05-31 22:09:58.744696,20260531,NEARUSDT
Bybit,NEOUSDT,NEO,USDT,USDT,50.0,8.0,0.001,2026-05-31 22:09:58.744696,20260531,NEOUSDT
Bybit,NEWTUSDT,NEWT,USDT,USDT,20.0,4.0,1e-05,2026-05-31 22:09:58.744696,20260531,NEWTUSDT
Bybit,NIGHTPERP,NIGHT,USDC,USDC,25.0,4.0,1e-05,2026-05-31 22:09:58.744696,20260531,NIGHTPERP
Bybit,NIGHTUSDT,NIGHT,USDT,USDT,50.0,4.0,1e-05,2026-05-31 22:09:58.744696,20260531,NIGHTUSDT
Bybit,NILUSDT,NIL,USDT,USDT,20.0,4.0,1e-05,2026-05-31 22:09:58.744696,20260531,NILUSDT
Bybit,NMRUSDT,NMR,USDT,USDT,50.0,4.0,0.001,2026-05-31 22:09:58.744696,20260531,NMRUSDT
Bybit,NOMUSDT,NOM,USDT,USDT,25.0,4.0,1e-06,2026-05-31 22:09:58.744696,20260531,NOMUSDT
Bybit,NOTPERP,NOT,USDC,USDC,50.0,8.0,1e-07,2026-05-31 22:09:58.744696,20260531,NOTPERP
Bybit,NOTUSDT,NOT,USDT,USDT,25.0,4.0,1e-07,2026-05-31 22:09:58.744696,20260531,NOTUSDT
Bybit,NVDAUSDT,NVDA,USDT,USDT,20.0,8.0,0.01,2026-05-31 22:09:58.744696,20260531,NVDAUSDT
Bybit,NXPCUSDT,NXPC,USDT,USDT,25.0,4.0,0.0001,2026-05-31 22:09:58.744696,20260531,NXPCUSDT
Bybit,OGNUSDT,OGN,USDT,USDT,12.0,8.0,1e-06,2026-05-31 22:09:58.744696,20260531,OGNUSDT
Bybit,OGUSDT,OG,USDT,USDT,12.0,8.0,0.001,2026-05-31 22:09:58.744696,20260531,OGUSDT
Bybit,OKBUSDT,OKB,USDT,USDT,25.0,4.0,0.01,2026-05-31 22:09:58.744696,20260531,OKBUSDT
Bybit,OLUSDT,OL,USDT,USDT,5.0,8.0,1e-06,2026-05-31 22:09:58.744696,20260531,OLUSDT
Bybit,ONDOPERP,ONDO,USDC,USDC,50.0,8.0,0.0001,2026-05-31 22:09:58.744696,20260531,ONDOPERP
Bybit,ONDOUSDT,ONDO,USDT,USDT,50.0,4.0,0.0001,2026-05-31 22:09:58.744696,20260531,ONDOUSDT
Bybit,ONGUSDT,ONG,USDT,USDT,20.0,4.0,1e-05,2026-05-31 22:09:58.744696,20260531,ONGUSDT
Bybit,ONTUSDT,ONT,USDT,USDT,25.0,4.0,1e-05,2026-05-31 22:09:58.744696,20260531,ONTUSDT
Bybit,OPENUSDT,OPEN,USDT,USDT,25.0,4.0,1e-05,2026-05-31 22:09:58.744696,20260531,OPENUSDT
Bybit,OPGUSDT,OPG,USDT,USDT,20.0,4.0,0.0001,2026-05-31 22:09:58.744696,20260531,OPGUSDT
Bybit,OPNUSDT,OPN,USDT,USDT,25.0,4.0,0.0001,2026-05-31 22:09:58.744696,20260531,OPNUSDT
Bybit,OPPERP,OP,USDC,USDC,50.0,8.0,1e-05,2026-05-31 22:09:58.744696,20260531,OPPERP
Bybit,OPUSDT,OP,USDT,USDT,50.0,8.0,1e-05,2026-05-31 22:09:58.745693,20260531,OPUSDT
Bybit,ORBSUSDT,ORBS,USDT,USDT,20.0,4.0,1e-06,2026-05-31 22:09:58.745693,20260531,ORBSUSDT
Bybit,ORCAUSDT,ORCA,USDT,USDT,25.0,4.0,0.0001,2026-05-31 22:09:58.745693,20260531,ORCAUSDT
Bybit,ORCLUSDT,ORCL,USDT,USDT,20.0,8.0,0.01,2026-05-31 22:09:58.745693,20260531,ORCLUSDT
Bybit,ORDERUSDT,ORDER,USDT,USDT,20.0,8.0,1e-05,2026-05-31 22:09:58.745693,20260531,ORDERUSDT
Bybit,ORDIPERP,ORDI,USDC,USDC,50.0,8.0,0.001,2026-05-31 22:09:58.745693,20260531,ORDIPERP
Bybit,ORDIUSDT,ORDI,USDT,USDT,50.0,4.0,0.001,2026-05-31 22:09:58.745693,20260531,ORDIUSDT
Bybit,PARTIUSDT,PARTI,USDT,USDT,25.0,4.0,1e-05,2026-05-31 22:09:58.745693,20260531,PARTIUSDT
Bybit,PAXGPERP,PAXG,USDC,USDC,20.0,4.0,0.1,2026-05-31 22:09:58.745693,20260531,PAXGPERP
Bybit,PAXGUSDT,PAXG,USDT,USDT,75.0,4.0,0.1,2026-05-31 22:09:58.745693,20260531,PAXGUSDT
Bybit,PEAQUSDT,PEAQ,USDT,USDT,5.0,8.0,1e-06,2026-05-31 22:09:58.745693,20260531,PEAQUSDT
Bybit,PENDLEPERP,PENDLE,USDC,USDC,20.0,4.0,0.0001,2026-05-31 22:09:58.745693,20260531,PENDLEPERP
Bybit,PENDLEUSDT,PENDLE,USDT,USDT,50.0,8.0,0.0001,2026-05-31 22:09:58.745693,20260531,PENDLEUSDT
Bybit,PENGUPERP,PENGU,USDC,USDC,20.0,4.0,1e-06,2026-05-31 22:09:58.745693,20260531,PENGUPERP
Bybit,PENGUUSDT,PENGU,USDT,USDT,75.0,4.0,1e-06,2026-05-31 22:09:58.745693,20260531,PENGUUSDT
Bybit,PEOPLEUSDT,PEOPLE,USDT,USDT,25.0,8.0,1e-06,2026-05-31 22:09:58.745693,20260531,PEOPLEUSDT
Bybit,PHAROSUSDT,PHAROS,USDT,USDT,20.0,4.0,0.0001,2026-05-31 22:09:58.745693,20260531,PHAROSUSDT
Bybit,PHAUSDT,PHA,USDT,USDT,20.0,4.0,1e-05,2026-05-31 22:09:58.745693,20260531,PHAUSDT
Bybit,PIEVERSEUSDT,PIEVERSE,USDT,USDT,25.0,4.0,0.0001,2026-05-31 22:09:58.745693,20260531,PIEVERSEUSDT
Bybit,PIPPINUSDT,PIPPIN,USDT,USDT,12.0,4.0,1e-05,2026-05-31 22:09:58.745693,20260531,PIPPINUSDT
Bybit,PIXELUSDT,PIXEL,USDT,USDT,25.0,4.0,1e-06,2026-05-31 22:09:58.745693,20260531,PIXELUSDT
Bybit,PLAYSOUTUSDT,PLAYSOUT,USDT,USDT,12.0,4.0,1e-05,2026-05-31 22:09:58.745693,20260531,PLAYSOUTUSDT
Bybit,PLTRUSDT,PLTR,USDT,USDT,20.0,8.0,0.01,2026-05-31 22:09:58.745693,20260531,PLTRUSDT
Bybit,PLUMEUSDT,PLUME,USDT,USDT,50.0,4.0,1e-06,2026-05-31 22:09:58.745693,20260531,PLUMEUSDT
Bybit,PNUTPERP,PNUT,USDC,USDC,20.0,4.0,1e-05,2026-05-31 22:09:58.745693,20260531,PNUTPERP
Bybit,PNUTUSDT,PNUT,USDT,USDT,50.0,4.0,1e-05,2026-05-31 22:09:58.745693,20260531,PNUTUSDT
Bybit,POLPERP,POL,USDC,USDC,50.0,8.0,1e-05,2026-05-31 22:09:58.745693,20260531,POLPERP
Bybit,POLUSDT,POL,USDT,USDT,75.0,4.0,1e-05,2026-05-31 22:09:58.745693,20260531,POLUSDT
Bybit,POLYXUSDT,POLYX,USDT,USDT,12.0,4.0,1e-05,2026-05-31 22:09:58.745693,20260531,POLYXUSDT
Bybit,POPCATPERP,POPCAT,USDC,USDC,50.0,8.0,1e-05,2026-05-31 22:09:58.745693,20260531,POPCATPERP
Bybit,POPCATUSDT,POPCAT,USDT,USDT,50.0,4.0,1e-05,2026-05-31 22:09:58.745693,20260531,POPCATUSDT
Bybit,PORTALUSDT,PORTAL,USDT,USDT,20.0,4.0,1e-06,2026-05-31 22:09:58.745693,20260531,PORTALUSDT
Bybit,POWERUSDT,POWER,USDT,USDT,20.0,4.0,1e-05,2026-05-31 22:09:58.745693,20260531,POWERUSDT
Bybit,POWRUSDT,POWR,USDT,USDT,12.0,4.0,1e-05,2026-05-31 22:09:58.745693,20260531,POWRUSDT
Bybit,PRLUSDT,PRL,USDT,USDT,25.0,4.0,0.0001,2026-05-31 22:09:58.745693,20260531,PRLUSDT
Bybit,PROMPTUSDT,PROMPT,USDT,USDT,5.0,4.0,1e-05,2026-05-31 22:09:58.745693,20260531,PROMPTUSDT
Bybit,PROVEUSDT,PROVE,USDT,USDT,25.0,4.0,0.0001,2026-05-31 22:09:58.745693,20260531,PROVEUSDT
Bybit,PTBUSDT,PTB,USDT,USDT,25.0,4.0,1e-07,2026-05-31 22:09:58.745693,20260531,PTBUSDT
Bybit,PUFFERUSDT,PUFFER,USDT,USDT,5.0,8.0,1e-05,2026-05-31 22:09:58.745693,20260531,PUFFERUSDT
Bybit,PUMPBTCUSDT,PUMPBTC,USDT,USDT,5.0,4.0,1e-06,2026-05-31 22:09:58.745693,20260531,PUMPBTCUSDT
Bybit,PUMPFUNPERP,PUMPFUN,USDC,USDC,20.0,4.0,1e-07,2026-05-31 22:09:58.745693,20260531,PUMPFUNPERP
Bybit,PUMPFUNUSDT,PUMPFUN,USDT,USDT,75.0,4.0,1e-07,2026-05-31 22:09:58.745693,20260531,PUMPFUNUSDT
Bybit,PUNDIXUSDT,PUNDIX,USDT,USDT,20.0,4.0,1e-05,2026-05-31 22:09:58.745693,20260531,PUNDIXUSDT
Bybit,PYRUSDT,PYR,USDT,USDT,20.0,8.0,0.0001,2026-05-31 22:09:58.745693,20260531,PYRUSDT
Bybit,PYTHUSDT,PYTH,USDT,USDT,50.0,4.0,1e-05,2026-05-31 22:09:58.745693,20260531,PYTHUSDT
Bybit,QCOMUSDT,QCOM,USDT,USDT,10.0,8.0,0.01,2026-05-31 22:09:58.745693,20260531,QCOMUSDT
Bybit,QNTUSDT,QNT,USDT,USDT,25.0,8.0,0.01,2026-05-31 22:09:58.745693,20260531,QNTUSDT
Bybit,QQQUSDT,QQQ,USDT,USDT,20.0,8.0,0.01,2026-05-31 22:09:58.745693,20260531,QQQUSDT
Bybit,QTUMUSDT,QTUM,USDT,USDT,25.0,8.0,0.0001,2026-05-31 22:09:58.745693,20260531,QTUMUSDT
Bybit,QUSDT,Q,USDT,USDT,12.0,4.0,1e-06,2026-05-31 22:09:58.745693,20260531,QUSDT
Bybit,RAREUSDT,RARE,USDT,USDT,20.0,4.0,1e-06,2026-05-31 22:09:58.745693,20260531,RAREUSDT
Bybit,RAVEUSDT,RAVE,USDT,USDT,25.0,4.0,1e-05,2026-05-31 22:09:58.745693,20260531,RAVEUSDT
Bybit,RAYDIUMUSDT,RAYDIUM,USDT,USDT,25.0,4.0,0.0001,2026-05-31 22:09:58.745693,20260531,RAYDIUMUSDT
Bybit,RECALLUSDT,RECALL,USDT,USDT,25.0,4.0,1e-05,2026-05-31 22:09:58.745693,20260531,RECALLUSDT
Bybit,REDUSDT,RED,USDT,USDT,25.0,4.0,1e-05,2026-05-31 22:09:58.745693,20260531,REDUSDT
Bybit,RENDERUSDT,RENDER,USDT,USDT,50.0,4.0,0.0001,2026-05-31 22:09:58.745693,20260531,RENDERUSDT
Bybit,REQUSDT,REQ,USDT,USDT,5.0,8.0,1e-05,2026-05-31 22:09:58.745693,20260531,REQUSDT
Bybit,RESOLVPERP,RESOLV,USDC,USDC,20.0,4.0,1e-05,2026-05-31 22:09:58.745693,20260531,RESOLVPERP
Bybit,RESOLVUSDT,RESOLV,USDT,USDT,25.0,4.0,1e-05,2026-05-31 22:09:58.745693,20260531,RESOLVUSDT
Bybit,REZUSDT,REZ,USDT,USDT,25.0,4.0,1e-06,2026-05-31 22:09:58.745693,20260531,REZUSDT
Bybit,RIVERUSDT,RIVER,USDT,USDT,25.0,4.0,0.001,2026-05-31 22:09:58.745693,20260531,RIVERUSDT
Bybit,RKLBUSDT,RKLB,USDT,USDT,10.0,8.0,0.01,2026-05-31 22:09:58.745693,20260531,RKLBUSDT
Bybit,RLCUSDT,RLC,USDT,USDT,12.0,8.0,0.0001,2026-05-31 22:09:58.745693,20260531,RLCUSDT
Bybit,RLUSDUSDT,RLUSD,USDT,USDT,25.0,4.0,0.0001,2026-05-31 22:09:58.745693,20260531,RLUSDUSDT
Bybit,ROAMUSDT,ROAM,USDT,USDT,5.0,4.0,1e-06,2026-05-31 22:09:58.745693,20260531,ROAMUSDT
Bybit,ROBOUSDT,ROBO,USDT,USDT,25.0,4.0,1e-05,2026-05-31 22:09:58.745693,20260531,ROBOUSDT
Bybit,RONINUSDT,RONIN,USDT,USDT,5.0,4.0,1e-05,2026-05-31 22:09:58.745693,20260531,RONINUSDT
Bybit,ROSEUSDT,ROSE,USDT,USDT,25.0,8.0,1e-06,2026-05-31 22:09:58.745693,20260531,ROSEUSDT
Bybit,RPLUSDT,RPL,USDT,USDT,12.0,4.0,0.0001,2026-05-31 22:09:58.745693,20260531,RPLUSDT
Bybit,RSRUSDT,RSR,USDT,USDT,25.0,8.0,1e-07,2026-05-31 22:09:58.745693,20260531,RSRUSDT
Bybit,RUNEUSDT,RUNE,USDT,USDT,25.0,8.0,0.0001,2026-05-31 22:09:58.745693,20260531,RUNEUSDT
Bybit,RVNUSDT,RVN,USDT,USDT,25.0,4.0,1e-06,2026-05-31 22:09:58.745693,20260531,RVNUSDT
Bybit,SAFEUSDT,SAFE,USDT,USDT,25.0,4.0,1e-05,2026-05-31 22:09:58.745693,20260531,SAFEUSDT
Bybit,SAGAUSDT,SAGA,USDT,USDT,20.0,4.0,1e-05,2026-05-31 22:09:58.745693,20260531,SAGAUSDT
Bybit,SAHARAPERP,SAHARA,USDC,USDC,20.0,4.0,1e-06,2026-05-31 22:09:58.745693,20260531,SAHARAPERP
Bybit,SAHARAUSDT,SAHARA,USDT,USDT,20.0,4.0,1e-06,2026-05-31 22:09:58.745693,20260531,SAHARAUSDT
Bybit,SANDUSDT,SAND,USDT,USDT,50.0,8.0,1e-05,2026-05-31 22:09:58.745693,20260531,SANDUSDT
Bybit,SAPIENUSDT,SAPIEN,USDT,USDT,20.0,4.0,1e-05,2026-05-31 22:09:58.745693,20260531,SAPIENUSDT
Bybit,SCRTUSDT,SCRT,USDT,USDT,20.0,4.0,1e-05,2026-05-31 22:09:58.745693,20260531,SCRTUSDT
Bybit,SCRUSDT,SCR,USDT,USDT,5.0,4.0,1e-05,2026-05-31 22:09:58.745693,20260531,SCRUSDT
Bybit,SCUSDT,SC,USDT,USDT,5.0,4.0,1e-07,2026-05-31 22:09:58.745693,20260531,SCUSDT
Bybit,SEIPERP,SEI,USDC,USDC,20.0,4.0,1e-05,2026-05-31 22:09:58.745693,20260531,SEIPERP
Bybit,SEIUSDT,SEI,USDT,USDT,50.0,8.0,1e-05,2026-05-31 22:09:58.745693,20260531,SEIUSDT
Bybit,SENTUSDT,SENT,USDT,USDT,50.0,4.0,1e-06,2026-05-31 22:09:58.745693,20260531,SENTUSDT
Bybit,SHELLUSDT,SHELL,USDT,USDT,12.0,4.0,1e-05,2026-05-31 22:09:58.745693,20260531,SHELLUSDT
Bybit,SHIB1000PERP,SHIB1000,USDC,USDC,50.0,8.0,1e-06,2026-05-31 22:09:58.745693,20260531,SHIB1000PERP
Bybit,SHIB1000USDT,SHIB1000,USDT,USDT,50.0,8.0,1e-06,2026-05-31 22:09:58.745693,20260531,SHIB1000USDT
Bybit,SIGNUSDT,SIGN,USDT,USDT,25.0,4.0,1e-05,2026-05-31 22:09:58.745693,20260531,SIGNUSDT
Bybit,SIRENUSDT,SIREN,USDT,USDT,5.0,4.0,1e-05,2026-05-31 22:09:58.745693,20260531,SIRENUSDT
Bybit,SKLUSDT,SKL,USDT,USDT,25.0,8.0,1e-06,2026-05-31 22:09:58.745693,20260531,SKLUSDT
Bybit,SKRUSDT,SKR,USDT,USDT,20.0,4.0,1e-06,2026-05-31 22:09:58.745693,20260531,SKRUSDT
Bybit,SKYAI1USDT,SKYAI1,USDT,USDT,10.0,4.0,1e-05,2026-05-31 22:09:58.745693,20260531,SKYAI1USDT
Bybit,SKYUSDT,SKY,USDT,USDT,25.0,4.0,1e-05,2026-05-31 22:09:58.745693,20260531,SKYUSDT
Bybit,SLPUSDT,SLP,USDT,USDT,20.0,8.0,1e-07,2026-05-31 22:09:58.745693,20260531,SLPUSDT
Bybit,SNDKUSDT,SNDK,USDT,USDT,20.0,8.0,0.01,2026-05-31 22:09:58.745693,20260531,SNDKUSDT
Bybit,SNTUSDT,SNT,USDT,USDT,5.0,4.0,1e-06,2026-05-31 22:09:58.745693,20260531,SNTUSDT
Bybit,SNXUSDT,SNX,USDT,USDT,25.0,8.0,0.0001,2026-05-31 22:09:58.745693,20260531,SNXUSDT
Bybit,SOLAYERUSDT,SOLAYER,USDT,USDT,25.0,4.0,1e-05,2026-05-31 22:09:58.745693,20260531,SOLAYERUSDT
Bybit,SOLPERP,SOL,USDC,USDC,66.0,8.0,0.01,2026-05-31 22:09:58.745693,20260531,SOLPERP
Bybit,SOLUSDT,SOL,USDT,USDT,100.0,8.0,0.01,2026-05-31 22:09:58.745693,20260531,SOLUSDT
Bybit,SOLUSDT-05JUN26,SOL,USDT,USDT,50.0,0.0,0.01,2026-05-31 22:09:58.745693,20260531,SOLUSDT-05JUN26
Bybit,SOLUSDT-12JUN26,SOL,USDT,USDT,50.0,0.0,0.01,2026-05-31 22:09:58.745693,20260531,SOLUSDT-12JUN26
Bybit,SOLUSDT-19JUN26,SOL,USDT,USDT,50.0,0.0,0.01,2026-05-31 22:09:58.745693,20260531,SOLUSDT-19JUN26
Bybit,SOLUSDT-26JUN26,SOL,USDT,USDT,50.0,0.0,0.01,2026-05-31 22:09:58.745693,20260531,SOLUSDT-26JUN26
Bybit,SOLVUSDT,SOLV,USDT,USDT,25.0,4.0,1e-06,2026-05-31 22:09:58.745693,20260531,SOLVUSDT
Bybit,SOMIUSDT,SOMI,USDT,USDT,50.0,4.0,1e-05,2026-05-31 22:09:58.745693,20260531,SOMIUSDT
Bybit,SONICUSDT,SONIC,USDT,USDT,25.0,4.0,1e-05,2026-05-31 22:09:58.745693,20260531,SONICUSDT
Bybit,SOONUSDT,SOON,USDT,USDT,25.0,4.0,1e-05,2026-05-31 22:09:58.745693,20260531,SOONUSDT
Bybit,SOPHUSDT,SOPH,USDT,USDT,25.0,4.0,1e-06,2026-05-31 22:09:58.745693,20260531,SOPHUSDT
Bybit,SOSOUSDT,SOSO,USDT,USDT,5.0,4.0,0.0001,2026-05-31 22:09:58.745693,20260531,SOSOUSDT
Bybit,SOXLUSDT,SOXL,USDT,USDT,20.0,8.0,0.01,2026-05-31 22:09:58.745693,20260531,SOXLUSDT
Bybit,SPACEUSDT,SPACE,USDT,USDT,12.0,4.0,1e-06,2026-05-31 22:09:58.745693,20260531,SPACEUSDT
Bybit,SPKUSDT,SPK,USDT,USDT,25.0,4.0,1e-06,2026-05-31 22:09:58.745693,20260531,SPKUSDT
Bybit,SPORTFUNUSDT,SPORTFUN,USDT,USDT,20.0,4.0,1e-05,2026-05-31 22:09:58.745693,20260531,SPORTFUNUSDT
Bybit,SPXPERP,SPX,USDC,USDC,20.0,4.0,0.0001,2026-05-31 22:09:58.745693,20260531,SPXPERP
Bybit,SPXUSDT,SPX,USDT,USDT,50.0,4.0,0.0001,2026-05-31 22:09:58.745693,20260531,SPXUSDT
Bybit,SPYUSDT,SPY,USDT,USDT,20.0,8.0,0.01,2026-05-31 22:09:58.745693,20260531,SPYUSDT
Bybit,SQDUSDT,SQD,USDT,USDT,20.0,4.0,1e-05,2026-05-31 22:09:58.745693,20260531,SQDUSDT
Bybit,SSVUSDT,SSV,USDT,USDT,50.0,8.0,0.001,2026-05-31 22:09:58.745693,20260531,SSVUSDT
Bybit,STABLEUSDT,STABLE,USDT,USDT,25.0,4.0,1e-06,2026-05-31 22:09:58.745693,20260531,STABLEUSDT
Bybit,STBLUSDT,STBL,USDT,USDT,20.0,4.0,1e-05,2026-05-31 22:09:58.745693,20260531,STBLUSDT
Bybit,STEEMUSDT,STEEM,USDT,USDT,12.0,4.0,1e-05,2026-05-31 22:09:58.745693,20260531,STEEMUSDT
Bybit,STGUSDT,STG,USDT,USDT,25.0,8.0,1e-05,2026-05-31 22:09:58.745693,20260531,STGUSDT
Bybit,STORJUSDT,STORJ,USDT,USDT,25.0,8.0,1e-05,2026-05-31 22:09:58.745693,20260531,STORJUSDT
Bybit,STOUSDT,STO,USDT,USDT,12.0,4.0,1e-05,2026-05-31 22:09:58.745693,20260531,STOUSDT
Bybit,STRKPERP,STRK,USDC,USDC,50.0,8.0,1e-05,2026-05-31 22:09:58.745693,20260531,STRKPERP
Bybit,STRKUSDT,STRK,USDT,USDT,50.0,4.0,1e-05,2026-05-31 22:09:58.745693,20260531,STRKUSDT
Bybit,STXUSDT,STX,USDT,USDT,50.0,8.0,0.0001,2026-05-31 22:09:58.745693,20260531,STXUSDT
Bybit,SUIPERP,SUI,USDC,USDC,50.0,8.0,0.0001,2026-05-31 22:09:58.745693,20260531,SUIPERP
Bybit,SUIUSDT,SUI,USDT,USDT,50.0,8.0,0.0001,2026-05-31 22:09:58.745693,20260531,SUIUSDT
Bybit,SUNUSDT,SUN,USDT,USDT,25.0,4.0,1e-06,2026-05-31 22:09:58.745693,20260531,SUNUSDT
Bybit,SUPERUSDT,SUPER,USDT,USDT,25.0,4.0,1e-05,2026-05-31 22:09:58.745693,20260531,SUPERUSDT
Bybit,SUSDT,S,USDT,USDT,50.0,4.0,1e-05,2026-05-31 22:09:58.745693,20260531,SUSDT
Bybit,SUSHIUSDT,SUSHI,USDT,USDT,25.0,8.0,1e-05,2026-05-31 22:09:58.745693,20260531,SUSHIUSDT
Bybit,SWARMSUSDT,SWARMS,USDT,USDT,5.0,4.0,1e-06,2026-05-31 22:09:58.745693,20260531,SWARMSUSDT
Bybit,SXTUSDT,SXT,USDT,USDT,12.0,4.0,1e-05,2026-05-31 22:09:58.745693,20260531,SXTUSDT
Bybit,SYRUPUSDT,SYRUP,USDT,USDT,25.0,4.0,1e-05,2026-05-31 22:09:58.745693,20260531,SYRUPUSDT
Bybit,TACUSDT,TAC,USDT,USDT,5.0,4.0,1e-06,2026-05-31 22:09:58.745693,20260531,TACUSDT
Bybit,TAIKOUSDT,TAIKO,USDT,USDT,20.0,8.0,1e-05,2026-05-31 22:09:58.745693,20260531,TAIKOUSDT
Bybit,TAOPERP,TAO,USDC,USDC,20.0,4.0,0.01,2026-05-31 22:09:58.745693,20260531,TAOPERP
Bybit,TAOUSDT,TAO,USDT,USDT,50.0,4.0,0.01,2026-05-31 22:09:58.745693,20260531,TAOUSDT
Bybit,TAUSDT,TA,USDT,USDT,5.0,4.0,1e-05,2026-05-31 22:09:58.745693,20260531,TAUSDT
Bybit,THETAUSDT,THETA,USDT,USDT,25.0,8.0,1e-05,2026-05-31 22:09:58.745693,20260531,THETAUSDT
Bybit,THEUSDT,THE,USDT,USDT,20.0,4.0,1e-05,2026-05-31 22:09:58.745693,20260531,THEUSDT
Bybit,TIAPERP,TIA,USDC,USDC,50.0,8.0,0.0001,2026-05-31 22:09:58.745693,20260531,TIAPERP
Bybit,TIAUSDT,TIA,USDT,USDT,50.0,4.0,0.0001,2026-05-31 22:09:58.745693,20260531,TIAUSDT
Bybit,TLMUSDT,TLM,USDT,USDT,12.0,8.0,1e-07,2026-05-31 22:09:58.745693,20260531,TLMUSDT
Bybit,TNSRUSDT,TNSR,USDT,USDT,25.0,4.0,1e-05,2026-05-31 22:09:58.745693,20260531,TNSRUSDT
Bybit,TONPERP,TON,USDC,USDC,25.0,8.0,0.0001,2026-05-31 22:09:58.745693,20260531,TONPERP
Bybit,TONUSDT,TON,USDT,USDT,50.0,4.0,0.0001,2026-05-31 22:09:58.745693,20260531,TONUSDT
Bybit,TOWNSUSDT,TOWNS,USDT,USDT,5.0,4.0,1e-06,2026-05-31 22:09:58.745693,20260531,TOWNSUSDT
Bybit,TRBUSDT,TRB,USDT,USDT,25.0,4.0,0.001,2026-05-31 22:09:58.745693,20260531,TRBUSDT
Bybit,TREEUSDT,TREE,USDT,USDT,20.0,4.0,1e-05,2026-05-31 22:09:58.745693,20260531,TREEUSDT
Bybit,TRIAUSDT,TRIA,USDT,USDT,25.0,4.0,1e-06,2026-05-31 22:09:58.745693,20260531,TRIAUSDT
Bybit,TRUMPPERP,TRUMP,USDC,USDC,20.0,4.0,0.001,2026-05-31 22:09:58.745693,20260531,TRUMPPERP
Bybit,TRUMPUSDT,TRUMP,USDT,USDT,50.0,4.0,0.001,2026-05-31 22:09:58.745693,20260531,TRUMPUSDT
Bybit,TRUSTUSDT,TRUST,USDT,USDT,25.0,4.0,1e-05,2026-05-31 22:09:58.745693,20260531,TRUSTUSDT
Bybit,TRUTHUSDT,TRUTH,USDT,USDT,20.0,4.0,1e-06,2026-05-31 22:09:58.745693,20260531,TRUTHUSDT
Bybit,TRXPERP,TRX,USDC,USDC,75.0,4.0,1e-05,2026-05-31 22:09:58.745693,20260531,TRXPERP
Bybit,TRXUSDT,TRX,USDT,USDT,75.0,8.0,1e-05,2026-05-31 22:09:58.745693,20260531,TRXUSDT
Bybit,TSLAUSDT,TSLA,USDT,USDT,20.0,8.0,0.01,2026-05-31 22:09:58.745693,20260531,TSLAUSDT
Bybit,TSMUSDT,TSM,USDT,USDT,20.0,8.0,0.01,2026-05-31 22:09:58.745693,20260531,TSMUSDT
Bybit,TSTBSCUSDT,TSTBSC,USDT,USDT,20.0,4.0,1e-06,2026-05-31 22:09:58.745693,20260531,TSTBSCUSDT
Bybit,TURTLEUSDT,TURTLE,USDT,USDT,25.0,4.0,1e-05,2026-05-31 22:09:58.745693,20260531,TURTLEUSDT
Bybit,TUSDT,T,USDT,USDT,25.0,4.0,1e-06,2026-05-31 22:09:58.745693,20260531,TUSDT
Bybit,TUTUSDT,TUT,USDT,USDT,5.0,4.0,1e-06,2026-05-31 22:09:58.745693,20260531,TUTUSDT
Bybit,TWTPERP,TWT,USDC,USDC,50.0,4.0,0.0001,2026-05-31 22:09:58.745693,20260531,TWTPERP
Bybit,TWTUSDT,TWT,USDT,USDT,25.0,4.0,0.0001,2026-05-31 22:09:58.745693,20260531,TWTUSDT
Bybit,UAIUSDT,UAI,USDT,USDT,20.0,4.0,1e-05,2026-05-31 22:09:58.745693,20260531,UAIUSDT
Bybit,UBUSDT,UB,USDT,USDT,20.0,4.0,1e-05,2026-05-31 22:09:58.745693,20260531,UBUSDT
Bybit,UMAUSDT,UMA,USDT,USDT,25.0,4.0,0.0001,2026-05-31 22:09:58.745693,20260531,UMAUSDT
Bybit,UNIPERP,UNI,USDC,USDC,20.0,4.0,0.001,2026-05-31 22:09:58.745693,20260531,UNIPERP
Bybit,UNIUSDT,UNI,USDT,USDT,50.0,8.0,0.001,2026-05-31 22:09:58.745693,20260531,UNIUSDT
Bybit,USD1USDT,USD1,USDT,USDT,50.0,4.0,0.0001,2026-05-31 22:09:58.745693,20260531,USD1USDT
Bybit,USDCUSDT,USDC,USDT,USDT,50.0,8.0,0.0001,2026-05-31 22:09:58.745693,20260531,USDCUSDT
Bybit,USDEUSDT,USDE,USDT,USDT,50.0,8.0,0.0001,2026-05-31 22:09:58.745693,20260531,USDEUSDT
Bybit,USELESSUSDT,USELESS,USDT,USDT,12.0,4.0,1e-05,2026-05-31 22:09:58.745693,20260531,USELESSUSDT
Bybit,USTCUSDT,USTC,USDT,USDT,20.0,4.0,1e-06,2026-05-31 22:09:58.745693,20260531,USTCUSDT
Bybit,USUALUSDT,USUAL,USDT,USDT,25.0,4.0,1e-06,2026-05-31 22:09:58.745693,20260531,USUALUSDT
Bybit,USUSDT,US,USDT,USDT,20.0,4.0,1e-06,2026-05-31 22:09:58.745693,20260531,USUSDT
Bybit,VANAUSDT,VANA,USDT,USDT,25.0,4.0,0.0001,2026-05-31 22:09:58.745693,20260531,VANAUSDT
Bybit,VANRYUSDT,VANRY,USDT,USDT,20.0,4.0,1e-06,2026-05-31 22:09:58.745693,20260531,VANRYUSDT
Bybit,VELODROMEUSDT,VELODROME,USDT,USDT,20.0,4.0,1e-06,2026-05-31 22:09:58.745693,20260531,VELODROMEUSDT
Bybit,VELOUSDT,VELO,USDT,USDT,5.0,8.0,1e-06,2026-05-31 22:09:58.745693,20260531,VELOUSDT
Bybit,VELVETUSDT,VELVET,USDT,USDT,5.0,4.0,1e-05,2026-05-31 22:09:58.745693,20260531,VELVETUSDT
Bybit,VETUSDT,VET,USDT,USDT,25.0,8.0,1e-06,2026-05-31 22:09:58.745693,20260531,VETUSDT
Bybit,VINEUSDT,VINE,USDT,USDT,20.0,4.0,1e-06,2026-05-31 22:09:58.745693,20260531,VINEUSDT
Bybit,VIRTUALPERP,VIRTUAL,USDC,USDC,20.0,4.0,0.0001,2026-05-31 22:09:58.745693,20260531,VIRTUALPERP
Bybit,VIRTUALUSDT,VIRTUAL,USDT,USDT,50.0,4.0,0.0001,2026-05-31 22:09:58.745693,20260531,VIRTUALUSDT
Bybit,VVVUSDT,VVV,USDT,USDT,20.0,4.0,0.001,2026-05-31 22:09:58.745693,20260531,VVVUSDT
Bybit,WALUSDT,WAL,USDT,USDT,25.0,4.0,1e-05,2026-05-31 22:09:58.745693,20260531,WALUSDT
Bybit,WAVESUSDT,WAVES,USDT,USDT,20.0,8.0,0.0001,2026-05-31 22:09:58.745693,20260531,WAVESUSDT
Bybit,WAXPUSDT,WAXP,USDT,USDT,25.0,4.0,1e-06,2026-05-31 22:09:58.745693,20260531,WAXPUSDT
Bybit,WCTUSDT,WCT,USDT,USDT,25.0,4.0,1e-05,2026-05-31 22:09:58.745693,20260531,WCTUSDT
Bybit,WDCUSDT,WDC,USDT,USDT,10.0,8.0,0.01,2026-05-31 22:09:58.745693,20260531,WDCUSDT
Bybit,WETUSDT,WET,USDT,USDT,50.0,4.0,1e-05,2026-05-31 22:09:58.745693,20260531,WETUSDT
Bybit,WHITEWHALEUSDT,WHITEWHALE,USDT,USDT,12.0,4.0,1e-06,2026-05-31 22:09:58.745693,20260531,WHITEWHALEUSDT
Bybit,WIFPERP,WIF,USDC,USDC,50.0,8.0,1e-05,2026-05-31 22:09:58.745693,20260531,WIFPERP
Bybit,WIFUSDT,WIF,USDT,USDT,50.0,4.0,1e-05,2026-05-31 22:09:58.745693,20260531,WIFUSDT
Bybit,WLDPERP,WLD,USDC,USDC,50.0,8.0,0.0001,2026-05-31 22:09:58.745693,20260531,WLDPERP
Bybit,WLDUSDT,WLD,USDT,USDT,50.0,8.0,0.0001,2026-05-31 22:09:58.745693,20260531,WLDUSDT
Bybit,WLFIPERP,WLFI,USDC,USDC,75.0,4.0,1e-05,2026-05-31 22:09:58.745693,20260531,WLFIPERP
Bybit,WLFIUSDT,WLFI,USDT,USDT,75.0,4.0,1e-05,2026-05-31 22:09:58.745693,20260531,WLFIUSDT
Bybit,WOOUSDT,WOO,USDT,USDT,20.0,8.0,1e-06,2026-05-31 22:09:58.745693,20260531,WOOUSDT
Bybit,WUSDT,W,USDT,USDT,50.0,4.0,1e-06,2026-05-31 22:09:58.745693,20260531,WUSDT
Bybit,XAGUSDT,XAG,USDT,USDT,100.0,4.0,0.01,2026-05-31 22:09:58.745693,20260531,XAGUSDT
Bybit,XAIUSDT,XAI,USDT,USDT,25.0,4.0,1e-06,2026-05-31 22:09:58.745693,20260531,XAIUSDT
Bybit,XANUSDT,XAN,USDT,USDT,12.0,4.0,1e-06,2026-05-31 22:09:58.745693,20260531,XANUSDT
Bybit,XAUTPERP,XAUT,USDC,USDC,50.0,4.0,0.1,2026-05-31 22:09:58.745693,20260531,XAUTPERP
Bybit,XAUTUSDT,XAUT,USDT,USDT,75.0,4.0,0.1,2026-05-31 22:09:58.745693,20260531,XAUTUSDT
Bybit,XAUTUSDT-05JUN26,XAUT,USDT,USDT,50.0,0.0,0.1,2026-05-31 22:09:58.745693,20260531,XAUTUSDT-05JUN26
Bybit,XAUTUSDT-12JUN26,XAUT,USDT,USDT,50.0,0.0,0.1,2026-05-31 22:09:58.745693,20260531,XAUTUSDT-12JUN26
Bybit,XAUTUSDT-19JUN26,XAUT,USDT,USDT,50.0,0.0,0.1,2026-05-31 22:09:58.745693,20260531,XAUTUSDT-19JUN26
Bybit,XAUTUSDT-26JUN26,XAUT,USDT,USDT,50.0,0.0,0.1,2026-05-31 22:09:58.745693,20260531,XAUTUSDT-26JUN26
Bybit,XAUUSDT,XAU,USDT,USDT,100.0,4.0,0.01,2026-05-31 22:09:58.745693,20260531,XAUUSDT
Bybit,XCNUSDT,XCN,USDT,USDT,5.0,4.0,1e-06,2026-05-31 22:09:58.745693,20260531,XCNUSDT
Bybit,XDCUSDT,XDC,USDT,USDT,20.0,4.0,1e-05,2026-05-31 22:09:58.745693,20260531,XDCUSDT
Bybit,XIONUSDT,XION,USDT,USDT,5.0,4.0,1e-05,2026-05-31 22:09:58.745693,20260531,XIONUSDT
Bybit,XLMPERP,XLM,USDC,USDC,75.0,8.0,1e-05,2026-05-31 22:09:58.745693,20260531,XLMPERP
Bybit,XLMUSDT,XLM,USDT,USDT,50.0,8.0,1e-05,2026-05-31 22:09:58.745693,20260531,XLMUSDT
Bybit,XMRPERP,XMR,USDC,USDC,20.0,4.0,0.01,2026-05-31 22:09:58.745693,20260531,XMRPERP
Bybit,XMRUSDT,XMR,USDT,USDT,25.0,8.0,0.01,2026-05-31 22:09:58.745693,20260531,XMRUSDT
Bybit,XNYUSDT,XNY,USDT,USDT,5.0,4.0,1e-06,2026-05-31 22:09:58.745693,20260531,XNYUSDT
Bybit,XPINUSDT,XPIN,USDT,USDT,20.0,4.0,1e-07,2026-05-31 22:09:58.745693,20260531,XPINUSDT
Bybit,XPLPERP,XPL,USDC,USDC,50.0,4.0,1e-05,2026-05-31 22:09:58.745693,20260531,XPLPERP
Bybit,XPLUSDT,XPL,USDT,USDT,75.0,4.0,1e-05,2026-05-31 22:09:58.745693,20260531,XPLUSDT
Bybit,XRPPERP,XRP,USDC,USDC,50.0,8.0,0.0001,2026-05-31 22:09:58.745693,20260531,XRPPERP
Bybit,XRPUSDT,XRP,USDT,USDT,100.0,8.0,0.0001,2026-05-31 22:09:58.745693,20260531,XRPUSDT
Bybit,XRPUSDT-05JUN26,XRP,USDT,USDT,50.0,0.0,0.0001,2026-05-31 22:09:58.746690,20260531,XRPUSDT-05JUN26
Bybit,XRPUSDT-12JUN26,XRP,USDT,USDT,50.0,0.0,0.0001,2026-05-31 22:09:58.746690,20260531,XRPUSDT-12JUN26
Bybit,XRPUSDT-19JUN26,XRP,USDT,USDT,50.0,0.0,0.0001,2026-05-31 22:09:58.746690,20260531,XRPUSDT-19JUN26
Bybit,XRPUSDT-26JUN26,XRP,USDT,USDT,50.0,0.0,0.0001,2026-05-31 22:09:58.746690,20260531,XRPUSDT-26JUN26
Bybit,XTZUSDT,XTZ,USDT,USDT,50.0,4.0,0.0001,2026-05-31 22:09:58.746690,20260531,XTZUSDT
Bybit,XVGUSDT,XVG,USDT,USDT,20.0,8.0,1e-06,2026-05-31 22:09:58.746690,20260531,XVGUSDT
Bybit,XVSUSDT,XVS,USDT,USDT,12.0,8.0,0.001,2026-05-31 22:09:58.746690,20260531,XVSUSDT
Bybit,YBUSDT,YB,USDT,USDT,25.0,4.0,1e-05,2026-05-31 22:09:58.746690,20260531,YBUSDT
Bybit,YFIUSDT,YFI,USDT,USDT,25.0,8.0,1.0,2026-05-31 22:09:58.746690,20260531,YFIUSDT
Bybit,YGGUSDT,YGG,USDT,USDT,25.0,4.0,1e-05,2026-05-31 22:09:58.746690,20260531,YGGUSDT
Bybit,ZAMAUSDT,ZAMA,USDT,USDT,25.0,4.0,1e-05,2026-05-31 22:09:58.746690,20260531,ZAMAUSDT
Bybit,ZBCNUSDT,ZBCN,USDT,USDT,5.0,8.0,1e-07,2026-05-31 22:09:58.746690,20260531,ZBCNUSDT
Bybit,ZBTUSDT,ZBT,USDT,USDT,25.0,4.0,1e-05,2026-05-31 22:09:58.746690,20260531,ZBTUSDT
Bybit,ZECUSDT,ZEC,USDT,USDT,50.0,8.0,0.01,2026-05-31 22:09:58.746690,20260531,ZECUSDT
Bybit,ZENUSDT,ZEN,USDT,USDT,25.0,8.0,0.001,2026-05-31 22:09:58.746690,20260531,ZENUSDT
Bybit,ZEREBROUSDT,ZEREBRO,USDT,USDT,12.0,4.0,1e-06,2026-05-31 22:09:58.746690,20260531,ZEREBROUSDT
Bybit,ZETAUSDT,ZETA,USDT,USDT,25.0,4.0,1e-05,2026-05-31 22:09:58.746690,20260531,ZETAUSDT
Bybit,ZILUSDT,ZIL,USDT,USDT,25.0,8.0,1e-06,2026-05-31 22:09:58.746690,20260531,ZILUSDT
Bybit,ZKCUSDT,ZKC,USDT,USDT,25.0,4.0,1e-05,2026-05-31 22:09:58.746690,20260531,ZKCUSDT
Bybit,ZKPUSDT,ZKP,USDT,USDT,25.0,4.0,1e-05,2026-05-31 22:09:58.746690,20260531,ZKPUSDT
Bybit,ZKUSDT,ZK,USDT,USDT,25.0,4.0,1e-06,2026-05-31 22:09:58.746690,20260531,ZKUSDT
Bybit,ZORAUSDT,ZORA,USDT,USDT,25.0,4.0,1e-06,2026-05-31 22:09:58.746690,20260531,ZORAUSDT
Bybit,ZROUSDT,ZRO,USDT,USDT,50.0,4.0,0.0001,2026-05-31 22:09:58.746690,20260531,ZROUSDT
Bybit,ZRXUSDT,ZRX,USDT,USDT,25.0,8.0,1e-05,2026-05-31 22:09:58.746690,20260531,ZRXUSDT
Bybit,AAVEUSD,AAVE,USD,AAVE,20.0,8.0,0.01,2026-05-31 22:09:58.746690,20260531,AAVEUSD
Bybit,ADAUSD,ADA,USD,ADA,50.0,8.0,0.0001,2026-05-31 22:09:58.746690,20260531,ADAUSD
Bybit,APTUSD,APT,USD,APT,20.0,8.0,0.0001,2026-05-31 22:09:58.746690,20260531,APTUSD
Bybit,AVAXUSD,AVAX,USD,AVAX,20.0,8.0,0.001,2026-05-31 22:09:58.746690,20260531,AVAXUSD
Bybit,BCHUSD,BCH,USD,BCH,20.0,8.0,0.1,2026-05-31 22:09:58.746690,20260531,BCHUSD
Bybit,BTCUSD,BTC,USD,BTC,100.0,8.0,0.1,2026-05-31 22:09:58.746690,20260531,BTCUSD
Bybit,BTCUSDM26,BTC,USD,BTC,100.0,0.0,0.5,2026-05-31 22:09:58.746690,20260531,BTCUSDM26
Bybit,BTCUSDU26,BTC,USD,BTC,100.0,0.0,0.5,2026-05-31 22:09:58.746690,20260531,BTCUSDU26
Bybit,DOGEUSD,DOGE,USD,DOGE,25.0,8.0,1e-05,2026-05-31 22:09:58.746690,20260531,DOGEUSD
Bybit,DOTUSD,DOT,USD,DOT,50.0,8.0,0.0001,2026-05-31 22:09:58.746690,20260531,DOTUSD
Bybit,ETCUSD,ETC,USD,ETC,20.0,8.0,0.001,2026-05-31 22:09:58.746690,20260531,ETCUSD
Bybit,ETHUSD,ETH,USD,ETH,100.0,8.0,0.01,2026-05-31 22:09:58.746690,20260531,ETHUSD
Bybit,ETHUSDM26,ETH,USD,ETH,50.0,0.0,0.05,2026-05-31 22:09:58.746690,20260531,ETHUSDM26
Bybit,ETHUSDU26,ETH,USD,ETH,50.0,0.0,0.05,2026-05-31 22:09:58.746690,20260531,ETHUSDU26
Bybit,FILUSD,FIL,USD,FIL,20.0,8.0,0.0001,2026-05-31 22:09:58.746690,20260531,FILUSD
Bybit,LINKUSD,LINK,USD,LINK,20.0,8.0,0.001,2026-05-31 22:09:58.746690,20260531,LINKUSD
Bybit,LTCUSD,LTC,USD,LTC,50.0,8.0,0.01,2026-05-31 22:09:58.746690,20260531,LTCUSD
Bybit,MNTUSD,MNT,USD,MNT,50.0,8.0,0.0001,2026-05-31 22:09:58.746690,20260531,MNTUSD
Bybit,NEARUSD,NEAR,USD,NEAR,20.0,8.0,0.0001,2026-05-31 22:09:58.746690,20260531,NEARUSD
Bybit,OPUSD,OP,USD,OP,20.0,8.0,1e-05,2026-05-31 22:09:58.746690,20260531,OPUSD
Bybit,SOLUSD,SOL,USD,SOL,50.0,8.0,0.01,2026-05-31 22:09:58.746690,20260531,SOLUSD
Bybit,SUIUSD,SUI,USD,SUI,20.0,8.0,0.0001,2026-05-31 22:09:58.746690,20260531,SUIUSD
Bybit,TONUSD,TON,USD,TON,20.0,8.0,0.0001,2026-05-31 22:09:58.746690,20260531,TONUSD
Bybit,UNIUSD,UNI,USD,UNI,20.0,8.0,0.001,2026-05-31 22:09:58.746690,20260531,UNIUSD
Bybit,XLMUSD,XLM,USD,XLM,20.0,8.0,1e-05,2026-05-31 22:09:58.746690,20260531,XLMUSD
Bybit,XRPUSD,XRP,USD,XRP,50.0,8.0,0.0001,2026-05-31 22:09:58.746690,20260531,XRPUSD
Bybit,BPUSDT,BP,USDT,USDT,5.0,4.0,1e-05,2026-05-31 22:09:58.746690,20260531,BPUSDT
Bybit,SPCXUSDT,SPCX,USDT,USDT,10.0,8.0,0.01,2026-05-31 22:09:58.746690,20260531,SPCXUSDT
CME,BTCUSD,BTC,USD,USD,,,,2026-05-31 22:09:58.746690,20260531,BTCUSD
CME,ETHUSD,ETH,USD,USD,,,,2026-05-31 22:09:58.746690,20260531,ETHUSD
CME,XRPUSD,XRP,USD,USD,,,,2026-05-31 22:09:58.746690,20260531,XRPUSD
CME,SOLUSD,SOL,USD,USD,,,,2026-05-31 22:09:58.746690,20260531,SOLUSD
CME,ADAUSD,ADA,USD,USD,,,,2026-05-31 22:09:58.746690,20260531,ADAUSD
CME,LINKUSD,LINK,USD,USD,,,,2026-05-31 22:09:58.746690,20260531,LINKUSD
CoinEx,SYRUPUSDT,SYRUP,USDT,USDT,,8.0,1e-06,2026-05-31 22:09:58.746690,20260531,SYRUPUSDT
CoinEx,KAVAUSDT,KAVA,USDT,USDT,,8.0,1e-06,2026-05-31 22:09:58.746690,20260531,KAVAUSDT
CoinEx,CFXUSDT,CFX,USDT,USDT,,8.0,1e-06,2026-05-31 22:09:58.746690,20260531,CFXUSDT
CoinEx,AUSDT,A,USDT,USDT,,8.0,1e-06,2026-05-31 22:09:58.746690,20260531,AUSDT
CoinEx,GRASSUSDT,GRASS,USDT,USDT,,8.0,1e-06,2026-05-31 22:09:58.746690,20260531,GRASSUSDT
CoinEx,2ZUSDT,2Z,USDT,USDT,,8.0,1e-06,2026-05-31 22:09:58.746690,20260531,2ZUSDT
CoinEx,MNTUSDT,MNT,USDT,USDT,,8.0,0.0001,2026-05-31 22:09:58.746690,20260531,MNTUSDT
CoinEx,MINAUSDT,MINA,USDT,USDT,,8.0,1e-06,2026-05-31 22:09:58.746690,20260531,MINAUSDT
CoinEx,GASUSDT,GAS,USDT,USDT,,8.0,0.0001,2026-05-31 22:09:58.746690,20260531,GASUSDT
CoinEx,CRVUSDT,CRV,USDT,USDT,,8.0,1e-06,2026-05-31 22:09:58.746690,20260531,CRVUSDT
CoinEx,AUCTIONUSDT,AUCTION,USDT,USDT,,8.0,0.0001,2026-05-31 22:09:58.746690,20260531,AUCTIONUSDT
CoinEx,AAVEUSDT,AAVE,USDT,USDT,,8.0,0.01,2026-05-31 22:09:58.746690,20260531,AAVEUSDT
CoinEx,WLFIUSDT,WLFI,USDT,USDT,,8.0,1e-06,2026-05-31 22:09:58.746690,20260531,WLFIUSDT
CoinEx,SANDUSDT,SAND,USDT,USDT,,8.0,1e-06,2026-05-31 22:09:58.746690,20260531,SANDUSDT
CoinEx,ALCHUSDT,ALCH,USDT,USDT,,8.0,1e-06,2026-05-31 22:09:58.746690,20260531,ALCHUSDT
CoinEx,PEPEUSDC,PEPE,USDC,USDC,,8.0,1e-10,2026-05-31 22:09:58.746690,20260531,PEPEUSDC
CoinEx,MELANIAUSDT,MELANIA,USDT,USDT,,8.0,1e-06,2026-05-31 22:09:58.746690,20260531,MELANIAUSDT
CoinEx,JUPUSDT,JUP,USDT,USDT,,8.0,1e-06,2026-05-31 22:09:58.746690,20260531,JUPUSDT
CoinEx,GRTUSDT,GRT,USDT,USDT,,8.0,1e-06,2026-05-31 22:09:58.746690,20260531,GRTUSDT
CoinEx,BLURUSDT,BLUR,USDT,USDT,,8.0,1e-06,2026-05-31 22:09:58.746690,20260531,BLURUSDT
CoinEx,ATOMUSDT,ATOM,USDT,USDT,,8.0,0.0001,2026-05-31 22:09:58.746690,20260531,ATOMUSDT
CoinEx,AEVOUSDT,AEVO,USDT,USDT,,8.0,1e-06,2026-05-31 22:09:58.746690,20260531,AEVOUSDT
CoinEx,ETHUSD,ETH,USD,ETH,,8.0,0.01,2026-05-31 22:09:58.746690,20260531,ETHUSD
CoinEx,ONDOUSDT,ONDO,USDT,USDT,,8.0,0.0001,2026-05-31 22:09:58.746690,20260531,ONDOUSDT
CoinEx,NEOUSDT,NEO,USDT,USDT,,8.0,0.0001,2026-05-31 22:09:58.746690,20260531,NEOUSDT
CoinEx,ETHUSDC,ETH,USDC,USDC,,8.0,0.01,2026-05-31 22:09:58.746690,20260531,ETHUSDC
CoinEx,STXUSDT,STX,USDT,USDT,,8.0,1e-06,2026-05-31 22:09:58.746690,20260531,STXUSDT
CoinEx,QTUMUSDT,QTUM,USDT,USDT,,8.0,0.0001,2026-05-31 22:09:58.746690,20260531,QTUMUSDT
CoinEx,PEOPLEUSDT,PEOPLE,USDT,USDT,,8.0,1e-06,2026-05-31 22:09:58.746690,20260531,PEOPLEUSDT
CoinEx,RAYUSDT,RAY,USDT,USDT,,8.0,0.0001,2026-05-31 22:09:58.746690,20260531,RAYUSDT
CoinEx,ANKRUSDT,ANKR,USDT,USDT,,8.0,1e-06,2026-05-31 22:09:58.746690,20260531,ANKRUSDT
CoinEx,SUIUSDT,SUI,USDT,USDT,,8.0,0.0001,2026-05-31 22:09:58.746690,20260531,SUIUSDT
CoinEx,SNXUSDT,SNX,USDT,USDT,,8.0,0.0001,2026-05-31 22:09:58.746690,20260531,SNXUSDT
CoinEx,MOVEUSDT,MOVE,USDT,USDT,,8.0,1e-06,2026-05-31 22:09:58.746690,20260531,MOVEUSDT
CoinEx,FILUSDT,FIL,USDT,USDT,,8.0,0.0001,2026-05-31 22:09:58.746690,20260531,FILUSDT
CoinEx,WAVESUSDT,WAVES,USDT,USDT,,8.0,0.0001,2026-05-31 22:09:58.746690,20260531,WAVESUSDT
CoinEx,SUSHIUSDT,SUSHI,USDT,USDT,,8.0,1e-06,2026-05-31 22:09:58.746690,20260531,SUSHIUSDT
CoinEx,SKLUSDT,SKL,USDT,USDT,,8.0,1e-06,2026-05-31 22:09:58.746690,20260531,SKLUSDT
CoinEx,BUSDT,B,USDT,USDT,,8.0,0.0001,2026-05-31 22:09:58.746690,20260531,BUSDT
CoinEx,BTCUSDC,BTC,USDC,USDC,,8.0,1.0,2026-05-31 22:09:58.746690,20260531,BTCUSDC
CoinEx,NVDAXUSDT,NVDAX,USDT,USDT,,8.0,0.01,2026-05-31 22:09:58.746690,20260531,NVDAXUSDT
CoinEx,MANAUSDT,MANA,USDT,USDT,,8.0,1e-06,2026-05-31 22:09:58.746690,20260531,MANAUSDT
CoinEx,ADAUSDC,ADA,USDC,USDC,,8.0,1e-06,2026-05-31 22:09:58.746690,20260531,ADAUSDC
CoinEx,PUMPUSDT,PUMP,USDT,USDT,,8.0,1e-08,2026-05-31 22:09:58.746690,20260531,PUMPUSDT
CoinEx,ORDIUSDT,ORDI,USDT,USDT,,8.0,0.0001,2026-05-31 22:09:58.746690,20260531,ORDIUSDT
CoinEx,KAIAUSDT,KAIA,USDT,USDT,,8.0,1e-06,2026-05-31 22:09:58.746690,20260531,KAIAUSDT
CoinEx,FETUSDT,FET,USDT,USDT,,8.0,1e-06,2026-05-31 22:09:58.746690,20260531,FETUSDT
CoinEx,PENGUUSDT,PENGU,USDT,USDT,,8.0,1e-06,2026-05-31 22:09:58.746690,20260531,PENGUUSDT
CoinEx,IDUSDT,ID,USDT,USDT,,4.0,1e-06,2026-05-31 22:09:58.746690,20260531,IDUSDT
CoinEx,RIVERUSDT,RIVER,USDT,USDT,,8.0,0.0001,2026-05-31 22:09:58.746690,20260531,RIVERUSDT
CoinEx,IOUSDT,IO,USDT,USDT,,8.0,1e-06,2026-05-31 22:09:58.746690,20260531,IOUSDT
CoinEx,DOGEUSDC,DOGE,USDC,USDC,,8.0,1e-06,2026-05-31 22:09:58.746690,20260531,DOGEUSDC
CoinEx,BIOUSDT,BIO,USDT,USDT,,8.0,1e-06,2026-05-31 22:09:58.746690,20260531,BIOUSDT
CoinEx,STABLEUSDT,STABLE,USDT,USDT,,8.0,1e-06,2026-05-31 22:09:58.746690,20260531,STABLEUSDT
CoinEx,WUSDT,W,USDT,USDT,,8.0,1e-06,2026-05-31 22:09:58.746690,20260531,WUSDT
CoinEx,SKYUSDT,SKY,USDT,USDT,,8.0,1e-06,2026-05-31 22:09:58.746690,20260531,SKYUSDT
CoinEx,LITUSDT,LIT,USDT,USDT,,8.0,0.0001,2026-05-31 22:09:58.746690,20260531,LITUSDT
CoinEx,KITEUSDT,KITE,USDT,USDT,,8.0,1e-06,2026-05-31 22:09:58.746690,20260531,KITEUSDT
CoinEx,LUNAUSDT,LUNA,USDT,USDT,,8.0,1e-06,2026-05-31 22:09:58.746690,20260531,LUNAUSDT
CoinEx,BCHUSDC,BCH,USDC,USDC,,8.0,0.01,2026-05-31 22:09:58.746690,20260531,BCHUSDC
CoinEx,WOOUSDT,WOO,USDT,USDT,,8.0,1e-06,2026-05-31 22:09:58.746690,20260531,WOOUSDT
CoinEx,LINKUSDC,LINK,USDC,USDC,,8.0,0.0001,2026-05-31 22:09:58.746690,20260531,LINKUSDC
CoinEx,INJUSDT,INJ,USDT,USDT,,8.0,0.0001,2026-05-31 22:09:58.746690,20260531,INJUSDT
CoinEx,CHZUSDT,CHZ,USDT,USDT,,8.0,1e-06,2026-05-31 22:09:58.746690,20260531,CHZUSDT
CoinEx,BNBUSDC,BNB,USDC,USDC,,8.0,0.01,2026-05-31 22:09:58.746690,20260531,BNBUSDC
CoinEx,RENDERUSDT,RENDER,USDT,USDT,,8.0,0.0001,2026-05-31 22:09:58.746690,20260531,RENDERUSDT
CoinEx,ZKUSDT,ZK,USDT,USDT,,8.0,1e-06,2026-05-31 22:09:58.746690,20260531,ZKUSDT
CoinEx,UMAUSDT,UMA,USDT,USDT,,8.0,0.0001,2026-05-31 22:09:58.746690,20260531,UMAUSDT
CoinEx,SOONUSDT,SOON,USDT,USDT,,8.0,1e-06,2026-05-31 22:09:58.746690,20260531,SOONUSDT
CoinEx,BREVUSDT,BREV,USDT,USDT,,8.0,1e-06,2026-05-31 22:09:58.746690,20260531,BREVUSDT
CoinEx,TRBUSDT,TRB,USDT,USDT,,8.0,0.0001,2026-05-31 22:09:58.746690,20260531,TRBUSDT
CoinEx,JASMYUSDT,JASMY,USDT,USDT,,8.0,1e-06,2026-05-31 22:09:58.746690,20260531,JASMYUSDT
CoinEx,BRETTUSDT,BRETT,USDT,USDT,,8.0,1e-06,2026-05-31 22:09:58.746690,20260531,BRETTUSDT
CoinEx,BABYDOGEUSDT,BABYDOGE,USDT,USDT,,8.0,1e-12,2026-05-31 22:09:58.746690,20260531,BABYDOGEUSDT
CoinEx,VANAUSDT,VANA,USDT,USDT,,8.0,0.0001,2026-05-31 22:09:58.746690,20260531,VANAUSDT
CoinEx,WLDUSDT,WLD,USDT,USDT,,8.0,1e-06,2026-05-31 22:09:58.746690,20260531,WLDUSDT
CoinEx,TONUSDT,TON,USDT,USDT,,8.0,0.0001,2026-05-31 22:09:58.746690,20260531,TONUSDT
CoinEx,ZRXUSDT,ZRX,USDT,USDT,,8.0,1e-06,2026-05-31 22:09:58.746690,20260531,ZRXUSDT
CoinEx,XAGUSDT,XAG,USDT,USDT,,8.0,0.01,2026-05-31 22:09:58.746690,20260531,XAGUSDT
CoinEx,PENDLEUSDT,PENDLE,USDT,USDT,,8.0,0.0001,2026-05-31 22:09:58.746690,20260531,PENDLEUSDT
CoinEx,ONEUSDT,ONE,USDT,USDT,,8.0,1e-08,2026-05-31 22:09:58.746690,20260531,ONEUSDT
CoinEx,NEARUSDT,NEAR,USDT,USDT,,8.0,0.0001,2026-05-31 22:09:58.746690,20260531,NEARUSDT
CoinEx,CHIPUSDT,CHIP,USDT,USDT,,8.0,1e-06,2026-05-31 22:09:58.746690,20260531,CHIPUSDT
CoinEx,SEIUSDT,SEI,USDT,USDT,,8.0,1e-06,2026-05-31 22:09:58.746690,20260531,SEIUSDT
CoinEx,DOGEUSDT,DOGE,USDT,USDT,,8.0,1e-06,2026-05-31 22:09:58.746690,20260531,DOGEUSDT
CoinEx,RVNUSDT,RVN,USDT,USDT,,8.0,1e-06,2026-05-31 22:09:58.746690,20260531,RVNUSDT
CoinEx,DASHUSDT,DASH,USDT,USDT,,8.0,0.01,2026-05-31 22:09:58.746690,20260531,DASHUSDT
CoinEx,CRCLXUSDT,CRCLX,USDT,USDT,,8.0,0.01,2026-05-31 22:09:58.746690,20260531,CRCLXUSDT
CoinEx,BTTUSDT,BTT,USDT,USDT,,8.0,1e-10,2026-05-31 22:09:58.746690,20260531,BTTUSDT
CoinEx,BERAUSDT,BERA,USDT,USDT,,8.0,0.0001,2026-05-31 22:09:58.746690,20260531,BERAUSDT
CoinEx,KMNOUSDT,KMNO,USDT,USDT,,8.0,1e-06,2026-05-31 22:09:58.746690,20260531,KMNOUSDT
CoinEx,JSTUSDT,JST,USDT,USDT,,8.0,1e-06,2026-05-31 22:09:58.746690,20260531,JSTUSDT
CoinEx,ARUSDT,AR,USDT,USDT,,8.0,0.0001,2026-05-31 22:09:58.746690,20260531,ARUSDT
CoinEx,XPLUSDT,XPL,USDT,USDT,,8.0,1e-06,2026-05-31 22:09:58.746690,20260531,XPLUSDT
CoinEx,TURBOUSDT,TURBO,USDT,USDT,,8.0,1e-08,2026-05-31 22:09:58.746690,20260531,TURBOUSDT
CoinEx,ENSUSDT,ENS,USDT,USDT,,8.0,0.0001,2026-05-31 22:09:58.746690,20260531,ENSUSDT
CoinEx,ADAUSDT,ADA,USDT,USDT,,8.0,1e-06,2026-05-31 22:09:58.746690,20260531,ADAUSDT
CoinEx,MEWUSDT,MEW,USDT,USDT,,8.0,1e-08,2026-05-31 22:09:58.746690,20260531,MEWUSDT
CoinEx,CHEEMSUSDT,CHEEMS,USDT,USDT,,8.0,1e-10,2026-05-31 22:09:58.746690,20260531,CHEEMSUSDT
CoinEx,BIGTIMEUSDT,BIGTIME,USDT,USDT,,8.0,1e-06,2026-05-31 22:09:58.746690,20260531,BIGTIMEUSDT
CoinEx,VVVUSDT,VVV,USDT,USDT,,8.0,0.0001,2026-05-31 22:09:58.746690,20260531,VVVUSDT
CoinEx,SUIUSDC,SUI,USDC,USDC,,8.0,0.0001,2026-05-31 22:09:58.746690,20260531,SUIUSDC
CoinEx,STRKUSDT,STRK,USDT,USDT,,8.0,1e-06,2026-05-31 22:09:58.746690,20260531,STRKUSDT
CoinEx,MONUSDT,MON,USDT,USDT,,8.0,1e-06,2026-05-31 22:09:58.746690,20260531,MONUSDT
CoinEx,ROSEUSDT,ROSE,USDT,USDT,,8.0,1e-06,2026-05-31 22:09:58.746690,20260531,ROSEUSDT
CoinEx,QNTUSDT,QNT,USDT,USDT,,8.0,0.01,2026-05-31 22:09:58.746690,20260531,QNTUSDT
CoinEx,BEAMXUSDT,BEAMX,USDT,USDT,,8.0,1e-08,2026-05-31 22:09:58.746690,20260531,BEAMXUSDT
CoinEx,XCHUSDT,XCH,USDT,USDT,,8.0,0.0001,2026-05-31 22:09:58.746690,20260531,XCHUSDT
CoinEx,SATSUSDT,SATS,USDT,USDT,,8.0,1e-12,2026-05-31 22:09:58.746690,20260531,SATSUSDT
CoinEx,JTOUSDT,JTO,USDT,USDT,,8.0,0.0001,2026-05-31 22:09:58.746690,20260531,JTOUSDT
CoinEx,RUNEUSDT,RUNE,USDT,USDT,,8.0,0.0001,2026-05-31 22:09:58.746690,20260531,RUNEUSDT
CoinEx,PEPEUSDT,PEPE,USDT,USDT,,8.0,1e-10,2026-05-31 22:09:58.746690,20260531,PEPEUSDT
CoinEx,MSTRXUSDT,MSTRX,USDT,USDT,,8.0,0.01,2026-05-31 22:09:58.746690,20260531,MSTRXUSDT
CoinEx,HNTUSDT,HNT,USDT,USDT,,8.0,0.0001,2026-05-31 22:09:58.746690,20260531,HNTUSDT
CoinEx,EGLDUSDT,EGLD,USDT,USDT,,8.0,0.0001,2026-05-31 22:09:58.746690,20260531,EGLDUSDT
CoinEx,CROUSDT,CRO,USDT,USDT,,8.0,1e-06,2026-05-31 22:09:58.746690,20260531,CROUSDT
CoinEx,AXSUSDT,AXS,USDT,USDT,,8.0,0.0001,2026-05-31 22:09:58.746690,20260531,AXSUSDT
CoinEx,ZENUSDT,ZEN,USDT,USDT,,8.0,0.0001,2026-05-31 22:09:58.746690,20260531,ZENUSDT
CoinEx,SUSDT,S,USDT,USDT,,8.0,1e-06,2026-05-31 22:09:58.746690,20260531,SUSDT
CoinEx,KSMUSDT,KSM,USDT,USDT,,8.0,0.0001,2026-05-31 22:09:58.746690,20260531,KSMUSDT
CoinEx,DYDXUSDT,DYDX,USDT,USDT,,8.0,1e-06,2026-05-31 22:09:58.746690,20260531,DYDXUSDT
CoinEx,XAUTUSDT,XAUT,USDT,USDT,,8.0,0.01,2026-05-31 22:09:58.746690,20260531,XAUTUSDT
CoinEx,APEUSDT,APE,USDT,USDT,,8.0,1e-06,2026-05-31 22:09:58.746690,20260531,APEUSDT
CoinEx,ASTERUSDT,ASTER,USDT,USDT,,8.0,0.0001,2026-05-31 22:09:58.746690,20260531,ASTERUSDT
CoinEx,XTZUSDT,XTZ,USDT,USDT,,8.0,0.0001,2026-05-31 22:09:58.746690,20260531,XTZUSDT
CoinEx,UNIUSDT,UNI,USDT,USDT,,8.0,0.0001,2026-05-31 22:09:58.746690,20260531,UNIUSDT
CoinEx,MASKUSDT,MASK,USDT,USDT,,8.0,0.0001,2026-05-31 22:09:58.746690,20260531,MASKUSDT
CoinEx,LINKUSDT,LINK,USDT,USDT,,8.0,0.0001,2026-05-31 22:09:58.746690,20260531,LINKUSDT
CoinEx,IMXUSDT,IMX,USDT,USDT,,8.0,1e-06,2026-05-31 22:09:58.746690,20260531,IMXUSDT
CoinEx,GLMUSDT,GLM,USDT,USDT,,8.0,1e-06,2026-05-31 22:09:58.746690,20260531,GLMUSDT
CoinEx,DOGUSDT,DOG,USDT,USDT,,8.0,1e-08,2026-05-31 22:09:58.746690,20260531,DOGUSDT
CoinEx,BNBUSDT,BNB,USDT,USDT,,8.0,0.01,2026-05-31 22:09:58.746690,20260531,BNBUSDT
CoinEx,BABYUSDT,BABY,USDT,USDT,,8.0,1e-06,2026-05-31 22:09:58.746690,20260531,BABYUSDT
CoinEx,SLPUSDT,SLP,USDT,USDT,,8.0,1e-08,2026-05-31 22:09:58.746690,20260531,SLPUSDT
CoinEx,BCHUSDT,BCH,USDT,USDT,,8.0,0.01,2026-05-31 22:09:58.746690,20260531,BCHUSDT
CoinEx,ZETAUSDT,ZETA,USDT,USDT,,8.0,1e-06,2026-05-31 22:09:58.746690,20260531,ZETAUSDT
CoinEx,GMTUSDT,GMT,USDT,USDT,,8.0,1e-06,2026-05-31 22:09:58.746690,20260531,GMTUSDT
CoinEx,AVAXUSDT,AVAX,USDT,USDT,,8.0,0.0001,2026-05-31 22:09:58.746690,20260531,AVAXUSDT
CoinEx,XLMUSDT,XLM,USDT,USDT,,8.0,1e-06,2026-05-31 22:09:58.746690,20260531,XLMUSDT
CoinEx,TRXUSDC,TRX,USDC,USDC,,8.0,0.0001,2026-05-31 22:09:58.746690,20260531,TRXUSDC
CoinEx,SUPERUSDT,SUPER,USDT,USDT,,8.0,1e-06,2026-05-31 22:09:58.746690,20260531,SUPERUSDT
CoinEx,SOLUSDC,SOL,USDC,USDC,,8.0,0.01,2026-05-31 22:09:58.746690,20260531,SOLUSDC
CoinEx,HOTUSDT,HOT,USDT,USDT,,8.0,1e-08,2026-05-31 22:09:58.746690,20260531,HOTUSDT
CoinEx,SOMIUSDT,SOMI,USDT,USDT,,8.0,1e-06,2026-05-31 22:09:58.746690,20260531,SOMIUSDT
CoinEx,IOTXUSDT,IOTX,USDT,USDT,,8.0,1e-06,2026-05-31 22:09:58.746690,20260531,IOTXUSDT
CoinEx,ETHFIUSDT,ETHFI,USDT,USDT,,8.0,0.0001,2026-05-31 22:09:58.746690,20260531,ETHFIUSDT
CoinEx,SPXUSDT,SPX,USDT,USDT,,8.0,0.0001,2026-05-31 22:09:58.746690,20260531,SPXUSDT
CoinEx,PLUMEUSDT,PLUME,USDT,USDT,,8.0,1e-06,2026-05-31 22:09:58.746690,20260531,PLUMEUSDT
CoinEx,OPUSDT,OP,USDT,USDT,,8.0,1e-06,2026-05-31 22:09:58.746690,20260531,OPUSDT
CoinEx,NOTUSDT,NOT,USDT,USDT,,8.0,1e-08,2026-05-31 22:09:58.746690,20260531,NOTUSDT
CoinEx,LTCUSDT,LTC,USDT,USDT,,8.0,0.01,2026-05-31 22:09:58.746690,20260531,LTCUSDT
CoinEx,COMPUSDT,COMP,USDT,USDT,,8.0,0.0001,2026-05-31 22:09:58.746690,20260531,COMPUSDT
CoinEx,ARKMUSDT,ARKM,USDT,USDT,,8.0,1e-06,2026-05-31 22:09:58.746690,20260531,ARKMUSDT
CoinEx,TAOUSDT,TAO,USDT,USDT,,8.0,0.01,2026-05-31 22:09:58.746690,20260531,TAOUSDT
CoinEx,ZILUSDT,ZIL,USDT,USDT,,8.0,1e-06,2026-05-31 22:09:58.746690,20260531,ZILUSDT
CoinEx,RSRUSDT,RSR,USDT,USDT,,8.0,1e-08,2026-05-31 22:09:58.746690,20260531,RSRUSDT
CoinEx,RONUSDT,RON,USDT,USDT,,8.0,1e-06,2026-05-31 22:09:58.746690,20260531,RONUSDT
CoinEx,MANTAUSDT,MANTA,USDT,USDT,,8.0,1e-06,2026-05-31 22:09:58.746690,20260531,MANTAUSDT
CoinEx,ENJUSDT,ENJ,USDT,USDT,,8.0,1e-06,2026-05-31 22:09:58.746690,20260531,ENJUSDT
CoinEx,DOTUSDT,DOT,USDT,USDT,,8.0,0.0001,2026-05-31 22:09:58.746690,20260531,DOTUSDT
CoinEx,ATHUSDT,ATH,USDT,USDT,,8.0,1e-06,2026-05-31 22:09:58.746690,20260531,ATHUSDT
CoinEx,APTUSDT,APT,USDT,USDT,,8.0,0.0001,2026-05-31 22:09:58.746690,20260531,APTUSDT
CoinEx,BTCUSDT,BTC,USDT,USDT,,8.0,1.0,2026-05-31 22:09:58.746690,20260531,BTCUSDT
CoinEx,WIFUSDT,WIF,USDT,USDT,,8.0,1e-06,2026-05-31 22:09:58.746690,20260531,WIFUSDT
CoinEx,RATSUSDT,RATS,USDT,USDT,,8.0,1e-08,2026-05-31 22:09:58.746690,20260531,RATSUSDT
CoinEx,MYXUSDT,MYX,USDT,USDT,,8.0,1e-06,2026-05-31 22:09:58.746690,20260531,MYXUSDT
CoinEx,HYPEUSDT,HYPE,USDT,USDT,,8.0,0.01,2026-05-31 22:09:58.746690,20260531,HYPEUSDT
CoinEx,ENAUSDT,ENA,USDT,USDT,,8.0,1e-06,2026-05-31 22:09:58.746690,20260531,ENAUSDT
CoinEx,BDXUSDT,BDX,USDT,USDT,,8.0,1e-06,2026-05-31 22:09:58.746690,20260531,BDXUSDT
CoinEx,MOGUSDT,MOG,USDT,USDT,,8.0,1e-12,2026-05-31 22:09:58.746690,20260531,MOGUSDT
CoinEx,LDOUSDT,LDO,USDT,USDT,,8.0,0.0001,2026-05-31 22:09:58.746690,20260531,LDOUSDT
CoinEx,ZORAUSDT,ZORA,USDT,USDT,,8.0,1e-06,2026-05-31 22:09:58.746690,20260531,ZORAUSDT
CoinEx,PARTIUSDT,PARTI,USDT,USDT,,8.0,1e-06,2026-05-31 22:09:58.746690,20260531,PARTIUSDT
CoinEx,FARTCOINUSDT,FARTCOIN,USDT,USDT,,8.0,1e-06,2026-05-31 22:09:58.747687,20260531,FARTCOINUSDT
CoinEx,EIGENUSDT,EIGEN,USDT,USDT,,8.0,1e-06,2026-05-31 22:09:58.747687,20260531,EIGENUSDT
CoinEx,VIRTUALUSDT,VIRTUAL,USDT,USDT,,8.0,0.0001,2026-05-31 22:09:58.747687,20260531,VIRTUALUSDT
CoinEx,USTCUSDT,USTC,USDT,USDT,,8.0,1e-06,2026-05-31 22:09:58.747687,20260531,USTCUSDT
CoinEx,IPUSDT,IP,USDT,USDT,,8.0,0.0001,2026-05-31 22:09:58.747687,20260531,IPUSDT
CoinEx,CVXUSDT,CVX,USDT,USDT,,8.0,0.0001,2026-05-31 22:09:58.747687,20260531,CVXUSDT
CoinEx,AVNTUSDT,AVNT,USDT,USDT,,8.0,1e-06,2026-05-31 22:09:58.747687,20260531,AVNTUSDT
CoinEx,AEROUSDT,AERO,USDT,USDT,,8.0,0.0001,2026-05-31 22:09:58.747687,20260531,AEROUSDT
CoinEx,ETHUSDT,ETH,USDT,USDT,,8.0,0.01,2026-05-31 22:09:58.747687,20260531,ETHUSDT
CoinEx,BTCUSD,BTC,USD,BTC,,8.0,0.01,2026-05-31 22:09:58.747687,20260531,BTCUSD
CoinEx,XRPUSDT,XRP,USDT,USDT,,8.0,0.0001,2026-05-31 22:09:58.747687,20260531,XRPUSDT
CoinEx,USELESSUSDT,USELESS,USDT,USDT,,8.0,1e-06,2026-05-31 22:09:58.747687,20260531,USELESSUSDT
CoinEx,TIAUSDT,TIA,USDT,USDT,,8.0,0.0001,2026-05-31 22:09:58.747687,20260531,TIAUSDT
CoinEx,PIPPINUSDT,PIPPIN,USDT,USDT,,8.0,1e-06,2026-05-31 22:09:58.747687,20260531,PIPPINUSDT
CoinEx,LUNCUSDT,LUNC,USDT,USDT,,8.0,1e-08,2026-05-31 22:09:58.747687,20260531,LUNCUSDT
CoinEx,GOOGLXUSDT,GOOGLX,USDT,USDT,,8.0,0.01,2026-05-31 22:09:58.747687,20260531,GOOGLXUSDT
CoinEx,FFUSDT,FF,USDT,USDT,,8.0,1e-06,2026-05-31 22:09:58.747687,20260531,FFUSDT
CoinEx,ETCUSDT,ETC,USDT,USDT,,8.0,0.0001,2026-05-31 22:09:58.747687,20260531,ETCUSDT
CoinEx,ARBUSDC,ARB,USDC,USDC,,8.0,1e-06,2026-05-31 22:09:58.747687,20260531,ARBUSDC
CoinEx,PNUTUSDT,PNUT,USDT,USDT,,8.0,1e-06,2026-05-31 22:09:58.747687,20260531,PNUTUSDT
CoinEx,LINEAUSDT,LINEA,USDT,USDT,,8.0,1e-06,2026-05-31 22:09:58.747687,20260531,LINEAUSDT
CoinEx,AAVEUSDC,AAVE,USDC,USDC,,8.0,0.01,2026-05-31 22:09:58.747687,20260531,AAVEUSDC
CoinEx,XRPUSDC,XRP,USDC,USDC,,8.0,0.0001,2026-05-31 22:09:58.747687,20260531,XRPUSDC
CoinEx,LRCUSDT,LRC,USDT,USDT,,8.0,1e-06,2026-05-31 22:09:58.747687,20260531,LRCUSDT
CoinEx,HBARUSDT,HBAR,USDT,USDT,,8.0,1e-06,2026-05-31 22:09:58.747687,20260531,HBARUSDT
CoinEx,FLOKIUSDT,FLOKI,USDT,USDT,,8.0,1e-08,2026-05-31 22:09:58.747687,20260531,FLOKIUSDT
CoinEx,DUSKUSDT,DUSK,USDT,USDT,,8.0,1e-06,2026-05-31 22:09:58.747687,20260531,DUSKUSDT
CoinEx,ARBUSDT,ARB,USDT,USDT,,8.0,1e-06,2026-05-31 22:09:58.747687,20260531,ARBUSDT
CoinEx,1INCHUSDT,1INCH,USDT,USDT,,8.0,1e-06,2026-05-31 22:09:58.747687,20260531,1INCHUSDT
CoinEx,CAKEUSDT,CAKE,USDT,USDT,,8.0,0.0001,2026-05-31 22:09:58.747687,20260531,CAKEUSDT
CoinEx,PYTHUSDT,PYTH,USDT,USDT,,8.0,1e-06,2026-05-31 22:09:58.747687,20260531,PYTHUSDT
CoinEx,GALAUSDT,GALA,USDT,USDT,,8.0,1e-06,2026-05-31 22:09:58.747687,20260531,GALAUSDT
CoinEx,ALGOUSDT,ALGO,USDT,USDT,,8.0,1e-06,2026-05-31 22:09:58.747687,20260531,ALGOUSDT
CoinEx,STORJUSDT,STORJ,USDT,USDT,,8.0,1e-06,2026-05-31 22:09:58.747687,20260531,STORJUSDT
CoinEx,SSVUSDT,SSV,USDT,USDT,,8.0,0.0001,2026-05-31 22:09:58.747687,20260531,SSVUSDT
CoinEx,LPTUSDT,LPT,USDT,USDT,,8.0,0.0001,2026-05-31 22:09:58.747687,20260531,LPTUSDT
CoinEx,ICPUSDT,ICP,USDT,USDT,,8.0,0.0001,2026-05-31 22:09:58.747687,20260531,ICPUSDT
CoinEx,XMRUSDT,XMR,USDT,USDT,,8.0,0.01,2026-05-31 22:09:58.747687,20260531,XMRUSDT
CoinEx,POPCATUSDT,POPCAT,USDT,USDT,,8.0,1e-06,2026-05-31 22:09:58.747687,20260531,POPCATUSDT
CoinEx,POLUSDT,POL,USDT,USDT,,8.0,1e-06,2026-05-31 22:09:58.747687,20260531,POLUSDT
CoinEx,BOMEUSDT,BOME,USDT,USDT,,8.0,1e-08,2026-05-31 22:09:58.747687,20260531,BOMEUSDT
CoinEx,TSLAXUSDT,TSLAX,USDT,USDT,,8.0,0.01,2026-05-31 22:09:58.747687,20260531,TSLAXUSDT
CoinEx,SHIBUSDT,SHIB,USDT,USDT,,8.0,1e-10,2026-05-31 22:09:58.747687,20260531,SHIBUSDT
CoinEx,FLOWUSDT,FLOW,USDT,USDT,,8.0,1e-06,2026-05-31 22:09:58.747687,20260531,FLOWUSDT
CoinEx,IOTAUSDT,IOTA,USDT,USDT,,8.0,1e-06,2026-05-31 22:09:58.747687,20260531,IOTAUSDT
CoinEx,CLUSDT,CL,USDT,USDT,,8.0,0.01,2026-05-31 22:09:58.747687,20260531,CLUSDT
CoinEx,THETAUSDT,THETA,USDT,USDT,,8.0,1e-06,2026-05-31 22:09:58.747687,20260531,THETAUSDT
CoinEx,LTCUSDC,LTC,USDC,USDC,,8.0,0.01,2026-05-31 22:09:58.747687,20260531,LTCUSDC
CoinEx,CKBUSDT,CKB,USDT,USDT,,8.0,1e-08,2026-05-31 22:09:58.747687,20260531,CKBUSDT
CoinEx,VETUSDT,VET,USDT,USDT,,8.0,1e-06,2026-05-31 22:09:58.747687,20260531,VETUSDT
CoinEx,SHIBUSDC,SHIB,USDC,USDC,,8.0,1e-10,2026-05-31 22:09:58.747687,20260531,SHIBUSDC
CoinEx,HUMAUSDT,HUMA,USDT,USDT,,8.0,1e-06,2026-05-31 22:09:58.747687,20260531,HUMAUSDT
CoinEx,ZECUSDT,ZEC,USDT,USDT,,8.0,0.01,2026-05-31 22:09:58.747687,20260531,ZECUSDT
CoinEx,WCTUSDT,WCT,USDT,USDT,,8.0,1e-06,2026-05-31 22:09:58.747687,20260531,WCTUSDT
CoinEx,TRXUSDT,TRX,USDT,USDT,,8.0,0.0001,2026-05-31 22:09:58.747687,20260531,TRXUSDT
CoinEx,SOLUSDT,SOL,USDT,USDT,,8.0,0.01,2026-05-31 22:09:58.747687,20260531,SOLUSDT
CoinEx,NIGHTUSDT,NIGHT,USDT,USDT,,8.0,1e-06,2026-05-31 22:09:58.747687,20260531,NIGHTUSDT
CoinEx,MEMEUSDT,MEME,USDT,USDT,,8.0,1e-08,2026-05-31 22:09:58.747687,20260531,MEMEUSDT
CoinEx,KAITOUSDT,KAITO,USDT,USDT,,8.0,0.0001,2026-05-31 22:09:58.747687,20260531,KAITOUSDT
CoinEx,BONKUSDT,BONK,USDT,USDT,,8.0,1e-10,2026-05-31 22:09:58.747687,20260531,BONKUSDT
CoinEx,ZROUSDT,ZRO,USDT,USDT,,8.0,0.0001,2026-05-31 22:09:58.747687,20260531,ZROUSDT
CoinEx,KASUSDT,KAS,USDT,USDT,,8.0,1e-06,2026-05-31 22:09:58.747687,20260531,KASUSDT
CoinEx,BANUSDT,BAN,USDT,USDT,,8.0,1e-06,2026-05-31 22:09:58.747687,20260531,BANUSDT
CoinEx,TRUMPUSDT,TRUMP,USDT,USDT,,8.0,0.0001,2026-05-31 22:09:58.747687,20260531,TRUMPUSDT
CoinEx,OKBUSDT,OKB,USDT,USDT,,8.0,0.01,2026-05-31 22:09:58.747687,20260531,OKBUSDT
Coinbase,ETH-PERP,ETH,USDC,USDC,,1.0,0.01,2026-05-31 22:09:58.747687,20260531,ETH
Coinbase,BTC-PERP,BTC,USDC,USDC,,1.0,0.1,2026-05-31 22:09:58.747687,20260531,BTC
Coinbase,LTC-PERP,LTC,USDC,USDC,,1.0,0.01,2026-05-31 22:09:58.747687,20260531,LTC
Coinbase,XRP-PERP,XRP,USDC,USDC,,1.0,0.0001,2026-05-31 22:09:58.747687,20260531,XRP
Coinbase,SOL-PERP,SOL,USDC,USDC,,1.0,0.001,2026-05-31 22:09:58.747687,20260531,SOL
Coinbase,AVAX-PERP,AVAX,USDC,USDC,,1.0,0.001,2026-05-31 22:09:58.747687,20260531,AVAX
Coinbase,DOGE-PERP,DOGE,USDC,USDC,,1.0,1e-05,2026-05-31 22:09:58.747687,20260531,DOGE
Coinbase,LINK-PERP,LINK,USDC,USDC,,1.0,0.001,2026-05-31 22:09:58.747687,20260531,LINK
Coinbase,XLM-PERP,XLM,USDC,USDC,,1.0,1e-05,2026-05-31 22:09:58.747687,20260531,XLM
Coinbase,ADA-PERP,ADA,USDC,USDC,,1.0,0.0001,2026-05-31 22:09:58.747687,20260531,ADA
Coinbase,BCH-PERP,BCH,USDC,USDC,,1.0,0.01,2026-05-31 22:09:58.747687,20260531,BCH
Coinbase,MATIC-PERP,MATIC,USDC,USDC,,1.0,0.0001,2026-05-31 22:09:58.747687,20260531,MATIC
Coinbase,ETC-PERP,ETC,USDC,USDC,,1.0,0.001,2026-05-31 22:09:58.747687,20260531,ETC
Coinbase,OP-PERP,OP,USDC,USDC,,1.0,0.0001,2026-05-31 22:09:58.747687,20260531,OP
Coinbase,ARB-PERP,ARB,USDC,USDC,,1.0,0.0001,2026-05-31 22:09:58.747687,20260531,ARB
Coinbase,SEI-PERP,SEI,USDC,USDC,,1.0,0.0001,2026-05-31 22:09:58.747687,20260531,SEI
Coinbase,INJ-PERP,INJ,USDC,USDC,,1.0,0.001,2026-05-31 22:09:58.747687,20260531,INJ
Coinbase,TIA-PERP,TIA,USDC,USDC,,1.0,0.0001,2026-05-31 22:09:58.747687,20260531,TIA
Coinbase,FIL-PERP,FIL,USDC,USDC,,1.0,0.0001,2026-05-31 22:09:58.747687,20260531,FIL
Coinbase,APT-PERP,APT,USDC,USDC,,1.0,0.001,2026-05-31 22:09:58.747687,20260531,APT
Coinbase,SUI-PERP,SUI,USDC,USDC,,1.0,0.0001,2026-05-31 22:09:58.747687,20260531,SUI
Coinbase,NEAR-PERP,NEAR,USDC,USDC,,1.0,0.0001,2026-05-31 22:09:58.747687,20260531,NEAR
Coinbase,ICP-PERP,ICP,USDC,USDC,,1.0,0.001,2026-05-31 22:09:58.747687,20260531,ICP
Coinbase,DOT-PERP,DOT,USDC,USDC,,1.0,0.001,2026-05-31 22:09:58.747687,20260531,DOT
Coinbase,UNI-PERP,UNI,USDC,USDC,,1.0,0.001,2026-05-31 22:09:58.747687,20260531,UNI
Coinbase,BLUR-PERP,BLUR,USDC,USDC,,1.0,1e-05,2026-05-31 22:09:58.747687,20260531,BLUR
Coinbase,STX-PERP,STX,USDC,USDC,,1.0,0.0001,2026-05-31 22:09:58.747687,20260531,STX
Coinbase,STRK-PERP,STRK,USDC,USDC,,1.0,1e-05,2026-05-31 22:09:58.747687,20260531,STRK
Coinbase,FTM-PERP,FTM,USDC,USDC,,1.0,0.0001,2026-05-31 22:09:58.747687,20260531,FTM
Coinbase,RUNE-PERP,RUNE,USDC,USDC,,1.0,0.0001,2026-05-31 22:09:58.747687,20260531,RUNE
Coinbase,W-PERP,W,USDC,USDC,,1.0,1e-05,2026-05-31 22:09:58.747687,20260531,W
Coinbase,WLD-PERP,WLD,USDC,USDC,,1.0,0.0001,2026-05-31 22:09:58.747687,20260531,WLD
Coinbase,ORDI-PERP,ORDI,USDC,USDC,,1.0,0.001,2026-05-31 22:09:58.747687,20260531,ORDI
Coinbase,1000PEPE-PERP,PEPE,USDC,USDC,,1.0,1e-06,2026-05-31 22:09:58.747687,20260531,1000PEPE
Coinbase,WIF-PERP,WIF,USDC,USDC,,1.0,0.0001,2026-05-31 22:09:58.747687,20260531,WIF
Coinbase,AEVO-PERP,AEVO,USDC,USDC,,1.0,1e-05,2026-05-31 22:09:58.747687,20260531,AEVO
Coinbase,ETHFI-PERP,ETHFI,USDC,USDC,,1.0,0.0001,2026-05-31 22:09:58.747687,20260531,ETHFI
Coinbase,ENA-PERP,ENA,USDC,USDC,,1.0,1e-05,2026-05-31 22:09:58.747687,20260531,ENA
Coinbase,THETA-PERP,THETA,USDC,USDC,,1.0,0.0001,2026-05-31 22:09:58.747687,20260531,THETA
Coinbase,HBAR-PERP,HBAR,USDC,USDC,,1.0,1e-05,2026-05-31 22:09:58.747687,20260531,HBAR
Coinbase,AR-PERP,AR,USDC,USDC,,1.0,0.001,2026-05-31 22:09:58.747687,20260531,AR
Coinbase,TNSR-PERP,TNSR,USDC,USDC,,1.0,1e-05,2026-05-31 22:09:58.747687,20260531,TNSR
Coinbase,JUP-PERP,JUP,USDC,USDC,,1.0,1e-05,2026-05-31 22:09:58.747687,20260531,JUP
Coinbase,JTO-PERP,JTO,USDC,USDC,,1.0,0.001,2026-05-31 22:09:58.747687,20260531,JTO
Coinbase,ONDO-PERP,ONDO,USDC,USDC,,1.0,0.0001,2026-05-31 22:09:58.747687,20260531,ONDO
Coinbase,PYTH-PERP,PYTH,USDC,USDC,,1.0,1e-05,2026-05-31 22:09:58.747687,20260531,PYTH
Coinbase,ZETA-PERP,ZETA,USDC,USDC,,1.0,0.0001,2026-05-31 22:09:58.747687,20260531,ZETA
Coinbase,1000BONK-PERP,BONK,USDC,USDC,,1.0,1e-06,2026-05-31 22:09:58.747687,20260531,1000BONK
Coinbase,1000FLOKI-PERP,FLOKI,USDC,USDC,,1.0,1e-05,2026-05-31 22:09:58.747687,20260531,1000FLOKI
Coinbase,1000SHIB-PERP,SHIB,USDC,USDC,,1.0,1e-06,2026-05-31 22:09:58.747687,20260531,1000SHIB
Coinbase,EIGEN-PERP,EIGEN,USDC,USDC,,1.0,1e-05,2026-05-31 22:09:58.747687,20260531,EIGEN
Coinbase,BOME-PERP,BOME,USDC,USDC,,1.0,1e-07,2026-05-31 22:09:58.747687,20260531,BOME
Coinbase,NOT-PERP,NOT,USDC,USDC,,1.0,1e-06,2026-05-31 22:09:58.747687,20260531,NOT
Coinbase,ALT-PERP,ALT,USDC,USDC,,1.0,1e-05,2026-05-31 22:09:58.747687,20260531,ALT
Coinbase,LDO-PERP,LDO,USDC,USDC,,1.0,0.0001,2026-05-31 22:09:58.747687,20260531,LDO
Coinbase,PENDLE-PERP,PENDLE,USDC,USDC,,1.0,0.001,2026-05-31 22:09:58.747687,20260531,PENDLE
Coinbase,BLAST-PERP,BLAST,USDC,USDC,,1.0,1e-06,2026-05-31 22:09:58.747687,20260531,BLAST
Coinbase,ZRO-PERP,ZRO,USDC,USDC,,1.0,0.001,2026-05-31 22:09:58.747687,20260531,ZRO
Coinbase,ZK-PERP,ZK,USDC,USDC,,1.0,1e-05,2026-05-31 22:09:58.747687,20260531,ZK
Coinbase,CRV-PERP,CRV,USDC,USDC,,1.0,0.0001,2026-05-31 22:09:58.747687,20260531,CRV
Coinbase,PEOPLE-PERP,PEOPLE,USDC,USDC,,1.0,1e-06,2026-05-31 22:09:58.747687,20260531,PEOPLE
Coinbase,ENS-PERP,ENS,USDC,USDC,,1.0,0.01,2026-05-31 22:09:58.747687,20260531,ENS
Coinbase,TRB-PERP,TRB,USDC,USDC,,1.0,0.01,2026-05-31 22:09:58.747687,20260531,TRB
Coinbase,TON-PERP,TON,USDC,USDC,,1.0,0.001,2026-05-31 22:09:58.747687,20260531,TON
Coinbase,TAO-PERP,TAO,USDC,USDC,,1.0,0.01,2026-05-31 22:09:58.747687,20260531,TAO
Coinbase,AAVE-PERP,AAVE,USDC,USDC,,1.0,0.01,2026-05-31 22:09:58.747687,20260531,AAVE
Coinbase,DYM-PERP,DYM,USDC,USDC,,1.0,0.0001,2026-05-31 22:09:58.747687,20260531,DYM
Coinbase,MKR-PERP,MKR,USDC,USDC,,1.0,0.01,2026-05-31 22:09:58.747687,20260531,MKR
Coinbase,JASMY-PERP,JASMY,USDC,USDC,,1.0,1e-06,2026-05-31 22:09:58.747687,20260531,JASMY
Coinbase,MEME-PERP,MEME,USDC,USDC,,1.0,1e-07,2026-05-31 22:09:58.747687,20260531,MEME
Coinbase,MEW-PERP,MEW,USDC,USDC,,1.0,1e-06,2026-05-31 22:09:58.747687,20260531,MEW
Coinbase,EOS-PERP,EOS,USDC,USDC,,1.0,0.0001,2026-05-31 22:09:58.747687,20260531,EOS
Coinbase,1000SATS-PERP,SATS,USDC,USDC,,1.0,1e-07,2026-05-31 22:09:58.747687,20260531,1000SATS
Coinbase,DEGEN-PERP,DEGEN,USDC,USDC,,1.0,1e-06,2026-05-31 22:09:58.747687,20260531,DEGEN
Coinbase,OM-PERP,OM,USDC,USDC,,1.0,1e-05,2026-05-31 22:09:58.747687,20260531,OM
Coinbase,ATOM-PERP,ATOM,USDC,USDC,,1.0,0.001,2026-05-31 22:09:58.747687,20260531,ATOM
Coinbase,DYDX-PERP,DYDX,USDC,USDC,,1.0,0.0001,2026-05-31 22:09:58.747687,20260531,DYDX
Coinbase,SAGA-PERP,SAGA,USDC,USDC,,1.0,0.0001,2026-05-31 22:09:58.747687,20260531,SAGA
Coinbase,RENDER-PERP,RENDER,USDC,USDC,,1.0,0.001,2026-05-31 22:09:58.747687,20260531,RENDER
Coinbase,T-PERP,T,USDC,USDC,,1.0,1e-06,2026-05-31 22:09:58.747687,20260531,T
Coinbase,NEO-PERP,NEO,USDC,USDC,,1.0,0.001,2026-05-31 22:09:58.747687,20260531,NEO
Coinbase,BB-PERP,BB,USDC,USDC,,1.0,1e-05,2026-05-31 22:09:58.747687,20260531,BB
Coinbase,CFX-PERP,CFX,USDC,USDC,,1.0,1e-05,2026-05-31 22:09:58.747687,20260531,CFX
Coinbase,FLOW-PERP,FLOW,USDC,USDC,,1.0,0.0001,2026-05-31 22:09:58.747687,20260531,FLOW
Coinbase,IMX-PERP,IMX,USDC,USDC,,1.0,0.0001,2026-05-31 22:09:58.747687,20260531,IMX
Coinbase,POL-PERP,POL,USDC,USDC,,1.0,0.0001,2026-05-31 22:09:58.747687,20260531,POL
Coinbase,DOGS-PERP,DOGS,USDC,USDC,,1.0,1e-07,2026-05-31 22:09:58.747687,20260531,DOGS
Coinbase,CATI-PERP,CATI,USDC,USDC,,1.0,1e-05,2026-05-31 22:09:58.747687,20260531,CATI
Coinbase,HMSTR-PERP,HMSTR,USDC,USDC,,1.0,1e-07,2026-05-31 22:09:58.747687,20260531,HMSTR
Coinbase,FET-PERP,FET,USDC,USDC,,1.0,0.0001,2026-05-31 22:09:58.747687,20260531,FET
Coinbase,ARKM-PERP,ARKM,USDC,USDC,,1.0,0.0001,2026-05-31 22:09:58.747687,20260531,ARKM
Coinbase,BIGTIME-PERP,BIGTIME,USDC,USDC,,1.0,1e-05,2026-05-31 22:09:58.747687,20260531,BIGTIME
Coinbase,SCR-PERP,SCR,USDC,USDC,,1.0,0.0001,2026-05-31 22:09:58.747687,20260531,SCR
Coinbase,TURBO-PERP,TURBO,USDC,USDC,,1.0,1e-06,2026-05-31 22:09:58.747687,20260531,TURBO
Coinbase,APE-PERP,APE,USDC,USDC,,1.0,0.0001,2026-05-31 22:09:58.747687,20260531,APE
Coinbase,NEIRO-PERP,NEIRO,USDC,USDC,,1.0,1e-07,2026-05-31 22:09:58.747687,20260531,NEIRO
Coinbase,COIN50-PERP,COIN50,USDC,USDC,,1.0,0.01,2026-05-31 22:09:58.747687,20260531,COIN50
Coinbase,RAY-PERP,RAY,USDC,USDC,,1.0,0.001,2026-05-31 22:09:58.747687,20260531,RAY
Coinbase,ME-PERP,ME,USDC,USDC,,1.0,0.0001,2026-05-31 22:09:58.747687,20260531,ME
Coinbase,IO-PERP,IO,USDC,USDC,,1.0,0.0001,2026-05-31 22:09:58.747687,20260531,IO
Coinbase,COW-PERP,COW,USDC,USDC,,1.0,1e-05,2026-05-31 22:09:58.747687,20260531,COW
Coinbase,MORPHO-PERP,MORPHO,USDC,USDC,,1.0,0.0001,2026-05-31 22:09:58.747687,20260531,MORPHO
Coinbase,SAND-PERP,SAND,USDC,USDC,,1.0,1e-05,2026-05-31 22:09:58.747687,20260531,SAND
Coinbase,MOODENG-PERP,MOODENG,USDC,USDC,,1.0,1e-05,2026-05-31 22:09:58.747687,20260531,MOODENG
Coinbase,ALGO-PERP,ALGO,USDC,USDC,,1.0,1e-05,2026-05-31 22:09:58.747687,20260531,ALGO
Coinbase,1000MOG-PERP,MOG,USDC,USDC,,1.0,1e-07,2026-05-31 22:09:58.747687,20260531,1000MOG
Coinbase,MOVE-PERP,MOVE,USDC,USDC,,1.0,1e-05,2026-05-31 22:09:58.747687,20260531,MOVE
Coinbase,BEAM-PERP,BEAM,USDC,USDC,,1.0,1e-06,2026-05-31 22:09:58.747687,20260531,BEAM
Coinbase,DRIFT-PERP,DRIFT,USDC,USDC,,1.0,0.0001,2026-05-31 22:09:58.747687,20260531,DRIFT
Coinbase,AERO-PERP,AERO,USDC,USDC,,1.0,0.0001,2026-05-31 22:09:58.747687,20260531,AERO
Coinbase,S-PERP,S,USDC,USDC,,1.0,1e-05,2026-05-31 22:09:58.747687,20260531,S
Coinbase,TRUMP-PERP,TRUMP,USDC,USDC,,1.0,0.001,2026-05-31 22:09:58.747687,20260531,TRUMP
Coinbase,AIXBT-PERP,AIXBT,USDC,USDC,,1.0,1e-05,2026-05-31 22:09:58.747687,20260531,AIXBT
Coinbase,PNUT-PERP,PNUT,USDC,USDC,,1.0,1e-05,2026-05-31 22:09:58.747687,20260531,PNUT
Coinbase,VET-PERP,VET,USDC,USDC,,1.0,1e-05,2026-05-31 22:09:58.747687,20260531,VET
Coinbase,ANIME-PERP,ANIME,USDC,USDC,,1.0,1e-06,2026-05-31 22:09:58.747687,20260531,ANIME
Coinbase,GRT-PERP,GRT,USDC,USDC,,1.0,1e-05,2026-05-31 22:09:58.747687,20260531,GRT
Coinbase,GIGA-PERP,GIGA,USDC,USDC,,1.0,1e-06,2026-05-31 22:09:58.747687,20260531,GIGA
Coinbase,1000TOSHI-PERP,TOSHI,USDC,USDC,,1.0,1e-05,2026-05-31 22:09:58.747687,20260531,1000TOSHI
Coinbase,AXS-PERP,AXS,USDC,USDC,,1.0,0.0001,2026-05-31 22:09:58.747687,20260531,AXS
Coinbase,XTZ-PERP,XTZ,USDC,USDC,,1.0,0.0001,2026-05-31 22:09:58.747687,20260531,XTZ
Coinbase,EGLD-PERP,EGLD,USDC,USDC,,1.0,0.001,2026-05-31 22:09:58.747687,20260531,EGLD
Coinbase,BERA-PERP,BERA,USDC,USDC,,1.0,0.001,2026-05-31 22:09:58.747687,20260531,BERA
Coinbase,IP-PERP,IP,USDC,USDC,,1.0,1e-05,2026-05-31 22:09:58.747687,20260531,IP
Coinbase,PENGU-PERP,PENGU,USDC,USDC,,1.0,1e-06,2026-05-31 22:09:58.747687,20260531,PENGU
Coinbase,HNT-PERP,HNT,USDC,USDC,,1.0,0.0001,2026-05-31 22:09:58.747687,20260531,HNT
Coinbase,POPCAT-PERP,POPCAT,USDC,USDC,,1.0,1e-05,2026-05-31 22:09:58.747687,20260531,POPCAT
Coinbase,EURC-PERP,EURC,USDC,USDC,,1.0,0.0001,2026-05-31 22:09:58.747687,20260531,EURC
Coinbase,KAS-PERP,KAS,USDC,USDC,,1.0,1e-05,2026-05-31 22:09:58.747687,20260531,KAS
Coinbase,SPX-PERP,SPX,USDC,USDC,,1.0,1e-05,2026-05-31 22:09:58.747687,20260531,SPX
Coinbase,KAITO-PERP,KAITO,USDC,USDC,,1.0,0.0001,2026-05-31 22:09:58.747687,20260531,KAITO
Coinbase,B3-PERP,B3,USDC,USDC,,1.0,1e-06,2026-05-31 22:09:58.747687,20260531,B3
Coinbase,VIRTUAL-PERP,VIRTUAL,USDC,USDC,,1.0,0.0001,2026-05-31 22:09:58.747687,20260531,VIRTUAL
Coinbase,RED-PERP,RED,USDC,USDC,,1.0,1e-05,2026-05-31 22:09:58.747687,20260531,RED
Coinbase,AI16Z-PERP,AI16Z,USDC,USDC,,1.0,1e-06,2026-05-31 22:09:58.747687,20260531,AI16Z
Coinbase,BRETT-PERP,BRETT,USDC,USDC,,1.0,1e-06,2026-05-31 22:09:58.747687,20260531,BRETT
Coinbase,CAKE-PERP,CAKE,USDC,USDC,,1.0,1e-05,2026-05-31 22:09:58.747687,20260531,CAKE
Coinbase,BIO-PERP,BIO,USDC,USDC,,1.0,1e-06,2026-05-31 22:09:58.747687,20260531,BIO
Coinbase,COOKIE-PERP,COOKIE,USDC,USDC,,1.0,1e-05,2026-05-31 22:09:58.747687,20260531,COOKIE
Coinbase,VVV-PERP,VVV,USDC,USDC,,1.0,0.0001,2026-05-31 22:09:58.747687,20260531,VVV
Coinbase,REZ-PERP,REZ,USDC,USDC,,1.0,1e-06,2026-05-31 22:09:58.747687,20260531,REZ
Coinbase,GRASS-PERP,GRASS,USDC,USDC,,1.0,1e-05,2026-05-31 22:09:58.747687,20260531,GRASS
Coinbase,RARE-PERP,RARE,USDC,USDC,,1.0,1e-06,2026-05-31 22:09:58.747687,20260531,RARE
Coinbase,ZEC-PERP,ZEC,USDC,USDC,,1.0,0.01,2026-05-31 22:09:58.747687,20260531,ZEC
Coinbase,WELL-PERP,WELL,USDC,USDC,,1.0,1e-06,2026-05-31 22:09:58.747687,20260531,WELL
Coinbase,AKT-PERP,AKT,USDC,USDC,,1.0,0.0001,2026-05-31 22:09:58.747687,20260531,AKT
Coinbase,BNB-PERP,BNB,USDC,USDC,,1.0,0.01,2026-05-31 22:09:58.747687,20260531,BNB
Coinbase,FAI-PERP,FAI,USDC,USDC,,1.0,1e-06,2026-05-31 22:09:58.747687,20260531,FAI
Coinbase,L3-PERP,L3,USDC,USDC,,1.0,1e-06,2026-05-31 22:09:58.747687,20260531,L3
Coinbase,EDGE-PERP,EDGE,USDC,USDC,,1.0,1e-06,2026-05-31 22:09:58.747687,20260531,EDGE
Coinbase,GUN-PERP,GUN,USDC,USDC,,1.0,1e-06,2026-05-31 22:09:58.747687,20260531,GUN
Coinbase,VINE-PERP,VINE,USDC,USDC,,1.0,1e-06,2026-05-31 22:09:58.747687,20260531,VINE
Coinbase,NIL-PERP,NIL,USDC,USDC,,1.0,1e-05,2026-05-31 22:09:58.747687,20260531,NIL
Coinbase,UXLINK-PERP,UXLINK,USDC,USDC,,1.0,1e-05,2026-05-31 22:09:58.747687,20260531,UXLINK
Coinbase,ATH-PERP,ATH,USDC,USDC,,1.0,1e-06,2026-05-31 22:09:58.747687,20260531,ATH
Coinbase,COMP-PERP,COMP,USDC,USDC,,1.0,0.01,2026-05-31 22:09:58.747687,20260531,COMP
Coinbase,WCT-PERP,WCT,USDC,USDC,,1.0,1e-05,2026-05-31 22:09:58.747687,20260531,WCT
Coinbase,KERNEL-PERP,KERNEL,USDC,USDC,,1.0,1e-05,2026-05-31 22:09:58.747687,20260531,KERNEL
Coinbase,PROMPT-PERP,PROMPT,USDC,USDC,,1.0,1e-05,2026-05-31 22:09:58.747687,20260531,PROMPT
Coinbase,BABY-PERP,BABY,USDC,USDC,,1.0,1e-06,2026-05-31 22:09:58.747687,20260531,BABY
Coinbase,INIT-PERP,INIT,USDC,USDC,,1.0,1e-05,2026-05-31 22:09:58.747687,20260531,INIT
Coinbase,PAXG-PERP,PAXG,USDC,USDC,,1.0,0.01,2026-05-31 22:09:58.747687,20260531,PAXG
Coinbase,ZORA-PERP,ZORA,USDC,USDC,,1.0,1e-06,2026-05-31 22:09:58.747687,20260531,ZORA
Coinbase,SXT-PERP,SXT,USDC,USDC,,1.0,1e-05,2026-05-31 22:09:58.747687,20260531,SXT
Coinbase,A-PERP,A,USDC,USDC,,1.0,1e-05,2026-05-31 22:09:58.747687,20260531,A
Coinbase,SOPH-PERP,SOPH,USDC,USDC,,1.0,1e-06,2026-05-31 22:09:58.748684,20260531,SOPH
Coinbase,HYPE-PERP,HYPE,USDC,USDC,,1.0,0.01,2026-05-31 22:09:58.748684,20260531,HYPE
Coinbase,FARTCOIN-PERP,FARTCOIN,USDC,USDC,,1.0,1e-05,2026-05-31 22:09:58.748684,20260531,FARTCOIN
Coinbase,RESOLV-PERP,RESOLV,USDC,USDC,,1.0,1e-05,2026-05-31 22:09:58.748684,20260531,RESOLV
Coinbase,HOME-PERP,HOME,USDC,USDC,,1.0,1e-06,2026-05-31 22:09:58.748684,20260531,HOME
Coinbase,SPK-PERP,SPK,USDC,USDC,,1.0,1e-06,2026-05-31 22:09:58.748684,20260531,SPK
Coinbase,SYRUP-PERP,SYRUP,USDC,USDC,,1.0,1e-05,2026-05-31 22:09:58.748684,20260531,SYRUP
Coinbase,SAHARA-PERP,SAHARA,USDC,USDC,,1.0,1e-06,2026-05-31 22:09:58.748684,20260531,SAHARA
Coinbase,PUMP-PERP,PUMP,USDC,USDC,,1.0,1e-06,2026-05-31 22:09:58.748684,20260531,PUMP
Coinbase,SUSHI-PERP,SUSHI,USDC,USDC,,1.0,1e-05,2026-05-31 22:09:58.748684,20260531,SUSHI
Coinbase,ERA-PERP,ERA,USDC,USDC,,1.0,1e-05,2026-05-31 22:09:58.748684,20260531,ERA
Coinbase,TOWNS-PERP,TOWNS,USDC,USDC,,1.0,1e-06,2026-05-31 22:09:58.748684,20260531,TOWNS
Coinbase,PROVE-PERP,PROVE,USDC,USDC,,1.0,1e-05,2026-05-31 22:09:58.748684,20260531,PROVE
Coinbase,MANTLE-PERP,MANTLE,USDC,USDC,,1.0,1e-05,2026-05-31 22:09:58.748684,20260531,MANTLE
Coinbase,SUPER-PERP,SUPER,USDC,USDC,,1.0,1e-05,2026-05-31 22:09:58.748684,20260531,SUPER
Coinbase,RSR-PERP,RSR,USDC,USDC,,1.0,1e-06,2026-05-31 22:09:58.748684,20260531,RSR
Coinbase,GMT-PERP,GMT,USDC,USDC,,1.0,1e-06,2026-05-31 22:09:58.748684,20260531,GMT
Coinbase,OMNI-PERP,OMNI,USDC,USDC,,1.0,1e-05,2026-05-31 22:09:58.748684,20260531,OMNI
Coinbase,SNX-PERP,SNX,USDC,USDC,,1.0,1e-05,2026-05-31 22:09:58.748684,20260531,SNX
Coinbase,ZEN-PERP,ZEN,USDC,USDC,,1.0,1e-05,2026-05-31 22:09:58.748684,20260531,ZEN
Coinbase,UMA-PERP,UMA,USDC,USDC,,1.0,1e-05,2026-05-31 22:09:58.748684,20260531,UMA
Coinbase,GMX-PERP,GMX,USDC,USDC,,1.0,1e-05,2026-05-31 22:09:58.748684,20260531,GMX
Coinbase,CGLD-PERP,CGLD,USDC,USDC,,1.0,1e-05,2026-05-31 22:09:58.748684,20260531,CGLD
Coinbase,MINA-PERP,MINA,USDC,USDC,,1.0,1e-05,2026-05-31 22:09:58.748684,20260531,MINA
Coinbase,LAYER-PERP,LAYER,USDC,USDC,,1.0,1e-05,2026-05-31 22:09:58.748684,20260531,LAYER
Coinbase,SKY-PERP,SKY,USDC,USDC,,1.0,1e-06,2026-05-31 22:09:58.748684,20260531,SKY
Coinbase,CRO-PERP,CRO,USDC,USDC,,1.0,1e-05,2026-05-31 22:09:58.748684,20260531,CRO
Coinbase,AVNT-PERP,AVNT,USDC,USDC,,1.0,1e-05,2026-05-31 22:09:58.748684,20260531,AVNT
Coinbase,WLFI-PERP,WLFI,USDC,USDC,,1.0,1e-05,2026-05-31 22:09:58.748684,20260531,WLFI
Coinbase,XAN-PERP,XAN,USDC,USDC,,1.0,1e-06,2026-05-31 22:09:58.748684,20260531,XAN
Coinbase,KMNO-PERP,KMNO,USDC,USDC,,1.0,1e-06,2026-05-31 22:09:58.748684,20260531,KMNO
Coinbase,XPL-PERP,XPL,USDC,USDC,,1.0,1e-05,2026-05-31 22:09:58.748684,20260531,XPL
Coinbase,BARD-PERP,BARD,USDC,USDC,,1.0,1e-06,2026-05-31 22:09:58.748684,20260531,BARD
Coinbase,2Z-PERP,2Z,USDC,USDC,,1.0,1e-06,2026-05-31 22:09:58.748684,20260531,2Z
Coinbase,SOMI-PERP,SOMI,USDC,USDC,,1.0,1e-06,2026-05-31 22:09:58.748684,20260531,SOMI
Coinbase,0G-PERP,0G,USDC,USDC,,1.0,1e-05,2026-05-31 22:09:58.748684,20260531,0G
Coinbase,YB-PERP,YB,USDC,USDC,,1.0,1e-06,2026-05-31 22:09:58.748684,20260531,YB
Coinbase,NOM-PERP,NOM,USDC,USDC,,1.0,1e-06,2026-05-31 22:09:58.748684,20260531,NOM
Coinbase,CLANKER-PERP,CLANKER,USDC,USDC,,1.0,0.01,2026-05-31 22:09:58.748684,20260531,CLANKER
Coinbase,MET-PERP,MET,USDC,USDC,,1.0,1e-06,2026-05-31 22:09:58.748684,20260531,MET
Coinbase,MON-PERP,MON,USDC,USDC,,1.0,1e-06,2026-05-31 22:09:58.748684,20260531,MON
Coinbase,ASTER-PERP,ASTER,USDC,USDC,,1.0,1e-05,2026-05-31 22:09:58.748684,20260531,ASTER
Coinbase,DASH-PERP,DASH,USDC,USDC,,1.0,0.01,2026-05-31 22:09:58.748684,20260531,DASH
Coinbase,MERL-PERP,MERL,USDC,USDC,,1.0,1e-06,2026-05-31 22:09:58.748684,20260531,MERL
Coinbase,NIGHT-PERP,NIGHT,USDC,USDC,,1.0,1e-06,2026-05-31 22:09:58.748684,20260531,NIGHT
Coinbase,LIT-PERP,LIT,USDC,USDC,,1.0,1e-05,2026-05-31 22:09:58.748684,20260531,LIT
Coinbase,SENT-PERP,SENT,USDC,USDC,,1.0,1e-06,2026-05-31 22:09:58.748684,20260531,SENT
Coinbase,BIRB-PERP,BIRB,USDC,USDC,,1.0,1e-06,2026-05-31 22:09:58.748684,20260531,BIRB
Coinbase,INX-PERP,INX,USDC,USDC,,1.0,1e-06,2026-05-31 22:09:58.748684,20260531,INX
Coinbase,ZAMA-PERP,ZAMA,USDC,USDC,,1.0,1e-06,2026-05-31 22:09:58.748684,20260531,ZAMA
Coinbase,TRIA-PERP,TRIA,USDC,USDC,,1.0,1e-06,2026-05-31 22:09:58.748684,20260531,TRIA
Coinbase,AZTEC-PERP,AZTEC,USDC,USDC,,1.0,1e-06,2026-05-31 22:09:58.748684,20260531,AZTEC
Coinbase,ESP-PERP,ESP,USDC,USDC,,1.0,1e-06,2026-05-31 22:09:58.748684,20260531,ESP
Coinbase,ROBO-PERP,ROBO,USDC,USDC,,1.0,1e-06,2026-05-31 22:09:58.748684,20260531,ROBO
Coinbase,OPN-PERP,OPN,USDC,USDC,,1.0,1e-06,2026-05-31 22:09:58.748684,20260531,OPN
Coinbase,NVDA-PERP,NVDA,USDC,USDC,,1.0,0.01,2026-05-31 22:09:58.748684,20260531,NVDA
Coinbase,QQQ-PERP,QQQ,USDC,USDC,,1.0,0.01,2026-05-31 22:09:58.748684,20260531,QQQ
Coinbase,SPY-PERP,SPY,USDC,USDC,,1.0,0.01,2026-05-31 22:09:58.748684,20260531,SPY
Coinbase,AAPL-PERP,AAPL,USDC,USDC,,1.0,0.01,2026-05-31 22:09:58.748684,20260531,AAPL
Coinbase,META-PERP,META,USDC,USDC,,1.0,0.01,2026-05-31 22:09:58.748684,20260531,META
Coinbase,GOOGL-PERP,GOOGL,USDC,USDC,,1.0,0.01,2026-05-31 22:09:58.748684,20260531,GOOGL
Coinbase,MSFT-PERP,MSFT,USDC,USDC,,1.0,0.01,2026-05-31 22:09:58.748684,20260531,MSFT
Coinbase,AMZN-PERP,AMZN,USDC,USDC,,1.0,0.01,2026-05-31 22:09:58.748684,20260531,AMZN
Coinbase,TSLA-PERP,TSLA,USDC,USDC,,1.0,0.01,2026-05-31 22:09:58.748684,20260531,TSLA
Coinbase,PRL-PERP,PRL,USDC,USDC,,1.0,1e-06,2026-05-31 22:09:58.748684,20260531,PRL
Coinbase,KAT-PERP,KAT,USDC,USDC,,1.0,1e-06,2026-05-31 22:09:58.748684,20260531,KAT
Coinbase,EDGEX-PERP,EDGEX,USDC,USDC,,1.0,1e-06,2026-05-31 22:09:58.748684,20260531,EDGEX
Coinbase,GOLD-PERP,GOLD,USDC,USDC,,1.0,0.1,2026-05-31 22:09:58.748684,20260531,GOLD
Coinbase,SILVER-PERP,SILVER,USDC,USDC,,1.0,0.01,2026-05-31 22:09:58.748684,20260531,SILVER
Coinbase,BASED1-PERP,BASED1,USDC,USDC,,1.0,1e-06,2026-05-31 22:09:58.748684,20260531,BASED1
Coinbase,OPG-PERP,OPG,USDC,USDC,,1.0,1e-06,2026-05-31 22:09:58.748684,20260531,OPG
Coinbase,CHIP-PERP,CHIP,USDC,USDC,,1.0,1e-06,2026-05-31 22:09:58.748684,20260531,CHIP
Coinbase,INTC-PERP,INTC,USDC,USDC,,1.0,0.01,2026-05-31 22:09:58.748684,20260531,INTC
Coinbase,ARM-PERP,ARM,USDC,USDC,,1.0,0.01,2026-05-31 22:09:58.748684,20260531,ARM
Coinbase,AMD-PERP,AMD,USDC,USDC,,1.0,0.01,2026-05-31 22:09:58.748684,20260531,AMD
Coinbase,MU-PERP,MU,USDC,USDC,,1.0,0.01,2026-05-31 22:09:58.748684,20260531,MU
Coinbase,SNDK-PERP,SNDK,USDC,USDC,,1.0,0.01,2026-05-31 22:09:58.748684,20260531,SNDK
Coinbase,AI-PERP,AI,USDC,USDC,,1.0,1e-06,2026-05-31 22:09:58.748684,20260531,AI
Coinbase,MEGA-PERP,MEGA,USDC,USDC,,1.0,1e-06,2026-05-31 22:09:58.748684,20260531,MEGA
Coinbase,BILL-PERP,BILL,USDC,USDC,,1.0,1e-06,2026-05-31 22:09:58.748684,20260531,BILL
Coinbase,KAIO-PERP,KAIO,USDC,USDC,,1.0,1e-06,2026-05-31 22:09:58.748684,20260531,KAIO
Coinbase,CBRS-PERP,CBRS,USDC,USDC,,1.0,0.01,2026-05-31 22:09:58.748684,20260531,CBRS
Coinbase,TSM-PERP,TSM,USDC,USDC,,1.0,0.01,2026-05-31 22:09:58.748684,20260531,TSM
Coinbase,NBIS-PERP,NBIS,USDC,USDC,,1.0,0.01,2026-05-31 22:09:58.748684,20260531,NBIS
Coinbase,BE-PERP,BE,USDC,USDC,,1.0,0.01,2026-05-31 22:09:58.748684,20260531,BE
Crypto.com,1INCHUSD-PERP,1INCH,USD,USD,50.0,1.0,1e-05,2026-05-31 22:09:58.748684,20260531,1INCHUSD
Crypto.com,2ZUSD-PERP,2Z,USD,USD,50.0,1.0,1e-05,2026-05-31 22:09:58.748684,20260531,2ZUSD
Crypto.com,AAPLUSD-PERP,AAPL,USD,USD,50.0,1.0,0.01,2026-05-31 22:09:58.748684,20260531,AAPLUSD
Crypto.com,AAVEUSD-PERP,AAVE,USD,USD,50.0,1.0,0.001,2026-05-31 22:09:58.748684,20260531,AAVEUSD
Crypto.com,ACHUSD-PERP,ACH,USD,USD,50.0,1.0,1e-06,2026-05-31 22:09:58.748684,20260531,ACHUSD
Crypto.com,ACTUSD-PERP,ACT,USD,USD,50.0,1.0,1e-05,2026-05-31 22:09:58.748684,20260531,ACTUSD
Crypto.com,ADAUSD-PERP,ADA,USD,USD,50.0,1.0,1e-05,2026-05-31 22:09:58.748684,20260531,ADAUSD
Crypto.com,AIGENSYNUSD-PERP,AIGENSYN,USD,USD,50.0,1.0,1e-06,2026-05-31 22:09:58.748684,20260531,AIGENSYNUSD
Crypto.com,AIXBTUSD-PERP,AIXBT,USD,USD,50.0,1.0,1e-05,2026-05-31 22:09:58.748684,20260531,AIXBTUSD
Crypto.com,AKTUSD-PERP,AKT,USD,USD,50.0,1.0,0.0001,2026-05-31 22:09:58.748684,20260531,AKTUSD
Crypto.com,ALGOUSD-PERP,ALGO,USD,USD,50.0,1.0,1e-05,2026-05-31 22:09:58.748684,20260531,ALGOUSD
Crypto.com,AMDUSD-PERP,AMD,USD,USD,50.0,1.0,0.01,2026-05-31 22:09:58.748684,20260531,AMDUSD
Crypto.com,AMZNUSD-PERP,AMZN,USD,USD,50.0,1.0,0.01,2026-05-31 22:09:58.748684,20260531,AMZNUSD
Crypto.com,ANIMEUSD-PERP,ANIME,USD,USD,50.0,1.0,1e-06,2026-05-31 22:09:58.748684,20260531,ANIMEUSD
Crypto.com,ANKRUSD-PERP,ANKR,USD,USD,50.0,1.0,1e-06,2026-05-31 22:09:58.748684,20260531,ANKRUSD
Crypto.com,ANTHROPICIPOUSD-PERP,ANTHROPICIPO,USD,USD,50.0,1.0,0.1,2026-05-31 22:09:58.748684,20260531,ANTHROPICIPOUSD
Crypto.com,APEUSD-PERP,APE,USD,USD,50.0,1.0,0.0001,2026-05-31 22:09:58.748684,20260531,APEUSD
Crypto.com,API3USD-PERP,API3,USD,USD,50.0,1.0,0.0001,2026-05-31 22:09:58.748684,20260531,API3USD
Crypto.com,APTUSD-PERP,APT,USD,USD,50.0,1.0,0.0001,2026-05-31 22:09:58.748684,20260531,APTUSD
Crypto.com,ARBUSD-PERP,ARB,USD,USD,50.0,1.0,0.0001,2026-05-31 22:09:58.748684,20260531,ARBUSD
Crypto.com,ARCUSD-PERP,ARC,USD,USD,50.0,1.0,1e-05,2026-05-31 22:09:58.748684,20260531,ARCUSD
Crypto.com,ARKMUSD-PERP,ARKM,USD,USD,50.0,1.0,0.0001,2026-05-31 22:09:58.748684,20260531,ARKMUSD
Crypto.com,ARKUSD-PERP,ARK,USD,USD,50.0,1.0,1e-05,2026-05-31 22:09:58.748684,20260531,ARKUSD
Crypto.com,ARPAUSD-PERP,ARPA,USD,USD,50.0,1.0,1e-06,2026-05-31 22:09:58.748684,20260531,ARPAUSD
Crypto.com,ARUSD-PERP,AR,USD,USD,50.0,1.0,0.0001,2026-05-31 22:09:58.748684,20260531,ARUSD
Crypto.com,ASTRUSD-PERP,ASTR,USD,USD,50.0,1.0,1e-07,2026-05-31 22:09:58.748684,20260531,ASTRUSD
Crypto.com,ATOMUSD-PERP,ATOM,USD,USD,50.0,1.0,0.001,2026-05-31 22:09:58.748684,20260531,ATOMUSD
Crypto.com,AUSD-PERP,A,USD,USD,50.0,1.0,1e-05,2026-05-31 22:09:58.748684,20260531,AUSD
Crypto.com,AVAXUSD-PERP,AVAX,USD,USD,50.0,1.0,0.001,2026-05-31 22:09:58.748684,20260531,AVAXUSD
Crypto.com,AVGOUSD-PERP,AVGO,USD,USD,50.0,1.0,0.01,2026-05-31 22:09:58.748684,20260531,AVGOUSD
Crypto.com,AVNTUSD-PERP,AVNT,USD,USD,50.0,1.0,1e-05,2026-05-31 22:09:58.748684,20260531,AVNTUSD
Crypto.com,AXLUSD-PERP,AXL,USD,USD,50.0,1.0,1e-05,2026-05-31 22:09:58.748684,20260531,AXLUSD
Crypto.com,AXSUSD-PERP,AXS,USD,USD,50.0,1.0,0.001,2026-05-31 22:09:58.748684,20260531,AXSUSD
Crypto.com,BANANAUSD-PERP,BANANA,USD,USD,50.0,1.0,0.001,2026-05-31 22:09:58.748684,20260531,BANANAUSD
Crypto.com,BANDUSD-PERP,BAND,USD,USD,50.0,1.0,0.0001,2026-05-31 22:09:58.748684,20260531,BANDUSD
Crypto.com,BASEDUSD-PERP,BASED,USD,USD,50.0,1.0,1e-05,2026-05-31 22:09:58.748684,20260531,BASEDUSD
Crypto.com,BATUSD-PERP,BAT,USD,USD,50.0,1.0,1e-05,2026-05-31 22:09:58.748684,20260531,BATUSD
Crypto.com,BCHUSD-PERP,BCH,USD,USD,50.0,1.0,0.01,2026-05-31 22:09:58.748684,20260531,BCHUSD
Crypto.com,BERAUSD-PERP,BERA,USD,USD,50.0,1.0,0.0001,2026-05-31 22:09:58.748684,20260531,BERAUSD
Crypto.com,BIGTIMEUSD-PERP,BIGTIME,USD,USD,50.0,1.0,1e-05,2026-05-31 22:09:58.748684,20260531,BIGTIMEUSD
Crypto.com,BIRBUSD-PERP,BIRB,USD,USD,50.0,1.0,1e-05,2026-05-31 22:09:58.748684,20260531,BIRBUSD
Crypto.com,BLASTUSD-PERP,BLAST,USD,USD,50.0,1.0,1e-07,2026-05-31 22:09:58.748684,20260531,BLASTUSD
Crypto.com,BLENDUSD-PERP,BLEND,USD,USD,50.0,1.0,1e-05,2026-05-31 22:09:58.748684,20260531,BLENDUSD
Crypto.com,BLURUSD-PERP,BLUR,USD,USD,50.0,1.0,1e-06,2026-05-31 22:09:58.748684,20260531,BLURUSD
Crypto.com,BMTUSD-PERP,BMT,USD,USD,50.0,1.0,1e-05,2026-05-31 22:09:58.748684,20260531,BMTUSD
Crypto.com,BOMEUSD-PERP,BOME,USD,USD,50.0,1.0,1e-08,2026-05-31 22:09:58.748684,20260531,BOMEUSD
Crypto.com,BONKUSD-PERP,BONK,USD,USD,50.0,1.0,1e-09,2026-05-31 22:09:58.748684,20260531,BONKUSD
Crypto.com,BREVUSD-PERP,BREV,USD,USD,50.0,1.0,1e-05,2026-05-31 22:09:58.748684,20260531,BREVUSD
Crypto.com,BTCUSD-260626,BTC,USD,USD,100.0,,0.1,2026-05-31 22:09:58.748684,20260531,BTCUSD-260626
Crypto.com,BTCUSD-260731,BTC,USD,USD,100.0,,0.1,2026-05-31 22:09:58.748684,20260531,BTCUSD-260731
Crypto.com,BTCUSD-260828,BTC,USD,USD,100.0,,0.1,2026-05-31 22:09:58.748684,20260531,BTCUSD-260828
Crypto.com,BTCUSD-260925,BTC,USD,USD,100.0,,0.1,2026-05-31 22:09:58.748684,20260531,BTCUSD-260925
Crypto.com,BTCUSD-261225,BTC,USD,USD,100.0,,0.1,2026-05-31 22:09:58.748684,20260531,BTCUSD-261225
Crypto.com,BTCUSD-PERP,BTC,USD,USD,100.0,1.0,0.1,2026-05-31 22:09:58.748684,20260531,BTCUSD
Crypto.com,CATIUSD-PERP,CATI,USD,USD,50.0,1.0,1e-06,2026-05-31 22:09:58.748684,20260531,CATIUSD
Crypto.com,CBRSUSD-PERP,CBRS,USD,USD,50.0,1.0,0.01,2026-05-31 22:09:58.748684,20260531,CBRSUSD
Crypto.com,CCUSD-PERP,CC,USD,USD,50.0,1.0,1e-05,2026-05-31 22:09:58.748684,20260531,CCUSD
Crypto.com,CELOUSD-PERP,CELO,USD,USD,50.0,1.0,1e-05,2026-05-31 22:09:58.748684,20260531,CELOUSD
Crypto.com,CELRUSD-PERP,CELR,USD,USD,50.0,1.0,1e-06,2026-05-31 22:09:58.748684,20260531,CELRUSD
Crypto.com,CFXUSD-PERP,CFX,USD,USD,50.0,1.0,1e-05,2026-05-31 22:09:58.748684,20260531,CFXUSD
Crypto.com,CHILLGUYUSD-PERP,CHILLGUY,USD,USD,50.0,1.0,1e-05,2026-05-31 22:09:58.748684,20260531,CHILLGUYUSD
Crypto.com,CHRUSD-PERP,CHR,USD,USD,50.0,1.0,1e-05,2026-05-31 22:09:58.748684,20260531,CHRUSD
Crypto.com,CHZUSD-PERP,CHZ,USD,USD,50.0,1.0,1e-05,2026-05-31 22:09:58.748684,20260531,CHZUSD
Crypto.com,CKBUSD-PERP,CKB,USD,USD,50.0,1.0,1e-06,2026-05-31 22:09:58.748684,20260531,CKBUSD
Crypto.com,CLUSD-PERP,CL,USD,USD,50.0,1.0,0.001,2026-05-31 22:09:58.748684,20260531,CLUSD
Crypto.com,COINUSD-PERP,COIN,USD,USD,50.0,1.0,0.01,2026-05-31 22:09:58.748684,20260531,COINUSD
Crypto.com,COMPUSD-PERP,COMP,USD,USD,50.0,1.0,0.001,2026-05-31 22:09:58.748684,20260531,COMPUSD
Crypto.com,COTIUSD-PERP,COTI,USD,USD,50.0,1.0,1e-06,2026-05-31 22:09:58.748684,20260531,COTIUSD
Crypto.com,CRCLUSD-PERP,CRCL,USD,USD,50.0,1.0,0.01,2026-05-31 22:09:58.748684,20260531,CRCLUSD
Crypto.com,CROUSD-PERP,CRO,USD,USD,50.0,1.0,1e-05,2026-05-31 22:09:58.748684,20260531,CROUSD
Crypto.com,CRVUSD-PERP,CRV,USD,USD,50.0,1.0,0.0001,2026-05-31 22:09:58.748684,20260531,CRVUSD
Crypto.com,CTSIUSD-PERP,CTSI,USD,USD,50.0,1.0,1e-05,2026-05-31 22:09:58.748684,20260531,CTSIUSD
Crypto.com,DBRUSD-PERP,DBR,USD,USD,50.0,1.0,1e-06,2026-05-31 22:09:58.748684,20260531,DBRUSD
Crypto.com,DEEPUSD-PERP,DEEP,USD,USD,50.0,1.0,1e-05,2026-05-31 22:09:58.749682,20260531,DEEPUSD
Crypto.com,DEGENUSD-PERP,DEGEN,USD,USD,50.0,1.0,1e-08,2026-05-31 22:09:58.749682,20260531,DEGENUSD
Crypto.com,DOGEUSD-PERP,DOGE,USD,USD,50.0,1.0,1e-06,2026-05-31 22:09:58.749682,20260531,DOGEUSD
Crypto.com,DOODUSD-PERP,DOOD,USD,USD,50.0,1.0,1e-06,2026-05-31 22:09:58.749682,20260531,DOODUSD
Crypto.com,DOTUSD-PERP,DOT,USD,USD,50.0,1.0,0.0001,2026-05-31 22:09:58.749682,20260531,DOTUSD
Crypto.com,DRAMUSD-PERP,DRAM,USD,USD,50.0,1.0,0.01,2026-05-31 22:09:58.749682,20260531,DRAMUSD
Crypto.com,DYDXUSD-PERP,DYDX,USD,USD,50.0,1.0,0.0001,2026-05-31 22:09:58.749682,20260531,DYDXUSD
Crypto.com,EDGEUSD-PERP,DFIN,USD,USD,50.0,1.0,1e-05,2026-05-31 22:09:58.749682,20260531,EDGEUSD
Crypto.com,EGLDUSD-PERP,EGLD,USD,USD,50.0,1.0,0.001,2026-05-31 22:09:58.749682,20260531,EGLDUSD
Crypto.com,EIGENUSD-PERP,EIGEN,USD,USD,50.0,1.0,0.0001,2026-05-31 22:09:58.749682,20260531,EIGENUSD
Crypto.com,ENAUSD-PERP,ENA,USD,USD,50.0,1.0,1e-05,2026-05-31 22:09:58.749682,20260531,ENAUSD
Crypto.com,ENJUSD-PERP,ENJ,USD,USD,50.0,1.0,1e-06,2026-05-31 22:09:58.749682,20260531,ENJUSD
Crypto.com,ENSUSD-PERP,ENS,USD,USD,50.0,1.0,0.001,2026-05-31 22:09:58.749682,20260531,ENSUSD
Crypto.com,ERAUSD-PERP,ERA,USD,USD,50.0,1.0,0.0001,2026-05-31 22:09:58.749682,20260531,ERAUSD
Crypto.com,ESPUSD-PERP,ESP,USD,USD,50.0,1.0,1e-06,2026-05-31 22:09:58.749682,20260531,ESPUSD
Crypto.com,ESUSD-PERP,ES,USD,USD,50.0,1.0,1e-05,2026-05-31 22:09:58.749682,20260531,ESUSD
Crypto.com,ETCUSD-PERP,ETC,USD,USD,50.0,1.0,0.001,2026-05-31 22:09:58.749682,20260531,ETCUSD
Crypto.com,ETHFIUSD-PERP,ETHFI,USD,USD,50.0,1.0,0.0001,2026-05-31 22:09:58.749682,20260531,ETHFIUSD
Crypto.com,ETHUSD-260626,ETH,USD,USD,100.0,,0.01,2026-05-31 22:09:58.749682,20260531,ETHUSD-260626
Crypto.com,ETHUSD-260731,ETH,USD,USD,100.0,,0.01,2026-05-31 22:09:58.749682,20260531,ETHUSD-260731
Crypto.com,ETHUSD-260828,ETH,USD,USD,100.0,,0.01,2026-05-31 22:09:58.749682,20260531,ETHUSD-260828
Crypto.com,ETHUSD-260925,ETH,USD,USD,100.0,,0.01,2026-05-31 22:09:58.749682,20260531,ETHUSD-260925
Crypto.com,ETHUSD-261225,ETH,USD,USD,100.0,,0.01,2026-05-31 22:09:58.749682,20260531,ETHUSD-261225
Crypto.com,ETHUSD-PERP,ETH,USD,USD,100.0,1.0,0.01,2026-05-31 22:09:58.749682,20260531,ETHUSD
Crypto.com,ETHWUSD-PERP,ETHW,USD,USD,50.0,1.0,0.0001,2026-05-31 22:09:58.749682,20260531,ETHWUSD
Crypto.com,EWYUSD-PERP,EWY,USD,USD,50.0,1.0,0.01,2026-05-31 22:09:58.749682,20260531,EWYUSD
Crypto.com,FARTCOINUSD-PERP,FARTCOIN,USD,USD,50.0,1.0,1e-05,2026-05-31 22:09:58.749682,20260531,FARTCOINUSD
Crypto.com,FETUSD-PERP,FET,USD,USD,50.0,1.0,0.0001,2026-05-31 22:09:58.749682,20260531,FETUSD
Crypto.com,FILUSD-PERP,FIL,USD,USD,50.0,1.0,0.0001,2026-05-31 22:09:58.749682,20260531,FILUSD
Crypto.com,FLOKIUSD-PERP,FLOKI,USD,USD,50.0,1.0,1e-08,2026-05-31 22:09:58.749682,20260531,FLOKIUSD
Crypto.com,FLUXUSD-PERP,FLUX,USD,USD,50.0,1.0,1e-05,2026-05-31 22:09:58.749682,20260531,FLUXUSD
Crypto.com,FOGOUSD-PERP,FOGO,USD,USD,50.0,1.0,1e-06,2026-05-31 22:09:58.749682,20260531,FOGOUSD
Crypto.com,FRAXUSD-PERP,FRAX,USD,USD,50.0,1.0,1e-05,2026-05-31 22:09:58.749682,20260531,FRAXUSD
Crypto.com,FWOGUSD-PERP,FWOG,USD,USD,50.0,1.0,1e-07,2026-05-31 22:09:58.749682,20260531,FWOGUSD
Crypto.com,GALAUSD-PERP,GALA,USD,USD,50.0,1.0,1e-06,2026-05-31 22:09:58.749682,20260531,GALAUSD
Crypto.com,GMTUSD-PERP,GMT,USD,USD,50.0,1.0,1e-06,2026-05-31 22:09:58.749682,20260531,GMTUSD
Crypto.com,GOATUSD-PERP,GOAT,USD,USD,50.0,1.0,1e-05,2026-05-31 22:09:58.749682,20260531,GOATUSD
Crypto.com,GOOGLUSD-PERP,GOOGL,USD,USD,50.0,1.0,0.01,2026-05-31 22:09:58.749682,20260531,GOOGLUSD
Crypto.com,GRASSUSD-PERP,GRASS,USD,USD,50.0,1.0,1e-05,2026-05-31 22:09:58.749682,20260531,GRASSUSD
Crypto.com,GRTUSD-PERP,GRT,USD,USD,50.0,1.0,1e-05,2026-05-31 22:09:58.749682,20260531,GRTUSD
Crypto.com,GUNUSD-PERP,GUN,USD,USD,50.0,1.0,1e-06,2026-05-31 22:09:58.749682,20260531,GUNUSD
Crypto.com,HBARUSD-PERP,HBAR,USD,USD,50.0,1.0,1e-06,2026-05-31 22:09:58.749682,20260531,HBARUSD
Crypto.com,HEMIUSD-PERP,HEMI,USD,USD,50.0,1.0,1e-06,2026-05-31 22:09:58.749682,20260531,HEMIUSD
Crypto.com,HFTUSD-PERP,HFT,USD,USD,50.0,1.0,1e-06,2026-05-31 22:09:58.749682,20260531,HFTUSD
Crypto.com,HMSTRUSD-PERP,HMSTR,USD,USD,50.0,1.0,1e-08,2026-05-31 22:09:58.749682,20260531,HMSTRUSD
Crypto.com,HOODUSD-PERP,HOOD,USD,USD,50.0,1.0,0.01,2026-05-31 22:09:58.749682,20260531,HOODUSD
Crypto.com,HUSD-PERP,H,USD,USD,50.0,1.0,1e-06,2026-05-31 22:09:58.749682,20260531,HUSD
Crypto.com,HYPERUSD-PERP,HYPER,USD,USD,50.0,1.0,1e-05,2026-05-31 22:09:58.749682,20260531,HYPERUSD
Crypto.com,HYPEUSD-PERP,HYPE,USD,USD,50.0,1.0,0.001,2026-05-31 22:09:58.749682,20260531,HYPEUSD
Crypto.com,ICPUSD-PERP,ICP,USD,USD,50.0,1.0,0.0001,2026-05-31 22:09:58.749682,20260531,ICPUSD
Crypto.com,IKAUSD-PERP,IKA,USD,USD,50.0,1.0,1e-06,2026-05-31 22:09:58.749682,20260531,IKAUSD
Crypto.com,IMUUSD-PERP,IMU,USD,USD,50.0,1.0,1e-06,2026-05-31 22:09:58.749682,20260531,IMUUSD
Crypto.com,IMXUSD-PERP,IMX,USD,USD,50.0,1.0,1e-05,2026-05-31 22:09:58.749682,20260531,IMXUSD
Crypto.com,INITUSD-PERP,INIT,USD,USD,50.0,1.0,1e-05,2026-05-31 22:09:58.749682,20260531,INITUSD
Crypto.com,INJUSD-PERP,INJ,USD,USD,50.0,1.0,0.001,2026-05-31 22:09:58.749682,20260531,INJUSD
Crypto.com,INTCUSD-PERP,INTC,USD,USD,50.0,1.0,0.01,2026-05-31 22:09:58.749682,20260531,INTCUSD
Crypto.com,IOTXUSD-PERP,IOTX,USD,USD,50.0,1.0,1e-06,2026-05-31 22:09:58.749682,20260531,IOTXUSD
Crypto.com,IOUSD-PERP,IO,USD,USD,50.0,1.0,0.0001,2026-05-31 22:09:58.749682,20260531,IOUSD
Crypto.com,IPUSD-PERP,IP,USD,USD,50.0,1.0,0.0001,2026-05-31 22:09:58.749682,20260531,IPUSD
Crypto.com,JOEUSD-PERP,JOE,USD,USD,50.0,1.0,1e-05,2026-05-31 22:09:58.749682,20260531,JOEUSD
Crypto.com,JTOUSD-PERP,JTO,USD,USD,50.0,1.0,0.0001,2026-05-31 22:09:58.749682,20260531,JTOUSD
Crypto.com,JUPUSD-PERP,JUP,USD,USD,50.0,1.0,1e-05,2026-05-31 22:09:58.749682,20260531,JUPUSD
Crypto.com,KAITOUSD-PERP,KAITO,USD,USD,50.0,1.0,0.0001,2026-05-31 22:09:58.749682,20260531,KAITOUSD
Crypto.com,KATUSD-PERP,KAT,USD,USD,50.0,1.0,1e-06,2026-05-31 22:09:58.749682,20260531,KATUSD
Crypto.com,KAVAUSD-PERP,KAVA,USD,USD,50.0,1.0,1e-06,2026-05-31 22:09:58.749682,20260531,KAVAUSD
Crypto.com,KITEUSD-PERP,KITE,USD,USD,50.0,1.0,1e-05,2026-05-31 22:09:58.749682,20260531,KITEUSD
Crypto.com,KSMUSD-PERP,KSM,USD,USD,50.0,1.0,0.001,2026-05-31 22:09:58.749682,20260531,KSMUSD
Crypto.com,LAYERUSD-PERP,LAYER,USD,USD,50.0,1.0,1e-05,2026-05-31 22:09:58.749682,20260531,LAYERUSD
Crypto.com,LDOUSD-PERP,LDO,USD,USD,50.0,1.0,0.0001,2026-05-31 22:09:58.749682,20260531,LDOUSD
Crypto.com,LIGHTERUSD-PERP,LIGHTER,USD,USD,50.0,1.0,1e-05,2026-05-31 22:09:58.749682,20260531,LIGHTERUSD
Crypto.com,LINEAUSD-PERP,LINEA,USD,USD,50.0,1.0,1e-06,2026-05-31 22:09:58.749682,20260531,LINEAUSD
Crypto.com,LINKUSD-PERP,LINK,USD,USD,50.0,1.0,0.001,2026-05-31 22:09:58.749682,20260531,LINKUSD
Crypto.com,LPTUSD-PERP,LPT,USD,USD,50.0,1.0,0.001,2026-05-31 22:09:58.749682,20260531,LPTUSD
Crypto.com,LRCUSD-PERP,LRC,USD,USD,50.0,1.0,1e-05,2026-05-31 22:09:58.749682,20260531,LRCUSD
Crypto.com,LTCUSD-PERP,LTC,USD,USD,50.0,1.0,0.001,2026-05-31 22:09:58.749682,20260531,LTCUSD
Crypto.com,LUNA2USD-PERP,LUNA2,USD,USD,50.0,1.0,1e-06,2026-05-31 22:09:58.749682,20260531,LUNA2USD
Crypto.com,LUNCUSD-PERP,LUNC,USD,USD,50.0,1.0,1e-08,2026-05-31 22:09:58.749682,20260531,LUNCUSD
Crypto.com,MAGICUSD-PERP,MAGIC,USD,USD,50.0,1.0,1e-05,2026-05-31 22:09:58.749682,20260531,MAGICUSD
Crypto.com,MANAUSD-PERP,MANA,USD,USD,50.0,1.0,1e-05,2026-05-31 22:09:58.749682,20260531,MANAUSD
Crypto.com,MANTRAUSD-PERP,MANTRA,USD,USD,50.0,1.0,1e-06,2026-05-31 22:09:58.749682,20260531,MANTRAUSD
Crypto.com,MASKUSD-PERP,MASK,USD,USD,50.0,1.0,0.0001,2026-05-31 22:09:58.749682,20260531,MASKUSD
Crypto.com,MEGAUSD-PERP,MEGA,USD,USD,50.0,1.0,1e-05,2026-05-31 22:09:58.749682,20260531,MEGAUSD
Crypto.com,MELANIAUSD-PERP,MELANIA,USD,USD,50.0,1.0,1e-05,2026-05-31 22:09:58.749682,20260531,MELANIAUSD
Crypto.com,METAUSD-PERP,META,USD,USD,50.0,1.0,0.01,2026-05-31 22:09:58.749682,20260531,METAUSD
Crypto.com,METISUSD-PERP,METIS,USD,USD,50.0,1.0,0.0001,2026-05-31 22:09:58.749682,20260531,METISUSD
Crypto.com,METUSD-PERP,MET,USD,USD,50.0,1.0,0.0001,2026-05-31 22:09:58.749682,20260531,METUSD
Crypto.com,MEUSD-PERP,ME,USD,USD,50.0,1.0,0.0001,2026-05-31 22:09:58.749682,20260531,MEUSD
Crypto.com,MINAUSD-PERP,MINA,USD,USD,50.0,1.0,1e-05,2026-05-31 22:09:58.749682,20260531,MINAUSD
Crypto.com,MOGUSD-PERP,MOG,USD,USD,50.0,1.0,1e-11,2026-05-31 22:09:58.749682,20260531,MOGUSD
Crypto.com,MONUSD-PERP,MON,USD,USD,50.0,1.0,1e-06,2026-05-31 22:09:58.749682,20260531,MONUSD
Crypto.com,MOODENGUSD-PERP,MOODENG,USD,USD,50.0,1.0,1e-06,2026-05-31 22:09:58.749682,20260531,MOODENGUSD
Crypto.com,MORPHOUSD-PERP,MORPHO,USD,USD,50.0,1.0,0.0001,2026-05-31 22:09:58.749682,20260531,MORPHOUSD
Crypto.com,MOVEUSD-PERP,MOVE,USD,USD,50.0,1.0,1e-06,2026-05-31 22:09:58.749682,20260531,MOVEUSD
Crypto.com,MSFTUSD-PERP,MSFT,USD,USD,50.0,1.0,0.01,2026-05-31 22:09:58.749682,20260531,MSFTUSD
Crypto.com,MSTRUSD-PERP,MSTR,USD,USD,50.0,1.0,0.01,2026-05-31 22:09:58.749682,20260531,MSTRUSD
Crypto.com,MUUSD-PERP,MU,USD,USD,50.0,1.0,0.01,2026-05-31 22:09:58.749682,20260531,MUUSD
Crypto.com,NATGASUSD-PERP,NATGAS,USD,USD,50.0,1.0,0.0001,2026-05-31 22:09:58.749682,20260531,NATGASUSD
Crypto.com,NEARUSD-PERP,NEAR,USD,USD,50.0,1.0,0.0001,2026-05-31 22:09:58.749682,20260531,NEARUSD
Crypto.com,NFLXUSD-PERP,NFLX,USD,USD,50.0,1.0,0.01,2026-05-31 22:09:58.749682,20260531,NFLXUSD
Crypto.com,NOTUSD-PERP,NOT,USD,USD,50.0,1.0,1e-07,2026-05-31 22:09:58.749682,20260531,NOTUSD
Crypto.com,NVDAUSD-PERP,NVDA,USD,USD,50.0,1.0,0.01,2026-05-31 22:09:58.749682,20260531,NVDAUSD
Crypto.com,NXPCUSD-PERP,NXPC,USD,USD,50.0,1.0,0.0001,2026-05-31 22:09:58.749682,20260531,NXPCUSD
Crypto.com,OGNUSD-PERP,OGN,USD,USD,50.0,1.0,1e-05,2026-05-31 22:09:58.749682,20260531,OGNUSD
Crypto.com,ONDOUSD-PERP,ONDO,USD,USD,50.0,1.0,1e-05,2026-05-31 22:09:58.749682,20260531,ONDOUSD
Crypto.com,ONEUSD-PERP,ONE,USD,USD,50.0,1.0,1e-06,2026-05-31 22:09:58.749682,20260531,ONEUSD
Crypto.com,OPENAIIPOUSD-PERP,OPENAIIPO,USD,USD,50.0,1.0,0.1,2026-05-31 22:09:58.749682,20260531,OPENAIIPOUSD
Crypto.com,OPUSD-PERP,OP,USD,USD,50.0,1.0,0.0001,2026-05-31 22:09:58.749682,20260531,OPUSD
Crypto.com,ORCAUSD-PERP,ORCA,USD,USD,50.0,1.0,0.0001,2026-05-31 22:09:58.749682,20260531,ORCAUSD
Crypto.com,ORCLUSD-PERP,ORCL,USD,USD,50.0,1.0,0.01,2026-05-31 22:09:58.749682,20260531,ORCLUSD
Crypto.com,ORDERUSD-PERP,ORDER,USD,USD,50.0,1.0,1e-05,2026-05-31 22:09:58.749682,20260531,ORDERUSD
Crypto.com,ORDIUSD-PERP,ORDI,USD,USD,50.0,1.0,0.0001,2026-05-31 22:09:58.749682,20260531,ORDIUSD
Crypto.com,PAXGUSD-PERP,PAXG,USD,USD,50.0,1.0,0.01,2026-05-31 22:09:58.749682,20260531,PAXGUSD
Crypto.com,PENDLEUSD-PERP,PENDLE,USD,USD,50.0,1.0,0.0001,2026-05-31 22:09:58.749682,20260531,PENDLEUSD
Crypto.com,PENGUUSD-PERP,PENGU,USD,USD,50.0,1.0,1e-06,2026-05-31 22:09:58.749682,20260531,PENGUUSD
Crypto.com,PEPEUSD-PERP,PEPE,USD,USD,50.0,1.0,1e-09,2026-05-31 22:09:58.749682,20260531,PEPEUSD
Crypto.com,PIXELUSD-PERP,PIXEL,USD,USD,50.0,1.0,1e-07,2026-05-31 22:09:58.749682,20260531,PIXELUSD
Crypto.com,PLTRUSD-PERP,PLTR,USD,USD,50.0,1.0,0.01,2026-05-31 22:09:58.749682,20260531,PLTRUSD
Crypto.com,PLUMEUSD-PERP,PLUME,USD,USD,50.0,1.0,1e-05,2026-05-31 22:09:58.749682,20260531,PLUMEUSD
Crypto.com,PNUTUSD-PERP,PNUT,USD,USD,50.0,1.0,1e-05,2026-05-31 22:09:58.749682,20260531,PNUTUSD
Crypto.com,POLUSD-PERP,POL,USD,USD,50.0,1.0,1e-06,2026-05-31 22:09:58.749682,20260531,POLUSD
Crypto.com,POLYXUSD-PERP,POLYX,USD,USD,50.0,1.0,1e-05,2026-05-31 22:09:58.749682,20260531,POLYXUSD
Crypto.com,PONKEUSD-PERP,PONKE,USD,USD,50.0,1.0,1e-05,2026-05-31 22:09:58.749682,20260531,PONKEUSD
Crypto.com,POPCATUSD-PERP,POPCAT,USD,USD,50.0,1.0,1e-05,2026-05-31 22:09:58.749682,20260531,POPCATUSD
Crypto.com,PRLUSD-PERP,PRL,USD,USD,50.0,1.0,1e-05,2026-05-31 22:09:58.749682,20260531,PRLUSD
Crypto.com,PROMPTUSD-PERP,PROMPT,USD,USD,50.0,1.0,1e-05,2026-05-31 22:09:58.749682,20260531,PROMPTUSD
Crypto.com,PROVEUSD-PERP,PROVE,USD,USD,50.0,1.0,0.0001,2026-05-31 22:09:58.749682,20260531,PROVEUSD
Crypto.com,PUMPUSD-PERP,PUMP,USD,USD,50.0,1.0,1e-07,2026-05-31 22:09:58.749682,20260531,PUMPUSD
Crypto.com,PYTHUSD-PERP,PYTH,USD,USD,50.0,1.0,1e-05,2026-05-31 22:09:58.749682,20260531,PYTHUSD
Crypto.com,QNTUSD-PERP,QNT,USD,USD,50.0,1.0,0.001,2026-05-31 22:09:58.749682,20260531,QNTUSD
Crypto.com,QQQUSD-PERP,QQQ,USD,USD,50.0,1.0,0.01,2026-05-31 22:09:58.749682,20260531,QQQUSD
Crypto.com,QTUMUSD-PERP,QTUM,USD,USD,50.0,1.0,0.0001,2026-05-31 22:09:58.749682,20260531,QTUMUSD
Crypto.com,RAYUSD-PERP,RAY,USD,USD,50.0,1.0,0.0001,2026-05-31 22:09:58.749682,20260531,RAYUSD
Crypto.com,REDUSD-PERP,RED,USD,USD,50.0,1.0,0.0001,2026-05-31 22:09:58.749682,20260531,REDUSD
Crypto.com,RENDERUSD-PERP,RENDER,USD,USD,50.0,1.0,0.0001,2026-05-31 22:09:58.749682,20260531,RENDERUSD
Crypto.com,RNBWUSD-PERP,RNBW,USD,USD,50.0,1.0,1e-06,2026-05-31 22:09:58.749682,20260531,RNBWUSD
Crypto.com,ROBOUSD-PERP,ROBO,USD,USD,50.0,1.0,1e-06,2026-05-31 22:09:58.749682,20260531,ROBOUSD
Crypto.com,RONINUSD-PERP,RONIN,USD,USD,50.0,1.0,1e-05,2026-05-31 22:09:58.749682,20260531,RONINUSD
Crypto.com,RUNEUSD-PERP,RUNE,USD,USD,50.0,1.0,0.0001,2026-05-31 22:09:58.749682,20260531,RUNEUSD
Crypto.com,RVNUSD-PERP,RVN,USD,USD,50.0,1.0,1e-06,2026-05-31 22:09:58.749682,20260531,RVNUSD
Crypto.com,SAFEUSD-PERP,SAFE,USD,USD,50.0,1.0,0.0001,2026-05-31 22:09:58.749682,20260531,SAFEUSD
Crypto.com,SANDUSD-PERP,SAND,USD,USD,50.0,1.0,1e-05,2026-05-31 22:09:58.749682,20260531,SANDUSD
Crypto.com,SAPIENUSD-PERP,SAPIEN,USD,USD,50.0,1.0,1e-05,2026-05-31 22:09:58.749682,20260531,SAPIENUSD
Crypto.com,SEIUSD-PERP,SEI,USD,USD,50.0,1.0,1e-05,2026-05-31 22:09:58.749682,20260531,SEIUSD
Crypto.com,SENTUSD-PERP,SENT,USD,USD,50.0,1.0,1e-06,2026-05-31 22:09:58.749682,20260531,SENTUSD
Crypto.com,SHIBUSD-PERP,SHIB,USD,USD,50.0,1.0,1e-10,2026-05-31 22:09:58.749682,20260531,SHIBUSD
Crypto.com,SKLUSD-PERP,SKL,USD,USD,50.0,1.0,1e-07,2026-05-31 22:09:58.749682,20260531,SKLUSD
Crypto.com,SKRUSD-PERP,SKR,USD,USD,50.0,1.0,1e-06,2026-05-31 22:09:58.749682,20260531,SKRUSD
Crypto.com,SNDKUSD-PERP,SNDK,USD,USD,50.0,1.0,0.01,2026-05-31 22:09:58.749682,20260531,SNDKUSD
Crypto.com,SNEKUSD-PERP,SNEK,USD,USD,50.0,1.0,1e-07,2026-05-31 22:09:58.749682,20260531,SNEKUSD
Crypto.com,SNXUSD-PERP,SNX,USD,USD,50.0,1.0,0.0001,2026-05-31 22:09:58.749682,20260531,SNXUSD
Crypto.com,SOLUSD-PERP,SOL,USD,USD,50.0,1.0,0.01,2026-05-31 22:09:58.749682,20260531,SOLUSD
Crypto.com,SOPHUSD-PERP,SOPH,USD,USD,50.0,1.0,1e-06,2026-05-31 22:09:58.749682,20260531,SOPHUSD
Crypto.com,SPACEXIPOUSD-PERP,SPACEXIPO,USD,USD,50.0,1.0,0.1,2026-05-31 22:09:58.749682,20260531,SPACEXIPOUSD
Crypto.com,SPKUSD-PERP,SPK,USD,USD,50.0,1.0,1e-06,2026-05-31 22:09:58.749682,20260531,SPKUSD
Crypto.com,SPXUSD-PERP,SPX,USD,USD,50.0,1.0,1e-05,2026-05-31 22:09:58.749682,20260531,SPXUSD
Crypto.com,SPYUSD-PERP,SPY,USD,USD,50.0,1.0,0.01,2026-05-31 22:09:58.749682,20260531,SPYUSD
Crypto.com,STABLEUSD-PERP,STABLE,USD,USD,50.0,1.0,1e-06,2026-05-31 22:09:58.749682,20260531,STABLEUSD
Crypto.com,STGUSD-PERP,STG,USD,USD,50.0,1.0,1e-05,2026-05-31 22:09:58.749682,20260531,STGUSD
Crypto.com,STORJUSD-PERP,STORJ,USD,USD,50.0,1.0,1e-05,2026-05-31 22:09:58.749682,20260531,STORJUSD
Crypto.com,STRKUSD-PERP,STRK,USD,USD,50.0,1.0,1e-06,2026-05-31 22:09:58.749682,20260531,STRKUSD
Crypto.com,STXUSD-PERP,STX,USD,USD,50.0,1.0,0.0001,2026-05-31 22:09:58.749682,20260531,STXUSD
Crypto.com,SUIUSD-PERP,SUI,USD,USD,50.0,1.0,1e-05,2026-05-31 22:09:58.749682,20260531,SUIUSD
Crypto.com,SUSD-PERP,S,USD,USD,50.0,1.0,1e-05,2026-05-31 22:09:58.749682,20260531,SUSD
Crypto.com,SUSHIUSD-PERP,SUSHI,USD,USD,50.0,1.0,0.0001,2026-05-31 22:09:58.749682,20260531,SUSHIUSD
Crypto.com,SXTUSD-PERP,SXT,USD,USD,50.0,1.0,1e-05,2026-05-31 22:09:58.749682,20260531,SXTUSD
Crypto.com,TAOUSD-PERP,TAO,USD,USD,50.0,1.0,0.01,2026-05-31 22:09:58.749682,20260531,TAOUSD
Crypto.com,THETAUSD-PERP,THETA,USD,USD,50.0,1.0,1e-05,2026-05-31 22:09:58.749682,20260531,THETAUSD
Crypto.com,TIAUSD-PERP,TIA,USD,USD,50.0,1.0,1e-05,2026-05-31 22:09:58.749682,20260531,TIAUSD
Crypto.com,TNSRUSD-PERP,TNSR,USD,USD,50.0,1.0,1e-06,2026-05-31 22:09:58.749682,20260531,TNSRUSD
Crypto.com,TONUSD-PERP,TON,USD,USD,50.0,1.0,0.0001,2026-05-31 22:09:58.749682,20260531,TONUSD
Crypto.com,TOSHIUSD-PERP,TOSHI,USD,USD,50.0,1.0,1e-08,2026-05-31 22:09:58.749682,20260531,TOSHIUSD
Crypto.com,TOWNSUSD-PERP,TOWNS,USD,USD,50.0,1.0,1e-06,2026-05-31 22:09:58.749682,20260531,TOWNSUSD
Crypto.com,TRBUSD-PERP,TRB,USD,USD,50.0,1.0,0.01,2026-05-31 22:09:58.749682,20260531,TRBUSD
Crypto.com,TRUMPUSD-PERP,TRUMP,USD,USD,50.0,1.0,0.001,2026-05-31 22:09:58.749682,20260531,TRUMPUSD
Crypto.com,TRUSTUSD-PERP,TRUST,USD,USD,50.0,1.0,1e-05,2026-05-31 22:09:58.749682,20260531,TRUSTUSD
Crypto.com,TSLAUSD-PERP,TSLA,USD,USD,50.0,1.0,0.01,2026-05-31 22:09:58.749682,20260531,TSLAUSD
Crypto.com,TSMUSD-PERP,TSM,USD,USD,50.0,1.0,0.01,2026-05-31 22:09:58.749682,20260531,TSMUSD
Crypto.com,TURBOUSD-PERP,TURBO,USD,USD,50.0,1.0,1e-07,2026-05-31 22:09:58.749682,20260531,TURBOUSD
Crypto.com,UNIUSD-PERP,UNI,USD,USD,50.0,1.0,0.0001,2026-05-31 22:09:58.749682,20260531,UNIUSD
Crypto.com,USELESSUSD-PERP,USELESS,USD,USD,50.0,1.0,1e-05,2026-05-31 22:09:58.749682,20260531,USELESSUSD
Crypto.com,VETUSD-PERP,VET,USD,USD,50.0,1.0,1e-07,2026-05-31 22:09:58.749682,20260531,VETUSD
Crypto.com,VINEUSD-PERP,VINE,USD,USD,50.0,1.0,1e-05,2026-05-31 22:09:58.749682,20260531,VINEUSD
Crypto.com,VIRTUALUSD-PERP,VIRTUAL,USD,USD,50.0,1.0,0.0001,2026-05-31 22:09:58.749682,20260531,VIRTUALUSD
Crypto.com,VRAUSD-PERP,VRA,USD,USD,50.0,1.0,1e-09,2026-05-31 22:09:58.749682,20260531,VRAUSD
Crypto.com,VTHOUSD-PERP,VTHO,USD,USD,50.0,1.0,1e-07,2026-05-31 22:09:58.749682,20260531,VTHOUSD
Crypto.com,VVVUSD-PERP,VVV,USD,USD,50.0,1.0,0.001,2026-05-31 22:09:58.749682,20260531,VVVUSD
Crypto.com,WALUSD-PERP,WAL,USD,USD,50.0,1.0,1e-05,2026-05-31 22:09:58.749682,20260531,WALUSD
Crypto.com,WCTUSD-PERP,WCT,USD,USD,50.0,1.0,1e-05,2026-05-31 22:09:58.749682,20260531,WCTUSD
Crypto.com,WETUSD-PERP,WET,USD,USD,50.0,1.0,1e-05,2026-05-31 22:09:58.749682,20260531,WETUSD
Crypto.com,WIFUSD-PERP,WIF,USD,USD,50.0,1.0,0.0001,2026-05-31 22:09:58.749682,20260531,WIFUSD
Crypto.com,WLDUSD-PERP,WLD,USD,USD,50.0,1.0,0.0001,2026-05-31 22:09:58.749682,20260531,WLDUSD
Crypto.com,WLFIUSD-PERP,WLFI,USD,USD,50.0,1.0,1e-05,2026-05-31 22:09:58.749682,20260531,WLFIUSD
Crypto.com,WOOUSD-PERP,WOO,USD,USD,50.0,1.0,1e-05,2026-05-31 22:09:58.749682,20260531,WOOUSD
Crypto.com,WUSD-PERP,W,USD,USD,50.0,1.0,1e-06,2026-05-31 22:09:58.749682,20260531,WUSD
Crypto.com,XAGUSD-PERP,XAG,USD,USD,50.0,1.0,0.001,2026-05-31 22:09:58.749682,20260531,XAGUSD
Crypto.com,XAUTUSD-PERP,XAUT,USD,USD,50.0,1.0,0.1,2026-05-31 22:09:58.749682,20260531,XAUTUSD
Crypto.com,XAUUSD-PERP,XAU,USD,USD,50.0,1.0,0.01,2026-05-31 22:09:58.749682,20260531,XAUUSD
Crypto.com,XCUUSD-PERP,XCU,USD,USD,50.0,1.0,0.0001,2026-05-31 22:09:58.749682,20260531,XCUUSD
Crypto.com,XLMUSD-PERP,XLM,USD,USD,50.0,1.0,1e-05,2026-05-31 22:09:58.749682,20260531,XLMUSD
Crypto.com,XPDUSD-PERP,XPD,USD,USD,50.0,1.0,0.01,2026-05-31 22:09:58.749682,20260531,XPDUSD
Crypto.com,XPLUSD-PERP,XPL,USD,USD,50.0,1.0,1e-05,2026-05-31 22:09:58.749682,20260531,XPLUSD
Crypto.com,XPTUSD-PERP,XPT,USD,USD,50.0,1.0,0.01,2026-05-31 22:09:58.749682,20260531,XPTUSD
Crypto.com,XRPUSD-PERP,XRP,USD,USD,50.0,1.0,0.0001,2026-05-31 22:09:58.749682,20260531,XRPUSD
Crypto.com,XTZUSD-PERP,XTZ,USD,USD,50.0,1.0,0.0001,2026-05-31 22:09:58.749682,20260531,XTZUSD
Crypto.com,YFIUSD-PERP,YFI,USD,USD,50.0,1.0,0.01,2026-05-31 22:09:58.749682,20260531,YFIUSD
Crypto.com,YGGUSD-PERP,YGG,USD,USD,50.0,1.0,1e-06,2026-05-31 22:09:58.749682,20260531,YGGUSD
Crypto.com,ZETAUSD-PERP,ZETA,USD,USD,50.0,1.0,1e-06,2026-05-31 22:09:58.749682,20260531,ZETAUSD
Crypto.com,ZKCUSD-PERP,ZKC,USD,USD,50.0,1.0,1e-05,2026-05-31 22:09:58.749682,20260531,ZKCUSD
Crypto.com,ZKUSD-PERP,ZK,USD,USD,50.0,1.0,1e-05,2026-05-31 22:09:58.749682,20260531,ZKUSD
Crypto.com,ZORAUSD-PERP,ZORA,USD,USD,50.0,1.0,1e-06,2026-05-31 22:09:58.749682,20260531,ZORAUSD
Crypto.com,ZROUSD-PERP,ZRO,USD,USD,50.0,1.0,0.0001,2026-05-31 22:09:58.749682,20260531,ZROUSD
Crypto.com,ZRXUSD-PERP,ZRX,USD,USD,50.0,1.0,1e-05,2026-05-31 22:09:58.749682,20260531,ZRXUSD
Deribit,BTC-PERPETUAL,BTC,USD,BTC,,8.0,0.5,2026-05-31 22:09:58.749682,20260531,BTC
Deribit,BTC-1JUN26,BTC,USD,BTC,,,2.5,2026-05-31 22:09:58.749682,20260531,BTC-1JUN26
Deribit,BTC-2JUN26,BTC,USD,BTC,,,2.5,2026-05-31 22:09:58.749682,20260531,BTC-2JUN26
Deribit,BTC-3JUN26,BTC,USD,BTC,,,2.5,2026-05-31 22:09:58.749682,20260531,BTC-3JUN26
Deribit,BTC-4JUN26,BTC,USD,BTC,,,2.5,2026-05-31 22:09:58.749682,20260531,BTC-4JUN26
Deribit,BTC-5JUN26,BTC,USD,BTC,,,2.5,2026-05-31 22:09:58.749682,20260531,BTC-5JUN26
Deribit,BTC-12JUN26,BTC,USD,BTC,,,2.5,2026-05-31 22:09:58.750680,20260531,BTC-12JUN26
Deribit,BTC-19JUN26,BTC,USD,BTC,,,2.5,2026-05-31 22:09:58.750680,20260531,BTC-19JUN26
Deribit,BTC-26JUN26,BTC,USD,BTC,,,2.5,2026-05-31 22:09:58.750680,20260531,BTC-26JUN26
Deribit,BTC-31JUL26,BTC,USD,BTC,,,2.5,2026-05-31 22:09:58.750680,20260531,BTC-31JUL26
Deribit,BTC-28AUG26,BTC,USD,BTC,,,2.5,2026-05-31 22:09:58.750680,20260531,BTC-28AUG26
Deribit,BTC-25SEP26,BTC,USD,BTC,,,2.5,2026-05-31 22:09:58.750680,20260531,BTC-25SEP26
Deribit,BTC-25DEC26,BTC,USD,BTC,,,2.5,2026-05-31 22:09:58.750680,20260531,BTC-25DEC26
Deribit,BTC-26MAR27,BTC,USD,BTC,,,2.5,2026-05-31 22:09:58.750680,20260531,BTC-26MAR27
Deribit,ETH-PERPETUAL,ETH,USD,ETH,,8.0,0.05,2026-05-31 22:09:58.750680,20260531,ETH
Deribit,ETH-1JUN26,ETH,USD,ETH,,,0.25,2026-05-31 22:09:58.750680,20260531,ETH-1JUN26
Deribit,ETH-2JUN26,ETH,USD,ETH,,,0.25,2026-05-31 22:09:58.750680,20260531,ETH-2JUN26
Deribit,ETH-3JUN26,ETH,USD,ETH,,,0.25,2026-05-31 22:09:58.750680,20260531,ETH-3JUN26
Deribit,ETH-4JUN26,ETH,USD,ETH,,,0.25,2026-05-31 22:09:58.750680,20260531,ETH-4JUN26
Deribit,ETH-5JUN26,ETH,USD,ETH,,,0.25,2026-05-31 22:09:58.750680,20260531,ETH-5JUN26
Deribit,ETH-12JUN26,ETH,USD,ETH,,,0.25,2026-05-31 22:09:58.750680,20260531,ETH-12JUN26
Deribit,ETH-19JUN26,ETH,USD,ETH,,,0.25,2026-05-31 22:09:58.750680,20260531,ETH-19JUN26
Deribit,ETH-26JUN26,ETH,USD,ETH,,,0.25,2026-05-31 22:09:58.750680,20260531,ETH-26JUN26
Deribit,ETH-31JUL26,ETH,USD,ETH,,,0.25,2026-05-31 22:09:58.750680,20260531,ETH-31JUL26
Deribit,ETH-28AUG26,ETH,USD,ETH,,,0.25,2026-05-31 22:09:58.750680,20260531,ETH-28AUG26
Deribit,ETH-25SEP26,ETH,USD,ETH,,,0.25,2026-05-31 22:09:58.750680,20260531,ETH-25SEP26
Deribit,ETH-25DEC26,ETH,USD,ETH,,,0.25,2026-05-31 22:09:58.750680,20260531,ETH-25DEC26
Deribit,ETH-26MAR27,ETH,USD,ETH,,,0.25,2026-05-31 22:09:58.750680,20260531,ETH-26MAR27
Drift,SOL-PERP,SOL,USDC,USDC,,1.0,,2026-05-31 22:09:58.750680,20260531,SOL
Drift,BTC-PERP,BTC,USDC,USDC,,1.0,,2026-05-31 22:09:58.750680,20260531,BTC
Drift,ETH-PERP,ETH,USDC,USDC,,1.0,,2026-05-31 22:09:58.750680,20260531,ETH
Drift,APT-PERP,APT,USDC,USDC,,1.0,,2026-05-31 22:09:58.750680,20260531,APT
Drift,1MBONK-PERP,1MBONK,USDC,USDC,,1.0,,2026-05-31 22:09:58.750680,20260531,1MBONK
Drift,POL-PERP,POL,USDC,USDC,,1.0,,2026-05-31 22:09:58.750680,20260531,POL
Drift,ARB-PERP,ARB,USDC,USDC,,1.0,,2026-05-31 22:09:58.750680,20260531,ARB
Drift,DOGE-PERP,DOGE,USDC,USDC,,1.0,,2026-05-31 22:09:58.750680,20260531,DOGE
Drift,BNB-PERP,BNB,USDC,USDC,,1.0,,2026-05-31 22:09:58.750680,20260531,BNB
Drift,SUI-PERP,SUI,USDC,USDC,,1.0,,2026-05-31 22:09:58.750680,20260531,SUI
Drift,1MPEPE-PERP,1MPEPE,USDC,USDC,,1.0,,2026-05-31 22:09:58.750680,20260531,1MPEPE
Drift,OP-PERP,OP,USDC,USDC,,1.0,,2026-05-31 22:09:58.750680,20260531,OP
Drift,RENDER-PERP,RENDER,USDC,USDC,,1.0,,2026-05-31 22:09:58.750680,20260531,RENDER
Drift,XRP-PERP,XRP,USDC,USDC,,1.0,,2026-05-31 22:09:58.750680,20260531,XRP
Drift,HNT-PERP,HNT,USDC,USDC,,1.0,,2026-05-31 22:09:58.750680,20260531,HNT
Drift,INJ-PERP,INJ,USDC,USDC,,1.0,,2026-05-31 22:09:58.750680,20260531,INJ
Drift,LINK-PERP,LINK,USDC,USDC,,1.0,,2026-05-31 22:09:58.750680,20260531,LINK
Drift,RLB-PERP,RLB,USDC,USDC,,1.0,,2026-05-31 22:09:58.750680,20260531,RLB
Drift,PYTH-PERP,PYTH,USDC,USDC,,1.0,,2026-05-31 22:09:58.750680,20260531,PYTH
Drift,TIA-PERP,TIA,USDC,USDC,,1.0,,2026-05-31 22:09:58.750680,20260531,TIA
Drift,JTO-PERP,JTO,USDC,USDC,,1.0,,2026-05-31 22:09:58.750680,20260531,JTO
Drift,SEI-PERP,SEI,USDC,USDC,,1.0,,2026-05-31 22:09:58.750680,20260531,SEI
Drift,AVAX-PERP,AVAX,USDC,USDC,,1.0,,2026-05-31 22:09:58.750680,20260531,AVAX
Drift,WIF-PERP,WIF,USDC,USDC,,1.0,,2026-05-31 22:09:58.750680,20260531,WIF
Drift,JUP-PERP,JUP,USDC,USDC,,1.0,,2026-05-31 22:09:58.750680,20260531,JUP
Drift,DYM-PERP,DYM,USDC,USDC,,1.0,,2026-05-31 22:09:58.750680,20260531,DYM
Drift,TAO-PERP,TAO,USDC,USDC,,1.0,,2026-05-31 22:09:58.750680,20260531,TAO
Drift,W-PERP,W,USDC,USDC,,1.0,,2026-05-31 22:09:58.750680,20260531,W
Drift,KMNO-PERP,KMNO,USDC,USDC,,1.0,,2026-05-31 22:09:58.750680,20260531,KMNO
Drift,TNSR-PERP,TNSR,USDC,USDC,,1.0,,2026-05-31 22:09:58.750680,20260531,TNSR
Drift,DRIFT-PERP,DRIFT,USDC,USDC,,1.0,,2026-05-31 22:09:58.750680,20260531,DRIFT
Drift,CLOUD-PERP,CLOUD,USDC,USDC,,1.0,,2026-05-31 22:09:58.750680,20260531,CLOUD
Drift,IO-PERP,IO,USDC,USDC,,1.0,,2026-05-31 22:09:58.750680,20260531,IO
Drift,ZEX-PERP,ZEX,USDC,USDC,,1.0,,2026-05-31 22:09:58.750680,20260531,ZEX
Drift,POPCAT-PERP,POPCAT,USDC,USDC,,1.0,,2026-05-31 22:09:58.750680,20260531,POPCAT
Drift,1KWEN-PERP,1KWEN,USDC,USDC,,1.0,,2026-05-31 22:09:58.750680,20260531,1KWEN
Drift,TON-PERP,TON,USDC,USDC,,1.0,,2026-05-31 22:09:58.750680,20260531,TON
Drift,MOTHER-PERP,MOTHER,USDC,USDC,,1.0,,2026-05-31 22:09:58.750680,20260531,MOTHER
Drift,MOODENG-PERP,MOODENG,USDC,USDC,,1.0,,2026-05-31 22:09:58.750680,20260531,MOODENG
Drift,DBR-PERP,DBR,USDC,USDC,,1.0,,2026-05-31 22:09:58.750680,20260531,DBR
Drift,1KMEW-PERP,1KMEW,USDC,USDC,,1.0,,2026-05-31 22:09:58.750680,20260531,1KMEW
Drift,MICHI-PERP,MICHI,USDC,USDC,,1.0,,2026-05-31 22:09:58.750680,20260531,MICHI
Drift,GOAT-PERP,GOAT,USDC,USDC,,1.0,,2026-05-31 22:09:58.750680,20260531,GOAT
Drift,FWOG-PERP,FWOG,USDC,USDC,,1.0,,2026-05-31 22:09:58.750680,20260531,FWOG
Drift,PNUT-PERP,PNUT,USDC,USDC,,1.0,,2026-05-31 22:09:58.750680,20260531,PNUT
Drift,RAY-PERP,RAY,USDC,USDC,,1.0,,2026-05-31 22:09:58.750680,20260531,RAY
Drift,HYPE-PERP,HYPE,USDC,USDC,,1.0,,2026-05-31 22:09:58.750680,20260531,HYPE
Drift,LTC-PERP,LTC,USDC,USDC,,1.0,,2026-05-31 22:09:58.750680,20260531,LTC
Drift,ME-PERP,ME,USDC,USDC,,1.0,,2026-05-31 22:09:58.750680,20260531,ME
Drift,PENGU-PERP,PENGU,USDC,USDC,,1.0,,2026-05-31 22:09:58.750680,20260531,PENGU
Drift,AI16Z-PERP,AI16Z,USDC,USDC,,1.0,,2026-05-31 22:09:58.750680,20260531,AI16Z
Drift,TRUMP-PERP,TRUMP,USDC,USDC,,1.0,,2026-05-31 22:09:58.750680,20260531,TRUMP
Drift,MELANIA-PERP,MELANIA,USDC,USDC,,1.0,,2026-05-31 22:09:58.750680,20260531,MELANIA
Drift,BERA-PERP,BERA,USDC,USDC,,1.0,,2026-05-31 22:09:58.750680,20260531,BERA
Drift,KAITO-PERP,KAITO,USDC,USDC,,1.0,,2026-05-31 22:09:58.750680,20260531,KAITO
Drift,IP-PERP,IP,USDC,USDC,,1.0,,2026-05-31 22:09:58.750680,20260531,IP
Drift,FARTCOIN-PERP,FARTCOIN,USDC,USDC,,1.0,,2026-05-31 22:09:58.750680,20260531,FARTCOIN
Drift,ADA-PERP,ADA,USDC,USDC,,1.0,,2026-05-31 22:09:58.750680,20260531,ADA
Drift,PAXG-PERP,PAXG,USDC,USDC,,1.0,,2026-05-31 22:09:58.750680,20260531,PAXG
Drift,LAUNCHCOIN-PERP,LAUNCHCOIN,USDC,USDC,,1.0,,2026-05-31 22:09:58.750680,20260531,LAUNCHCOIN
Drift,PUMP-PERP,PUMP,USDC,USDC,,1.0,,2026-05-31 22:09:58.750680,20260531,PUMP
Drift,ASTER-PERP,ASTER,USDC,USDC,,1.0,,2026-05-31 22:09:58.750680,20260531,ASTER
Drift,XPL-PERP,XPL,USDC,USDC,,1.0,,2026-05-31 22:09:58.750680,20260531,XPL
Drift,2Z-PERP,2Z,USDC,USDC,,1.0,,2026-05-31 22:09:58.750680,20260531,2Z
Drift,ZEC-PERP,ZEC,USDC,USDC,,1.0,,2026-05-31 22:09:58.750680,20260531,ZEC
Drift,MNT-PERP,MNT,USDC,USDC,,1.0,,2026-05-31 22:09:58.750680,20260531,MNT
Drift,1KPUMP-PERP,1KPUMP,USDC,USDC,,1.0,,2026-05-31 22:09:58.750680,20260531,1KPUMP
Drift,MET-PERP,MET,USDC,USDC,,1.0,,2026-05-31 22:09:58.750680,20260531,MET
Drift,1KMON-PERP,1KMON,USDC,USDC,,1.0,,2026-05-31 22:09:58.750680,20260531,1KMON
Drift,LIT-PERP,LIT,USDC,USDC,,1.0,,2026-05-31 22:09:58.750680,20260531,LIT
EdgeX,BTCUSD,BTC,USD,USDT,100.0,4.0,0.1,2026-05-31 22:09:58.750680,20260531,BTCUSD
EdgeX,ETHUSD,ETH,USD,USDT,100.0,4.0,0.01,2026-05-31 22:09:58.750680,20260531,ETHUSD
EdgeX,SOLUSD,SOL,USD,USDT,75.0,4.0,0.01,2026-05-31 22:09:58.750680,20260531,SOLUSD
EdgeX,LINKUSD,LINK,USD,USDT,10.0,4.0,0.001,2026-05-31 22:09:58.750680,20260531,LINKUSD
EdgeX,LTCUSD,LTC,USD,USDT,10.0,4.0,0.01,2026-05-31 22:09:58.750680,20260531,LTCUSD
EdgeX,ENAUSD,ENA,USD,USDT,5.0,4.0,0.0001,2026-05-31 22:09:58.750680,20260531,ENAUSD
EdgeX,BNBUSD,BNB,USD,USDT,50.0,4.0,0.01,2026-05-31 22:09:58.750680,20260531,BNBUSD
EdgeX,XRPUSD,XRP,USD,USDT,15.0,4.0,0.0001,2026-05-31 22:09:58.750680,20260531,XRPUSD
EdgeX,DOGEUSD,DOGE,USD,USDT,10.0,4.0,1e-05,2026-05-31 22:09:58.750680,20260531,DOGEUSD
EdgeX,SUIUSD,SUI,USD,USDT,8.0,4.0,0.0001,2026-05-31 22:09:58.750680,20260531,SUIUSD
EdgeX,UNIUSD,UNI,USD,USDT,8.0,4.0,0.001,2026-05-31 22:09:58.750680,20260531,UNIUSD
EdgeX,ADAUSD,ADA,USD,USDT,10.0,4.0,0.0001,2026-05-31 22:09:58.750680,20260531,ADAUSD
EdgeX,HYPEUSD,HYPE,USD,USDT,15.0,4.0,0.001,2026-05-31 22:09:58.750680,20260531,HYPEUSD
EdgeX,ONDOUSD,ONDO,USD,USDT,10.0,4.0,0.0001,2026-05-31 22:09:58.750680,20260531,ONDOUSD
EdgeX,DOTUSD,DOT,USD,USDT,10.0,4.0,0.001,2026-05-31 22:09:58.750680,20260531,DOTUSD
EdgeX,TONUSD,TON,USD,USDT,10.0,4.0,0.001,2026-05-31 22:09:58.750680,20260531,TONUSD
EdgeX,AAVEUSD,AAVE,USD,USDT,10.0,4.0,0.01,2026-05-31 22:09:58.750680,20260531,AAVEUSD
EdgeX,FILUSD,FIL,USD,USDT,5.0,4.0,0.001,2026-05-31 22:09:58.750680,20260531,FILUSD
EdgeX,VIRTUALUSD,VIRTUAL,USD,USDT,8.0,4.0,0.0001,2026-05-31 22:09:58.750680,20260531,VIRTUALUSD
EdgeX,TAOUSD,TAO,USD,USDT,8.0,4.0,0.1,2026-05-31 22:09:58.750680,20260531,TAOUSD
EdgeX,PUMPUSD,PUMP,USD,USDT,5.0,4.0,1e-06,2026-05-31 22:09:58.750680,20260531,PUMPUSD
EdgeX,PENDLEUSD,PENDLE,USD,USDT,5.0,4.0,0.0001,2026-05-31 22:09:58.750680,20260531,PENDLEUSD
EdgeX,ASTERUSD,ASTER,USD,USDT,5.0,4.0,0.0001,2026-05-31 22:09:58.750680,20260531,ASTERUSD
EdgeX,MONUSD,MON,USD,USDT,5.0,4.0,1e-05,2026-05-31 22:09:58.750680,20260531,MONUSD
EdgeX,BCHUSD,BCH,USD,USDT,10.0,4.0,0.01,2026-05-31 22:09:58.750680,20260531,BCHUSD
EdgeX,XMRUSD,XMR,USD,USDT,10.0,4.0,0.01,2026-05-31 22:09:58.750680,20260531,XMRUSD
EdgeX,ICPUSD,ICP,USD,USDT,8.0,4.0,0.001,2026-05-31 22:09:58.750680,20260531,ICPUSD
EdgeX,PAXGUSD,PAXG,USD,USDT,5.0,4.0,0.01,2026-05-31 22:09:58.750680,20260531,PAXGUSD
EdgeX,CFXUSD,CFX,USD,USDT,5.0,4.0,1e-05,2026-05-31 22:09:58.750680,20260531,CFXUSD
EdgeX,XAUTUSD,XAUT,USD,USDT,15.0,4.0,0.1,2026-05-31 22:09:58.750680,20260531,XAUTUSD
EdgeX,ZECUSD,ZEC,USD,USDT,8.0,4.0,0.01,2026-05-31 22:09:58.750680,20260531,ZECUSD
EdgeX,EDGEUSD,EDGE,USD,USDT,30.0,4.0,0.0001,2026-05-31 22:09:58.750680,20260531,EDGEUSD
EdgeX,SPYUSD,SPY,USD,USDT,20.0,4.0,0.01,2026-05-31 22:09:58.750680,20260531,SPYUSD
EdgeX,QQQUSD,QQQ,USD,USDT,20.0,4.0,0.01,2026-05-31 22:09:58.750680,20260531,QQQUSD
EdgeX,CRCLUSD,CRCL,USD,USDT,10.0,4.0,0.01,2026-05-31 22:09:58.750680,20260531,CRCLUSD
EdgeX,NATGASUSD,NATGAS,USD,USDT,15.0,4.0,0.001,2026-05-31 22:09:58.750680,20260531,NATGASUSD
EdgeX,NVDAUSD,NVDA,USD,USDT,10.0,4.0,0.01,2026-05-31 22:09:58.750680,20260531,NVDAUSD
EdgeX,COINUSD,COIN,USD,USDT,10.0,4.0,0.01,2026-05-31 22:09:58.750680,20260531,COINUSD
EdgeX,AMDUSD,AMD,USD,USDT,10.0,4.0,0.01,2026-05-31 22:09:58.750680,20260531,AMDUSD
EdgeX,MSTRUSD,MSTR,USD,USDT,10.0,4.0,0.01,2026-05-31 22:09:58.750680,20260531,MSTRUSD
EdgeX,SILVERUSD,SILVER,USD,USDT,15.0,4.0,0.01,2026-05-31 22:09:58.750680,20260531,SILVERUSD
EdgeX,COPPERUSD,COPPER,USD,USDT,15.0,4.0,0.001,2026-05-31 22:09:58.750680,20260531,COPPERUSD
EdgeX,GOOGUSD,GOOG,USD,USDT,10.0,4.0,0.01,2026-05-31 22:09:58.750680,20260531,GOOGUSD
EdgeX,CLUSD,CL,USD,USDT,15.0,4.0,0.001,2026-05-31 22:09:58.750680,20260531,CLUSD
EdgeX,INTCUSD,INTC,USD,USDT,10.0,4.0,0.01,2026-05-31 22:09:58.750680,20260531,INTCUSD
Extended,ENA-USD,ENA,USD,USDC,50.0,1.0,1e-05,2026-05-31 22:09:58.750680,20260531,ENA
Extended,AVNT-USD,AVNT,USD,USDC,10.0,1.0,0.0001,2026-05-31 22:09:58.750680,20260531,AVNT
Extended,EUR-USD,EUR,USD,USDC,100.0,1.0,1e-05,2026-05-31 22:09:58.750680,20260531,EUR
Extended,SUI-USD,SUI,USD,USDC,50.0,1.0,0.0001,2026-05-31 22:09:58.750680,20260531,SUI
Extended,WIF-USD,WIF,USD,USDC,25.0,1.0,0.0001,2026-05-31 22:09:58.750680,20260531,WIF
Extended,CAKE-USD,CAKE,USD,USDC,10.0,1.0,0.0001,2026-05-31 22:09:58.750680,20260531,CAKE
Extended,MEGA-USD,MEGA,USD,USDC,5.0,1.0,1e-05,2026-05-31 22:09:58.750680,20260531,MEGA
Extended,AVAX-USD,AVAX,USD,USDC,25.0,1.0,0.001,2026-05-31 22:09:58.750680,20260531,AVAX
Extended,HYPE-USD,HYPE,USD,USDC,50.0,1.0,0.001,2026-05-31 22:09:58.750680,20260531,HYPE
Extended,WLFI-USD,WLFI,USD,USDC,10.0,1.0,1e-05,2026-05-31 22:09:58.750680,20260531,WLFI
Extended,INTC_24_5-USD,INTC_24_5,USD,USDC,10.0,1.0,0.001,2026-05-31 22:09:58.750680,20260531,INTC_24_5
Extended,MSTR_24_5-USD,MSTR_24_5,USD,USDC,10.0,1.0,0.01,2026-05-31 22:09:58.750680,20260531,MSTR_24_5
Extended,XRP-USD,XRP,USD,USDC,50.0,1.0,0.0001,2026-05-31 22:09:58.750680,20260531,XRP
Extended,1000SHIB-USD,1000SHIB,USD,USDC,25.0,1.0,1e-06,2026-05-31 22:09:58.750680,20260531,1000SHIB
Extended,SPX-USD,SPX,USD,USDC,10.0,1.0,1e-05,2026-05-31 22:09:58.750680,20260531,SPX
Extended,LTC-USD,LTC,USD,USDC,25.0,1.0,0.01,2026-05-31 22:09:58.750680,20260531,LTC
Extended,KAITO-USD,KAITO,USD,USDC,10.0,1.0,0.0001,2026-05-31 22:09:58.750680,20260531,KAITO
Extended,MU_24_5-USD,MU_24_5,USD,USDC,10.0,1.0,0.01,2026-05-31 22:09:58.750680,20260531,MU_24_5
Extended,XPT-USD,XPT,USD,USDC,5.0,1.0,0.1,2026-05-31 22:09:58.750680,20260531,XPT
Extended,USDJPY-USD,USDJPY,USD,USDC,25.0,1.0,0.001,2026-05-31 22:09:58.750680,20260531,USDJPY
Extended,AMZN_24_5-USD,AMZN_24_5,USD,USDC,10.0,1.0,0.01,2026-05-31 22:09:58.750680,20260531,AMZN_24_5
Extended,AZTEC-USD,AZTEC,USD,USDC,5.0,1.0,1e-06,2026-05-31 22:09:58.750680,20260531,AZTEC
Extended,AAVE-USD,AAVE,USD,USDC,50.0,1.0,0.01,2026-05-31 22:09:58.750680,20260531,AAVE
Extended,SNDK_24_5-USD,SNDK_24_5,USD,USDC,10.0,1.0,0.01,2026-05-31 22:09:58.750680,20260531,SNDK_24_5
Extended,POPCAT-USD,POPCAT,USD,USDC,10.0,1.0,1e-05,2026-05-31 22:09:58.750680,20260531,POPCAT
Extended,PUMP-USD,PUMP,USD,USDC,50.0,1.0,1e-06,2026-05-31 22:09:58.750680,20260531,PUMP
Extended,APT-USD,APT,USD,USDC,25.0,1.0,0.0001,2026-05-31 22:09:58.750680,20260531,APT
Extended,SOL-USD,SOL,USD,USDC,50.0,1.0,0.01,2026-05-31 22:09:58.750680,20260531,SOL
Extended,OP-USD,OP,USD,USDC,25.0,1.0,0.0001,2026-05-31 22:09:58.750680,20260531,OP
Extended,PLTR_24_5-USD,PLTR_24_5,USD,USDC,10.0,1.0,0.01,2026-05-31 22:09:58.750680,20260531,PLTR_24_5
Extended,BTCSPOT-USD,BTCSPOT,USD,USDC,50.0,1.0,1.0,2026-05-31 22:09:58.750680,20260531,BTCSPOT
Extended,TIA-USD,TIA,USD,USDC,25.0,1.0,0.0001,2026-05-31 22:09:58.750680,20260531,TIA
Extended,VVV-USD,VVV,USD,USDC,5.0,1.0,0.0001,2026-05-31 22:09:58.750680,20260531,VVV
Extended,S-USD,S,USD,USDC,10.0,1.0,1e-05,2026-05-31 22:09:58.750680,20260531,S
Extended,BABA_24_5-USD,BABA_24_5,USD,USDC,10.0,1.0,0.01,2026-05-31 22:09:58.750680,20260531,BABA_24_5
Extended,UNI-USD,UNI,USD,USDC,25.0,1.0,0.0001,2026-05-31 22:09:58.750680,20260531,UNI
Extended,XLM-USD,XLM,USD,USDC,10.0,1.0,1e-05,2026-05-31 22:09:58.750680,20260531,XLM
Extended,HOOD_24_5-USD,HOOD_24_5,USD,USDC,10.0,1.0,0.001,2026-05-31 22:09:58.750680,20260531,HOOD_24_5
Extended,EDEN-USD,EDEN,USD,USDC,10.0,1.0,1e-05,2026-05-31 22:09:58.750680,20260531,EDEN
Extended,USDTSPOT-USD,USDTSPOT,USD,USDC,50.0,1.0,0.001,2026-05-31 22:09:58.750680,20260531,USDTSPOT
Extended,SNX-USD,SNX,USD,USDC,10.0,1.0,0.0001,2026-05-31 22:09:58.750680,20260531,SNX
Extended,TSLA_24_5-USD,TSLA_24_5,USD,USDC,10.0,1.0,0.01,2026-05-31 22:09:58.750680,20260531,TSLA_24_5
Extended,CRV-USD,CRV,USD,USDC,25.0,1.0,1e-05,2026-05-31 22:09:58.750680,20260531,CRV
Extended,ETH-USD,ETH,USD,USDC,50.0,1.0,0.1,2026-05-31 22:09:58.750680,20260531,ETH
Extended,MNT-USD,MNT,USD,USDC,10.0,1.0,1e-05,2026-05-31 22:09:58.750680,20260531,MNT
Extended,CC-USD,CC,USD,USDC,5.0,1.0,1e-05,2026-05-31 22:09:58.750680,20260531,CC
Extended,PENGU-USD,PENGU,USD,USDC,10.0,1.0,1e-06,2026-05-31 22:09:58.750680,20260531,PENGU
Extended,WLD-USD,WLD,USD,USDC,10.0,1.0,0.0001,2026-05-31 22:09:58.750680,20260531,WLD
Extended,MON-USD,MON,USD,USDC,10.0,1.0,1e-05,2026-05-31 22:09:58.750680,20260531,MON
Extended,GOOG_24_5-USD,GOOG_24_5,USD,USDC,10.0,1.0,0.01,2026-05-31 22:09:58.750680,20260531,GOOG_24_5
Extended,NEAR-USD,NEAR,USD,USDC,25.0,1.0,0.0001,2026-05-31 22:09:58.750680,20260531,NEAR
Extended,ASTER-USD,ASTER,USD,USDC,25.0,1.0,1e-05,2026-05-31 22:09:58.750680,20260531,ASTER
Extended,AERO-USD,AERO,USD,USDC,10.0,1.0,1e-05,2026-05-31 22:09:58.750680,20260531,AERO
Extended,DOT-USD,DOT,USD,USDC,25.0,1.0,0.0001,2026-05-31 22:09:58.750680,20260531,DOT
Extended,1000PEPE-USD,1000PEPE,USD,USDC,25.0,1.0,1e-06,2026-05-31 22:09:58.750680,20260531,1000PEPE
Extended,LINEA-USD,LINEA,USD,USDC,10.0,1.0,1e-06,2026-05-31 22:09:58.750680,20260531,LINEA
Extended,NVDA_24_5-USD,NVDA_24_5,USD,USDC,10.0,1.0,0.01,2026-05-31 22:09:58.750680,20260531,NVDA_24_5
Extended,GRASS-USD,GRASS,USD,USDC,10.0,1.0,0.0001,2026-05-31 22:09:58.750680,20260531,GRASS
Extended,XAU-USD,XAU,USD,USDC,25.0,1.0,0.1,2026-05-31 22:09:58.750680,20260531,XAU
Extended,TON-USD,TON,USD,USDC,25.0,1.0,0.0001,2026-05-31 22:09:58.750680,20260531,TON
Extended,TRUMP-USD,TRUMP,USD,USDC,25.0,1.0,0.001,2026-05-31 22:09:58.750680,20260531,TRUMP
Extended,BCH-USD,BCH,USD,USDC,25.0,1.0,0.01,2026-05-31 22:09:58.750680,20260531,BCH
Extended,TAO-USD,TAO,USD,USDC,25.0,1.0,0.01,2026-05-31 22:09:58.750680,20260531,TAO
Extended,XPL-USD,XPL,USD,USDC,25.0,1.0,1e-05,2026-05-31 22:09:58.750680,20260531,XPL
Extended,EIGEN-USD,EIGEN,USD,USDC,10.0,1.0,0.0001,2026-05-31 22:09:58.750680,20260531,EIGEN
Extended,PENDLE-USD,PENDLE,USD,USDC,10.0,1.0,0.0001,2026-05-31 22:09:58.750680,20260531,PENDLE
Extended,INIT-USD,INIT,USD,USDC,5.0,1.0,1e-05,2026-05-31 22:09:58.750680,20260531,INIT
Extended,COIN_24_5-USD,COIN_24_5,USD,USDC,10.0,1.0,0.01,2026-05-31 22:09:58.750680,20260531,COIN_24_5
Extended,WTI-USD,WTI,USD,USDC,5.0,1.0,0.001,2026-05-31 22:09:58.750680,20260531,WTI
Extended,EWY_24_5-USD,EWY_24_5,USD,USDC,10.0,1.0,0.001,2026-05-31 22:09:58.750680,20260531,EWY_24_5
Extended,GOAT-USD,GOAT,USD,USDC,10.0,1.0,1e-05,2026-05-31 22:09:58.750680,20260531,GOAT
Extended,XNG-USD,XNG,USD,USDC,5.0,1.0,0.0001,2026-05-31 22:09:58.750680,20260531,XNG
Extended,XYZSPCX_ORCLPX-USD,XYZSPCX_ORCLPX,USD,USDC,3.0,1.0,0.01,2026-05-31 22:09:58.750680,20260531,XYZSPCX_ORCLPX
Extended,MSFT_24_5-USD,MSFT_24_5,USD,USDC,10.0,1.0,0.01,2026-05-31 22:09:58.750680,20260531,MSFT_24_5
Extended,XAG-USD,XAG,USD,USDC,10.0,1.0,0.001,2026-05-31 22:09:58.750680,20260531,XAG
Extended,XBR-USD,XBR,USD,USDC,5.0,1.0,0.001,2026-05-31 22:09:58.750680,20260531,XBR
Extended,LDO-USD,LDO,USD,USDC,25.0,1.0,0.0001,2026-05-31 22:09:58.750680,20260531,LDO
Extended,BNB-USD,BNB,USD,USDC,50.0,1.0,0.01,2026-05-31 22:09:58.750680,20260531,BNB
Extended,DOGE-USD,DOGE,USD,USDC,50.0,1.0,1e-05,2026-05-31 22:09:58.750680,20260531,DOGE
Extended,1000BONK-USD,1000BONK,USD,USDC,25.0,1.0,1e-06,2026-05-31 22:09:58.750680,20260531,1000BONK
Extended,SPX500m-USD,SPX500m,USD,USDC,10.0,1.0,0.1,2026-05-31 22:09:58.750680,20260531,SPX500m
Extended,SEI-USD,SEI,USD,USDC,25.0,1.0,1e-05,2026-05-31 22:09:58.750680,20260531,SEI
Extended,VIRTUAL-USD,VIRTUAL,USD,USDC,10.0,1.0,1e-05,2026-05-31 22:09:58.750680,20260531,VIRTUAL
Extended,LIT-USD,LIT,USD,USDC,25.0,1.0,0.0001,2026-05-31 22:09:58.750680,20260531,LIT
Extended,META_24_5-USD,META_24_5,USD,USDC,10.0,1.0,0.01,2026-05-31 22:09:58.750680,20260531,META_24_5
Extended,BTC-USD,BTC,USD,USDC,50.0,1.0,1.0,2026-05-31 22:09:58.750680,20260531,BTC
Extended,AAPL_24_5-USD,AAPL_24_5,USD,USDC,10.0,1.0,0.01,2026-05-31 22:09:58.750680,20260531,AAPL_24_5
Extended,XMR-USD,XMR,USD,USDC,25.0,1.0,0.01,2026-05-31 22:09:58.750680,20260531,XMR
Extended,EDGE-USD,EDGE,USD,USDC,5.0,1.0,1e-05,2026-05-31 22:09:58.750680,20260531,EDGE
Extended,RESOLV-USD,RESOLV,USD,USDC,5.0,1.0,1e-05,2026-05-31 22:09:58.750680,20260531,RESOLV
Extended,PIEVERSE-USD,PIEVERSE,USD,USDC,5.0,1.0,1e-05,2026-05-31 22:09:58.750680,20260531,PIEVERSE
Extended,ADA-USD,ADA,USD,USDC,50.0,1.0,0.0001,2026-05-31 22:09:58.750680,20260531,ADA
Extended,4-USD,4,USD,USDC,5.0,1.0,1e-05,2026-05-31 22:09:58.750680,20260531,4
Extended,STRK-USD,STRK,USD,USDC,10.0,1.0,1e-05,2026-05-31 22:09:58.751677,20260531,STRK
Extended,LINK-USD,LINK,USD,USDC,25.0,1.0,0.001,2026-05-31 22:09:58.751677,20260531,LINK
Extended,CRCL_24_5-USD,CRCL_24_5,USD,USDC,10.0,1.0,0.001,2026-05-31 22:09:58.751677,20260531,CRCL_24_5
Extended,IP-USD,IP,USD,USDC,10.0,1.0,0.0001,2026-05-31 22:09:58.751677,20260531,IP
Extended,ARB-USD,ARB,USD,USDC,25.0,1.0,0.0001,2026-05-31 22:09:58.751677,20260531,ARB
Extended,TRX-USD,TRX,USD,USDC,25.0,1.0,1e-05,2026-05-31 22:09:58.751677,20260531,TRX
Extended,ONDO-USD,ONDO,USD,USDC,25.0,1.0,0.0001,2026-05-31 22:09:58.751677,20260531,ONDO
Extended,ORCL_24_5-USD,ORCL_24_5,USD,USDC,10.0,1.0,0.01,2026-05-31 22:09:58.751677,20260531,ORCL_24_5
Extended,CHIP-USD,CHIP,USD,USDC,5.0,1.0,1e-06,2026-05-31 22:09:58.751677,20260531,CHIP
Extended,XCU-USD,XCU,USD,USDC,10.0,1.0,0.0001,2026-05-31 22:09:58.751677,20260531,XCU
Extended,ETHSPOT-USD,ETHSPOT,USD,USDC,50.0,1.0,0.1,2026-05-31 22:09:58.751677,20260531,ETHSPOT
Extended,TECH100m-USD,TECH100m,USD,USDC,10.0,1.0,1.0,2026-05-31 22:09:58.751677,20260531,TECH100m
Extended,ZEC-USD,ZEC,USD,USDC,10.0,1.0,0.001,2026-05-31 22:09:58.751677,20260531,ZEC
Extended,JUP-USD,JUP,USD,USDC,25.0,1.0,0.0001,2026-05-31 22:09:58.751677,20260531,JUP
Extended,FARTCOIN-USD,FARTCOIN,USD,USDC,25.0,1.0,1e-05,2026-05-31 22:09:58.751677,20260531,FARTCOIN
Extended,ZORA-USD,ZORA,USD,USDC,5.0,1.0,1e-06,2026-05-31 22:09:58.751677,20260531,ZORA
Extended,ZRO-USD,ZRO,USD,USDC,10.0,1.0,0.0001,2026-05-31 22:09:58.751677,20260531,ZRO
Extended,AMD_24_5-USD,AMD_24_5,USD,USDC,10.0,1.0,0.01,2026-05-31 22:09:58.751677,20260531,AMD_24_5
Gate,0G_USDT,0G,USDT,USDT,,8.0,0.0001,2026-05-31 22:09:58.751677,20260531,0G
Gate,1INCH_USDT,1INCH,USDT,USDT,,8.0,1e-05,2026-05-31 22:09:58.751677,20260531,1INCH
Gate,2Z_USDT,2Z,USDT,USDT,,4.0,1e-05,2026-05-31 22:09:58.751677,20260531,2Z
Gate,4_USDT,4,USDT,USDT,,4.0,1e-06,2026-05-31 22:09:58.751677,20260531,4
Gate,AAPLX_USDT,AAPLX,USDT,USDT,,8.0,0.01,2026-05-31 22:09:58.751677,20260531,AAPLX
Gate,AAVE_USDT,AAVE,USDT,USDT,,8.0,0.01,2026-05-31 22:09:58.751677,20260531,AAVE
Gate,ABBV_USDT,ABBV,USDT,USDT,,8.0,0.01,2026-05-31 22:09:58.751677,20260531,ABBV
Gate,ACE_USDT,ACE,USDT,USDT,,8.0,0.0001,2026-05-31 22:09:58.751677,20260531,ACE
Gate,ACH_USDT,ACH,USDT,USDT,,8.0,1e-06,2026-05-31 22:09:58.751677,20260531,ACH
Gate,ACN_USDT,ACN,USDT,USDT,,8.0,0.01,2026-05-31 22:09:58.751677,20260531,ACN
Gate,ACT_USDT,ACT,USDT,USDT,,4.0,1e-05,2026-05-31 22:09:58.751677,20260531,ACT
Gate,ACU_USDT,ACU,USDT,USDT,,4.0,1e-05,2026-05-31 22:09:58.751677,20260531,ACU
Gate,ADA_USDT,ADA,USDT,USDT,,8.0,0.0001,2026-05-31 22:09:58.751677,20260531,ADA
Gate,AERO_USDT,AERO,USDT,USDT,,4.0,0.0001,2026-05-31 22:09:58.751677,20260531,AERO
Gate,AEVO_USDT,AEVO,USDT,USDT,,4.0,1e-05,2026-05-31 22:09:58.751677,20260531,AEVO
Gate,AGG_USDT,AGG,USDT,USDT,,8.0,0.01,2026-05-31 22:09:58.751677,20260531,AGG
Gate,AGLD_USDT,AGLD,USDT,USDT,,8.0,0.0001,2026-05-31 22:09:58.751677,20260531,AGLD
Gate,AGT_USDT,AGT,USDT,USDT,,4.0,1e-06,2026-05-31 22:09:58.751677,20260531,AGT
Gate,AIA_USDT,AIA,USDT,USDT,,4.0,1e-05,2026-05-31 22:09:58.751677,20260531,AIA
Gate,AIGENSYN_USDT,AIGENSYN,USDT,USDT,,4.0,1e-05,2026-05-31 22:09:58.751677,20260531,AIGENSYN
Gate,AIN_USDT,AIN,USDT,USDT,,4.0,1e-05,2026-05-31 22:09:58.751677,20260531,AIN
Gate,AIOT_USDT,AIOT,USDT,USDT,,4.0,1e-05,2026-05-31 22:09:58.751677,20260531,AIOT
Gate,AIO_USDT,AIO,USDT,USDT,,4.0,1e-05,2026-05-31 22:09:58.751677,20260531,AIO
Gate,AIXBT_USDT,AIXBT,USDT,USDT,,4.0,1e-05,2026-05-31 22:09:58.751677,20260531,AIXBT
Gate,AI_USDT,AI,USDT,USDT,,4.0,1e-05,2026-05-31 22:09:58.751677,20260531,AI
Gate,AKESO_USDT,AKESO,USDT,USDT,,8.0,0.001,2026-05-31 22:09:58.751677,20260531,AKESO
Gate,AKE_USDT,AKE,USDT,USDT,,4.0,1e-07,2026-05-31 22:09:58.751677,20260531,AKE
Gate,AKT_USDT,AKT,USDT,USDT,,4.0,0.0001,2026-05-31 22:09:58.751677,20260531,AKT
Gate,ALB_USDT,ALB,USDT,USDT,,8.0,0.01,2026-05-31 22:09:58.751677,20260531,ALB
Gate,ALCH_USDT,ALCH,USDT,USDT,,4.0,1e-05,2026-05-31 22:09:58.751677,20260531,ALCH
Gate,ALGO_USDT,ALGO,USDT,USDT,,8.0,1e-05,2026-05-31 22:09:58.751677,20260531,ALGO
Gate,ALICE_USDT,ALICE,USDT,USDT,,8.0,0.0001,2026-05-31 22:09:58.751677,20260531,ALICE
Gate,ALLO_USDT,ALLO,USDT,USDT,,4.0,1e-05,2026-05-31 22:09:58.751677,20260531,ALLO
Gate,ALL_USDT,ALLINDEX,USDT,USDT,,4.0,0.0001,2026-05-31 22:09:58.751677,20260531,ALL
Gate,ALPINE_USDT,ALPINE,USDT,USDT,,8.0,0.0001,2026-05-31 22:09:58.751677,20260531,ALPINE
Gate,ALT_USDT,ALT,USDT,USDT,,8.0,1e-06,2026-05-31 22:09:58.751677,20260531,ALT
Gate,AMAT_USDT,AMAT,USDT,USDT,,8.0,0.1,2026-05-31 22:09:58.751677,20260531,AMAT
Gate,AMD_USDT,AMD,USDT,USDT,,8.0,0.01,2026-05-31 22:09:58.751677,20260531,AMD
Gate,AMZNX_USDT,AMZNX,USDT,USDT,,8.0,0.01,2026-05-31 22:09:58.751677,20260531,AMZNX
Gate,ANDURIL_USDT,ANDURIL,USDT,USDT,,8.0,0.01,2026-05-31 22:09:58.751677,20260531,ANDURIL
Gate,ANET_USDT,ANET,USDT,USDT,,8.0,0.01,2026-05-31 22:09:58.751677,20260531,ANET
Gate,ANIME_USDT,ANIME,USDT,USDT,,4.0,1e-06,2026-05-31 22:09:58.751677,20260531,ANIME
Gate,ANKR_USDT,ANKR,USDT,USDT,,4.0,1e-06,2026-05-31 22:09:58.751677,20260531,ANKR
Gate,ANTA_USDT,ANTA,USDT,USDT,,8.0,0.001,2026-05-31 22:09:58.751677,20260531,ANTA
Gate,ANTHROPIC_USDT,ANTHROPIC,USDT,USDT,,8.0,0.01,2026-05-31 22:09:58.751677,20260531,ANTHROPIC
Gate,APE_USDT,APE,USDT,USDT,,8.0,1e-05,2026-05-31 22:09:58.751677,20260531,APE
Gate,APH_USDT,APH,USDT,USDT,,8.0,0.01,2026-05-31 22:09:58.751677,20260531,APH
Gate,API3_USDT,API3,USDT,USDT,,8.0,0.0001,2026-05-31 22:09:58.751677,20260531,API3
Gate,APR_USDT,APR,USDT,USDT,,4.0,1e-05,2026-05-31 22:09:58.751677,20260531,APR
Gate,APT_USDT,APT,USDT,USDT,,8.0,0.0001,2026-05-31 22:09:58.751677,20260531,APT
Gate,ARB_USDT,ARB,USDT,USDT,,8.0,1e-05,2026-05-31 22:09:58.751677,20260531,ARB
Gate,ARC_USDT,ARC,USDT,USDT,,4.0,1e-05,2026-05-31 22:09:58.751677,20260531,ARC
Gate,ARIA_USDT,ARIA,USDT,USDT,,4.0,1e-05,2026-05-31 22:09:58.751677,20260531,ARIA
Gate,ARKM_USDT,ARKM,USDT,USDT,,8.0,0.0001,2026-05-31 22:09:58.751677,20260531,ARKM
Gate,ARK_USDT,ARK,USDT,USDT,,8.0,0.0001,2026-05-31 22:09:58.751677,20260531,ARK
Gate,ARM_USDT,ARM,USDT,USDT,,8.0,0.01,2026-05-31 22:09:58.751677,20260531,ARM
Gate,ARPA_USDT,ARPA,USDT,USDT,,8.0,1e-06,2026-05-31 22:09:58.751677,20260531,ARPA
Gate,AR_USDT,AR,USDT,USDT,,8.0,0.001,2026-05-31 22:09:58.751677,20260531,AR
Gate,ASML_USDT,ASML,USDT,USDT,,8.0,0.01,2026-05-31 22:09:58.751677,20260531,ASML
Gate,ASR_USDT,ASR,USDT,USDT,,4.0,0.001,2026-05-31 22:09:58.751677,20260531,ASR
Gate,ASTEROID_USDT,ASTEROID,USDT,USDT,,4.0,1e-07,2026-05-31 22:09:58.751677,20260531,ASTEROID
Gate,ASTER_USDT,ASTER,USDT,USDT,,4.0,0.0001,2026-05-31 22:09:58.751677,20260531,ASTER
Gate,ASTR_USDT,ASTR,USDT,USDT,,8.0,1e-06,2026-05-31 22:09:58.751677,20260531,ASTR
Gate,ATH_USDT,ATH,USDT,USDT,,4.0,1e-06,2026-05-31 22:09:58.751677,20260531,ATH
Gate,ATOM_USDT,ATOM,USDT,USDT,,8.0,0.001,2026-05-31 22:09:58.751677,20260531,ATOM
Gate,AT_USDT,AT,USDT,USDT,,4.0,1e-05,2026-05-31 22:09:58.751677,20260531,AT
Gate,AUCTION_USDT,AUCTION,USDT,USDT,,8.0,0.001,2026-05-31 22:09:58.751677,20260531,AUCTION
Gate,AUS200_USDT,AUS200,USDT,USDT,,8.0,0.01,2026-05-31 22:09:58.751677,20260531,AUS200
Gate,AVAAI_USDT,AVAAI,USDT,USDT,,4.0,1e-06,2026-05-31 22:09:58.751677,20260531,AVAAI
Gate,AVAX_USDT,AVAX,USDT,USDT,,8.0,0.001,2026-05-31 22:09:58.751677,20260531,AVAX
Gate,AVA_USDT,AVA,USDT,USDT,,4.0,0.0001,2026-05-31 22:09:58.751677,20260531,AVA
Gate,AVGO_USDT,AVGO,USDT,USDT,,8.0,0.01,2026-05-31 22:09:58.751677,20260531,AVGO
Gate,AVNT_USDT,AVNT,USDT,USDT,,8.0,0.0001,2026-05-31 22:09:58.751677,20260531,AVNT
Gate,AWE_USDT,AWE,USDT,USDT,,8.0,1e-05,2026-05-31 22:09:58.751677,20260531,AWE
Gate,AXS_USDT,AXS,USDT,USDT,,8.0,0.0001,2026-05-31 22:09:58.751677,20260531,AXS
Gate,AZTEC_USDT,AZTEC,USDT,USDT,,8.0,1e-05,2026-05-31 22:09:58.751677,20260531,AZTEC
Gate,A_USDT,A,USDT,USDT,,4.0,1e-05,2026-05-31 22:09:58.751677,20260531,A
Gate,B2_USDT,B2,USDT,USDT,,4.0,0.0001,2026-05-31 22:09:58.751677,20260531,B2
Gate,B3_USDT,B3,USDT,USDT,,4.0,1e-07,2026-05-31 22:09:58.751677,20260531,B3
Gate,BABA_USDT,BABA,USDT,USDT,,8.0,0.01,2026-05-31 22:09:58.751677,20260531,BABA
Gate,BABY_USDT,BABY,USDT,USDT,,4.0,1e-05,2026-05-31 22:09:58.751677,20260531,BABY
Gate,BANANAS31_USDT,BANANAS31,USDT,USDT,,4.0,1e-06,2026-05-31 22:09:58.751677,20260531,BANANAS31
Gate,BANANA_USDT,BANANA,USDT,USDT,,8.0,0.001,2026-05-31 22:09:58.751677,20260531,BANANA
Gate,BAND_USDT,BAND,USDT,USDT,,8.0,0.0001,2026-05-31 22:09:58.751677,20260531,BAND
Gate,BANK_USDT,BANK,USDT,USDT,,4.0,1e-05,2026-05-31 22:09:58.751677,20260531,BANK
Gate,BAN_USDT,BAN,USDT,USDT,,8.0,1e-05,2026-05-31 22:09:58.751677,20260531,BAN
Gate,BARD_USDT,BARD,USDT,USDT,,4.0,0.0001,2026-05-31 22:09:58.751677,20260531,BARD
Gate,BASED_USDT,BASED,USDT,USDT,,4.0,1e-05,2026-05-31 22:09:58.751677,20260531,BASED
Gate,BAS_USDT,BAS,USDT,USDT,,4.0,1e-06,2026-05-31 22:09:58.751677,20260531,BAS
Gate,BAT_USDT,BAT,USDT,USDT,,8.0,1e-05,2026-05-31 22:09:58.751677,20260531,BAT
Gate,BA_USDT,BA,USDT,USDT,,8.0,0.01,2026-05-31 22:09:58.751677,20260531,BA
Gate,BB_USDT,BB,USDT,USDT,,4.0,1e-05,2026-05-31 22:09:58.751677,20260531,BB
Gate,BCH_USDT,BCH,USDT,USDT,,8.0,0.01,2026-05-31 22:09:58.751677,20260531,BCH
Gate,BEAMX_USDT,BEAMX,USDT,USDT,,4.0,1e-06,2026-05-31 22:09:58.751677,20260531,BEAMX
Gate,BEAT_USDT,BEAT,USDT,USDT,,8.0,0.0001,2026-05-31 22:09:58.751677,20260531,BEAT
Gate,BEL_USDT,BEL,USDT,USDT,,8.0,1e-05,2026-05-31 22:09:58.751677,20260531,BEL
Gate,BERA_USDT,BERA,USDT,USDT,,4.0,0.0001,2026-05-31 22:09:58.751677,20260531,BERA
Gate,BE_USDT,BE,USDT,USDT,,8.0,0.1,2026-05-31 22:09:58.751677,20260531,BE
Gate,BGSC_USDT,BGSC,USDT,USDT,,4.0,1e-07,2026-05-31 22:09:58.751677,20260531,BGSC
Gate,BICO_USDT,BICO,USDT,USDT,,8.0,1e-05,2026-05-31 22:09:58.751677,20260531,BICO
Gate,BIGTIME_USDT,BIGTIME,USDT,USDT,,4.0,1e-05,2026-05-31 22:09:58.751677,20260531,BIGTIME
Gate,BILL_USDT,BILL,USDT,USDT,,4.0,1e-05,2026-05-31 22:09:58.751677,20260531,BILL
Gate,BIO_USDT,BIO,USDT,USDT,,8.0,1e-05,2026-05-31 22:09:58.751677,20260531,BIO
Gate,BIRB_USDT,BIRB,USDT,USDT,,4.0,1e-05,2026-05-31 22:09:58.751677,20260531,BIRB
Gate,BLEND_USDT,BLEND,USDT,USDT,,4.0,1e-05,2026-05-31 22:09:58.751677,20260531,BLEND
Gate,BLESS_USDT,BLESS,USDT,USDT,,4.0,1e-06,2026-05-31 22:09:58.751677,20260531,BLESS
Gate,BLUAI_USDT,BLUAI,USDT,USDT,,4.0,1e-06,2026-05-31 22:09:58.751677,20260531,BLUAI
Gate,BLUR_USDT,BLUR,USDT,USDT,,4.0,1e-05,2026-05-31 22:09:58.751677,20260531,BLUR
Gate,BMNR_USDT,BMNR,USDT,USDT,,8.0,0.01,2026-05-31 22:09:58.751677,20260531,BMNR
Gate,BMT_USDT,BMT,USDT,USDT,,4.0,1e-05,2026-05-31 22:09:58.751677,20260531,BMT
Gate,BNB_USDT,BNB,USDT,USDT,,8.0,0.05,2026-05-31 22:09:58.751677,20260531,BNB
Gate,BNT_USDT,BNT,USDT,USDT,,8.0,0.0001,2026-05-31 22:09:58.751677,20260531,BNT
Gate,BOB_USDT,BOB,USDT,USDT,,4.0,1e-06,2026-05-31 22:09:58.751677,20260531,BOB
Gate,BOME_USDT,BOME,USDT,USDT,,4.0,1e-07,2026-05-31 22:09:58.751677,20260531,BOME
Gate,BONK_USDT,BONK,USDT,USDT,,4.0,1e-09,2026-05-31 22:09:58.751677,20260531,BONK
Gate,BP_USDT,BP,USDT,USDT,,4.0,0.0001,2026-05-31 22:09:58.751677,20260531,BP
Gate,BRETT_USDT,BRETT,USDT,USDT,,4.0,1e-06,2026-05-31 22:09:58.751677,20260531,BRETT
Gate,BREV_USDT,BREV,USDT,USDT,,8.0,0.0001,2026-05-31 22:09:58.751677,20260531,BREV
Gate,BRKB_USDT,BRKB,USDT,USDT,,8.0,0.1,2026-05-31 22:09:58.751677,20260531,BRKB
Gate,BROCCOLIF3B_USDT,BROCCOLIF3B,USDT,USDT,,8.0,1e-06,2026-05-31 22:09:58.751677,20260531,BROCCOLIF3B
Gate,BROCCOLI_USDT,BROCCOLI,USDT,USDT,,8.0,1e-05,2026-05-31 22:09:58.751677,20260531,BROCCOLI
Gate,BR_USDT,BR,USDT,USDT,,4.0,1e-05,2026-05-31 22:09:58.751677,20260531,BR
Gate,BSB_USDT,BSB,USDT,USDT,,4.0,1e-05,2026-05-31 22:09:58.751677,20260531,BSB
Gate,BSV_USDT,BSV,USDT,USDT,,4.0,0.01,2026-05-31 22:09:58.751677,20260531,BSV
Gate,BTC_USDT,BTC,USDT,USDT,,8.0,0.1,2026-05-31 22:09:58.751677,20260531,BTC
Gate,BTGOON_USDT,BTGOON,USDT,USDT,,8.0,0.01,2026-05-31 22:09:58.751677,20260531,BTGOON
Gate,BTR_USDT,BTR,USDT,USDT,,8.0,1e-05,2026-05-31 22:09:58.751677,20260531,BTR
Gate,BULLA_USDT,BULLA,USDT,USDT,,4.0,1e-06,2026-05-31 22:09:58.751677,20260531,BULLA
Gate,BVIX_USDT,BVIX,USDT,USDT,,8.0,0.01,2026-05-31 22:09:58.751677,20260531,BVIX
Gate,BWXT_USDT,BWXT,USDT,USDT,,8.0,0.1,2026-05-31 22:09:58.751677,20260531,BWXT
Gate,BZ_USDT,BZ,USDT,USDT,,8.0,0.01,2026-05-31 22:09:58.751677,20260531,BZ
Gate,B_USDT,B,USDT,USDT,,4.0,0.0001,2026-05-31 22:09:58.751677,20260531,B
Gate,C98_USDT,C98,USDT,USDT,,8.0,1e-05,2026-05-31 22:09:58.751677,20260531,C98
Gate,CAKE_USDT,CAKE,USDT,USDT,,4.0,0.0001,2026-05-31 22:09:58.751677,20260531,CAKE
Gate,CARR_USDT,CARR,USDT,USDT,,8.0,0.01,2026-05-31 22:09:58.751677,20260531,CARR
Gate,CARV_USDT,CARV,USDT,USDT,,4.0,1e-05,2026-05-31 22:09:58.751677,20260531,CARV
Gate,CATI_USDT,CATI,USDT,USDT,,4.0,1e-05,2026-05-31 22:09:58.751677,20260531,CATI
Gate,CAT_USDT,CAT,USDT,USDT,,4.0,1e-09,2026-05-31 22:09:58.751677,20260531,CAT
Gate,CBRS_USDT,CBRS,USDT,USDT,,8.0,0.1,2026-05-31 22:09:58.751677,20260531,CBRS
Gate,CCJ_USDT,CCJ,USDT,USDT,,8.0,0.01,2026-05-31 22:09:58.751677,20260531,CCJ
Gate,CC_USDT,CC,USDT,USDT,,4.0,1e-05,2026-05-31 22:09:58.751677,20260531,CC
Gate,CEG_USDT,CEG,USDT,USDT,,8.0,0.1,2026-05-31 22:09:58.751677,20260531,CEG
Gate,CELO_USDT,CELO,USDT,USDT,,8.0,1e-05,2026-05-31 22:09:58.751677,20260531,CELO
Gate,CELR_USDT,CELR,USDT,USDT,,8.0,1e-06,2026-05-31 22:09:58.751677,20260531,CELR
Gate,CETUS_USDT,CETUS,USDT,USDT,,4.0,1e-05,2026-05-31 22:09:58.751677,20260531,CETUS
Gate,CFG_USDT,CFG,USDT,USDT,,4.0,1e-05,2026-05-31 22:09:58.751677,20260531,CFG
Gate,CFX_USDT,CFX,USDT,USDT,,8.0,1e-05,2026-05-31 22:09:58.751677,20260531,CFX
Gate,CGPT_USDT,CGPT,USDT,USDT,,4.0,1e-05,2026-05-31 22:09:58.751677,20260531,CGPT
Gate,CHEEMS_USDT,CHEEMS,USDT,USDT,,4.0,1e-10,2026-05-31 22:09:58.751677,20260531,CHEEMS
Gate,CHILLGUY_USDT,CHILLGUY,USDT,USDT,,4.0,1e-06,2026-05-31 22:09:58.751677,20260531,CHILLGUY
Gate,CHIP_USDT,CHIP,USDT,USDT,,4.0,1e-05,2026-05-31 22:09:58.751677,20260531,CHIP
Gate,CHR_USDT,CHR,USDT,USDT,,8.0,1e-05,2026-05-31 22:09:58.751677,20260531,CHR
Gate,CHZ_USDT,CHZ,USDT,USDT,,8.0,1e-05,2026-05-31 22:09:58.751677,20260531,CHZ
Gate,CITIC_USDT,CITIC,USDT,USDT,,8.0,0.0001,2026-05-31 22:09:58.751677,20260531,CITIC
Gate,CKB_USDT,CKB,USDT,USDT,,8.0,1e-06,2026-05-31 22:09:58.751677,20260531,CKB
Gate,CLANKER_USDT,CLANKER,USDT,USDT,,4.0,0.01,2026-05-31 22:09:58.751677,20260531,CLANKER
Gate,CLO_USDT,CLO,USDT,USDT,,8.0,1e-05,2026-05-31 22:09:58.751677,20260531,CLO
Gate,CLS_USDT,CLS,USDT,USDT,,8.0,0.1,2026-05-31 22:09:58.751677,20260531,CLS
Gate,CL_USDT,CL,USDT,USDT,,8.0,0.01,2026-05-31 22:09:58.751677,20260531,CL
Gate,CMI_USDT,CMI,USDT,USDT,,8.0,0.1,2026-05-31 22:09:58.751677,20260531,CMI
Gate,COAI_USDT,COAI,USDT,USDT,,8.0,0.0001,2026-05-31 22:09:58.751677,20260531,COAI
Gate,COHR_USDT,COHR,USDT,USDT,,8.0,0.01,2026-05-31 22:09:58.751677,20260531,COHR
Gate,COINX_USDT,COINX,USDT,USDT,,8.0,0.01,2026-05-31 22:09:58.751677,20260531,COINX
Gate,COLLECT_USDT,COLLECT,USDT,USDT,,4.0,1e-05,2026-05-31 22:09:58.751677,20260531,COLLECT
Gate,COMP_USDT,COMP,USDT,USDT,,8.0,0.01,2026-05-31 22:09:58.751677,20260531,COMP
Gate,COOKIE_USDT,COOKIE,USDT,USDT,,4.0,1e-05,2026-05-31 22:09:58.751677,20260531,COOKIE
Gate,CORE_USDT,CORE,USDT,USDT,,8.0,1e-05,2026-05-31 22:09:58.751677,20260531,CORE
Gate,COST_USDT,COST,USDT,USDT,,8.0,0.01,2026-05-31 22:09:58.751677,20260531,COST
Gate,COS_USDT,COS,USDT,USDT,,4.0,1e-07,2026-05-31 22:09:58.751677,20260531,COS
Gate,COTI_USDT,COTI,USDT,USDT,,8.0,1e-05,2026-05-31 22:09:58.751677,20260531,COTI
Gate,COW_USDT,COW,USDT,USDT,,4.0,0.0001,2026-05-31 22:09:58.751677,20260531,COW
Gate,CRCLX_USDT,CRCLX,USDT,USDT,,8.0,0.01,2026-05-31 22:09:58.751677,20260531,CRCLX
Gate,CROSS_USDT,CROSS,USDT,USDT,,4.0,1e-05,2026-05-31 22:09:58.751677,20260531,CROSS
Gate,CRO_USDT,CRO,USDT,USDT,,8.0,1e-05,2026-05-31 22:09:58.751677,20260531,CRO
Gate,CRV_USDT,CRV,USDT,USDT,,8.0,0.0001,2026-05-31 22:09:58.751677,20260531,CRV
Gate,CRWV_USDT,CRWV,USDT,USDT,,8.0,0.01,2026-05-31 22:09:58.751677,20260531,CRWV
Gate,CSCO_USDT,CSCO,USDT,USDT,,8.0,0.01,2026-05-31 22:09:58.751677,20260531,CSCO
Gate,CTC_USDT,CTC,USDT,USDT,,8.0,1e-05,2026-05-31 22:09:58.751677,20260531,CTC
Gate,CTK_USDT,CTK,USDT,USDT,,4.0,0.0001,2026-05-31 22:09:58.751677,20260531,CTK
Gate,CTR_USDT,CTR,USDT,USDT,,4.0,1e-05,2026-05-31 22:09:58.751677,20260531,CTR
Gate,CTSI_USDT,CTSI,USDT,USDT,,8.0,1e-05,2026-05-31 22:09:58.751677,20260531,CTSI
Gate,CVC_USDT,CVC,USDT,USDT,,8.0,1e-05,2026-05-31 22:09:58.751677,20260531,CVC
Gate,CVX_USDT,CVX,USDT,USDT,,8.0,0.001,2026-05-31 22:09:58.751677,20260531,CVX
Gate,CYBER_USDT,CYBER,USDT,USDT,,8.0,0.0001,2026-05-31 22:09:58.751677,20260531,CYBER
Gate,CYS_USDT,CYS,USDT,USDT,,4.0,0.0001,2026-05-31 22:09:58.751677,20260531,CYS
Gate,C_USDT,C,USDT,USDT,,4.0,1e-05,2026-05-31 22:09:58.751677,20260531,C
Gate,DAM_USDT,DAM,USDT,USDT,,4.0,1e-05,2026-05-31 22:09:58.751677,20260531,DAM
Gate,DASH_USDT,DASH,USDT,USDT,,8.0,0.01,2026-05-31 22:09:58.751677,20260531,DASH
Gate,DDOG_USDT,DDOG,USDT,USDT,,8.0,0.01,2026-05-31 22:09:58.751677,20260531,DDOG
Gate,DEEPTECH_USDT,DEEPTECH,USDT,USDT,,8.0,0.001,2026-05-31 22:09:58.751677,20260531,DEEPTECH
Gate,DEEP_USDT,DEEP,USDT,USDT,,4.0,1e-05,2026-05-31 22:09:58.751677,20260531,DEEP
Gate,DEGEN_USDT,DEGEN,USDT,USDT,,4.0,1e-07,2026-05-31 22:09:58.751677,20260531,DEGEN
Gate,DEGO_USDT,DEGO,USDT,USDT,,8.0,0.0001,2026-05-31 22:09:58.751677,20260531,DEGO
Gate,DELL_USDT,DELL,USDT,USDT,,8.0,0.01,2026-05-31 22:09:58.751677,20260531,DELL
Gate,DENT_USDT,DENT,USDT,USDT,,4.0,1e-07,2026-05-31 22:09:58.751677,20260531,DENT
Gate,DEXE_USDT,DEXE,USDT,USDT,,4.0,0.001,2026-05-31 22:09:58.751677,20260531,DEXE
Gate,DFDVX_USDT,DFDVX,USDT,USDT,,8.0,0.01,2026-05-31 22:09:58.751677,20260531,DFDVX
Gate,DIA_USDT,DIA,USDT,USDT,,4.0,0.0001,2026-05-31 22:09:58.751677,20260531,DIA
Gate,DIS_USDT,DIS,USDT,USDT,,8.0,0.01,2026-05-31 22:09:58.751677,20260531,DIS
Gate,DOGE_USDT,DOGE,USDT,USDT,,8.0,1e-05,2026-05-31 22:09:58.751677,20260531,DOGE
Gate,DOGS_USDT,DOGS,USDT,USDT,,4.0,1e-08,2026-05-31 22:09:58.751677,20260531,DOGS
Gate,DOG_USDT,DOG,USDT,USDT,,4.0,1e-07,2026-05-31 22:09:58.751677,20260531,DOG
Gate,DOLO_USDT,DOLO,USDT,USDT,,8.0,1e-05,2026-05-31 22:09:58.751677,20260531,DOLO
Gate,DOOD_USDT,DOOD,USDT,USDT,,8.0,1e-06,2026-05-31 22:09:58.751677,20260531,DOOD
Gate,DOT_USDT,DOT,USDT,USDT,,8.0,0.001,2026-05-31 22:09:58.751677,20260531,DOT
Gate,DRAM_USDT,DRAM,USDT,USDT,,8.0,0.01,2026-05-31 22:09:58.751677,20260531,DRAM
Gate,DRIFT_USDT,DRIFT,USDT,USDT,,1.0,1e-05,2026-05-31 22:09:58.751677,20260531,DRIFT
Gate,DUSK_USDT,DUSK,USDT,USDT,,8.0,1e-05,2026-05-31 22:09:58.751677,20260531,DUSK
Gate,DYDX_USDT,DYDX,USDT,USDT,,8.0,1e-05,2026-05-31 22:09:58.751677,20260531,DYDX
Gate,DYM_USDT,DYM,USDT,USDT,,4.0,1e-05,2026-05-31 22:09:58.751677,20260531,DYM
Gate,D_USDT,D,USDT,USDT,,8.0,1e-06,2026-05-31 22:09:58.751677,20260531,D
Gate,EDEN_USDT,EDEN,USDT,USDT,,8.0,1e-05,2026-05-31 22:09:58.751677,20260531,EDEN
Gate,EDGEX_USDT,EDGE,USDT,USDT,,4.0,0.0001,2026-05-31 22:09:58.752674,20260531,EDGEX
Gate,EDGE_USDT,DFIN,USDT,USDT,,4.0,1e-05,2026-05-31 22:09:58.752674,20260531,EDGE
Gate,EDU_USDT,EDU,USDT,USDT,,8.0,1e-05,2026-05-31 22:09:58.752674,20260531,EDU
Gate,EGLD_USDT,EGLD,USDT,USDT,,8.0,0.001,2026-05-31 22:09:58.752674,20260531,EGLD
Gate,EIGEN_USDT,EIGEN,USDT,USDT,,4.0,0.0001,2026-05-31 22:09:58.752674,20260531,EIGEN
Gate,ELSA_USDT,ELSA,USDT,USDT,,4.0,1e-05,2026-05-31 22:09:58.752674,20260531,ELSA
Gate,ENA_USDT,ENA,USDT,USDT,,4.0,1e-05,2026-05-31 22:09:58.752674,20260531,ENA
Gate,ENJ_USDT,ENJ,USDT,USDT,,4.0,1e-05,2026-05-31 22:09:58.752674,20260531,ENJ
Gate,ENSO_USDT,ENSO,USDT,USDT,,4.0,0.0001,2026-05-31 22:09:58.752674,20260531,ENSO
Gate,ENS_USDT,ENS,USDT,USDT,,8.0,0.001,2026-05-31 22:09:58.752674,20260531,ENS
Gate,EPIC_USDT,EPIC,USDT,USDT,,4.0,0.0001,2026-05-31 22:09:58.752674,20260531,EPIC
Gate,ERA_USDT,ERA,USDT,USDT,,8.0,0.0001,2026-05-31 22:09:58.752674,20260531,ERA
Gate,ESPORTS_USDT,ESPORTS,USDT,USDT,,1.0,1e-05,2026-05-31 22:09:58.752674,20260531,ESPORTS
Gate,ESP_USDT,ESP,USDT,USDT,,8.0,1e-05,2026-05-31 22:09:58.752674,20260531,ESP
Gate,ETC_USDT,ETC,USDT,USDT,,8.0,0.001,2026-05-31 22:09:58.752674,20260531,ETC
Gate,ETHFI_USDT,ETHFI,USDT,USDT,,4.0,0.0001,2026-05-31 22:09:58.752674,20260531,ETHFI
Gate,ETHW_USDT,ETHW,USDT,USDT,,4.0,0.0001,2026-05-31 22:09:58.752674,20260531,ETHW
Gate,ETH_USDT,ETH,USDT,USDT,,8.0,0.01,2026-05-31 22:09:58.752674,20260531,ETH
Gate,EUL_USDT,EUL,USDT,USDT,,4.0,0.0001,2026-05-31 22:09:58.752674,20260531,EUL
Gate,EURUSD_USDT,EURUSD,USDT,USDT,,8.0,0.0001,2026-05-31 22:09:58.752674,20260531,EURUSD
Gate,EVAA_USDT,EVAA,USDT,USDT,,8.0,0.0001,2026-05-31 22:09:58.752674,20260531,EVAA
Gate,EVIX_USDT,EVIX,USDT,USDT,,8.0,0.01,2026-05-31 22:09:58.752674,20260531,EVIX
Gate,EWJ_USDT,EWJ,USDT,USDT,,8.0,0.01,2026-05-31 22:09:58.752674,20260531,EWJ
Gate,EWT_USDT,EWT,USDT,USDT,,4.0,0.01,2026-05-31 22:09:58.752674,20260531,EWT
Gate,EWY_USDT,EWY,USDT,USDT,,8.0,0.01,2026-05-31 22:09:58.752674,20260531,EWY
Gate,FARTCOIN_USDT,FARTCOIN,USDT,USDT,,4.0,1e-05,2026-05-31 22:09:58.752674,20260531,FARTCOIN
Gate,FET_USDT,FET,USDT,USDT,,8.0,0.0001,2026-05-31 22:09:58.752674,20260531,FET
Gate,FF_USDT,FF,USDT,USDT,,4.0,1e-05,2026-05-31 22:09:58.752674,20260531,FF
Gate,FHE_USDT,FHE,USDT,USDT,,8.0,1e-05,2026-05-31 22:09:58.752674,20260531,FHE
Gate,FIDA_USDT,FIDA,USDT,USDT,,4.0,1e-05,2026-05-31 22:09:58.752674,20260531,FIDA
Gate,FIGHT_USDT,FIGHT,USDT,USDT,,4.0,1e-06,2026-05-31 22:09:58.752674,20260531,FIGHT
Gate,FIL_USDT,FIL,USDT,USDT,,8.0,0.0001,2026-05-31 22:09:58.752674,20260531,FIL
Gate,FIO_USDT,FIO,USDT,USDT,,4.0,1e-05,2026-05-31 22:09:58.752674,20260531,FIO
Gate,FLNC_USDT,FLNC,USDT,USDT,,8.0,0.001,2026-05-31 22:09:58.752674,20260531,FLNC
Gate,FLOCK_USDT,FLOCK,USDT,USDT,,8.0,1e-05,2026-05-31 22:09:58.752674,20260531,FLOCK
Gate,FLOKI_USDT,FLOKI,USDT,USDT,,8.0,1e-08,2026-05-31 22:09:58.752674,20260531,FLOKI
Gate,FLOW_USDT,FLOW,USDT,USDT,,8.0,1e-05,2026-05-31 22:09:58.752674,20260531,FLOW
Gate,FLR_USDT,FLR,USDT,USDT,,8.0,1e-06,2026-05-31 22:09:58.752674,20260531,FLR
Gate,FLUID_USDT,FLUID,USDT,USDT,,4.0,0.001,2026-05-31 22:09:58.752674,20260531,FLUID
Gate,FLUX_USDT,FLUX,USDT,USDT,,4.0,1e-05,2026-05-31 22:09:58.752674,20260531,FLUX
Gate,FN_USDT,FN,USDT,USDT,,8.0,0.1,2026-05-31 22:09:58.752674,20260531,FN
Gate,FOGO_USDT,FOGO,USDT,USDT,,4.0,1e-05,2026-05-31 22:09:58.752674,20260531,FOGO
Gate,FOLKS_USDT,FOLKS,USDT,USDT,,8.0,0.001,2026-05-31 22:09:58.752674,20260531,FOLKS
Gate,FORM_USDT,FORM,USDT,USDT,,4.0,0.0001,2026-05-31 22:09:58.752674,20260531,FORM
Gate,FRAX_USDT,FRAX,USDT,USDT,,4.0,0.0001,2026-05-31 22:09:58.752674,20260531,FRAX
Gate,FSLR_USDT,FSLR,USDT,USDT,,8.0,0.01,2026-05-31 22:09:58.752674,20260531,FSLR
Gate,FUN_USDT,FUN,USDT,USDT,,4.0,1e-05,2026-05-31 22:09:58.752674,20260531,FUN
Gate,FUTUON_USDT,FUTUON,USDT,USDT,,8.0,0.01,2026-05-31 22:09:58.752674,20260531,FUTUON
Gate,F_USDT,F,USDT,USDT,,8.0,1e-06,2026-05-31 22:09:58.752674,20260531,F
Gate,GAIB_USDT,GAIB,USDT,USDT,,4.0,1e-05,2026-05-31 22:09:58.752674,20260531,GAIB
Gate,GALA_USDT,GALA,USDT,USDT,,8.0,1e-06,2026-05-31 22:09:58.752674,20260531,GALA
Gate,GAS_USDT,GAS,USDT,USDT,,4.0,0.001,2026-05-31 22:09:58.752674,20260531,GAS
Gate,GBPUSD_USDT,GBPUSD,USDT,USDT,,8.0,0.0001,2026-05-31 22:09:58.752674,20260531,GBPUSD
Gate,GD_USDT,GD,USDT,USDT,,8.0,0.01,2026-05-31 22:09:58.752674,20260531,GD
Gate,GEELY_USDT,GEELY,USDT,USDT,,8.0,0.001,2026-05-31 22:09:58.752674,20260531,GEELY
Gate,GENIUS_USDT,GENIUS,USDT,USDT,,4.0,0.0001,2026-05-31 22:09:58.752674,20260531,GENIUS
Gate,GER40_USDT,GER40,USDT,USDT,,8.0,0.01,2026-05-31 22:09:58.752674,20260531,GER40
Gate,GE_USDT,GE,USDT,USDT,,8.0,0.01,2026-05-31 22:09:58.752674,20260531,GE
Gate,GIGGLE_USDT,GIGGLE,USDT,USDT,,4.0,0.01,2026-05-31 22:09:58.752674,20260531,GIGGLE
Gate,GLM_USDT,GLM,USDT,USDT,,4.0,0.0001,2026-05-31 22:09:58.752674,20260531,GLM
Gate,GLW_USDT,GLW,USDT,USDT,,8.0,0.01,2026-05-31 22:09:58.752674,20260531,GLW
Gate,GMT_USDT,GMT,USDT,USDT,,8.0,1e-05,2026-05-31 22:09:58.752674,20260531,GMT
Gate,GMX_USDT,GMX,USDT,USDT,,8.0,0.001,2026-05-31 22:09:58.752674,20260531,GMX
Gate,GOAT_USDT,GOAT,USDT,USDT,,4.0,1e-06,2026-05-31 22:09:58.752674,20260531,GOAT
Gate,GOOGLX_USDT,GOOGLX,USDT,USDT,,8.0,0.01,2026-05-31 22:09:58.752674,20260531,GOOGLX
Gate,GPS_USDT,GPS,USDT,USDT,,8.0,1e-06,2026-05-31 22:09:58.752674,20260531,GPS
Gate,GRASS_USDT,GRASS,USDT,USDT,,4.0,0.0001,2026-05-31 22:09:58.752674,20260531,GRASS
Gate,GRIFFAIN_USDT,GRIFFAIN,USDT,USDT,,4.0,1e-06,2026-05-31 22:09:58.752674,20260531,GRIFFAIN
Gate,GRT_USDT,GRT,USDT,USDT,,8.0,1e-05,2026-05-31 22:09:58.752674,20260531,GRT
Gate,GT_USDT,GT,USDT,USDT,,8.0,0.001,2026-05-31 22:09:58.752674,20260531,GT
Gate,GUA_USDT,GUA,USDT,USDT,,4.0,1e-05,2026-05-31 22:09:58.752674,20260531,GUA
Gate,GUN_USDT,GUN,USDT,USDT,,4.0,1e-06,2026-05-31 22:09:58.752674,20260531,GUN
Gate,GVZ_USDT,GVZ,USDT,USDT,,8.0,0.01,2026-05-31 22:09:58.752674,20260531,GVZ
Gate,GWEI_USDT,GWEI,USDT,USDT,,4.0,1e-06,2026-05-31 22:09:58.752674,20260531,GWEI
Gate,G_USDT,G,USDT,USDT,,4.0,1e-06,2026-05-31 22:09:58.752674,20260531,G
Gate,HAEDAL_USDT,HAEDAL,USDT,USDT,,4.0,1e-05,2026-05-31 22:09:58.752674,20260531,HAEDAL
Gate,HANA_USDT,HANA,USDT,USDT,,8.0,1e-05,2026-05-31 22:09:58.752674,20260531,HANA
Gate,HBAR_USDT,HBAR,USDT,USDT,,8.0,1e-05,2026-05-31 22:09:58.752674,20260531,HBAR
Gate,HD_USDT,HD,USDT,USDT,,8.0,0.1,2026-05-31 22:09:58.752674,20260531,HD
Gate,HEI_USDT,HEI,USDT,USDT,,4.0,1e-05,2026-05-31 22:09:58.752674,20260531,HEI
Gate,HEMI_USDT,HEMI,USDT,USDT,,4.0,1e-06,2026-05-31 22:09:58.752674,20260531,HEMI
Gate,HFT_USDT,HFT,USDT,USDT,,8.0,1e-05,2026-05-31 22:09:58.752674,20260531,HFT
Gate,HIGH_USDT,HIGH,USDT,USDT,,8.0,0.0001,2026-05-31 22:09:58.752674,20260531,HIGH
Gate,HIMS_USDT,HIMS,USDT,USDT,,8.0,0.001,2026-05-31 22:09:58.752674,20260531,HIMS
Gate,HIVE_USDT,HIVE,USDT,USDT,,1.0,1e-05,2026-05-31 22:09:58.752674,20260531,HIVE
Gate,HK50_USDT,HK50,USDT,USDT,,8.0,0.01,2026-05-31 22:09:58.752674,20260531,HK50
Gate,HMSTR_USDT,HMSTR,USDT,USDT,,4.0,1e-07,2026-05-31 22:09:58.752674,20260531,HMSTR
Gate,HNT_USDT,HNT,USDT,USDT,,8.0,0.0001,2026-05-31 22:09:58.752674,20260531,HNT
Gate,HOLO_USDT,HOLO,USDT,USDT,,4.0,1e-05,2026-05-31 22:09:58.752674,20260531,HOLO
Gate,HOME_USDT,HOME,USDT,USDT,,4.0,1e-05,2026-05-31 22:09:58.752674,20260531,HOME
Gate,HOODX_USDT,HOODX,USDT,USDT,,8.0,0.01,2026-05-31 22:09:58.752674,20260531,HOODX
Gate,HPE_USDT,HPE,USDT,USDT,,8.0,0.01,2026-05-31 22:09:58.752674,20260531,HPE
Gate,HSBC_USDT,HSBC,USDT,USDT,,8.0,0.01,2026-05-31 22:09:58.752674,20260531,HSBC
Gate,HSCHKD_USDT,HSCHKD,USDT,USDT,,8.0,0.01,2026-05-31 22:09:58.752674,20260531,HSCHKD
Gate,HUMA_USDT,HUMA,USDT,USDT,,4.0,1e-05,2026-05-31 22:09:58.752674,20260531,HUMA
Gate,HYPER_USDT,HYPER,USDT,USDT,,4.0,0.0001,2026-05-31 22:09:58.752674,20260531,HYPER
Gate,HYPE_USDT,HYPE,USDT,USDT,,4.0,0.001,2026-05-31 22:09:58.752674,20260531,HYPE
Gate,H_USDT,H,USDT,USDT,,8.0,1e-05,2026-05-31 22:09:58.752674,20260531,H
Gate,IAU_USDT,IAU,USDT,USDT,,8.0,0.01,2026-05-31 22:09:58.752674,20260531,IAU
Gate,IBM_USDT,IBM,USDT,USDT,,8.0,0.01,2026-05-31 22:09:58.752674,20260531,IBM
Gate,ICNT_USDT,ICNT,USDT,USDT,,8.0,0.0001,2026-05-31 22:09:58.752674,20260531,ICNT
Gate,ICP_USDT,ICP,USDT,USDT,,8.0,0.001,2026-05-31 22:09:58.752674,20260531,ICP
Gate,ICX_USDT,ICX,USDT,USDT,,8.0,1e-05,2026-05-31 22:09:58.752674,20260531,ICX
Gate,IDOL_USDT,IDOL,USDT,USDT,,4.0,1e-06,2026-05-31 22:09:58.752674,20260531,IDOL
Gate,ID_USDT,ID,USDT,USDT,,1.0,1e-05,2026-05-31 22:09:58.752674,20260531,ID
Gate,IEFA_USDT,IEFA,USDT,USDT,,8.0,0.01,2026-05-31 22:09:58.752674,20260531,IEFA
Gate,ILV_USDT,ILV,USDT,USDT,,8.0,0.001,2026-05-31 22:09:58.752674,20260531,ILV
Gate,IMX_USDT,IMX,USDT,USDT,,4.0,0.0001,2026-05-31 22:09:58.752674,20260531,IMX
Gate,INIT_USDT,INIT,USDT,USDT,,8.0,1e-05,2026-05-31 22:09:58.752674,20260531,INIT
Gate,INJ_USDT,INJ,USDT,USDT,,8.0,0.001,2026-05-31 22:09:58.752674,20260531,INJ
Gate,INTC_USDT,INTC,USDT,USDT,,8.0,0.01,2026-05-31 22:09:58.752674,20260531,INTC
Gate,INX_USDT,INX,USDT,USDT,,4.0,1e-05,2026-05-31 22:09:58.752674,20260531,INX
Gate,IN_USDT,IN,USDT,USDT,,8.0,1e-05,2026-05-31 22:09:58.752674,20260531,IN
Gate,IOST_USDT,IOST,USDT,USDT,,8.0,1e-06,2026-05-31 22:09:58.752674,20260531,IOST
Gate,IOTA_USDT,IOTA,USDT,USDT,,8.0,1e-05,2026-05-31 22:09:58.752674,20260531,IOTA
Gate,IOTX_USDT,IOTX,USDT,USDT,,8.0,1e-06,2026-05-31 22:09:58.752674,20260531,IOTX
Gate,IO_USDT,IO,USDT,USDT,,4.0,1e-05,2026-05-31 22:09:58.752674,20260531,IO
Gate,IP_USDT,IP,USDT,USDT,,8.0,0.0001,2026-05-31 22:09:58.752674,20260531,IP
Gate,IREN_USDT,IREN,USDT,USDT,,8.0,0.01,2026-05-31 22:09:58.752674,20260531,IREN
Gate,IRYS_USDT,IRYS,USDT,USDT,,4.0,1e-05,2026-05-31 22:09:58.752674,20260531,IRYS
Gate,IR_USDT,IR,USDT,USDT,,4.0,1e-05,2026-05-31 22:09:58.752674,20260531,IR
Gate,IWM_USDT,IWM,USDT,USDT,,8.0,0.01,2026-05-31 22:09:58.752674,20260531,IWM
Gate,JASMY_USDT,JASMY,USDT,USDT,,8.0,1e-06,2026-05-31 22:09:58.752674,20260531,JASMY
Gate,JCI_USDT,JCI,USDT,USDT,,8.0,0.01,2026-05-31 22:09:58.752674,20260531,JCI
Gate,JCT_USDT,JCT,USDT,USDT,,4.0,1e-06,2026-05-31 22:09:58.752674,20260531,JCT
Gate,JDON_USDT,JDON,USDT,USDT,,8.0,0.01,2026-05-31 22:09:58.752674,20260531,JDON
Gate,JELLYJELLY_USDT,JELLYJELLY,USDT,USDT,,4.0,1e-05,2026-05-31 22:09:58.752674,20260531,JELLYJELLY
Gate,JNJ_USDT,JNJ,USDT,USDT,,8.0,0.01,2026-05-31 22:09:58.752674,20260531,JNJ
Gate,JOE_USDT,JOE,USDT,USDT,,8.0,1e-05,2026-05-31 22:09:58.752674,20260531,JOE
Gate,JPM_USDT,JPM,USDT,USDT,,8.0,0.01,2026-05-31 22:09:58.752674,20260531,JPM
Gate,JPN225_USDT,JPN225,USDT,USDT,,8.0,0.01,2026-05-31 22:09:58.752674,20260531,JPN225
Gate,JST_USDT,JST,USDT,USDT,,4.0,1e-05,2026-05-31 22:09:58.752674,20260531,JST
Gate,JTO_USDT,JTO,USDT,USDT,,8.0,0.0001,2026-05-31 22:09:58.752674,20260531,JTO
Gate,JUP_USDT,JUP,USDT,USDT,,4.0,0.0001,2026-05-31 22:09:58.752674,20260531,JUP
Gate,KAIA_USDT,KAIA,USDT,USDT,,4.0,1e-05,2026-05-31 22:09:58.752674,20260531,KAIA
Gate,KAITO_USDT,KAITO,USDT,USDT,,4.0,0.0001,2026-05-31 22:09:58.752674,20260531,KAITO
Gate,KALSHI_USDT,KALSHI,USDT,USDT,,8.0,0.001,2026-05-31 22:09:58.752674,20260531,KALSHI
Gate,KAS_USDT,KAS,USDT,USDT,,8.0,1e-05,2026-05-31 22:09:58.752674,20260531,KAS
Gate,KAT_USDT,KAT,USDT,USDT,,4.0,1e-05,2026-05-31 22:09:58.752674,20260531,KAT
Gate,KAVA_USDT,KAVA,USDT,USDT,,4.0,1e-05,2026-05-31 22:09:58.752674,20260531,KAVA
Gate,KERNEL_USDT,KERNEL,USDT,USDT,,4.0,1e-05,2026-05-31 22:09:58.752674,20260531,KERNEL
Gate,KGEN_USDT,KGEN,USDT,USDT,,4.0,1e-05,2026-05-31 22:09:58.752674,20260531,KGEN
Gate,KITE_USDT,KITE,USDT,USDT,,4.0,1e-05,2026-05-31 22:09:58.752674,20260531,KITE
Gate,KMNO_USDT,KMNO,USDT,USDT,,4.0,1e-05,2026-05-31 22:09:58.752674,20260531,KMNO
Gate,KNC_USDT,KNC,USDT,USDT,,8.0,0.0001,2026-05-31 22:09:58.752674,20260531,KNC
Gate,KOMA_USDT,KOMA,USDT,USDT,,4.0,1e-06,2026-05-31 22:09:58.752674,20260531,KOMA
Gate,KO_USDT,KO,USDT,USDT,,8.0,0.01,2026-05-31 22:09:58.752674,20260531,KO
Gate,KSM_USDT,KSM,USDT,USDT,,8.0,0.001,2026-05-31 22:09:58.752674,20260531,KSM
Gate,KUAISHOU_USDT,KUAISHOU,USDT,USDT,,8.0,0.001,2026-05-31 22:09:58.752674,20260531,KUAISHOU
Gate,KWEB_USDT,KWEB,USDT,USDT,,4.0,0.01,2026-05-31 22:09:58.752674,20260531,KWEB
Gate,LAB_USDT,LAB,USDT,USDT,,4.0,1e-05,2026-05-31 22:09:58.752674,20260531,LAB
Gate,LAYER_USDT,LAYER,USDT,USDT,,4.0,1e-05,2026-05-31 22:09:58.752674,20260531,LAYER
Gate,LA_USDT,LA,USDT,USDT,,8.0,0.0001,2026-05-31 22:09:58.752674,20260531,LA
Gate,LDO_USDT,LDO,USDT,USDT,,8.0,0.0001,2026-05-31 22:09:58.752674,20260531,LDO
Gate,LENOVO_USDT,LENOVO,USDT,USDT,,8.0,0.0001,2026-05-31 22:09:58.752674,20260531,LENOVO
Gate,LIGHT_USDT,LIGHT,USDT,USDT,,8.0,0.0001,2026-05-31 22:09:58.752674,20260531,LIGHT
Gate,LINEA_USDT,LINEA,USDT,USDT,,4.0,1e-06,2026-05-31 22:09:58.752674,20260531,LINEA
Gate,LINK_USDT,LINK,USDT,USDT,,8.0,0.001,2026-05-31 22:09:58.752674,20260531,LINK
Gate,LISTA_USDT,LISTA,USDT,USDT,,4.0,1e-05,2026-05-31 22:09:58.752674,20260531,LISTA
Gate,LITE_USDT,LITE,USDT,USDT,,8.0,0.01,2026-05-31 22:09:58.752674,20260531,LITE
Gate,LIT_USDT,LIT,USDT,USDT,,4.0,0.001,2026-05-31 22:09:58.752674,20260531,LIT
Gate,LLY_USDT,LLY,USDT,USDT,,8.0,0.01,2026-05-31 22:09:58.752674,20260531,LLY
Gate,LMT_USDT,LMT,USDT,USDT,,8.0,0.01,2026-05-31 22:09:58.752674,20260531,LMT
Gate,LPT_USDT,LPT,USDT,USDT,,8.0,0.001,2026-05-31 22:09:58.752674,20260531,LPT
Gate,LQTY_USDT,LQTY,USDT,USDT,,8.0,0.0001,2026-05-31 22:09:58.752674,20260531,LQTY
Gate,LRC_USDT,LRC,USDT,USDT,,8.0,1e-05,2026-05-31 22:09:58.752674,20260531,LRC
Gate,LSK_USDT,LSK,USDT,USDT,,8.0,0.0001,2026-05-31 22:09:58.752674,20260531,LSK
Gate,LTC_USDT,LTC,USDT,USDT,,8.0,0.01,2026-05-31 22:09:58.752674,20260531,LTC
Gate,LUMIA_USDT,LUMIA,USDT,USDT,,4.0,1e-05,2026-05-31 22:09:58.752674,20260531,LUMIA
Gate,LUNA_USDT,LUNA,USDT,USDT,,8.0,1e-05,2026-05-31 22:09:58.752674,20260531,LUNA
Gate,LUNC_USDT,LUNC,USDT,USDT,,8.0,1e-08,2026-05-31 22:09:58.752674,20260531,LUNC
Gate,LYN_USDT,LYN,USDT,USDT,,4.0,1e-05,2026-05-31 22:09:58.752674,20260531,LYN
Gate,MAGIC_USDT,MAGIC,USDT,USDT,,8.0,1e-05,2026-05-31 22:09:58.752674,20260531,MAGIC
Gate,MAGMA_USDT,MAGMA,USDT,USDT,,4.0,1e-05,2026-05-31 22:09:58.752674,20260531,MAGMA
Gate,MANA_USDT,MANA,USDT,USDT,,8.0,1e-05,2026-05-31 22:09:58.752674,20260531,MANA
Gate,MANTA_USDT,MANTA,USDT,USDT,,4.0,1e-05,2026-05-31 22:09:58.752674,20260531,MANTA
Gate,MANTRA_USDT,MANTRA,USDT,USDT,,4.0,1e-06,2026-05-31 22:09:58.752674,20260531,MANTRA
Gate,MASK_USDT,MASK,USDT,USDT,,8.0,0.0001,2026-05-31 22:09:58.752674,20260531,MASK
Gate,MAVIA_USDT,MAVIA,USDT,USDT,,4.0,1e-05,2026-05-31 22:09:58.752674,20260531,MAVIA
Gate,MAV_USDT,MAV,USDT,USDT,,8.0,1e-05,2026-05-31 22:09:58.752674,20260531,MAV
Gate,MBABYDOGE_USDT,MBABYDOGE,USDT,USDT,,8.0,1e-07,2026-05-31 22:09:58.752674,20260531,MBABYDOGE
Gate,MBOX_USDT,MBOX,USDT,USDT,,8.0,1e-06,2026-05-31 22:09:58.752674,20260531,MBOX
Gate,MCD_USDT,MCD,USDT,USDT,,8.0,0.01,2026-05-31 22:09:58.752674,20260531,MCD
Gate,MDB_USDT,MDB,USDT,USDT,,8.0,0.1,2026-05-31 22:09:58.752674,20260531,MDB
Gate,MEGA_USDT,MEGA,USDT,USDT,,4.0,1e-05,2026-05-31 22:09:58.752674,20260531,MEGA
Gate,MEITUAN_USDT,MEITUAN,USDT,USDT,,8.0,0.001,2026-05-31 22:09:58.752674,20260531,MEITUAN
Gate,MELANIA_USDT,MELANIA,USDT,USDT,,4.0,1e-05,2026-05-31 22:09:58.752674,20260531,MELANIA
Gate,MEMES_USDT,MEMES,USDT,USDT,,8.0,1e-07,2026-05-31 22:09:58.752674,20260531,MEMES
Gate,MEME_USDT,MEME,USDT,USDT,,4.0,1e-07,2026-05-31 22:09:58.752674,20260531,MEME
Gate,MERL_USDT,MERL,USDT,USDT,,8.0,1e-05,2026-05-31 22:09:58.752674,20260531,MERL
Gate,METAX_USDT,METAX,USDT,USDT,,8.0,0.01,2026-05-31 22:09:58.752674,20260531,METAX
Gate,METIS_USDT,METIS,USDT,USDT,,4.0,0.001,2026-05-31 22:09:58.752674,20260531,METIS
Gate,MET_USDT,MET,USDT,USDT,,4.0,0.0001,2026-05-31 22:09:58.752674,20260531,MET
Gate,MEW_USDT,MEW,USDT,USDT,,4.0,1e-07,2026-05-31 22:09:58.752674,20260531,MEW
Gate,ME_USDT,ME,USDT,USDT,,8.0,0.0001,2026-05-31 22:09:58.752674,20260531,ME
Gate,MINA_USDT,MINA,USDT,USDT,,8.0,1e-05,2026-05-31 22:09:58.752674,20260531,MINA
Gate,MINIMAX_USDT,MINIMAX,USDT,USDT,,8.0,0.01,2026-05-31 22:09:58.752674,20260531,MINIMAX
Gate,MIRA_USDT,MIRA,USDT,USDT,,8.0,1e-05,2026-05-31 22:09:58.752674,20260531,MIRA
Gate,MITO_USDT,MITO,USDT,USDT,,4.0,1e-05,2026-05-31 22:09:58.752674,20260531,MITO
Gate,MMT_USDT,MMT,USDT,USDT,,8.0,0.0001,2026-05-31 22:09:58.752674,20260531,MMT
Gate,MNT_USDT,MNT,USDT,USDT,,4.0,0.0001,2026-05-31 22:09:58.752674,20260531,MNT
Gate,MOCA_USDT,MOCA,USDT,USDT,,4.0,1e-05,2026-05-31 22:09:58.752674,20260531,MOCA
Gate,MOG_USDT,MOG,USDT,USDT,,4.0,1e-10,2026-05-31 22:09:58.752674,20260531,MOG
Gate,MON_USDT,MON,USDT,USDT,,4.0,1e-05,2026-05-31 22:09:58.752674,20260531,MON
Gate,MOODENG_USDT,MOODENG,USDT,USDT,,4.0,1e-05,2026-05-31 22:09:58.752674,20260531,MOODENG
Gate,MORPHO_USDT,MORPHO,USDT,USDT,,4.0,0.0001,2026-05-31 22:09:58.752674,20260531,MORPHO
Gate,MOVE_USDT,MOVE,USDT,USDT,,8.0,1e-05,2026-05-31 22:09:58.752674,20260531,MOVE
Gate,MOVR_USDT,MOVR,USDT,USDT,,8.0,0.001,2026-05-31 22:09:58.752674,20260531,MOVR
Gate,MRVL_USDT,MRVL,USDT,USDT,,8.0,0.01,2026-05-31 22:09:58.752674,20260531,MRVL
Gate,MSFT_USDT,MSFT,USDT,USDT,,8.0,0.01,2026-05-31 22:09:58.752674,20260531,MSFT
Gate,MSTRX_USDT,MSTRX,USDT,USDT,,8.0,0.01,2026-05-31 22:09:58.752674,20260531,MSTRX
Gate,MTL_USDT,MTL,USDT,USDT,,8.0,0.0001,2026-05-31 22:09:58.752674,20260531,MTL
Gate,MUBARAK_USDT,MUBARAK,USDT,USDT,,4.0,1e-05,2026-05-31 22:09:58.752674,20260531,MUBARAK
Gate,MU_USDT,MU,USDT,USDT,,8.0,0.01,2026-05-31 22:09:58.752674,20260531,MU
Gate,MYX_USDT,MYX,USDT,USDT,,8.0,0.0001,2026-05-31 22:09:58.752674,20260531,MYX
Gate,M_USDT,M,USDT,USDT,,8.0,0.0001,2026-05-31 22:09:58.752674,20260531,M
Gate,NAORIS_USDT,NAORIS,USDT,USDT,,4.0,1e-05,2026-05-31 22:09:58.752674,20260531,NAORIS
Gate,NAS100_USDT,NAS100,USDT,USDT,,8.0,0.01,2026-05-31 22:09:58.752674,20260531,NAS100
Gate,NBIS_USDT,NBIS,USDT,USDT,,8.0,0.01,2026-05-31 22:09:58.752674,20260531,NBIS
Gate,NEAR_USDT,NEAR,USDT,USDT,,8.0,0.0001,2026-05-31 22:09:58.752674,20260531,NEAR
Gate,NEO_USDT,NEO,USDT,USDT,,8.0,0.001,2026-05-31 22:09:58.752674,20260531,NEO
Gate,NEWT_USDT,NEWT,USDT,USDT,,8.0,1e-05,2026-05-31 22:09:58.752674,20260531,NEWT
Gate,NFLX_USDT,NFLX,USDT,USDT,,8.0,0.01,2026-05-31 22:09:58.752674,20260531,NFLX
Gate,NFP_USDT,NFP,USDT,USDT,,4.0,1e-05,2026-05-31 22:09:58.752674,20260531,NFP
Gate,NG_USDT,NG,USDT,USDT,,8.0,0.001,2026-05-31 22:09:58.752674,20260531,NG
Gate,NIGHT_USDT,NIGHT,USDT,USDT,,8.0,1e-05,2026-05-31 22:09:58.752674,20260531,NIGHT
Gate,NIL_USDT,NIL,USDT,USDT,,4.0,1e-05,2026-05-31 22:09:58.752674,20260531,NIL
Gate,NMR_USDT,NMR,USDT,USDT,,8.0,0.001,2026-05-31 22:09:58.753672,20260531,NMR
Gate,NOC_USDT,NOC,USDT,USDT,,8.0,0.01,2026-05-31 22:09:58.753672,20260531,NOC
Gate,NOM_USDT,NOM,USDT,USDT,,4.0,1e-06,2026-05-31 22:09:58.753672,20260531,NOM
Gate,NOT_USDT,NOT,USDT,USDT,,4.0,1e-07,2026-05-31 22:09:58.753672,20260531,NOT
Gate,NVDAX_USDT,NVDAX,USDT,USDT,,8.0,0.01,2026-05-31 22:09:58.753672,20260531,NVDAX
Gate,NXPC_USDT,NXPC,USDT,USDT,,8.0,0.0001,2026-05-31 22:09:58.753672,20260531,NXPC
Gate,NXT_USDT,NXT,USDT,USDT,,8.0,0.01,2026-05-31 22:09:58.753672,20260531,NXT
Gate,OGN_USDT,OGN,USDT,USDT,,4.0,1e-05,2026-05-31 22:09:58.753672,20260531,OGN
Gate,OG_USDT,OG,USDT,USDT,,4.0,0.001,2026-05-31 22:09:58.753672,20260531,OG
Gate,OKB_USDT,OKB,USDT,USDT,,8.0,0.01,2026-05-31 22:09:58.753672,20260531,OKB
Gate,OL_USDT,OL,USDT,USDT,,4.0,1e-05,2026-05-31 22:09:58.753672,20260531,OL
Gate,ONDO_USDT,ONDO,USDT,USDT,,4.0,0.0001,2026-05-31 22:09:58.753672,20260531,ONDO
Gate,ONE_USDT,ONE,USDT,USDT,,8.0,1e-06,2026-05-31 22:09:58.753672,20260531,ONE
Gate,ONG_USDT,ONG,USDT,USDT,,4.0,1e-05,2026-05-31 22:09:58.753672,20260531,ONG
Gate,ONT_USDT,ONT,USDT,USDT,,4.0,1e-05,2026-05-31 22:09:58.753672,20260531,ONT
Gate,ON_USDT,ON,USDT,USDT,,4.0,1e-05,2026-05-31 22:09:58.753672,20260531,ON
Gate,OPENAI_USDT,OPENAI,USDT,USDT,,8.0,0.01,2026-05-31 22:09:58.753672,20260531,OPENAI
Gate,OPEN_USDT,OPEN,USDT,USDT,,8.0,0.0001,2026-05-31 22:09:58.753672,20260531,OPEN
Gate,OPG_USDT,OPG,USDT,USDT,,4.0,0.0001,2026-05-31 22:09:58.753672,20260531,OPG
Gate,OPN_USDT,OPN,USDT,USDT,,4.0,0.0001,2026-05-31 22:09:58.753672,20260531,OPN
Gate,OP_USDT,OP,USDT,USDT,,8.0,1e-05,2026-05-31 22:09:58.753672,20260531,OP
Gate,ORCA_USDT,ORCA,USDT,USDT,,4.0,0.0001,2026-05-31 22:09:58.753672,20260531,ORCA
Gate,ORCLX_USDT,ORCLX,USDT,USDT,,8.0,0.01,2026-05-31 22:09:58.753672,20260531,ORCLX
Gate,ORDER_USDT,ORDER,USDT,USDT,,4.0,1e-05,2026-05-31 22:09:58.753672,20260531,ORDER
Gate,ORDI_USDT,ORDI,USDT,USDT,,4.0,0.001,2026-05-31 22:09:58.753672,20260531,ORDI
Gate,OXT_USDT,OXT,USDT,USDT,,8.0,1e-05,2026-05-31 22:09:58.753672,20260531,OXT
Gate,PARTI_USDT,PARTI,USDT,USDT,,4.0,1e-05,2026-05-31 22:09:58.753672,20260531,PARTI
Gate,PAXG_USDT,PAXG,USDT,USDT,,8.0,0.1,2026-05-31 22:09:58.753672,20260531,PAXG
Gate,PAYP_USDT,PAYP,USDT,USDT,,8.0,0.01,2026-05-31 22:09:58.753672,20260531,PAYP
Gate,PENDLE_USDT,PENDLE,USDT,USDT,,8.0,0.001,2026-05-31 22:09:58.753672,20260531,PENDLE
Gate,PENGU_USDT,PENGU,USDT,USDT,,4.0,1e-06,2026-05-31 22:09:58.753672,20260531,PENGU
Gate,PEOPLE_USDT,PEOPLE,USDT,USDT,,8.0,1e-06,2026-05-31 22:09:58.753672,20260531,PEOPLE
Gate,PEPE_USDT,PEPE,USDT,USDT,,8.0,1e-09,2026-05-31 22:09:58.753672,20260531,PEPE
Gate,PEP_USDT,PEP,USDT,USDT,,8.0,0.01,2026-05-31 22:09:58.753672,20260531,PEP
Gate,PG_USDT,PG,USDT,USDT,,8.0,0.01,2026-05-31 22:09:58.753672,20260531,PG
Gate,PHA_USDT,PHA,USDT,USDT,,4.0,1e-05,2026-05-31 22:09:58.753672,20260531,PHA
Gate,PHB_USDT,PHB,USDT,USDT,,4.0,0.0001,2026-05-31 22:09:58.753672,20260531,PHB
Gate,PIEVERSE_USDT,PIEVERSE,USDT,USDT,,8.0,0.0001,2026-05-31 22:09:58.753672,20260531,PIEVERSE
Gate,PIPPIN_USDT,PIPPIN,USDT,USDT,,4.0,0.0001,2026-05-31 22:09:58.753672,20260531,PIPPIN
Gate,PIXEL_USDT,PIXEL,USDT,USDT,,4.0,1e-06,2026-05-31 22:09:58.753672,20260531,PIXEL
Gate,PLAY_USDT,PLAY,USDT,USDT,,4.0,1e-05,2026-05-31 22:09:58.753672,20260531,PLAY
Gate,PLTRX_USDT,PLTRX,USDT,USDT,,8.0,0.01,2026-05-31 22:09:58.753672,20260531,PLTRX
Gate,PLUME_USDT,PLUME,USDT,USDT,,8.0,1e-06,2026-05-31 22:09:58.753672,20260531,PLUME
Gate,PNUT_USDT,PNUT,USDT,USDT,,4.0,1e-05,2026-05-31 22:09:58.753672,20260531,PNUT
Gate,POLYMARKET_USDT,POLYMARKET,USDT,USDT,,8.0,0.001,2026-05-31 22:09:58.753672,20260531,POLYMARKET
Gate,POLYX_USDT,POLYX,USDT,USDT,,4.0,1e-05,2026-05-31 22:09:58.753672,20260531,POLYX
Gate,POL_USDT,POL,USDT,USDT,,4.0,1e-05,2026-05-31 22:09:58.753672,20260531,POL
Gate,POPCAT_USDT,POPCAT,USDT,USDT,,4.0,1e-05,2026-05-31 22:09:58.753672,20260531,POPCAT
Gate,POWER_USDT,POWER,USDT,USDT,,8.0,1e-05,2026-05-31 22:09:58.753672,20260531,POWER
Gate,POWR_USDT,POWR,USDT,USDT,,4.0,1e-05,2026-05-31 22:09:58.753672,20260531,POWR
Gate,PRL_USDT,PRL,USDT,USDT,,4.0,1e-05,2026-05-31 22:09:58.753672,20260531,PRL
Gate,PROMPT_USDT,PROMPT,USDT,USDT,,4.0,1e-05,2026-05-31 22:09:58.753672,20260531,PROMPT
Gate,PROM_USDT,PROM,USDT,USDT,,4.0,0.001,2026-05-31 22:09:58.753672,20260531,PROM
Gate,PROS_USDT,PROS,USDT,USDT,,4.0,0.0001,2026-05-31 22:09:58.753672,20260531,PROS
Gate,PROVE_USDT,PROVE,USDT,USDT,,4.0,0.0001,2026-05-31 22:09:58.753672,20260531,PROVE
Gate,PSG_USDT,PSG,USDT,USDT,,4.0,0.0001,2026-05-31 22:09:58.753672,20260531,PSG
Gate,PTB_USDT,PTB,USDT,USDT,,4.0,1e-07,2026-05-31 22:09:58.753672,20260531,PTB
Gate,PUFFER_USDT,PUFFER,USDT,USDT,,4.0,1e-05,2026-05-31 22:09:58.753672,20260531,PUFFER
Gate,PUMP_USDT,PUMP,USDT,USDT,,4.0,1e-06,2026-05-31 22:09:58.753672,20260531,PUMP
Gate,PUNDIX_USDT,PUNDIX,USDT,USDT,,4.0,0.0001,2026-05-31 22:09:58.753672,20260531,PUNDIX
Gate,PYTH_USDT,PYTH,USDT,USDT,,4.0,1e-05,2026-05-31 22:09:58.753672,20260531,PYTH
Gate,QCOM_USDT,QCOM,USDT,USDT,,4.0,0.01,2026-05-31 22:09:58.753672,20260531,QCOM
Gate,QNTX_USDT,QNTX,USDT,USDT,,8.0,0.01,2026-05-31 22:09:58.753672,20260531,QNTX
Gate,QNT_USDT,QNT,USDT,USDT,,8.0,0.01,2026-05-31 22:09:58.753672,20260531,QNT
Gate,QQQX_USDT,QQQX,USDT,USDT,,8.0,0.01,2026-05-31 22:09:58.753672,20260531,QQQX
Gate,QTUM_USDT,QTUM,USDT,USDT,,8.0,0.0001,2026-05-31 22:09:58.753672,20260531,QTUM
Gate,Q_USDT,Q,USDT,USDT,,4.0,1e-06,2026-05-31 22:09:58.753672,20260531,Q
Gate,RARE_USDT,RARE,USDT,USDT,,4.0,1e-05,2026-05-31 22:09:58.753672,20260531,RARE
Gate,RATS_USDT,RATS,USDT,USDT,,4.0,1e-08,2026-05-31 22:09:58.753672,20260531,RATS
Gate,RAVE_USDT,RAVE,USDT,USDT,,4.0,0.0001,2026-05-31 22:09:58.753672,20260531,RAVE
Gate,RAY_USDT,RAY,USDT,USDT,,4.0,0.0001,2026-05-31 22:09:58.753672,20260531,RAY
Gate,RDDTON_USDT,RDDTON,USDT,USDT,,8.0,0.01,2026-05-31 22:09:58.753672,20260531,RDDTON
Gate,RDNT_USDT,RDNT,USDT,USDT,,4.0,1e-06,2026-05-31 22:09:58.753672,20260531,RDNT
Gate,RECALL_USDT,RECALL,USDT,USDT,,4.0,1e-05,2026-05-31 22:09:58.753672,20260531,RECALL
Gate,RED_USDT,RED,USDT,USDT,,4.0,0.0001,2026-05-31 22:09:58.753672,20260531,RED
Gate,RENDER_USDT,RENDER,USDT,USDT,,4.0,0.0001,2026-05-31 22:09:58.753672,20260531,RENDER
Gate,RESOLV_USDT,RESOLV,USDT,USDT,,8.0,1e-05,2026-05-31 22:09:58.753672,20260531,RESOLV
Gate,REZ_USDT,REZ,USDT,USDT,,4.0,1e-06,2026-05-31 22:09:58.753672,20260531,REZ
Gate,RIF_USDT,RIF,USDT,USDT,,4.0,1e-05,2026-05-31 22:09:58.753672,20260531,RIF
Gate,RIVER_USDT,RIVER,USDT,USDT,,4.0,0.001,2026-05-31 22:09:58.753672,20260531,RIVER
Gate,RKLB_USDT,RKLB,USDT,USDT,,8.0,0.01,2026-05-31 22:09:58.753672,20260531,RKLB
Gate,RLC_USDT,RLC,USDT,USDT,,8.0,0.0001,2026-05-31 22:09:58.753672,20260531,RLC
Gate,RLS_USDT,RLS,USDT,USDT,,4.0,1e-06,2026-05-31 22:09:58.753672,20260531,RLS
Gate,ROBO_USDT,ROBO,USDT,USDT,,4.0,1e-05,2026-05-31 22:09:58.753672,20260531,ROBO
Gate,RON_USDT,RON,USDT,USDT,,8.0,1e-05,2026-05-31 22:09:58.753672,20260531,RON
Gate,ROSE_USDT,ROSE,USDT,USDT,,8.0,1e-05,2026-05-31 22:09:58.753672,20260531,ROSE
Gate,RPL_USDT,RPL,USDT,USDT,,8.0,0.001,2026-05-31 22:09:58.753672,20260531,RPL
Gate,RSR_USDT,RSR,USDT,USDT,,8.0,1e-06,2026-05-31 22:09:58.753672,20260531,RSR
Gate,RTX_USDT,RTX,USDT,USDT,,8.0,0.01,2026-05-31 22:09:58.753672,20260531,RTX
Gate,RUNE_USDT,RUNE,USDT,USDT,,8.0,0.0001,2026-05-31 22:09:58.753672,20260531,RUNE
Gate,RVN_USDT,RVN,USDT,USDT,,8.0,1e-06,2026-05-31 22:09:58.753672,20260531,RVN
Gate,SAFE_USDT,SAFE,USDT,USDT,,4.0,1e-05,2026-05-31 22:09:58.753672,20260531,SAFE
Gate,SAGA_USDT,SAGA,USDT,USDT,,4.0,1e-05,2026-05-31 22:09:58.753672,20260531,SAGA
Gate,SAHARA_USDT,SAHARA,USDT,USDT,,8.0,1e-05,2026-05-31 22:09:58.753672,20260531,SAHARA
Gate,SAND_USDT,SAND,USDT,USDT,,8.0,1e-05,2026-05-31 22:09:58.753672,20260531,SAND
Gate,SAPIEN_USDT,SAPIEN,USDT,USDT,,4.0,1e-05,2026-05-31 22:09:58.753672,20260531,SAPIEN
Gate,SATS_USDT,SATS,USDT,USDT,,4.0,1e-11,2026-05-31 22:09:58.753672,20260531,SATS
Gate,SBP_USDT,SBP,USDT,USDT,,8.0,0.0001,2026-05-31 22:09:58.753672,20260531,SBP
Gate,SCRT_USDT,SCRT,USDT,USDT,,4.0,1e-05,2026-05-31 22:09:58.753672,20260531,SCRT
Gate,SCR_USDT,SCR,USDT,USDT,,4.0,1e-05,2026-05-31 22:09:58.753672,20260531,SCR
Gate,SEI_USDT,SEI,USDT,USDT,,8.0,1e-05,2026-05-31 22:09:58.753672,20260531,SEI
Gate,SENT_USDT,SENT,USDT,USDT,,4.0,1e-05,2026-05-31 22:09:58.753672,20260531,SENT
Gate,SFP_USDT,SFP,USDT,USDT,,8.0,0.0001,2026-05-31 22:09:58.753672,20260531,SFP
Gate,SHELL_USDT,SHELL,USDT,USDT,,4.0,1e-05,2026-05-31 22:09:58.753672,20260531,SHELL
Gate,SHIB_USDT,SHIB,USDT,USDT,,8.0,1e-09,2026-05-31 22:09:58.753672,20260531,SHIB
Gate,SHLD_USDT,SHLD,USDT,USDT,,8.0,0.01,2026-05-31 22:09:58.753672,20260531,SHLD
Gate,SIGN_USDT,SIGN,USDT,USDT,,4.0,1e-05,2026-05-31 22:09:58.753672,20260531,SIGN
Gate,SIREN_USDT,SIREN,USDT,USDT,,4.0,1e-05,2026-05-31 22:09:58.753672,20260531,SIREN
Gate,SKL_USDT,SKL,USDT,USDT,,8.0,1e-05,2026-05-31 22:09:58.753672,20260531,SKL
Gate,SKR_USDT,SKR,USDT,USDT,,8.0,1e-06,2026-05-31 22:09:58.753672,20260531,SKR
Gate,SKYAI_USDT,SKYAI,USDT,USDT,,4.0,1e-05,2026-05-31 22:09:58.753672,20260531,SKYAI
Gate,SKY_USDT,SKY,USDT,USDT,,4.0,1e-05,2026-05-31 22:09:58.753672,20260531,SKY
Gate,SLP_USDT,SLP,USDT,USDT,,4.0,1e-06,2026-05-31 22:09:58.753672,20260531,SLP
Gate,SLVON_USDT,SLVON,USDT,USDT,,8.0,0.01,2026-05-31 22:09:58.753672,20260531,SLVON
Gate,SLX_USDT,SLX,USDT,USDT,,4.0,1e-05,2026-05-31 22:09:58.753672,20260531,SLX
Gate,SMCI_USDT,SMCI,USDT,USDT,,8.0,0.01,2026-05-31 22:09:58.753672,20260531,SMCI
Gate,SNDK_USDT,SNDK,USDT,USDT,,8.0,0.01,2026-05-31 22:09:58.753672,20260531,SNDK
Gate,SNOW_USDT,SNOW,USDT,USDT,,8.0,0.01,2026-05-31 22:09:58.753672,20260531,SNOW
Gate,SNT_USDT,SNT,USDT,USDT,,8.0,1e-06,2026-05-31 22:09:58.753672,20260531,SNT
Gate,SNX_USDT,SNX,USDT,USDT,,8.0,0.0001,2026-05-31 22:09:58.753672,20260531,SNX
Gate,SOLV_USDT,SOLV,USDT,USDT,,4.0,1e-06,2026-05-31 22:09:58.753672,20260531,SOLV
Gate,SOL_USDT,SOL,USDT,USDT,,8.0,0.01,2026-05-31 22:09:58.753672,20260531,SOL
Gate,SOMI_USDT,SOMI,USDT,USDT,,4.0,0.0001,2026-05-31 22:09:58.753672,20260531,SOMI
Gate,SONIC_USDT,SONIC,USDT,USDT,,4.0,1e-05,2026-05-31 22:09:58.753672,20260531,SONIC
Gate,SOON_USDT,SOON,USDT,USDT,,4.0,0.0001,2026-05-31 22:09:58.753672,20260531,SOON
Gate,SOPH_USDT,SOPH,USDT,USDT,,8.0,1e-06,2026-05-31 22:09:58.753672,20260531,SOPH
Gate,SOXL_USDT,SOXL,USDT,USDT,,8.0,0.01,2026-05-31 22:09:58.753672,20260531,SOXL
Gate,SPACEX_USDT,SPACEX,USDT,USDT,,8.0,0.01,2026-05-31 22:09:58.753672,20260531,SPACEX
Gate,SPACE_USDT,SPACE,USDT,USDT,,4.0,1e-06,2026-05-31 22:09:58.753672,20260531,SPACE
Gate,SPCX_USDT,SPCX,USDT,USDT,,8.0,0.01,2026-05-31 22:09:58.753672,20260531,SPCX
Gate,SPELL_USDT,SPELL,USDT,USDT,,8.0,1e-07,2026-05-31 22:09:58.753672,20260531,SPELL
Gate,SPK_USDT,SPK,USDT,USDT,,4.0,1e-05,2026-05-31 22:09:58.753672,20260531,SPK
Gate,SPX500_USDT,SPX500,USDT,USDT,,8.0,0.01,2026-05-31 22:09:58.753672,20260531,SPX500
Gate,SPX_USDT,SPX,USDT,USDT,,4.0,0.0001,2026-05-31 22:09:58.753672,20260531,SPX
Gate,SPYX_USDT,SPYX,USDT,USDT,,8.0,0.01,2026-05-31 22:09:58.753672,20260531,SPYX
Gate,SQD_USDT,SQD,USDT,USDT,,4.0,1e-05,2026-05-31 22:09:58.753672,20260531,SQD
Gate,SSV_USDT,SSV,USDT,USDT,,8.0,0.001,2026-05-31 22:09:58.753672,20260531,SSV
Gate,STABLE_USDT,STABLE,USDT,USDT,,4.0,1e-05,2026-05-31 22:09:58.753672,20260531,STABLE
Gate,STAR_USDT,STAR,USDT,USDT,,4.0,1e-05,2026-05-31 22:09:58.753672,20260531,STAR
Gate,STBL_USDT,STBL,USDT,USDT,,4.0,1e-05,2026-05-31 22:09:58.753672,20260531,STBL
Gate,STEEM_USDT,STEEM,USDT,USDT,,8.0,1e-05,2026-05-31 22:09:58.753672,20260531,STEEM
Gate,STG_USDT,STG,USDT,USDT,,8.0,0.0001,2026-05-31 22:09:58.753672,20260531,STG
Gate,STORJ_USDT,STORJ,USDT,USDT,,4.0,1e-05,2026-05-31 22:09:58.753672,20260531,STORJ
Gate,STO_USDT,STO,USDT,USDT,,4.0,1e-05,2026-05-31 22:09:58.753672,20260531,STO
Gate,STRK_USDT,STRK,USDT,USDT,,4.0,1e-05,2026-05-31 22:09:58.753672,20260531,STRK
Gate,STX_USDT,STX,USDT,USDT,,8.0,0.0001,2026-05-31 22:09:58.753672,20260531,STX
Gate,SUI_USDT,SUI,USDT,USDT,,8.0,0.0001,2026-05-31 22:09:58.753672,20260531,SUI
Gate,SUNAC_USDT,SUNAC,USDT,USDT,,8.0,1e-05,2026-05-31 22:09:58.753672,20260531,SUNAC
Gate,SUN_USDT,SUN,USDT,USDT,,8.0,1e-06,2026-05-31 22:09:58.753672,20260531,SUN
Gate,SUPER_USDT,SUPER,USDT,USDT,,8.0,0.0001,2026-05-31 22:09:58.753672,20260531,SUPER
Gate,SUSHI_USDT,SUSHI,USDT,USDT,,8.0,0.0001,2026-05-31 22:09:58.753672,20260531,SUSHI
Gate,SWARMS_USDT,SWARMS,USDT,USDT,,4.0,1e-06,2026-05-31 22:09:58.753672,20260531,SWARMS
Gate,SYRUP_USDT,SYRUP,USDT,USDT,,8.0,1e-05,2026-05-31 22:09:58.753672,20260531,SYRUP
Gate,SYS_USDT,SYS,USDT,USDT,,4.0,1e-05,2026-05-31 22:09:58.753672,20260531,SYS
Gate,S_USDT,S,USDT,USDT,,4.0,1e-05,2026-05-31 22:09:58.753672,20260531,S
Gate,TAC_USDT,TAC,USDT,USDT,,4.0,1e-06,2026-05-31 22:09:58.753672,20260531,TAC
Gate,TAG_USDT,TAG,USDT,USDT,,4.0,1e-07,2026-05-31 22:09:58.753672,20260531,TAG
Gate,TAIKO_USDT,TAIKO,USDT,USDT,,4.0,0.0001,2026-05-31 22:09:58.753672,20260531,TAIKO
Gate,TAKE_USDT,TAKE,USDT,USDT,,4.0,1e-05,2026-05-31 22:09:58.753672,20260531,TAKE
Gate,TAO_USDT,TAO,USDT,USDT,,4.0,0.1,2026-05-31 22:09:58.753672,20260531,TAO
Gate,TA_USDT,TA,USDT,USDT,,4.0,1e-05,2026-05-31 22:09:58.753672,20260531,TA
Gate,TENCENT_USDT,TENCENT,USDT,USDT,,8.0,0.01,2026-05-31 22:09:58.753672,20260531,TENCENT
Gate,THETA_USDT,THETA,USDT,USDT,,8.0,0.0001,2026-05-31 22:09:58.753672,20260531,THETA
Gate,THE_USDT,THE,USDT,USDT,,4.0,0.0001,2026-05-31 22:09:58.753672,20260531,THE
Gate,TIA_USDT,TIA,USDT,USDT,,4.0,0.0001,2026-05-31 22:09:58.753672,20260531,TIA
Gate,TLM_USDT,TLM,USDT,USDT,,8.0,1e-06,2026-05-31 22:09:58.753672,20260531,TLM
Gate,TLT_USDT,TLT,USDT,USDT,,8.0,0.01,2026-05-31 22:09:58.753672,20260531,TLT
Gate,TNSR_USDT,TNSR,USDT,USDT,,8.0,1e-05,2026-05-31 22:09:58.753672,20260531,TNSR
Gate,TON_USDT,TON,USDT,USDT,,4.0,0.0001,2026-05-31 22:09:58.753672,20260531,TON
Gate,TOSHI_USDT,TOSHI,USDT,USDT,,8.0,1e-07,2026-05-31 22:09:58.753672,20260531,TOSHI
Gate,TOWNS_USDT,TOWNS,USDT,USDT,,4.0,1e-06,2026-05-31 22:09:58.753672,20260531,TOWNS
Gate,TQQQX_USDT,TQQQX,USDT,USDT,,8.0,0.01,2026-05-31 22:09:58.753672,20260531,TQQQX
Gate,TRADOOR_USDT,TRADOOR,USDT,USDT,,8.0,0.001,2026-05-31 22:09:58.753672,20260531,TRADOOR
Gate,TRAHK_USDT,TRAHK,USDT,USDT,,8.0,0.001,2026-05-31 22:09:58.753672,20260531,TRAHK
Gate,TRB_USDT,TRB,USDT,USDT,,4.0,0.01,2026-05-31 22:09:58.753672,20260531,TRB
Gate,TREE_USDT,TREE,USDT,USDT,,4.0,1e-05,2026-05-31 22:09:58.753672,20260531,TREE
Gate,TRIA_USDT,TRIA,USDT,USDT,,4.0,1e-05,2026-05-31 22:09:58.753672,20260531,TRIA
Gate,TRUMP_USDT,TRUMP,USDT,USDT,,4.0,0.001,2026-05-31 22:09:58.753672,20260531,TRUMP
Gate,TRUST_USDT,TRUST,USDT,USDT,,8.0,1e-05,2026-05-31 22:09:58.753672,20260531,TRUST
Gate,TRUTH_USDT,TRUTH,USDT,USDT,,4.0,1e-06,2026-05-31 22:09:58.753672,20260531,TRUTH
Gate,TRU_USDT,TRU,USDT,USDT,,4.0,1e-06,2026-05-31 22:09:58.753672,20260531,TRU
Gate,TRX_USDT,TRX,USDT,USDT,,8.0,1e-05,2026-05-31 22:09:58.753672,20260531,TRX
Gate,TSLAX_USDT,TSLAX,USDT,USDT,,8.0,0.01,2026-05-31 22:09:58.753672,20260531,TSLAX
Gate,TSM_USDT,TSM,USDT,USDT,,8.0,0.01,2026-05-31 22:09:58.753672,20260531,TSM
Gate,TSTBSC_USDT,TSTBSC,USDT,USDT,,4.0,1e-06,2026-05-31 22:09:58.753672,20260531,TSTBSC
Gate,TURBO_USDT,TURBO,USDT,USDT,,4.0,1e-07,2026-05-31 22:09:58.753672,20260531,TURBO
Gate,TURTLE_USDT,TURTLE,USDT,USDT,,8.0,1e-05,2026-05-31 22:09:58.753672,20260531,TURTLE
Gate,TUT_USDT,TUT,USDT,USDT,,4.0,1e-06,2026-05-31 22:09:58.753672,20260531,TUT
Gate,TW88_USDT,TW88,USDT,USDT,,8.0,0.01,2026-05-31 22:09:58.753672,20260531,TW88
Gate,TWT_USDT,TWT,USDT,USDT,,8.0,0.0001,2026-05-31 22:09:58.753672,20260531,TWT
Gate,T_USDT,T,USDT,USDT,,8.0,1e-06,2026-05-31 22:09:58.753672,20260531,T
Gate,UAI_USDT,UAI,USDT,USDT,,8.0,1e-05,2026-05-31 22:09:58.753672,20260531,UAI
Gate,UBER_USDT,UBER,USDT,USDT,,8.0,0.01,2026-05-31 22:09:58.753672,20260531,UBER
Gate,UB_USDT,UB,USDT,USDT,,4.0,1e-05,2026-05-31 22:09:58.753672,20260531,UB
Gate,UK100_USDT,UK100,USDT,USDT,,8.0,0.01,2026-05-31 22:09:58.753672,20260531,UK100
Gate,UMA_USDT,UMA,USDT,USDT,,4.0,0.0001,2026-05-31 22:09:58.753672,20260531,UMA
Gate,UNH_USDT,UNH,USDT,USDT,,8.0,0.01,2026-05-31 22:09:58.753672,20260531,UNH
Gate,UNI_USDT,UNI,USDT,USDT,,8.0,0.001,2026-05-31 22:09:58.753672,20260531,UNI
Gate,UP_USDT,UP,USDT,USDT,,4.0,0.0001,2026-05-31 22:09:58.753672,20260531,UP
Gate,US2000_USDT,US2000,USDT,USDT,,8.0,0.01,2026-05-31 22:09:58.753672,20260531,US2000
Gate,US30_USDT,US30,USDT,USDT,,8.0,0.01,2026-05-31 22:09:58.753672,20260531,US30
Gate,USAR_USDT,USAR,USDT,USDT,,8.0,0.01,2026-05-31 22:09:58.753672,20260531,USAR
Gate,USD1_USDT,USD1,USDT,USDT,,4.0,0.0001,2026-05-31 22:09:58.753672,20260531,USD1
Gate,USDC_USDT,USDC,USDT,USDT,,8.0,0.0001,2026-05-31 22:09:58.753672,20260531,USDC
Gate,USELESS_USDT,USELESS,USDT,USDT,,4.0,1e-05,2026-05-31 22:09:58.753672,20260531,USELESS
Gate,USTC_USDT,USTC,USDT,USDT,,4.0,1e-06,2026-05-31 22:09:58.753672,20260531,USTC
Gate,USUAL_USDT,USUAL,USDT,USDT,,8.0,1e-05,2026-05-31 22:09:58.753672,20260531,USUAL
Gate,US_USDT,US,USDT,USDT,,4.0,1e-06,2026-05-31 22:09:58.753672,20260531,US
Gate,VANA_USDT,VANA,USDT,USDT,,4.0,0.001,2026-05-31 22:09:58.753672,20260531,VANA
Gate,VANRY_USDT,VANRY,USDT,USDT,,4.0,1e-06,2026-05-31 22:09:58.753672,20260531,VANRY
Gate,VCX_USDT,VCX,USDT,USDT,,8.0,0.01,2026-05-31 22:09:58.753672,20260531,VCX
Gate,VELODROME_USDT,VELODROME,USDT,USDT,,4.0,1e-05,2026-05-31 22:09:58.753672,20260531,VELODROME
Gate,VELO_USDT,VELO,USDT,USDT,,8.0,1e-06,2026-05-31 22:09:58.753672,20260531,VELO
Gate,VELVET_USDT,VELVET,USDT,USDT,,4.0,1e-05,2026-05-31 22:09:58.753672,20260531,VELVET
Gate,VET_USDT,VET,USDT,USDT,,8.0,1e-06,2026-05-31 22:09:58.753672,20260531,VET
Gate,VIC_USDT,VIC,USDT,USDT,,8.0,1e-05,2026-05-31 22:09:58.753672,20260531,VIC
Gate,VINE_USDT,VINE,USDT,USDT,,4.0,1e-05,2026-05-31 22:09:58.753672,20260531,VINE
Gate,VIRTUAL_USDT,VIRTUAL,USDT,USDT,,4.0,0.0001,2026-05-31 22:09:58.753672,20260531,VIRTUAL
Gate,VIX_USDT,VIX,USDT,USDT,,8.0,0.001,2026-05-31 22:09:58.753672,20260531,VIX
Gate,VRT_USDT,VRT,USDT,USDT,,8.0,0.1,2026-05-31 22:09:58.753672,20260531,VRT
Gate,VTHO_USDT,VTHO,USDT,USDT,,4.0,1e-07,2026-05-31 22:09:58.753672,20260531,VTHO
Gate,VVV_USDT,VVV,USDT,USDT,,4.0,0.001,2026-05-31 22:09:58.753672,20260531,VVV
Gate,V_USDT,V,USDT,USDT,,8.0,0.1,2026-05-31 22:09:58.753672,20260531,V
Gate,WAL_USDT,WAL,USDT,USDT,,4.0,1e-05,2026-05-31 22:09:58.753672,20260531,WAL
Gate,WAVES_USDT,WAVES,USDT,USDT,,8.0,0.0001,2026-05-31 22:09:58.753672,20260531,WAVES
Gate,WAXP_USDT,WAXP,USDT,USDT,,4.0,1e-06,2026-05-31 22:09:58.753672,20260531,WAXP
Gate,WCT_USDT,WCT,USDT,USDT,,8.0,1e-05,2026-05-31 22:09:58.753672,20260531,WCT
Gate,WDC_USDT,WDC,USDT,USDT,,8.0,0.1,2026-05-31 22:09:58.753672,20260531,WDC
Gate,WET_USDT,WET,USDT,USDT,,8.0,1e-05,2026-05-31 22:09:58.753672,20260531,WET
Gate,WIF_USDT,WIF,USDT,USDT,,4.0,0.0001,2026-05-31 22:09:58.753672,20260531,WIF
Gate,WLD_USDT,WLD,USDT,USDT,,8.0,0.0001,2026-05-31 22:09:58.753672,20260531,WLD
Gate,WLFI_USDT,WLFI,USDT,USDT,,4.0,1e-05,2026-05-31 22:09:58.753672,20260531,WLFI
Gate,WMT_USDT,WMT,USDT,USDT,,8.0,0.01,2026-05-31 22:09:58.753672,20260531,WMT
Gate,WOO_USDT,WOO,USDT,USDT,,8.0,1e-05,2026-05-31 22:09:58.754669,20260531,WOO
Gate,W_USDT,W,USDT,USDT,,4.0,1e-06,2026-05-31 22:09:58.754669,20260531,W
Gate,XAG_USDT,XAG,USDT,USDT,,4.0,0.01,2026-05-31 22:09:58.754669,20260531,XAG
Gate,XAI_USDT,XAI,USDT,USDT,,4.0,1e-06,2026-05-31 22:09:58.754669,20260531,XAI
Gate,XAL_USDT,XAL,USDT,USDT,,8.0,0.01,2026-05-31 22:09:58.754669,20260531,XAL
Gate,XAN_USDT,XAN,USDT,USDT,,4.0,1e-06,2026-05-31 22:09:58.754669,20260531,XAN
Gate,XAUT_USDT,XAUT,USDT,USDT,,8.0,0.1,2026-05-31 22:09:58.754669,20260531,XAUT
Gate,XAU_USDT,XAU,USDT,USDT,,4.0,0.01,2026-05-31 22:09:58.754669,20260531,XAU
Gate,XCN_USDT,XCN,USDT,USDT,,4.0,1e-06,2026-05-31 22:09:58.754669,20260531,XCN
Gate,XCU_USDT,XCU,USDT,USDT,,8.0,0.001,2026-05-31 22:09:58.754669,20260531,XCU
Gate,XDC_USDT,XDC,USDT,USDT,,4.0,1e-05,2026-05-31 22:09:58.754669,20260531,XDC
Gate,XIAOMI_USDT,XIAOMI,USDT,USDT,,8.0,0.001,2026-05-31 22:09:58.754669,20260531,XIAOMI
Gate,XLM_USDT,XLM,USDT,USDT,,8.0,1e-05,2026-05-31 22:09:58.754669,20260531,XLM
Gate,XMR_USDT,XMR,USDT,USDT,,8.0,0.01,2026-05-31 22:09:58.754669,20260531,XMR
Gate,XNI_USDT,XNI,USDT,USDT,,8.0,0.01,2026-05-31 22:09:58.754669,20260531,XNI
Gate,XNO_USDT,XNO,USDT,USDT,,8.0,0.0001,2026-05-31 22:09:58.754669,20260531,XNO
Gate,XNY_USDT,XNY,USDT,USDT,,4.0,1e-06,2026-05-31 22:09:58.754669,20260531,XNY
Gate,XOM_USDT,XOM,USDT,USDT,,8.0,0.01,2026-05-31 22:09:58.754669,20260531,XOM
Gate,XPB_USDT,XPB,USDT,USDT,,8.0,0.01,2026-05-31 22:09:58.754669,20260531,XPB
Gate,XPD_USDT,XPD,USDT,USDT,,4.0,0.01,2026-05-31 22:09:58.754669,20260531,XPD
Gate,XPIN_USDT,XPIN,USDT,USDT,,8.0,1e-07,2026-05-31 22:09:58.754669,20260531,XPIN
Gate,XPL_USDT,XPL,USDT,USDT,,4.0,1e-05,2026-05-31 22:09:58.754669,20260531,XPL
Gate,XPT_USDT,XPT,USDT,USDT,,4.0,0.01,2026-05-31 22:09:58.754669,20260531,XPT
Gate,XRP_USDT,XRP,USDT,USDT,,8.0,0.0001,2026-05-31 22:09:58.754669,20260531,XRP
Gate,XTZ_USDT,XTZ,USDT,USDT,,8.0,0.0001,2026-05-31 22:09:58.754669,20260531,XTZ
Gate,XUNCE_USDT,XUNCE,USDT,USDT,,8.0,0.01,2026-05-31 22:09:58.754669,20260531,XUNCE
Gate,XVS_USDT,XVS,USDT,USDT,,8.0,0.001,2026-05-31 22:09:58.754669,20260531,XVS
Gate,YB_USDT,YB,USDT,USDT,,4.0,0.0001,2026-05-31 22:09:58.754669,20260531,YB
Gate,YFI_USDT,YFI,USDT,USDT,,8.0,0.1,2026-05-31 22:09:58.754669,20260531,YFI
Gate,YGG_USDT,YGG,USDT,USDT,,4.0,1e-05,2026-05-31 22:09:58.754669,20260531,YGG
Gate,ZAMA_USDT,ZAMA,USDT,USDT,,4.0,1e-05,2026-05-31 22:09:58.754669,20260531,ZAMA
Gate,ZBCN_USDT,ZBCN,USDT,USDT,,4.0,1e-07,2026-05-31 22:09:58.754669,20260531,ZBCN
Gate,ZBT_USDT,ZBT,USDT,USDT,,8.0,1e-05,2026-05-31 22:09:58.754669,20260531,ZBT
Gate,ZEC_USDT,ZEC,USDT,USDT,,8.0,0.01,2026-05-31 22:09:58.754669,20260531,ZEC
Gate,ZEREBRO_USDT,ZEREBRO,USDT,USDT,,4.0,1e-06,2026-05-31 22:09:58.754669,20260531,ZEREBRO
Gate,ZEST_USDT,ZEST,USDT,USDT,,4.0,1e-05,2026-05-31 22:09:58.754669,20260531,ZEST
Gate,ZETA_USDT,ZETA,USDT,USDT,,4.0,1e-05,2026-05-31 22:09:58.754669,20260531,ZETA
Gate,ZHIPU_USDT,ZHIPU,USDT,USDT,,8.0,0.01,2026-05-31 22:09:58.754669,20260531,ZHIPU
Gate,ZIL_USDT,ZIL,USDT,USDT,,4.0,1e-06,2026-05-31 22:09:58.754669,20260531,ZIL
Gate,ZKC_USDT,ZKC,USDT,USDT,,4.0,1e-05,2026-05-31 22:09:58.754669,20260531,ZKC
Gate,ZKJ_USDT,ZKJ,USDT,USDT,,4.0,1e-05,2026-05-31 22:09:58.754669,20260531,ZKJ
Gate,ZKP_USDT,ZKP,USDT,USDT,,4.0,1e-05,2026-05-31 22:09:58.754669,20260531,ZKP
Gate,ZK_USDT,ZK,USDT,USDT,,8.0,1e-05,2026-05-31 22:09:58.754669,20260531,ZK
Gate,ZORA_USDT,ZORA,USDT,USDT,,4.0,1e-05,2026-05-31 22:09:58.754669,20260531,ZORA
Gate,ZRO_USDT,ZRO,USDT,USDT,,4.0,0.001,2026-05-31 22:09:58.754669,20260531,ZRO
Gate,ZRX_USDT,ZRX,USDT,USDT,,8.0,1e-05,2026-05-31 22:09:58.754669,20260531,ZRX
Gate,币安人生_USDT,币安人生,USDT,USDT,,8.0,1e-05,2026-05-31 22:09:58.754669,20260531,币安人生
Gate,我踏马来了_USDT,我踏马来了,USDT,USDT,,8.0,1e-06,2026-05-31 22:09:58.754669,20260531,我踏马来了
Gate,老子_USDT,老子,USDT,USDT,,4.0,1e-07,2026-05-31 22:09:58.754669,20260531,老子
Gate,草根文化_USDT,草根文化,USDT,USDT,,1.0,1e-07,2026-05-31 22:09:58.754669,20260531,草根文化
Gate,龙虾_USDT,龙虾,USDT,USDT,,4.0,1e-06,2026-05-31 22:09:58.754669,20260531,龙虾
Gate,BTC_USD,BTC,USD,BTC,,8.0,0.1,2026-05-31 22:09:58.754669,20260531,BTC
HTX,BTC260605,BTC,USD,BTC,,,0.01,2026-05-31 22:09:58.754669,20260531,BTC260605
HTX,BTC260612,BTC,USD,BTC,,,0.01,2026-05-31 22:09:58.754669,20260531,BTC260612
HTX,BTC260626,BTC,USD,BTC,,,0.01,2026-05-31 22:09:58.754669,20260531,BTC260626
HTX,ETH260605,ETH,USD,ETH,,,0.001,2026-05-31 22:09:58.754669,20260531,ETH260605
HTX,ETH260612,ETH,USD,ETH,,,0.001,2026-05-31 22:09:58.754669,20260531,ETH260612
HTX,ETH260626,ETH,USD,ETH,,,0.001,2026-05-31 22:09:58.754669,20260531,ETH260626
HTX,TRX260605,TRX,USD,TRX,,,1e-05,2026-05-31 22:09:58.754669,20260531,TRX260605
HTX,TRX260612,TRX,USD,TRX,,,1e-05,2026-05-31 22:09:58.754669,20260531,TRX260612
HTX,BTC-USD,BTC,USD,BTC,,,0.1,2026-05-31 22:09:58.754669,20260531,BTC
HTX,ETH-USD,ETH,USD,ETH,,,0.01,2026-05-31 22:09:58.754669,20260531,ETH
HTX,LINK-USD,LINK,USD,LINK,,,0.0001,2026-05-31 22:09:58.754669,20260531,LINK
HTX,DOT-USD,DOT,USD,DOT,,,0.0001,2026-05-31 22:09:58.754669,20260531,DOT
HTX,ADA-USD,ADA,USD,ADA,,,1e-06,2026-05-31 22:09:58.754669,20260531,ADA
HTX,LTC-USD,LTC,USD,LTC,,,0.01,2026-05-31 22:09:58.754669,20260531,LTC
HTX,XRP-USD,XRP,USD,XRP,,,1e-05,2026-05-31 22:09:58.754669,20260531,XRP
HTX,TRX-USD,TRX,USD,TRX,,,1e-06,2026-05-31 22:09:58.754669,20260531,TRX
HTX,DOGE-USD,DOGE,USD,DOGE,,,1e-06,2026-05-31 22:09:58.754669,20260531,DOGE
HTX,BTC-USDT,BTC,USDT,USDT,,,0.1,2026-05-31 22:09:58.754669,20260531,BTC
HTX,ETH-USDT,ETH,USDT,USDT,,,0.01,2026-05-31 22:09:58.754669,20260531,ETH
HTX,LTC-USDT,LTC,USDT,USDT,,,0.01,2026-05-31 22:09:58.754669,20260531,LTC
HTX,DOGE-USDT,DOGE,USDT,USDT,,,1e-06,2026-05-31 22:09:58.754669,20260531,DOGE
HTX,SHIB-USDT,SHIB,USDT,USDT,,,1e-09,2026-05-31 22:09:58.754669,20260531,SHIB
HTX,ICP-USDT,ICP,USDT,USDT,,,0.001,2026-05-31 22:09:58.754669,20260531,ICP
HTX,XRP-USDT,XRP,USDT,USDT,,,1e-05,2026-05-31 22:09:58.754669,20260531,XRP
HTX,LINK-USDT,LINK,USDT,USDT,,,0.0001,2026-05-31 22:09:58.754669,20260531,LINK
HTX,TRX-USDT,TRX,USDT,USDT,,,1e-06,2026-05-31 22:09:58.754669,20260531,TRX
HTX,DOT-USDT,DOT,USDT,USDT,,,0.0001,2026-05-31 22:09:58.754669,20260531,DOT
HTX,ADA-USDT,ADA,USDT,USDT,,,1e-06,2026-05-31 22:09:58.754669,20260531,ADA
HTX,BCH-USDT,BCH,USDT,USDT,,,0.01,2026-05-31 22:09:58.754669,20260531,BCH
HTX,BSV-USDT,BSV,USDT,USDT,,,0.01,2026-05-31 22:09:58.754669,20260531,BSV
HTX,YFI-USDT,YFI,USDT,USDT,,,0.1,2026-05-31 22:09:58.754669,20260531,YFI
HTX,UNI-USDT,UNI,USDT,USDT,,,0.0001,2026-05-31 22:09:58.754669,20260531,UNI
HTX,FIL-USDT,FIL,USDT,USDT,,,0.001,2026-05-31 22:09:58.754669,20260531,FIL
HTX,BNB-USDT,BNB,USDT,USDT,,,0.001,2026-05-31 22:09:58.754669,20260531,BNB
HTX,ZEC-USDT,ZEC,USDT,USDT,,,0.01,2026-05-31 22:09:58.754669,20260531,ZEC
HTX,DASH-USDT,DASH,USDT,USDT,,,0.01,2026-05-31 22:09:58.754669,20260531,DASH
HTX,ETC-USDT,ETC,USDT,USDT,,,0.0001,2026-05-31 22:09:58.754669,20260531,ETC
HTX,ATOM-USDT,ATOM,USDT,USDT,,,0.0001,2026-05-31 22:09:58.754669,20260531,ATOM
HTX,AAVE-USDT,AAVE,USDT,USDT,,,0.001,2026-05-31 22:09:58.754669,20260531,AAVE
HTX,XLM-USDT,XLM,USDT,USDT,,,1e-05,2026-05-31 22:09:58.754669,20260531,XLM
HTX,SUSHI-USDT,SUSHI,USDT,USDT,,,0.0001,2026-05-31 22:09:58.754669,20260531,SUSHI
HTX,GRT-USDT,GRT,USDT,USDT,,,1e-05,2026-05-31 22:09:58.754669,20260531,GRT
HTX,1INCH-USDT,1INCH,USDT,USDT,,,0.0001,2026-05-31 22:09:58.754669,20260531,1INCH
HTX,CRV-USDT,CRV,USDT,USDT,,,0.0001,2026-05-31 22:09:58.754669,20260531,CRV
HTX,ALGO-USDT,ALGO,USDT,USDT,,,1e-05,2026-05-31 22:09:58.754669,20260531,ALGO
HTX,COMP-USDT,COMP,USDT,USDT,,,0.01,2026-05-31 22:09:58.754669,20260531,COMP
HTX,XMR-USDT,XMR,USDT,USDT,,,0.01,2026-05-31 22:09:58.754669,20260531,XMR
HTX,AVAX-USDT,AVAX,USDT,USDT,,,0.0001,2026-05-31 22:09:58.754669,20260531,AVAX
HTX,SOL-USDT,SOL,USDT,USDT,,,0.0001,2026-05-31 22:09:58.754669,20260531,SOL
HTX,SAND-USDT,SAND,USDT,USDT,,,1e-06,2026-05-31 22:09:58.754669,20260531,SAND
HTX,MASK-USDT,MASK,USDT,USDT,,,0.0001,2026-05-31 22:09:58.754669,20260531,MASK
HTX,NEAR-USDT,NEAR,USDT,USDT,,,0.001,2026-05-31 22:09:58.754669,20260531,NEAR
HTX,ZEN-USDT,ZEN,USDT,USDT,,,0.001,2026-05-31 22:09:58.754669,20260531,ZEN
HTX,LUNA-USDT,LUNA,USDT,USDT,,,1e-05,2026-05-31 22:09:58.754669,20260531,LUNA
HTX,CHZ-USDT,CHZ,USDT,USDT,,,1e-05,2026-05-31 22:09:58.754669,20260531,CHZ
HTX,ENJ-USDT,ENJ,USDT,USDT,,,1e-05,2026-05-31 22:09:58.754669,20260531,ENJ
HTX,HBAR-USDT,HBAR,USDT,USDT,,,1e-05,2026-05-31 22:09:58.754669,20260531,HBAR
HTX,BTT-USDT,BTT,USDT,USDT,,,1e-09,2026-05-31 22:09:58.754669,20260531,BTT
HTX,AXS-USDT,AXS,USDT,USDT,,,0.0001,2026-05-31 22:09:58.754669,20260531,AXS
HTX,DYDX-USDT,DYDX,USDT,USDT,,,0.0001,2026-05-31 22:09:58.754669,20260531,DYDX
HTX,OKB-USDT,OKB,USDT,USDT,,,0.01,2026-05-31 22:09:58.754669,20260531,OKB
HTX,GALA-USDT,GALA,USDT,USDT,,,1e-06,2026-05-31 22:09:58.754669,20260531,GALA
HTX,ENS-USDT,ENS,USDT,USDT,,,0.001,2026-05-31 22:09:58.754669,20260531,ENS
HTX,PEOPLE-USDT,PEOPLE,USDT,USDT,,,1e-05,2026-05-31 22:09:58.754669,20260531,PEOPLE
HTX,JST-USDT,JST,USDT,USDT,,,1e-06,2026-05-31 22:09:58.754669,20260531,JST
HTX,STEEM-USDT,STEEM,USDT,USDT,,,1e-05,2026-05-31 22:09:58.754669,20260531,STEEM
HTX,TRB-USDT,TRB,USDT,USDT,,,0.001,2026-05-31 22:09:58.754669,20260531,TRB
HTX,SUN-USDT,SUN,USDT,USDT,,,1e-06,2026-05-31 22:09:58.754669,20260531,SUN
HTX,MEME-USDT,MEME,USDT,USDT,,,1e-07,2026-05-31 22:09:58.754669,20260531,MEME
HTX,PAXG-USDT,PAXG,USDT,USDT,,,0.01,2026-05-31 22:09:58.754669,20260531,PAXG
HTX,INJ-USDT,INJ,USDT,USDT,,,0.001,2026-05-31 22:09:58.754669,20260531,INJ
HTX,META-USDT,META,USDT,USDT,,,0.01,2026-05-31 22:09:58.754669,20260531,META
HTX,LIT-USDT,LIT,USDT,USDT,,,0.0001,2026-05-31 22:09:58.754669,20260531,LIT
HTX,BOME-USDT,BOME,USDT,USDT,,,1e-07,2026-05-31 22:09:58.754669,20260531,BOME
HTX,BLUAI-USDT,BLUAI,USDT,USDT,,,1e-06,2026-05-31 22:09:58.754669,20260531,BLUAI
HTX,BONK-USDT,BONK,USDT,USDT,,,1e-09,2026-05-31 22:09:58.754669,20260531,BONK
HTX,MU-USDT,MU,USDT,USDT,,,0.01,2026-05-31 22:09:58.754669,20260531,MU
HTX,AAOI-USDT,AAOI,USDT,USDT,,,0.01,2026-05-31 22:09:58.754669,20260531,AAOI
HTX,APT-USDT,APT,USDT,USDT,,,0.0001,2026-05-31 22:09:58.754669,20260531,APT
HTX,PTB-USDT,PTB,USDT,USDT,,,1e-07,2026-05-31 22:09:58.754669,20260531,PTB
HTX,PUMP-USDT,PUMP,USDT,USDT,,,1e-06,2026-05-31 22:09:58.754669,20260531,PUMP
HTX,ARC-USDT,ARC,USDT,USDT,,,1e-05,2026-05-31 22:09:58.754669,20260531,ARC
HTX,USOIL-USDT,USOIL,USDT,USDT,,,0.01,2026-05-31 22:09:58.754669,20260531,USOIL
HTX,LDO-USDT,LDO,USDT,USDT,,,0.0001,2026-05-31 22:09:58.754669,20260531,LDO
HTX,SPCX-USDT,SPCX,USDT,USDT,,,0.01,2026-05-31 22:09:58.754669,20260531,SPCX
HTX,TON-USDT,TON,USDT,USDT,,,0.0001,2026-05-31 22:09:58.754669,20260531,TON
HTX,COST-USDT,COST,USDT,USDT,,,0.1,2026-05-31 22:09:58.754669,20260531,COST
HTX,DRAM-USDT,DRAM,USDT,USDT,,,0.01,2026-05-31 22:09:58.754669,20260531,DRAM
HTX,BLESS-USDT,BLESS,USDT,USDT,,,1e-06,2026-05-31 22:09:58.754669,20260531,BLESS
HTX,SEI-USDT,SEI,USDT,USDT,,,1e-05,2026-05-31 22:09:58.754669,20260531,SEI
HTX,IRYS-USDT,IRYS,USDT,USDT,,,1e-06,2026-05-31 22:09:58.754669,20260531,IRYS
HTX,ARB-USDT,ARB,USDT,USDT,,,0.0001,2026-05-31 22:09:58.754669,20260531,ARB
HTX,NBIS-USDT,NBIS,USDT,USDT,,,0.01,2026-05-31 22:09:58.754669,20260531,NBIS
HTX,ANTHROPIC-USDT,ANTHROPIC,USDT,USDT,,,0.1,2026-05-31 22:09:58.754669,20260531,ANTHROPIC
HTX,COPPER-USDT,COPPER,USDT,USDT,,,0.001,2026-05-31 22:09:58.754669,20260531,COPPER
HTX,NVDA-USDT,NVDA,USDT,USDT,,,0.01,2026-05-31 22:09:58.754669,20260531,NVDA
HTX,XAUT-USDT,XAUT,USDT,USDT,,,0.01,2026-05-31 22:09:58.754669,20260531,XAUT
HTX,龙虾-USDT,龙虾,USDT,USDT,,,1e-06,2026-05-31 22:09:58.754669,20260531,龙虾
HTX,CRCLX-USDT,CRCLX,USDT,USDT,,,0.01,2026-05-31 22:09:58.754669,20260531,CRCLX
HTX,CRWV-USDT,CRWV,USDT,USDT,,,0.01,2026-05-31 22:09:58.754669,20260531,CRWV
HTX,SIREN-USDT,SIREN,USDT,USDT,,,1e-05,2026-05-31 22:09:58.754669,20260531,SIREN
HTX,PAYP-USDT,PAYP,USDT,USDT,,,0.01,2026-05-31 22:09:58.754669,20260531,PAYP
HTX,RAVE-USDT,RAVE,USDT,USDT,,,1e-05,2026-05-31 22:09:58.754669,20260531,RAVE
HTX,CFG-USDT,CFG,USDT,USDT,,,0.0001,2026-05-31 22:09:58.754669,20260531,CFG
HTX,QCOM-USDT,QCOM,USDT,USDT,,,0.01,2026-05-31 22:09:58.754669,20260531,QCOM
HTX,RED-USDT,RED,USDT,USDT,,,0.0001,2026-05-31 22:09:58.754669,20260531,RED
HTX,UB-USDT,UB,USDT,USDT,,,1e-05,2026-05-31 22:09:58.754669,20260531,UB
HTX,SAGA-USDT,SAGA,USDT,USDT,,,1e-05,2026-05-31 22:09:58.754669,20260531,SAGA
HTX,ORCA-USDT,ORCA,USDT,USDT,,,0.001,2026-05-31 22:09:58.754669,20260531,ORCA
HTX,TIA-USDT,TIA,USDT,USDT,,,0.0001,2026-05-31 22:09:58.754669,20260531,TIA
HTX,PRL-USDT,PRL,USDT,USDT,,,0.0001,2026-05-31 22:09:58.755666,20260531,PRL
HTX,CFX-USDT,CFX,USDT,USDT,,,1e-05,2026-05-31 22:09:58.755666,20260531,CFX
HTX,PEPE-USDT,PEPE,USDT,USDT,,,1e-10,2026-05-31 22:09:58.755666,20260531,PEPE
HTX,PENGU-USDT,PENGU,USDT,USDT,,,1e-06,2026-05-31 22:09:58.755666,20260531,PENGU
HTX,DOGS-USDT,DOGS,USDT,USDT,,,1e-08,2026-05-31 22:09:58.755666,20260531,DOGS
HTX,BABA-USDT,BABA,USDT,USDT,,,0.01,2026-05-31 22:09:58.755666,20260531,BABA
HTX,BRENTOIL-USDT,BRENTOIL,USDT,USDT,,,0.01,2026-05-31 22:09:58.755666,20260531,BRENTOIL
HTX,MOODENG-USDT,MOODENG,USDT,USDT,,,1e-05,2026-05-31 22:09:58.755666,20260531,MOODENG
HTX,NASDAQ100-USDT,NASDAQ100,USDT,USDT,,,0.01,2026-05-31 22:09:58.755666,20260531,NASDAQ100
HTX,WLFI-USDT,WLFI,USDT,USDT,,,0.0001,2026-05-31 22:09:58.755666,20260531,WLFI
HTX,BIO-USDT,BIO,USDT,USDT,,,1e-05,2026-05-31 22:09:58.755666,20260531,BIO
HTX,ASML-USDT,ASML,USDT,USDT,,,0.01,2026-05-31 22:09:58.755666,20260531,ASML
HTX,SPX-USDT,SPX,USDT,USDT,,,0.0001,2026-05-31 22:09:58.755666,20260531,SPX
HTX,BRKB-USDT,BRKB,USDT,USDT,,,0.01,2026-05-31 22:09:58.755666,20260531,BRKB
HTX,BASED-USDT,BASED,USDT,USDT,,,1e-05,2026-05-31 22:09:58.755666,20260531,BASED
HTX,AVNT-USDT,AVNT,USDT,USDT,,,1e-05,2026-05-31 22:09:58.755666,20260531,AVNT
HTX,BEAT-USDT,BEAT,USDT,USDT,,,1e-05,2026-05-31 22:09:58.755666,20260531,BEAT
HTX,NATGAS-USDT,NATGAS,USDT,USDT,,,0.0001,2026-05-31 22:09:58.755666,20260531,NATGAS
HTX,FARTCOIN-USDT,FARTCOIN,USDT,USDT,,,1e-05,2026-05-31 22:09:58.755666,20260531,FARTCOIN
HTX,SNDK-USDT,SNDK,USDT,USDT,,,0.01,2026-05-31 22:09:58.755666,20260531,SNDK
HTX,NFLX-USDT,NFLX,USDT,USDT,,,0.001,2026-05-31 22:09:58.755666,20260531,NFLX
HTX,COHR-USDT,COHR,USDT,USDT,,,0.01,2026-05-31 22:09:58.755666,20260531,COHR
HTX,M-USDT,M,USDT,USDT,,,0.0001,2026-05-31 22:09:58.755666,20260531,M
HTX,ORDI-USDT,ORDI,USDT,USDT,,,0.001,2026-05-31 22:09:58.755666,20260531,ORDI
HTX,ZK-USDT,ZK,USDT,USDT,,,1e-05,2026-05-31 22:09:58.755666,20260531,ZK
HTX,ARIA-USDT,ARIA,USDT,USDT,,,0.0001,2026-05-31 22:09:58.755666,20260531,ARIA
HTX,0G-USDT,0G,USDT,USDT,,,0.0001,2026-05-31 22:09:58.755666,20260531,0G
HTX,WMT-USDT,WMT,USDT,USDT,,,0.01,2026-05-31 22:09:58.755666,20260531,WMT
HTX,MSFT-USDT,MSFT,USDT,USDT,,,0.01,2026-05-31 22:09:58.755666,20260531,MSFT
HTX,WIF-USDT,WIF,USDT,USDT,,,0.0001,2026-05-31 22:09:58.755666,20260531,WIF
HTX,STABLE-USDT,STABLE,USDT,USDT,,,1e-06,2026-05-31 22:09:58.755666,20260531,STABLE
HTX,ARM-USDT,ARM,USDT,USDT,,,0.01,2026-05-31 22:09:58.755666,20260531,ARM
HTX,HANA-USDT,HANA,USDT,USDT,,,1e-05,2026-05-31 22:09:58.755666,20260531,HANA
HTX,LLY-USDT,LLY,USDT,USDT,,,0.1,2026-05-31 22:09:58.755666,20260531,LLY
HTX,WDC-USDT,WDC,USDT,USDT,,,0.1,2026-05-31 22:09:58.755666,20260531,WDC
HTX,TURBO-USDT,TURBO,USDT,USDT,,,1e-07,2026-05-31 22:09:58.755666,20260531,TURBO
HTX,RIVER-USDT,RIVER,USDT,USDT,,,0.001,2026-05-31 22:09:58.755666,20260531,RIVER
HTX,EWY-USDT,EWY,USDT,USDT,,,0.01,2026-05-31 22:09:58.755666,20260531,EWY
HTX,GENIUS-USDT,GENIUS,USDT,USDT,,,0.0001,2026-05-31 22:09:58.755666,20260531,GENIUS
HTX,CAKE-USDT,CAKE,USDT,USDT,,,0.0001,2026-05-31 22:09:58.755666,20260531,CAKE
HTX,我踏马来了-USDT,我踏马来了,USDT,USDT,,,1e-06,2026-05-31 22:09:58.755666,20260531,我踏马来了
HTX,KAS-USDT,KAS,USDT,USDT,,,1e-05,2026-05-31 22:09:58.755666,20260531,KAS
HTX,TRUMP-USDT,TRUMP,USDT,USDT,,,0.001,2026-05-31 22:09:58.755666,20260531,TRUMP
HTX,DIS-USDT,DIS,USDT,USDT,,,0.01,2026-05-31 22:09:58.755666,20260531,DIS
HTX,RESOLV-USDT,RESOLV,USDT,USDT,,,1e-05,2026-05-31 22:09:58.755666,20260531,RESOLV
HTX,SPK-USDT,SPK,USDT,USDT,,,1e-05,2026-05-31 22:09:58.755666,20260531,SPK
HTX,BSB-USDT,BSB,USDT,USDT,,,1e-05,2026-05-31 22:09:58.755666,20260531,BSB
HTX,XPL-USDT,XPL,USDT,USDT,,,0.0001,2026-05-31 22:09:58.755666,20260531,XPL
HTX,BILL-USDT,BILL,USDT,USDT,,,1e-05,2026-05-31 22:09:58.755666,20260531,BILL
HTX,PNUT-USDT,PNUT,USDT,USDT,,,1e-05,2026-05-31 22:09:58.755666,20260531,PNUT
HTX,VIRTUAL-USDT,VIRTUAL,USDT,USDT,,,0.0001,2026-05-31 22:09:58.755666,20260531,VIRTUAL
HTX,KGEN-USDT,KGEN,USDT,USDT,,,1e-05,2026-05-31 22:09:58.755666,20260531,KGEN
HTX,MELANIA-USDT,MELANIA,USDT,USDT,,,0.0001,2026-05-31 22:09:58.755666,20260531,MELANIA
HTX,EWJ-USDT,EWJ,USDT,USDT,,,0.001,2026-05-31 22:09:58.755666,20260531,EWJ
HTX,IP-USDT,IP,USDT,USDT,,,1e-05,2026-05-31 22:09:58.755666,20260531,IP
HTX,CSCO-USDT,CSCO,USDT,USDT,,,0.01,2026-05-31 22:09:58.755666,20260531,CSCO
HTX,ALCH-USDT,ALCH,USDT,USDT,,,1e-05,2026-05-31 22:09:58.755666,20260531,ALCH
HTX,W-USDT,W,USDT,USDT,,,1e-05,2026-05-31 22:09:58.755666,20260531,W
HTX,XPD-USDT,XPD,USDT,USDT,,,0.01,2026-05-31 22:09:58.755666,20260531,XPD
HTX,OPENAI-USDT,OPENAI,USDT,USDT,,,0.1,2026-05-31 22:09:58.755666,20260531,OPENAI
HTX,ORCL-USDT,ORCL,USDT,USDT,,,0.01,2026-05-31 22:09:58.755666,20260531,ORCL
HTX,LAB-USDT,LAB,USDT,USDT,,,0.0001,2026-05-31 22:09:58.755666,20260531,LAB
HTX,OPG-USDT,OPG,USDT,USDT,,,0.0001,2026-05-31 22:09:58.755666,20260531,OPG
HTX,HIMS-USDT,HIMS,USDT,USDT,,,0.001,2026-05-31 22:09:58.755666,20260531,HIMS
HTX,OPN-USDT,OPN,USDT,USDT,,,0.0001,2026-05-31 22:09:58.755666,20260531,OPN
HTX,ENA-USDT,ENA,USDT,USDT,,,1e-05,2026-05-31 22:09:58.755666,20260531,ENA
HTX,RATS-USDT,RATS,USDT,USDT,,,1e-07,2026-05-31 22:09:58.755666,20260531,RATS
HTX,TRIA-USDT,TRIA,USDT,USDT,,,1e-05,2026-05-31 22:09:58.755666,20260531,TRIA
HTX,ZBT-USDT,ZBT,USDT,USDT,,,1e-05,2026-05-31 22:09:58.755666,20260531,ZBT
HTX,EDEN-USDT,EDEN,USDT,USDT,,,1e-05,2026-05-31 22:09:58.755666,20260531,EDEN
HTX,GRASS-USDT,GRASS,USDT,USDT,,,0.0001,2026-05-31 22:09:58.755666,20260531,GRASS
HTX,SKYAI-USDT,SKYAI,USDT,USDT,,,1e-05,2026-05-31 22:09:58.755666,20260531,SKYAI
HTX,IO-USDT,IO,USDT,USDT,,,0.0001,2026-05-31 22:09:58.755666,20260531,IO
HTX,JPM-USDT,JPM,USDT,USDT,,,0.01,2026-05-31 22:09:58.755666,20260531,JPM
HTX,SOXL-USDT,SOXL,USDT,USDT,,,0.01,2026-05-31 22:09:58.755666,20260531,SOXL
HTX,NOT-USDT,NOT,USDT,USDT,,,1e-07,2026-05-31 22:09:58.755666,20260531,NOT
HTX,SPACEX-USDT,SPACEX,USDT,USDT,,,0.1,2026-05-31 22:09:58.755666,20260531,SPACEX
HTX,XPT-USDT,XPT,USDT,USDT,,,0.01,2026-05-31 22:09:58.755666,20260531,XPT
HTX,RKLB-USDT,RKLB,USDT,USDT,,,0.01,2026-05-31 22:09:58.755666,20260531,RKLB
HTX,FOLKS-USDT,FOLKS,USDT,USDT,,,0.001,2026-05-31 22:09:58.755666,20260531,FOLKS
HTX,KAT-USDT,KAT,USDT,USDT,,,1e-05,2026-05-31 22:09:58.755666,20260531,KAT
HTX,BE-USDT,BE,USDT,USDT,,,0.01,2026-05-31 22:09:58.755666,20260531,BE
HTX,SPY-USDT,SPY,USDT,USDT,,,0.01,2026-05-31 22:09:58.755666,20260531,SPY
HTX,TSLAX-USDT,TSLAX,USDT,USDT,,,0.01,2026-05-31 22:09:58.755666,20260531,TSLAX
HTX,ETHFI-USDT,ETHFI,USDT,USDT,,,0.0001,2026-05-31 22:09:58.755666,20260531,ETHFI
HTX,GOOGL-USDT,GOOGL,USDT,USDT,,,0.01,2026-05-31 22:09:58.755666,20260531,GOOGL
HTX,AAPL-USDT,AAPL,USDT,USDT,,,0.01,2026-05-31 22:09:58.755666,20260531,AAPL
HTX,CBRS-USDT,CBRS,USDT,USDT,,,0.01,2026-05-31 22:09:58.755666,20260531,CBRS
HTX,MEGA-USDT,MEGA,USDT,USDT,,,1e-05,2026-05-31 22:09:58.755666,20260531,MEGA
HTX,GME-USDT,GME,USDT,USDT,,,0.01,2026-05-31 22:09:58.755666,20260531,GME
HTX,POWER-USDT,POWER,USDT,USDT,,,1e-05,2026-05-31 22:09:58.755666,20260531,POWER
HTX,KAITO-USDT,KAITO,USDT,USDT,,,0.0001,2026-05-31 22:09:58.755666,20260531,KAITO
HTX,XAU-USDT,XAU,USDT,USDT,,,0.01,2026-05-31 22:09:58.755666,20260531,XAU
HTX,SPX500-USDT,SPX500,USDT,USDT,,,0.1,2026-05-31 22:09:58.755666,20260531,SPX500
HTX,FLNC-USDT,FLNC,USDT,USDT,,,0.01,2026-05-31 22:09:58.755666,20260531,FLNC
HTX,CTR-USDT,CTR,USDT,USDT,,,1e-05,2026-05-31 22:09:58.755666,20260531,CTR
HTX,XLE-USDT,XLE,USDT,USDT,,,0.001,2026-05-31 22:09:58.755666,20260531,XLE
HTX,PENDLE-USDT,PENDLE,USDT,USDT,,,0.0001,2026-05-31 22:09:58.755666,20260531,PENDLE
HTX,LITE-USDT,LITE,USDT,USDT,,,0.1,2026-05-31 22:09:58.755666,20260531,LITE
HTX,WLD-USDT,WLD,USDT,USDT,,,0.0001,2026-05-31 22:09:58.755666,20260531,WLD
HTX,OP-USDT,OP,USDT,USDT,,,0.0001,2026-05-31 22:09:58.755666,20260531,OP
HTX,HOODX-USDT,HOODX,USDT,USDT,,,0.01,2026-05-31 22:09:58.755666,20260531,HOODX
HTX,SUI-USDT,SUI,USDT,USDT,,,0.0001,2026-05-31 22:09:58.755666,20260531,SUI
HTX,SPACE-USDT,SPACE,USDT,USDT,,,1e-06,2026-05-31 22:09:58.755666,20260531,SPACE
HTX,QQQ-USDT,QQQ,USDT,USDT,,,0.01,2026-05-31 22:09:58.755666,20260531,QQQ
HTX,XAG-USDT,XAG,USDT,USDT,,,0.01,2026-05-31 22:09:58.755666,20260531,XAG
HTX,PLTRX-USDT,PLTRX,USDT,USDT,,,0.01,2026-05-31 22:09:58.755666,20260531,PLTRX
HTX,SHLD-USDT,SHLD,USDT,USDT,,,0.01,2026-05-31 22:09:58.755666,20260531,SHLD
HTX,GLW-USDT,GLW,USDT,USDT,,,0.01,2026-05-31 22:09:58.755666,20260531,GLW
HTX,BMNR-USDT,BMNR,USDT,USDT,,,0.001,2026-05-31 22:09:58.755666,20260531,BMNR
HTX,CHIP-USDT,CHIP,USDT,USDT,,,1e-05,2026-05-31 22:09:58.755666,20260531,CHIP
HTX,PYTH-USDT,PYTH,USDT,USDT,,,1e-05,2026-05-31 22:09:58.755666,20260531,PYTH
HTX,HYPE-USDT,HYPE,USDT,USDT,,,0.001,2026-05-31 22:09:58.755666,20260531,HYPE
HTX,ONDO-USDT,ONDO,USDT,USDT,,,0.0001,2026-05-31 22:09:58.755666,20260531,ONDO
HTX,HD-USDT,HD,USDT,USDT,,,0.01,2026-05-31 22:09:58.755666,20260531,HD
HTX,JUP-USDT,JUP,USDT,USDT,,,0.0001,2026-05-31 22:09:58.755666,20260531,JUP
HTX,UBER-USDT,UBER,USDT,USDT,,,0.01,2026-05-31 22:09:58.755666,20260531,UBER
HTX,SENT-USDT,SENT,USDT,USDT,,,1e-05,2026-05-31 22:09:58.755666,20260531,SENT
HTX,TAO-USDT,TAO,USDT,USDT,,,0.01,2026-05-31 22:09:58.755666,20260531,TAO
HTX,USAR-USDT,USAR,USDT,USDT,,,0.01,2026-05-31 22:09:58.755666,20260531,USAR
HTX,AMD-USDT,AMD,USDT,USDT,,,0.01,2026-05-31 22:09:58.755666,20260531,AMD
HTX,TSM-USDT,TSM,USDT,USDT,,,0.01,2026-05-31 22:09:58.755666,20260531,TSM
HTX,STO-USDT,STO,USDT,USDT,,,1e-05,2026-05-31 22:09:58.755666,20260531,STO
HTX,PIPPIN-USDT,PIPPIN,USDT,USDT,,,1e-05,2026-05-31 22:09:58.755666,20260531,PIPPIN
HTX,POL-USDT,POL,USDT,USDT,,,1e-05,2026-05-31 22:09:58.755666,20260531,POL
HTX,MSTRX-USDT,MSTRX,USDT,USDT,,,0.01,2026-05-31 22:09:58.755666,20260531,MSTRX
HTX,SSV-USDT,SSV,USDT,USDT,,,0.001,2026-05-31 22:09:58.755666,20260531,SSV
HTX,AMZNX-USDT,AMZNX,USDT,USDT,,,0.01,2026-05-31 22:09:58.755666,20260531,AMZNX
HTX,MYX-USDT,MYX,USDT,USDT,,,1e-05,2026-05-31 22:09:58.755666,20260531,MYX
HTX,PIEVERSE-USDT,PIEVERSE,USDT,USDT,,,0.0001,2026-05-31 22:09:58.755666,20260531,PIEVERSE
HTX,H-USDT,H,USDT,USDT,,,1e-05,2026-05-31 22:09:58.755666,20260531,H
HTX,币安人生-USDT,币安人生,USDT,USDT,,,1e-05,2026-05-31 22:09:58.755666,20260531,币安人生
HTX,ASTER-USDT,ASTER,USDT,USDT,,,0.0001,2026-05-31 22:09:58.755666,20260531,ASTER
HTX,AIGENSYN-USDT,AIGENSYN,USDT,USDT,,,1e-05,2026-05-31 22:09:58.755666,20260531,AIGENSYN
HTX,MRVL-USDT,MRVL,USDT,USDT,,,0.01,2026-05-31 22:09:58.755666,20260531,MRVL
HTX,GIGGLE-USDT,GIGGLE,USDT,USDT,,,0.01,2026-05-31 22:09:58.755666,20260531,GIGGLE
HTX,V-USDT,V,USDT,USDT,,,0.01,2026-05-31 22:09:58.755666,20260531,V
HTX,COINX-USDT,COINX,USDT,USDT,,,0.01,2026-05-31 22:09:58.755666,20260531,COINX
HTX,EDGE-USDT,EDGE,USDT,USDT,,,0.0001,2026-05-31 22:09:58.755666,20260531,EDGE
HTX,FHE-USDT,FHE,USDT,USDT,,,1e-05,2026-05-31 22:09:58.755666,20260531,FHE
HTX,AVGO-USDT,AVGO,USDT,USDT,,,0.01,2026-05-31 22:09:58.755666,20260531,AVGO
HTX,BREV-USDT,BREV,USDT,USDT,,,0.0001,2026-05-31 22:09:58.755666,20260531,BREV
HTX,FLOKI-USDT,FLOKI,USDT,USDT,,,1e-08,2026-05-31 22:09:58.755666,20260531,FLOKI
HTX,INTCX-USDT,INTCX,USDT,USDT,,,0.01,2026-05-31 22:09:58.755666,20260531,INTCX
HTX,ZRO-USDT,ZRO,USDT,USDT,,,0.0001,2026-05-31 22:09:58.755666,20260531,ZRO
HTX,WIN-USDT,WIN,USDT,USDT,,,1e-08,2026-05-31 22:09:58.755666,20260531,WIN
HTX,APE-USDT,APE,USDT,USDT,,,0.0001,2026-05-31 22:09:58.755666,20260531,APE
HTX,GMT-USDT,GMT,USDT,USDT,,,1e-05,2026-05-31 22:09:58.755666,20260531,GMT
Hyperliquid,BTC-USD,BTC,USD,USDC,40.0,1.0,0.1,2026-05-31 22:09:58.755666,20260531,BTC
Hyperliquid,ETH-USD,ETH,USD,USDC,25.0,1.0,0.1,2026-05-31 22:09:58.755666,20260531,ETH
Hyperliquid,ATOM-USD,ATOM,USD,USDC,5.0,1.0,0.0001,2026-05-31 22:09:58.755666,20260531,ATOM
Hyperliquid,MATIC-USD,MATIC,USD,USDC,20.0,1.0,1e-05,2026-05-31 22:09:58.755666,20260531,MATIC
Hyperliquid,DYDX-USD,DYDX,USD,USDC,5.0,1.0,1e-05,2026-05-31 22:09:58.755666,20260531,DYDX
Hyperliquid,SOL-USD,SOL,USD,USDC,20.0,1.0,0.001,2026-05-31 22:09:58.755666,20260531,SOL
Hyperliquid,AVAX-USD,AVAX,USD,USDC,10.0,1.0,0.0001,2026-05-31 22:09:58.755666,20260531,AVAX
Hyperliquid,BNB-USD,BNB,USD,USDC,10.0,1.0,0.01,2026-05-31 22:09:58.755666,20260531,BNB
Hyperliquid,APE-USD,APE,USD,USDC,5.0,1.0,1e-05,2026-05-31 22:09:58.755666,20260531,APE
Hyperliquid,OP-USD,OP,USD,USDC,5.0,1.0,0.0001,2026-05-31 22:09:58.755666,20260531,OP
Hyperliquid,LTC-USD,LTC,USD,USDC,10.0,1.0,0.001,2026-05-31 22:09:58.755666,20260531,LTC
Hyperliquid,ARB-USD,ARB,USD,USDC,10.0,1.0,0.0001,2026-05-31 22:09:58.755666,20260531,ARB
Hyperliquid,DOGE-USD,DOGE,USD,USDC,10.0,1.0,1e-05,2026-05-31 22:09:58.755666,20260531,DOGE
Hyperliquid,INJ-USD,INJ,USD,USDC,5.0,1.0,0.0001,2026-05-31 22:09:58.755666,20260531,INJ
Hyperliquid,SUI-USD,SUI,USD,USDC,10.0,1.0,1e-05,2026-05-31 22:09:58.755666,20260531,SUI
Hyperliquid,kPEPE-USD,kPEPE,USD,USDC,10.0,1.0,1e-06,2026-05-31 22:09:58.755666,20260531,kPEPE
Hyperliquid,CRV-USD,CRV,USD,USDC,10.0,1.0,0.0001,2026-05-31 22:09:58.755666,20260531,CRV
Hyperliquid,LDO-USD,LDO,USD,USDC,5.0,1.0,1e-05,2026-05-31 22:09:58.755666,20260531,LDO
Hyperliquid,LINK-USD,LINK,USD,USDC,10.0,1.0,0.0001,2026-05-31 22:09:58.755666,20260531,LINK
Hyperliquid,STX-USD,STX,USD,USDC,5.0,1.0,1e-05,2026-05-31 22:09:58.755666,20260531,STX
Hyperliquid,RNDR-USD,RNDR,USD,USDC,20.0,1.0,0.0001,2026-05-31 22:09:58.755666,20260531,RNDR
Hyperliquid,CFX-USD,CFX,USD,USDC,5.0,1.0,1e-06,2026-05-31 22:09:58.755666,20260531,CFX
Hyperliquid,FTM-USD,FTM,USD,USDC,10.0,1.0,1e-05,2026-05-31 22:09:58.755666,20260531,FTM
Hyperliquid,GMX-USD,GMX,USD,USDC,3.0,1.0,0.001,2026-05-31 22:09:58.755666,20260531,GMX
Hyperliquid,SNX-USD,SNX,USD,USDC,3.0,1.0,1e-05,2026-05-31 22:09:58.755666,20260531,SNX
Hyperliquid,XRP-USD,XRP,USD,USDC,20.0,1.0,0.0001,2026-05-31 22:09:58.755666,20260531,XRP
Hyperliquid,BCH-USD,BCH,USD,USDC,10.0,1.0,0.01,2026-05-31 22:09:58.755666,20260531,BCH
Hyperliquid,APT-USD,APT,USD,USDC,10.0,1.0,0.001,2026-05-31 22:09:58.755666,20260531,APT
Hyperliquid,AAVE-USD,AAVE,USD,USDC,10.0,1.0,0.001,2026-05-31 22:09:58.755666,20260531,AAVE
Hyperliquid,COMP-USD,COMP,USD,USDC,5.0,1.0,0.01,2026-05-31 22:09:58.755666,20260531,COMP
Hyperliquid,MKR-USD,MKR,USD,USDC,10.0,1.0,0.1,2026-05-31 22:09:58.755666,20260531,MKR
Hyperliquid,WLD-USD,WLD,USD,USDC,10.0,1.0,1e-05,2026-05-31 22:09:58.755666,20260531,WLD
Hyperliquid,FXS-USD,FXS,USD,USDC,5.0,1.0,1e-05,2026-05-31 22:09:58.755666,20260531,FXS
Hyperliquid,HPOS-USD,HPOS,USD,USDC,3.0,1.0,1e-06,2026-05-31 22:09:58.755666,20260531,HPOS
Hyperliquid,RLB-USD,RLB,USD,USDC,3.0,1.0,0.001,2026-05-31 22:09:58.755666,20260531,RLB
Hyperliquid,UNIBOT-USD,UNIBOT,USD,USDC,3.0,1.0,0.001,2026-05-31 22:09:58.755666,20260531,UNIBOT
Hyperliquid,YGG-USD,YGG,USD,USDC,3.0,1.0,1e-06,2026-05-31 22:09:58.755666,20260531,YGG
Hyperliquid,TRX-USD,TRX,USD,USDC,10.0,1.0,1e-05,2026-05-31 22:09:58.755666,20260531,TRX
Hyperliquid,kSHIB-USD,kSHIB,USD,USDC,10.0,1.0,1e-06,2026-05-31 22:09:58.755666,20260531,kSHIB
Hyperliquid,UNI-USD,UNI,USD,USDC,10.0,1.0,0.0001,2026-05-31 22:09:58.755666,20260531,UNI
Hyperliquid,SEI-USD,SEI,USD,USDC,5.0,1.0,1e-06,2026-05-31 22:09:58.755666,20260531,SEI
Hyperliquid,RUNE-USD,RUNE,USD,USDC,5.0,1.0,1e-05,2026-05-31 22:09:58.755666,20260531,RUNE
Hyperliquid,OX-USD,OX,USD,USDC,3.0,1.0,1e-06,2026-05-31 22:09:58.755666,20260531,OX
Hyperliquid,FRIEND-USD,FRIEND,USD,USDC,3.0,1.0,0.01,2026-05-31 22:09:58.755666,20260531,FRIEND
Hyperliquid,SHIA-USD,SHIA,USD,USDC,3.0,1.0,1e-06,2026-05-31 22:09:58.755666,20260531,SHIA
Hyperliquid,CYBER-USD,CYBER,USD,USDC,3.0,1.0,0.0001,2026-05-31 22:09:58.755666,20260531,CYBER
Hyperliquid,ZRO-USD,ZRO,USD,USDC,5.0,1.0,0.001,2026-05-31 22:09:58.755666,20260531,ZRO
Hyperliquid,BLZ-USD,BLZ,USD,USDC,5.0,1.0,1e-06,2026-05-31 22:09:58.755666,20260531,BLZ
Hyperliquid,DOT-USD,DOT,USD,USDC,10.0,1.0,0.0001,2026-05-31 22:09:58.755666,20260531,DOT
Hyperliquid,BANANA-USD,BANANA,USD,USDC,3.0,1.0,0.001,2026-05-31 22:09:58.755666,20260531,BANANA
Hyperliquid,TRB-USD,TRB,USD,USDC,3.0,1.0,0.001,2026-05-31 22:09:58.755666,20260531,TRB
Hyperliquid,FTT-USD,FTT,USD,USDC,3.0,1.0,1e-05,2026-05-31 22:09:58.755666,20260531,FTT
Hyperliquid,LOOM-USD,LOOM,USD,USDC,10.0,1.0,1e-06,2026-05-31 22:09:58.755666,20260531,LOOM
Hyperliquid,OGN-USD,OGN,USD,USDC,3.0,1.0,1e-06,2026-05-31 22:09:58.755666,20260531,OGN
Hyperliquid,RDNT-USD,RDNT,USD,USDC,5.0,1.0,1e-06,2026-05-31 22:09:58.755666,20260531,RDNT
Hyperliquid,ARK-USD,ARK,USD,USDC,3.0,1.0,1e-05,2026-05-31 22:09:58.755666,20260531,ARK
Hyperliquid,BNT-USD,BNT,USD,USDC,3.0,1.0,1e-05,2026-05-31 22:09:58.755666,20260531,BNT
Hyperliquid,CANTO-USD,CANTO,USD,USDC,5.0,1.0,0.001,2026-05-31 22:09:58.755666,20260531,CANTO
Hyperliquid,REQ-USD,REQ,USD,USDC,3.0,1.0,1e-05,2026-05-31 22:09:58.755666,20260531,REQ
Hyperliquid,BIGTIME-USD,BIGTIME,USD,USDC,3.0,1.0,1e-06,2026-05-31 22:09:58.755666,20260531,BIGTIME
Hyperliquid,KAS-USD,KAS,USD,USDC,3.0,1.0,1e-06,2026-05-31 22:09:58.755666,20260531,KAS
Hyperliquid,ORBS-USD,ORBS,USD,USDC,3.0,1.0,1e-05,2026-05-31 22:09:58.755666,20260531,ORBS
Hyperliquid,BLUR-USD,BLUR,USD,USDC,3.0,1.0,1e-06,2026-05-31 22:09:58.755666,20260531,BLUR
Hyperliquid,TIA-USD,TIA,USD,USDC,5.0,1.0,1e-05,2026-05-31 22:09:58.755666,20260531,TIA
Hyperliquid,BSV-USD,BSV,USD,USDC,3.0,1.0,0.001,2026-05-31 22:09:58.755666,20260531,BSV
Hyperliquid,ADA-USD,ADA,USD,USDC,10.0,1.0,1e-05,2026-05-31 22:09:58.755666,20260531,ADA
Hyperliquid,TON-USD,TON,USD,USDC,10.0,1.0,0.001,2026-05-31 22:09:58.755666,20260531,TON
Hyperliquid,MINA-USD,MINA,USD,USDC,3.0,1.0,1e-05,2026-05-31 22:09:58.755666,20260531,MINA
Hyperliquid,POLYX-USD,POLYX,USD,USDC,3.0,1.0,1e-06,2026-05-31 22:09:58.755666,20260531,POLYX
Hyperliquid,GAS-USD,GAS,USD,USDC,3.0,1.0,0.0001,2026-05-31 22:09:58.755666,20260531,GAS
Hyperliquid,PENDLE-USD,PENDLE,USD,USDC,5.0,1.0,0.0001,2026-05-31 22:09:58.755666,20260531,PENDLE
Hyperliquid,STG-USD,STG,USD,USDC,3.0,1.0,1e-05,2026-05-31 22:09:58.755666,20260531,STG
Hyperliquid,FET-USD,FET,USD,USDC,5.0,1.0,1e-05,2026-05-31 22:09:58.755666,20260531,FET
Hyperliquid,STRAX-USD,STRAX,USD,USDC,10.0,1.0,0.0001,2026-05-31 22:09:58.755666,20260531,STRAX
Hyperliquid,NEAR-USD,NEAR,USD,USDC,10.0,1.0,0.0001,2026-05-31 22:09:58.755666,20260531,NEAR
Hyperliquid,MEME-USD,MEME,USD,USDC,3.0,1.0,1e-05,2026-05-31 22:09:58.755666,20260531,MEME
Hyperliquid,ORDI-USD,ORDI,USD,USDC,3.0,1.0,0.0001,2026-05-31 22:09:58.755666,20260531,ORDI
Hyperliquid,BADGER-USD,BADGER,USD,USDC,5.0,1.0,1e-05,2026-05-31 22:09:58.755666,20260531,BADGER
Hyperliquid,NEO-USD,NEO,USD,USDC,5.0,1.0,0.0001,2026-05-31 22:09:58.755666,20260531,NEO
Hyperliquid,ZEN-USD,ZEN,USD,USDC,5.0,1.0,0.0001,2026-05-31 22:09:58.755666,20260531,ZEN
Hyperliquid,FIL-USD,FIL,USD,USDC,5.0,1.0,0.0001,2026-05-31 22:09:58.755666,20260531,FIL
Hyperliquid,PYTH-USD,PYTH,USD,USDC,5.0,1.0,1e-05,2026-05-31 22:09:58.755666,20260531,PYTH
Hyperliquid,SUSHI-USD,SUSHI,USD,USDC,3.0,1.0,0.0001,2026-05-31 22:09:58.756664,20260531,SUSHI
Hyperliquid,ILV-USD,ILV,USD,USDC,3.0,1.0,0.001,2026-05-31 22:09:58.756664,20260531,ILV
Hyperliquid,IMX-USD,IMX,USD,USDC,5.0,1.0,1e-05,2026-05-31 22:09:58.756664,20260531,IMX
Hyperliquid,kBONK-USD,kBONK,USD,USDC,10.0,1.0,1e-06,2026-05-31 22:09:58.756664,20260531,kBONK
Hyperliquid,GMT-USD,GMT,USD,USDC,3.0,1.0,1e-06,2026-05-31 22:09:58.756664,20260531,GMT
Hyperliquid,SUPER-USD,SUPER,USD,USDC,3.0,1.0,1e-05,2026-05-31 22:09:58.756664,20260531,SUPER
Hyperliquid,USTC-USD,USTC,USD,USDC,3.0,1.0,1e-06,2026-05-31 22:09:58.756664,20260531,USTC
Hyperliquid,NFTI-USD,NFTI,USD,USDC,3.0,1.0,0.0001,2026-05-31 22:09:58.756664,20260531,NFTI
Hyperliquid,JUP-USD,JUP,USD,USDC,10.0,1.0,1e-05,2026-05-31 22:09:58.756664,20260531,JUP
Hyperliquid,kLUNC-USD,kLUNC,USD,USDC,3.0,1.0,1e-06,2026-05-31 22:09:58.756664,20260531,kLUNC
Hyperliquid,RSR-USD,RSR,USD,USDC,3.0,1.0,1e-06,2026-05-31 22:09:58.756664,20260531,RSR
Hyperliquid,GALA-USD,GALA,USD,USDC,3.0,1.0,1e-06,2026-05-31 22:09:58.756664,20260531,GALA
Hyperliquid,JTO-USD,JTO,USD,USDC,5.0,1.0,1e-05,2026-05-31 22:09:58.756664,20260531,JTO
Hyperliquid,NTRN-USD,NTRN,USD,USDC,3.0,1.0,0.0001,2026-05-31 22:09:58.756664,20260531,NTRN
Hyperliquid,ACE-USD,ACE,USD,USDC,3.0,1.0,0.0001,2026-05-31 22:09:58.756664,20260531,ACE
Hyperliquid,MAV-USD,MAV,USD,USDC,3.0,1.0,1e-06,2026-05-31 22:09:58.756664,20260531,MAV
Hyperliquid,WIF-USD,WIF,USD,USDC,5.0,1.0,1e-05,2026-05-31 22:09:58.756664,20260531,WIF
Hyperliquid,CAKE-USD,CAKE,USD,USDC,3.0,1.0,0.0001,2026-05-31 22:09:58.756664,20260531,CAKE
Hyperliquid,PEOPLE-USD,PEOPLE,USD,USDC,3.0,1.0,1e-06,2026-05-31 22:09:58.756664,20260531,PEOPLE
Hyperliquid,ENS-USD,ENS,USD,USDC,5.0,1.0,0.0001,2026-05-31 22:09:58.756664,20260531,ENS
Hyperliquid,ETC-USD,ETC,USD,USDC,5.0,1.0,0.0001,2026-05-31 22:09:58.756664,20260531,ETC
Hyperliquid,XAI-USD,XAI,USD,USDC,3.0,1.0,1e-05,2026-05-31 22:09:58.756664,20260531,XAI
Hyperliquid,MANTA-USD,MANTA,USD,USDC,3.0,1.0,0.0001,2026-05-31 22:09:58.756664,20260531,MANTA
Hyperliquid,UMA-USD,UMA,USD,USDC,3.0,1.0,1e-05,2026-05-31 22:09:58.756664,20260531,UMA
Hyperliquid,ONDO-USD,ONDO,USD,USDC,10.0,1.0,0.001,2026-05-31 22:09:58.756664,20260531,ONDO
Hyperliquid,ALT-USD,ALT,USD,USDC,3.0,1.0,1e-06,2026-05-31 22:09:58.756664,20260531,ALT
Hyperliquid,ZETA-USD,ZETA,USD,USDC,3.0,1.0,1e-05,2026-05-31 22:09:58.756664,20260531,ZETA
Hyperliquid,DYM-USD,DYM,USD,USDC,3.0,1.0,1e-05,2026-05-31 22:09:58.756664,20260531,DYM
Hyperliquid,MAVIA-USD,MAVIA,USD,USDC,3.0,1.0,1e-05,2026-05-31 22:09:58.756664,20260531,MAVIA
Hyperliquid,W-USD,W,USD,USDC,5.0,1.0,0.0001,2026-05-31 22:09:58.756664,20260531,W
Hyperliquid,PANDORA-USD,PANDORA,USD,USDC,3.0,1.0,0.1,2026-05-31 22:09:58.756664,20260531,PANDORA
Hyperliquid,STRK-USD,STRK,USD,USDC,5.0,1.0,1e-05,2026-05-31 22:09:58.756664,20260531,STRK
Hyperliquid,PIXEL-USD,PIXEL,USD,USDC,3.0,1.0,1e-06,2026-05-31 22:09:58.756664,20260531,PIXEL
Hyperliquid,AI-USD,AI,USD,USDC,3.0,1.0,1e-05,2026-05-31 22:09:58.756664,20260531,AI
Hyperliquid,TAO-USD,TAO,USD,USDC,5.0,1.0,0.01,2026-05-31 22:09:58.756664,20260531,TAO
Hyperliquid,AR-USD,AR,USD,USDC,5.0,1.0,0.0001,2026-05-31 22:09:58.756664,20260531,AR
Hyperliquid,MYRO-USD,MYRO,USD,USDC,3.0,1.0,1e-06,2026-05-31 22:09:58.756664,20260531,MYRO
Hyperliquid,kFLOKI-USD,kFLOKI,USD,USDC,5.0,1.0,1e-06,2026-05-31 22:09:58.756664,20260531,kFLOKI
Hyperliquid,BOME-USD,BOME,USD,USDC,3.0,1.0,1e-06,2026-05-31 22:09:58.756664,20260531,BOME
Hyperliquid,ETHFI-USD,ETHFI,USD,USDC,5.0,1.0,0.0001,2026-05-31 22:09:58.756664,20260531,ETHFI
Hyperliquid,ENA-USD,ENA,USD,USDC,10.0,1.0,1e-06,2026-05-31 22:09:58.756664,20260531,ENA
Hyperliquid,MNT-USD,MNT,USD,USDC,5.0,1.0,1e-05,2026-05-31 22:09:58.756664,20260531,MNT
Hyperliquid,TNSR-USD,TNSR,USD,USDC,3.0,1.0,1e-05,2026-05-31 22:09:58.756664,20260531,TNSR
Hyperliquid,SAGA-USD,SAGA,USD,USDC,3.0,1.0,1e-05,2026-05-31 22:09:58.756664,20260531,SAGA
Hyperliquid,MERL-USD,MERL,USD,USDC,3.0,1.0,1e-05,2026-05-31 22:09:58.756664,20260531,MERL
Hyperliquid,HBAR-USD,HBAR,USD,USDC,5.0,1.0,1e-06,2026-05-31 22:09:58.756664,20260531,HBAR
Hyperliquid,POPCAT-USD,POPCAT,USD,USDC,3.0,1.0,1e-06,2026-05-31 22:09:58.756664,20260531,POPCAT
Hyperliquid,OMNI-USD,OMNI,USD,USDC,3.0,1.0,0.0001,2026-05-31 22:09:58.756664,20260531,OMNI
Hyperliquid,EIGEN-USD,EIGEN,USD,USDC,5.0,1.0,0.0001,2026-05-31 22:09:58.756664,20260531,EIGEN
Hyperliquid,REZ-USD,REZ,USD,USDC,3.0,1.0,1e-06,2026-05-31 22:09:58.756664,20260531,REZ
Hyperliquid,NOT-USD,NOT,USD,USDC,3.0,1.0,1e-06,2026-05-31 22:09:58.756664,20260531,NOT
Hyperliquid,TURBO-USD,TURBO,USD,USDC,3.0,1.0,1e-06,2026-05-31 22:09:58.756664,20260531,TURBO
Hyperliquid,BRETT-USD,BRETT,USD,USDC,3.0,1.0,0.0001,2026-05-31 22:09:58.756664,20260531,BRETT
Hyperliquid,IO-USD,IO,USD,USDC,3.0,1.0,1e-05,2026-05-31 22:09:58.756664,20260531,IO
Hyperliquid,ZK-USD,ZK,USD,USDC,5.0,1.0,1e-06,2026-05-31 22:09:58.756664,20260531,ZK
Hyperliquid,BLAST-USD,BLAST,USD,USDC,3.0,1.0,1e-06,2026-05-31 22:09:58.756664,20260531,BLAST
Hyperliquid,LISTA-USD,LISTA,USD,USDC,3.0,1.0,1e-05,2026-05-31 22:09:58.756664,20260531,LISTA
Hyperliquid,MEW-USD,MEW,USD,USDC,3.0,1.0,1e-05,2026-05-31 22:09:58.756664,20260531,MEW
Hyperliquid,RENDER-USD,RENDER,USD,USDC,5.0,1.0,0.0001,2026-05-31 22:09:58.756664,20260531,RENDER
Hyperliquid,kDOGS-USD,kDOGS,USD,USDC,3.0,1.0,1e-05,2026-05-31 22:09:58.756664,20260531,kDOGS
Hyperliquid,POL-USD,POL,USD,USDC,5.0,1.0,1e-06,2026-05-31 22:09:58.756664,20260531,POL
Hyperliquid,CATI-USD,CATI,USD,USDC,3.0,1.0,1e-06,2026-05-31 22:09:58.756664,20260531,CATI
Hyperliquid,CELO-USD,CELO,USD,USDC,3.0,1.0,1e-06,2026-05-31 22:09:58.756664,20260531,CELO
Hyperliquid,HMSTR-USD,HMSTR,USD,USDC,3.0,1.0,1e-06,2026-05-31 22:09:58.756664,20260531,HMSTR
Hyperliquid,SCR-USD,SCR,USD,USDC,3.0,1.0,1e-05,2026-05-31 22:09:58.756664,20260531,SCR
Hyperliquid,NEIROETH-USD,NEIROETH,USD,USDC,5.0,1.0,1e-05,2026-05-31 22:09:58.756664,20260531,NEIROETH
Hyperliquid,kNEIRO-USD,kNEIRO,USD,USDC,3.0,1.0,1e-05,2026-05-31 22:09:58.756664,20260531,kNEIRO
Hyperliquid,GOAT-USD,GOAT,USD,USDC,3.0,1.0,1e-06,2026-05-31 22:09:58.756664,20260531,GOAT
Hyperliquid,MOODENG-USD,MOODENG,USD,USDC,3.0,1.0,1e-06,2026-05-31 22:09:58.756664,20260531,MOODENG
Hyperliquid,GRASS-USD,GRASS,USD,USDC,3.0,1.0,1e-05,2026-05-31 22:09:58.756664,20260531,GRASS
Hyperliquid,PURR-USD,PURR,USD,USDC,3.0,1.0,1e-05,2026-05-31 22:09:58.756664,20260531,PURR
Hyperliquid,PNUT-USD,PNUT,USD,USDC,3.0,1.0,1e-05,2026-05-31 22:09:58.756664,20260531,PNUT
Hyperliquid,XLM-USD,XLM,USD,USDC,5.0,1.0,1e-05,2026-05-31 22:09:58.756664,20260531,XLM
Hyperliquid,CHILLGUY-USD,CHILLGUY,USD,USDC,3.0,1.0,1e-06,2026-05-31 22:09:58.756664,20260531,CHILLGUY
Hyperliquid,SAND-USD,SAND,USD,USDC,5.0,1.0,1e-06,2026-05-31 22:09:58.756664,20260531,SAND
Hyperliquid,IOTA-USD,IOTA,USD,USDC,3.0,1.0,1e-06,2026-05-31 22:09:58.756664,20260531,IOTA
Hyperliquid,ALGO-USD,ALGO,USD,USDC,5.0,1.0,1e-05,2026-05-31 22:09:58.756664,20260531,ALGO
Hyperliquid,HYPE-USD,HYPE,USD,USDC,10.0,1.0,0.001,2026-05-31 22:09:58.756664,20260531,HYPE
Hyperliquid,ME-USD,ME,USD,USDC,3.0,1.0,1e-05,2026-05-31 22:09:58.756664,20260531,ME
Hyperliquid,MOVE-USD,MOVE,USD,USDC,3.0,1.0,1e-06,2026-05-31 22:09:58.756664,20260531,MOVE
Hyperliquid,VIRTUAL-USD,VIRTUAL,USD,USDC,5.0,1.0,1e-05,2026-05-31 22:09:58.756664,20260531,VIRTUAL
Hyperliquid,PENGU-USD,PENGU,USD,USDC,5.0,1.0,1e-05,2026-05-31 22:09:58.756664,20260531,PENGU
Hyperliquid,USUAL-USD,USUAL,USD,USDC,3.0,1.0,1e-05,2026-05-31 22:09:58.756664,20260531,USUAL
Hyperliquid,FARTCOIN-USD,FARTCOIN,USD,USDC,10.0,1.0,1e-05,2026-05-31 22:09:58.756664,20260531,FARTCOIN
Hyperliquid,AI16Z-USD,AI16Z,USD,USDC,5.0,1.0,1e-05,2026-05-31 22:09:58.756664,20260531,AI16Z
Hyperliquid,AIXBT-USD,AIXBT,USD,USDC,3.0,1.0,1e-06,2026-05-31 22:09:58.756664,20260531,AIXBT
Hyperliquid,ZEREBRO-USD,ZEREBRO,USD,USDC,3.0,1.0,1e-06,2026-05-31 22:09:58.756664,20260531,ZEREBRO
Hyperliquid,BIO-USD,BIO,USD,USDC,3.0,1.0,1e-06,2026-05-31 22:09:58.756664,20260531,BIO
Hyperliquid,GRIFFAIN-USD,GRIFFAIN,USD,USDC,3.0,1.0,1e-06,2026-05-31 22:09:58.756664,20260531,GRIFFAIN
Hyperliquid,SPX-USD,SPX,USD,USDC,5.0,1.0,0.0001,2026-05-31 22:09:58.756664,20260531,SPX
Hyperliquid,S-USD,S,USD,USDC,5.0,1.0,1e-06,2026-05-31 22:09:58.756664,20260531,S
Hyperliquid,MORPHO-USD,MORPHO,USD,USDC,5.0,1.0,0.001,2026-05-31 22:09:58.756664,20260531,MORPHO
Hyperliquid,TRUMP-USD,TRUMP,USD,USDC,10.0,1.0,0.001,2026-05-31 22:09:58.756664,20260531,TRUMP
Hyperliquid,MELANIA-USD,MELANIA,USD,USDC,3.0,1.0,1e-05,2026-05-31 22:09:58.756664,20260531,MELANIA
Hyperliquid,ANIME-USD,ANIME,USD,USDC,3.0,1.0,1e-06,2026-05-31 22:09:58.756664,20260531,ANIME
Hyperliquid,VINE-USD,VINE,USD,USDC,3.0,1.0,1e-06,2026-05-31 22:09:58.756664,20260531,VINE
Hyperliquid,VVV-USD,VVV,USD,USDC,3.0,1.0,0.001,2026-05-31 22:09:58.756664,20260531,VVV
Hyperliquid,JELLY-USD,JELLY,USD,USDC,3.0,1.0,1e-06,2026-05-31 22:09:58.756664,20260531,JELLY
Hyperliquid,BERA-USD,BERA,USD,USDC,5.0,1.0,0.0001,2026-05-31 22:09:58.756664,20260531,BERA
Hyperliquid,TST-USD,TST,USD,USDC,3.0,1.0,1e-06,2026-05-31 22:09:58.756664,20260531,TST
Hyperliquid,LAYER-USD,LAYER,USD,USDC,3.0,1.0,1e-06,2026-05-31 22:09:58.756664,20260531,LAYER
Hyperliquid,IP-USD,IP,USD,USDC,3.0,1.0,1e-05,2026-05-31 22:09:58.756664,20260531,IP
Hyperliquid,OM-USD,OM,USD,USDC,3.0,1.0,1e-05,2026-05-31 22:09:58.756664,20260531,OM
Hyperliquid,KAITO-USD,KAITO,USD,USDC,5.0,1.0,0.0001,2026-05-31 22:09:58.756664,20260531,KAITO
Hyperliquid,NIL-USD,NIL,USD,USDC,3.0,1.0,1e-05,2026-05-31 22:09:58.756664,20260531,NIL
Hyperliquid,PAXG-USD,PAXG,USD,USDC,10.0,1.0,0.1,2026-05-31 22:09:58.756664,20260531,PAXG
Hyperliquid,PROMPT-USD,PROMPT,USD,USDC,3.0,1.0,1e-05,2026-05-31 22:09:58.756664,20260531,PROMPT
Hyperliquid,BABY-USD,BABY,USD,USDC,3.0,1.0,1e-06,2026-05-31 22:09:58.756664,20260531,BABY
Hyperliquid,WCT-USD,WCT,USD,USDC,3.0,1.0,1e-06,2026-05-31 22:09:58.756664,20260531,WCT
Hyperliquid,HYPER-USD,HYPER,USD,USDC,3.0,1.0,1e-06,2026-05-31 22:09:58.756664,20260531,HYPER
Hyperliquid,ZORA-USD,ZORA,USD,USDC,3.0,1.0,1e-06,2026-05-31 22:09:58.756664,20260531,ZORA
Hyperliquid,INIT-USD,INIT,USD,USDC,3.0,1.0,1e-06,2026-05-31 22:09:58.756664,20260531,INIT
Hyperliquid,DOOD-USD,DOOD,USD,USDC,3.0,1.0,1e-06,2026-05-31 22:09:58.756664,20260531,DOOD
Hyperliquid,LAUNCHCOIN-USD,LAUNCHCOIN,USD,USDC,3.0,1.0,1e-06,2026-05-31 22:09:58.756664,20260531,LAUNCHCOIN
Hyperliquid,NXPC-USD,NXPC,USD,USDC,3.0,1.0,1e-05,2026-05-31 22:09:58.756664,20260531,NXPC
Hyperliquid,SOPH-USD,SOPH,USD,USDC,3.0,1.0,1e-06,2026-05-31 22:09:58.756664,20260531,SOPH
Hyperliquid,RESOLV-USD,RESOLV,USD,USDC,3.0,1.0,1e-06,2026-05-31 22:09:58.756664,20260531,RESOLV
Hyperliquid,SYRUP-USD,SYRUP,USD,USDC,3.0,1.0,1e-05,2026-05-31 22:09:58.756664,20260531,SYRUP
Hyperliquid,PUMP-USD,PUMP,USD,USDC,10.0,1.0,1e-05,2026-05-31 22:09:58.756664,20260531,PUMP
Hyperliquid,PROVE-USD,PROVE,USD,USDC,3.0,1.0,1e-05,2026-05-31 22:09:58.756664,20260531,PROVE
Hyperliquid,YZY-USD,YZY,USD,USDC,3.0,1.0,1e-05,2026-05-31 22:09:58.756664,20260531,YZY
Hyperliquid,XPL-USD,XPL,USD,USDC,10.0,1.0,1e-06,2026-05-31 22:09:58.756664,20260531,XPL
Hyperliquid,WLFI-USD,WLFI,USD,USDC,5.0,1.0,1e-06,2026-05-31 22:09:58.756664,20260531,WLFI
Hyperliquid,LINEA-USD,LINEA,USD,USDC,3.0,1.0,1e-06,2026-05-31 22:09:58.756664,20260531,LINEA
Hyperliquid,SKY-USD,SKY,USD,USDC,3.0,1.0,1e-06,2026-05-31 22:09:58.756664,20260531,SKY
Hyperliquid,ASTER-USD,ASTER,USD,USDC,5.0,1.0,1e-05,2026-05-31 22:09:58.756664,20260531,ASTER
Hyperliquid,AVNT-USD,AVNT,USD,USDC,5.0,1.0,1e-05,2026-05-31 22:09:58.756664,20260531,AVNT
Hyperliquid,STBL-USD,STBL,USD,USDC,3.0,1.0,1e-06,2026-05-31 22:09:58.756664,20260531,STBL
Hyperliquid,0G-USD,0G,USD,USDC,3.0,1.0,1e-05,2026-05-31 22:09:58.756664,20260531,0G
Hyperliquid,HEMI-USD,HEMI,USD,USDC,3.0,1.0,1e-06,2026-05-31 22:09:58.756664,20260531,HEMI
Hyperliquid,APEX-USD,APEX,USD,USDC,3.0,1.0,1e-05,2026-05-31 22:09:58.756664,20260531,APEX
Hyperliquid,2Z-USD,2Z,USD,USDC,3.0,1.0,1e-06,2026-05-31 22:09:58.756664,20260531,2Z
Hyperliquid,ZEC-USD,ZEC,USD,USDC,10.0,1.0,0.01,2026-05-31 22:09:58.756664,20260531,ZEC
Hyperliquid,MON-USD,MON,USD,USDC,5.0,1.0,1e-06,2026-05-31 22:09:58.756664,20260531,MON
Hyperliquid,MET-USD,MET,USD,USDC,3.0,1.0,1e-05,2026-05-31 22:09:58.756664,20260531,MET
Hyperliquid,MEGA-USD,MEGA,USD,USDC,3.0,1.0,1e-06,2026-05-31 22:09:58.756664,20260531,MEGA
Hyperliquid,CC-USD,CC,USD,USDC,3.0,1.0,1e-05,2026-05-31 22:09:58.756664,20260531,CC
Hyperliquid,ICP-USD,ICP,USD,USDC,5.0,1.0,0.0001,2026-05-31 22:09:58.756664,20260531,ICP
Hyperliquid,AERO-USD,AERO,USD,USDC,3.0,1.0,1e-05,2026-05-31 22:09:58.756664,20260531,AERO
Hyperliquid,STABLE-USD,STABLE,USD,USDC,3.0,1.0,1e-06,2026-05-31 22:09:58.756664,20260531,STABLE
Hyperliquid,FOGO-USD,FOGO,USD,USDC,3.0,1.0,1e-06,2026-05-31 22:09:58.756664,20260531,FOGO
Hyperliquid,LIT-USD,LIT,USD,USDC,5.0,1.0,0.0001,2026-05-31 22:09:58.756664,20260531,LIT
Hyperliquid,XMR-USD,XMR,USD,USDC,5.0,1.0,0.1,2026-05-31 22:09:58.756664,20260531,XMR
Hyperliquid,AXS-USD,AXS,USD,USDC,5.0,1.0,0.0001,2026-05-31 22:09:58.756664,20260531,AXS
Hyperliquid,DASH-USD,DASH,USD,USDC,5.0,1.0,0.001,2026-05-31 22:09:58.756664,20260531,DASH
Hyperliquid,SKR-USD,SKR,USD,USDC,3.0,1.0,1e-06,2026-05-31 22:09:58.756664,20260531,SKR
Hyperliquid,AZTEC-USD,AZTEC,USD,USDC,3.0,1.0,1e-05,2026-05-31 22:09:58.756664,20260531,AZTEC
Hyperliquid,CHIP-USD,CHIP,USD,USDC,3.0,1.0,1e-06,2026-05-31 22:09:58.756664,20260531,CHIP
Kraken,PF_AUCTIONUSD,AUCTION,USDT,USDT,,1.0,0.0001,2026-05-31 22:09:58.756664,20260531,PF
Kraken,PF_ALTUSD,ALT,USDT,USDT,,1.0,1e-06,2026-05-31 22:09:58.756664,20260531,PF
Kraken,PF_PENGUUSD,PENGU,USDT,USDT,,1.0,1e-07,2026-05-31 22:09:58.756664,20260531,PF
Kraken,PF_CRCLXUSD,CRCLX,USDT,USDT,,1.0,0.001,2026-05-31 22:09:58.756664,20260531,PF
Kraken,PF_RENDERUSD,RENDER,USDT,USDT,,1.0,1e-05,2026-05-31 22:09:58.756664,20260531,PF
Kraken,PF_ARBUSD,ARB,USDT,USDT,,1.0,1e-05,2026-05-31 22:09:58.756664,20260531,PF
Kraken,PF_PYTHUSD,PYTH,USDT,USDT,,1.0,1e-06,2026-05-31 22:09:58.756664,20260531,PF
Kraken,PF_MEWUSD,MEW,USDT,USDT,,1.0,1e-08,2026-05-31 22:09:58.756664,20260531,PF
Kraken,PF_SPYXUSD,SPYX,USDT,USDT,,1.0,0.001,2026-05-31 22:09:58.756664,20260531,PF
Kraken,PF_SKLUSD,SKL,USDT,USDT,,1.0,1e-07,2026-05-31 22:09:58.756664,20260531,PF
Kraken,PF_CELOUSD,CELO,USDT,USDT,,1.0,1e-06,2026-05-31 22:09:58.756664,20260531,PF
Kraken,PF_C98USD,C98,USDT,USDT,,1.0,1e-05,2026-05-31 22:09:58.756664,20260531,PF_C98USD
Kraken,PF_EURUSD,EUR,USDT,USDT,,1.0,0.0001,2026-05-31 22:09:58.756664,20260531,PF
Kraken,PF_JTOUSD,JTO,USDT,USDT,,1.0,1e-05,2026-05-31 22:09:58.756664,20260531,PF
Kraken,PF_LUNA2USD,LUNA2,USDT,USDT,,1.0,0.0001,2026-05-31 22:09:58.756664,20260531,PF_LUNA2USD
Kraken,PF_SUSD,S,USDT,USDT,,1.0,1e-06,2026-05-31 22:09:58.756664,20260531,PF
Kraken,PF_FLUXUSD,FLUX,USDT,USDT,,1.0,1e-05,2026-05-31 22:09:58.756664,20260531,PF
Kraken,PF_JPYUSD,JPY,USDT,USDT,,1.0,1e-11,2026-05-31 22:09:58.756664,20260531,PF
Kraken,FI_XBTUSD_260925,BTC,USD,BTC,,,0.01,2026-05-31 22:09:58.756664,20260531,FI_XBTUSD_260925
Kraken,PF_MNTUSD,MNT,USDT,USDT,,1.0,1e-06,2026-05-31 22:09:58.756664,20260531,PF
Kraken,FI_XRPUSD_250131,XRP,USD,XRP,,,1e-05,2026-05-31 22:09:58.756664,20260531,FI_XRPUSD_250131
Kraken,PF_CETUSUSD,CETUS,USDT,USDT,,1.0,1e-06,2026-05-31 22:09:58.756664,20260531,PF
Kraken,PF_NEOUSD,NEO,USDT,USDT,,1.0,1e-05,2026-05-31 22:09:58.756664,20260531,PF
Kraken,PF_MORPHOUSD,MORPHO,USDT,USDT,,1.0,1e-06,2026-05-31 22:09:58.756664,20260531,PF
Kraken,PF_STBLUSD,STBL,USDT,USDT,,1.0,1e-06,2026-05-31 22:09:58.756664,20260531,PF
Kraken,PF_OPENUSD,OPEN,USDT,USDT,,1.0,1e-05,2026-05-31 22:09:58.756664,20260531,PF
Kraken,PF_TURBOUSD,TURBO,USDT,USDT,,1.0,1e-08,2026-05-31 22:09:58.756664,20260531,PF
Kraken,PF_1INCHUSD,1INCH,USDT,USDT,,1.0,1e-06,2026-05-31 22:09:58.756664,20260531,PF_1INCHUSD
Kraken,PF_INITUSD,INIT,USDT,USDT,,1.0,1e-06,2026-05-31 22:09:58.756664,20260531,PF
Kraken,PF_2ZUSD,2Z,USDT,USDT,,1.0,1e-06,2026-05-31 22:09:58.756664,20260531,PF_2ZUSD
Kraken,PF_CATUSD,CAT,USDT,USDT,,1.0,1e-11,2026-05-31 22:09:58.756664,20260531,PF
Kraken,PF_FLRUSD,FLR,USDT,USDT,,1.0,1e-07,2026-05-31 22:09:58.756664,20260531,PF
Kraken,PF_BNTUSD,BNT,USDT,USDT,,1.0,1e-06,2026-05-31 22:09:58.756664,20260531,PF
Kraken,PF_BELUSD,BEL,USDT,USDT,,1.0,1e-06,2026-05-31 22:09:58.756664,20260531,PF
Kraken,PF_JUPUSD,JUP,USDT,USDT,,1.0,1e-06,2026-05-31 22:09:58.756664,20260531,PF
Kraken,PF_DEXEUSD,DEXE,USDT,USDT,,1.0,0.0001,2026-05-31 22:09:58.756664,20260531,PF
Kraken,PF_DOGSUSD,DOGS,USDT,USDT,,1.0,1e-09,2026-05-31 22:09:58.756664,20260531,PF
Kraken,PF_AAPLXUSD,AAPLX,USDT,USDT,,1.0,0.001,2026-05-31 22:09:58.756664,20260531,PF
Kraken,PF_TIAUSD,TIA,USDT,USDT,,1.0,1e-05,2026-05-31 22:09:58.756664,20260531,PF
Kraken,PF_RARIUSD,RARI,USDT,USDT,,1.0,1e-05,2026-05-31 22:09:58.756664,20260531,PF
Kraken,PF_BANANAUSD,BANANA,USDT,USDT,,1.0,0.0001,2026-05-31 22:09:58.756664,20260531,PF
Kraken,PF_ICXUSD,ICX,USDT,USDT,,1.0,1e-06,2026-05-31 22:09:58.756664,20260531,PF
Kraken,PF_XMRUSD,XMR,USDT,USDT,,1.0,0.001,2026-05-31 22:09:58.756664,20260531,PF
Kraken,PF_XRPUSD,XRP,USDT,USDT,,1.0,1e-05,2026-05-31 22:09:58.756664,20260531,PF
Kraken,PF_THETAUSD,THETA,USDT,USDT,,1.0,1e-05,2026-05-31 22:09:58.756664,20260531,PF
Kraken,PF_BIGTIMEUSD,BIGTIME,USDT,USDT,,1.0,1e-07,2026-05-31 22:09:58.756664,20260531,PF
Kraken,PF_IOTAUSD,IOTA,USDT,USDT,,1.0,1e-06,2026-05-31 22:09:58.756664,20260531,PF
Kraken,PF_XCNUSD,XCN,USDT,USDT,,1.0,1e-06,2026-05-31 22:09:58.756664,20260531,PF
Kraken,PF_WLDUSD,WLD,USDT,USDT,,1.0,1e-05,2026-05-31 22:09:58.756664,20260531,PF
Kraken,PF_CKBUSD,CKB,USDT,USDT,,1.0,1e-08,2026-05-31 22:09:58.756664,20260531,PF
Kraken,PF_STEEMUSD,STEEM,USDT,USDT,,1.0,1e-06,2026-05-31 22:09:58.756664,20260531,PF
Kraken,PF_BLURUSD,BLUR,USDT,USDT,,1.0,1e-06,2026-05-31 22:09:58.756664,20260531,PF
Kraken,PF_ENSUSD,ENS,USDT,USDT,,1.0,0.0001,2026-05-31 22:09:58.756664,20260531,PF
Kraken,FF_ETHUSD_260626,ETH,USDT,USDT,,,0.01,2026-05-31 22:09:58.756664,20260531,FF_ETHUSD_260626
Kraken,PF_MOVRUSD,MOVR,USDT,USDT,,1.0,0.0001,2026-05-31 22:09:58.756664,20260531,PF
Kraken,PF_SYRUPUSD,SYRUP,USDT,USDT,,1.0,1e-06,2026-05-31 22:09:58.756664,20260531,PF
Kraken,PF_ONEUSD,ONE,USDT,USDT,,1.0,1e-07,2026-05-31 22:09:58.756664,20260531,PF
Kraken,PF_OMIUSD,OMI,USDT,USDT,,1.0,1e-09,2026-05-31 22:09:58.756664,20260531,PF
Kraken,PF_OXTUSD,OXT,USDT,USDT,,1.0,1e-05,2026-05-31 22:09:58.756664,20260531,PF
Kraken,PF_PENDLEUSD,PENDLE,USDT,USDT,,1.0,1e-05,2026-05-31 22:09:58.756664,20260531,PF
Kraken,PF_AVAXUSD,AVAX,USDT,USDT,,1.0,0.0001,2026-05-31 22:09:58.756664,20260531,PF
Kraken,PF_GRTUSD,GRT,USDT,USDT,,1.0,1e-05,2026-05-31 22:09:58.756664,20260531,PF
Kraken,PF_ORDIUSD,ORDI,USDT,USDT,,1.0,0.0001,2026-05-31 22:09:58.756664,20260531,PF
Kraken,PF_WTIOILUSD,WTIOIL,USDT,USDT,,1.0,0.0001,2026-05-31 22:09:58.756664,20260531,PF
Kraken,PF_AEVOUSD,AEVO,USDT,USDT,,1.0,1e-06,2026-05-31 22:09:58.756664,20260531,PF
Kraken,PF_LINKUSD,LINK,USDT,USDT,,1.0,0.01,2026-05-31 22:09:58.756664,20260531,PF
Kraken,PF_USUALUSD,USUAL,USDT,USDT,,1.0,1e-06,2026-05-31 22:09:58.756664,20260531,PF
Kraken,PF_APTUSD,APT,USDT,USDT,,1.0,1e-05,2026-05-31 22:09:58.756664,20260531,PF
Kraken,PF_AIXBTUSD,AIXBT,USDT,USDT,,1.0,1e-06,2026-05-31 22:09:58.756664,20260531,PF
Kraken,PF_YGGUSD,YGG,USDT,USDT,,1.0,1e-06,2026-05-31 22:09:58.756664,20260531,PF
Kraken,PF_TAOUSD,TAO,USDT,USDT,,1.0,0.001,2026-05-31 22:09:58.756664,20260531,PF
Kraken,PF_PIXELUSD,PIXEL,USDT,USDT,,1.0,1e-06,2026-05-31 22:09:58.756664,20260531,PF
Kraken,PF_ALCHUSD,ALCH,USDT,USDT,,1.0,1e-06,2026-05-31 22:09:58.756664,20260531,PF
Kraken,PF_SUSHIUSD,SUSHI,USDT,USDT,,1.0,1e-05,2026-05-31 22:09:58.756664,20260531,PF
Kraken,PI_XBTUSD,BTC,USD,BTC,,1.0,0.01,2026-05-31 22:09:58.756664,20260531,PI
Kraken,PF_ALGOUSD,ALGO,USDT,USDT,,1.0,1e-06,2026-05-31 22:09:58.756664,20260531,PF
Kraken,PF_LQTYUSD,LQTY,USDT,USDT,,1.0,1e-05,2026-05-31 22:09:58.756664,20260531,PF
Kraken,PF_ANIMEUSD,ANIME,USDT,USDT,,1.0,1e-07,2026-05-31 22:09:58.756664,20260531,PF
Kraken,PF_STXUSD,STX,USDT,USDT,,1.0,1e-05,2026-05-31 22:09:58.756664,20260531,PF
Kraken,PF_MEUSD,ME,USDT,USDT,,1.0,1e-05,2026-05-31 22:09:58.756664,20260531,PF
Kraken,PF_ORDERUSD,ORDER,USDT,USDT,,1.0,1e-07,2026-05-31 22:09:58.757661,20260531,PF
Kraken,PF_TSLAXUSD,TSLAX,USDT,USDT,,1.0,0.001,2026-05-31 22:09:58.757661,20260531,PF
Kraken,PF_MOGUSD,MOG,USDT,USDT,,1.0,1e-11,2026-05-31 22:09:58.757661,20260531,PF
Kraken,PF_INJUSD,INJ,USDT,USDT,,1.0,0.0001,2026-05-31 22:09:58.757661,20260531,PF
Kraken,PF_MSTRXUSD,MSTRX,USDT,USDT,,1.0,0.001,2026-05-31 22:09:58.757661,20260531,PF
Kraken,PF_KAVAUSD,KAVA,USDT,USDT,,1.0,1e-06,2026-05-31 22:09:58.757661,20260531,PF
Kraken,PF_WUSD,W,USDT,USDT,,1.0,1e-06,2026-05-31 22:09:58.757661,20260531,PF
Kraken,PF_BSUUSD,BSU,USDT,USDT,,1.0,1e-06,2026-05-31 22:09:58.757661,20260531,PF
Kraken,PF_COTIUSD,COTI,USDT,USDT,,1.0,1e-07,2026-05-31 22:09:58.757661,20260531,PF
Kraken,PF_ENAUSD,ENA,USDT,USDT,,1.0,1e-06,2026-05-31 22:09:58.757661,20260531,PF
Kraken,PF_AAVEUSD,AAVE,USDT,USDT,,1.0,0.0001,2026-05-31 22:09:58.757661,20260531,PF
Kraken,PF_WIFUSD,WIF,USDT,USDT,,1.0,1e-05,2026-05-31 22:09:58.757661,20260531,PF
Kraken,PF_BCHUSD,BCH,USDT,USDT,,1.0,0.1,2026-05-31 22:09:58.757661,20260531,PF
Kraken,PF_SUIUSD,SUI,USDT,USDT,,1.0,1e-05,2026-05-31 22:09:58.757661,20260531,PF
Kraken,PF_DEEPUSD,DEEP,USDT,USDT,,1.0,1e-07,2026-05-31 22:09:58.757661,20260531,PF
Kraken,PF_WOOUSD,WOO,USDT,USDT,,1.0,1e-06,2026-05-31 22:09:58.757661,20260531,PF
Kraken,PF_GALAUSD,GALA,USDT,USDT,,1.0,1e-07,2026-05-31 22:09:58.757661,20260531,PF
Kraken,PF_SAGAUSD,SAGA,USDT,USDT,,1.0,1e-05,2026-05-31 22:09:58.757661,20260531,PF
Kraken,PF_MTLUSD,MTL,USDT,USDT,,1.0,1e-05,2026-05-31 22:09:58.757661,20260531,PF
Kraken,FI_LTCUSD_250131,LTC,USD,LTC,,,0.0001,2026-05-31 22:09:58.757661,20260531,FI_LTCUSD_250131
Kraken,PI_LTCUSD,LTC,USD,LTC,,1.0,0.0001,2026-05-31 22:09:58.757661,20260531,PI
Kraken,PF_LAYERUSD,LAYER,USDT,USDT,,1.0,1e-06,2026-05-31 22:09:58.757661,20260531,PF
Kraken,PF_HIGHUSD,HIGH,USDT,USDT,,1.0,1e-05,2026-05-31 22:09:58.757661,20260531,PF
Kraken,PF_CTSIUSD,CTSI,USDT,USDT,,1.0,1e-05,2026-05-31 22:09:58.757661,20260531,PF
Kraken,PF_BBUSD,BB,USDT,USDT,,1.0,1e-06,2026-05-31 22:09:58.757661,20260531,PF
Kraken,PF_TNSRUSD,TNSR,USDT,USDT,,1.0,1e-06,2026-05-31 22:09:58.757661,20260531,PF
Kraken,PF_DYDXUSD,DYDX,USDT,USDT,,1.0,1e-06,2026-05-31 22:09:58.757661,20260531,PF
Kraken,PF_ESPORTSUSD,ESPORTS,USDT,USDT,,1.0,1e-06,2026-05-31 22:09:58.757661,20260531,PF
Kraken,PF_MANAUSD,MANA,USDT,USDT,,1.0,1e-06,2026-05-31 22:09:58.757661,20260531,PF
Kraken,PF_SHELLUSD,SHELL,USDT,USDT,,1.0,1e-06,2026-05-31 22:09:58.757661,20260531,PF
Kraken,PF_UNITASUSD,UNITAS,USDT,USDT,,1.0,1e-05,2026-05-31 22:09:58.757661,20260531,PF
Kraken,PF_VINEUSD,VINE,USDT,USDT,,1.0,1e-06,2026-05-31 22:09:58.757661,20260531,PF
Kraken,PF_XBTUSD,BTC,USDT,USDT,,1.0,0.01,2026-05-31 22:09:58.757661,20260531,PF
Kraken,PF_TRUUSD,TRU,USDT,USDT,,1.0,1e-06,2026-05-31 22:09:58.757661,20260531,PF
Kraken,PF_STGUSD,STG,USDT,USDT,,1.0,1e-06,2026-05-31 22:09:58.757661,20260531,PF
Kraken,PF_SPXUSD,SPX,USDT,USDT,,1.0,1e-06,2026-05-31 22:09:58.757661,20260531,PF
Kraken,PF_HBARUSD,HBAR,USDT,USDT,,1.0,1e-06,2026-05-31 22:09:58.757661,20260531,PF
Kraken,PF_IMXUSD,IMX,USDT,USDT,,1.0,1e-05,2026-05-31 22:09:58.757661,20260531,PF
Kraken,PF_XAUTUSD,XAUT,USDT,USDT,,1.0,0.01,2026-05-31 22:09:58.757661,20260531,PF
Kraken,PF_BIOUSD,BIO,USDT,USDT,,1.0,1e-07,2026-05-31 22:09:58.757661,20260531,PF
Kraken,FI_LTCUSD_260925,LTC,USD,LTC,,,0.0001,2026-05-31 22:09:58.757661,20260531,FI_LTCUSD_260925
Kraken,PI_XRPUSD,XRP,USD,XRP,,1.0,1e-05,2026-05-31 22:09:58.757661,20260531,PI
Kraken,PF_IOTXUSD,IOTX,USDT,USDT,,1.0,1e-07,2026-05-31 22:09:58.757661,20260531,PF
Kraken,PF_HMSTRUSD,HMSTR,USDT,USDT,,1.0,1e-08,2026-05-31 22:09:58.757661,20260531,PF
Kraken,PF_IPUSD,IP,USDT,USDT,,1.0,1e-05,2026-05-31 22:09:58.757661,20260531,PF
Kraken,PF_CHILLGUYUSD,CHILLGUY,USDT,USDT,,1.0,1e-06,2026-05-31 22:09:58.757661,20260531,PF
Kraken,PF_KAITOUSD,KAITO,USDT,USDT,,1.0,1e-05,2026-05-31 22:09:58.757661,20260531,PF
Kraken,PF_KAIAUSD,KAIA,USDT,USDT,,1.0,1e-06,2026-05-31 22:09:58.757661,20260531,PF
Kraken,PF_METISUSD,METIS,USDT,USDT,,1.0,0.0001,2026-05-31 22:09:58.757661,20260531,PF
Kraken,PF_TLMUSD,TLM,USDT,USDT,,1.0,1e-07,2026-05-31 22:09:58.757661,20260531,PF
Kraken,PF_NEIROUSD,NEIRO,USDT,USDT,,1.0,1e-08,2026-05-31 22:09:58.757661,20260531,PF
Kraken,PF_LCAPUSD,LCAP,USDT,USDT,,1.0,0.0001,2026-05-31 22:09:58.757661,20260531,PF
Kraken,PF_SSVUSD,SSV,USDT,USDT,,1.0,0.0001,2026-05-31 22:09:58.757661,20260531,PF
Kraken,PF_SOLUSD,SOL,USDT,USDT,,1.0,0.01,2026-05-31 22:09:58.757661,20260531,PF
Kraken,PF_LPTUSD,LPT,USDT,USDT,,1.0,0.0001,2026-05-31 22:09:58.757661,20260531,PF
Kraken,PI_ETHUSD,ETH,USD,ETH,,1.0,0.01,2026-05-31 22:09:58.757661,20260531,PI
Kraken,PF_KSMUSD,KSM,USDT,USDT,,1.0,0.0001,2026-05-31 22:09:58.757661,20260531,PF
Kraken,PF_BERAUSD,BERA,USDT,USDT,,1.0,0.0001,2026-05-31 22:09:58.757661,20260531,PF
Kraken,PF_LTCUSD,LTC,USDT,USDT,,1.0,0.0001,2026-05-31 22:09:58.757661,20260531,PF
Kraken,PF_MOODENGUSD,MOODENG,USDT,USDT,,1.0,1e-06,2026-05-31 22:09:58.757661,20260531,PF
Kraken,PF_WLFIUSD,WLFI,USDT,USDT,,1.0,1e-06,2026-05-31 22:09:58.757661,20260531,PF
Kraken,PF_ETHWUSD,ETHW,USDT,USDT,,1.0,1e-05,2026-05-31 22:09:58.757661,20260531,PF
Kraken,PF_KASUSD,KAS,USDT,USDT,,1.0,1e-06,2026-05-31 22:09:58.757661,20260531,PF
Kraken,PF_DOTUSD,DOT,USDT,USDT,,1.0,0.001,2026-05-31 22:09:58.757661,20260531,PF
Kraken,FF_SOLUSD_260925,SOL,USDT,USDT,,,0.01,2026-05-31 22:09:58.757661,20260531,FF_SOLUSD_260925
Kraken,PF_DOGEUSD,DOGE,USDT,USDT,,1.0,1e-06,2026-05-31 22:09:58.757661,20260531,PF
Kraken,PF_NIGHTUSD,NIGHT,USDT,USDT,,1.0,0.0001,2026-05-31 22:09:58.757661,20260531,PF
Kraken,PF_GLDXUSD,GLDX,USDT,USDT,,1.0,0.001,2026-05-31 22:09:58.757661,20260531,PF
Kraken,PF_SHIBUSD,SHIB,USDT,USDT,,1.0,1e-09,2026-05-31 22:09:58.757661,20260531,PF
Kraken,PF_CVXUSD,CVX,USDT,USDT,,1.0,1e-05,2026-05-31 22:09:58.757661,20260531,PF
Kraken,PF_RSRUSD,RSR,USDT,USDT,,1.0,1e-08,2026-05-31 22:09:58.757661,20260531,PF
Kraken,PF_CHRUSD,CHR,USDT,USDT,,1.0,1e-06,2026-05-31 22:09:58.757661,20260531,PF
Kraken,PF_ALICEUSD,ALICE,USDT,USDT,,1.0,1e-06,2026-05-31 22:09:58.757661,20260531,PF
Kraken,PF_HYPEUSD,HYPE,USDT,USDT,,1.0,0.0001,2026-05-31 22:09:58.757661,20260531,PF
Kraken,PF_ZROUSD,ZRO,USDT,USDT,,1.0,1e-05,2026-05-31 22:09:58.757661,20260531,PF
Kraken,PF_SUNUSD,SUN,USDT,USDT,,1.0,1e-07,2026-05-31 22:09:58.757661,20260531,PF
Kraken,PF_ASTRUSD,ASTR,USDT,USDT,,1.0,1e-07,2026-05-31 22:09:58.757661,20260531,PF
Kraken,PF_ONTUSD,ONT,USDT,USDT,,1.0,1e-06,2026-05-31 22:09:58.757661,20260531,PF
Kraken,PF_STORJUSD,STORJ,USDT,USDT,,1.0,1e-06,2026-05-31 22:09:58.757661,20260531,PF
Kraken,FI_XRPUSD_260626,XRP,USD,XRP,,,1e-05,2026-05-31 22:09:58.757661,20260531,FI_XRPUSD_260626
Kraken,PF_COMPUSD,COMP,USDT,USDT,,1.0,0.001,2026-05-31 22:09:58.757661,20260531,PF
Kraken,PF_BEAMUSD,BEAM,USDT,USDT,,1.0,1e-07,2026-05-31 22:09:58.757661,20260531,PF
Kraken,FF_XBTUSD_261225,BTC,USDT,USDT,,,0.01,2026-05-31 22:09:58.757661,20260531,FF_XBTUSD_261225
Kraken,FF_ETHUSD_261225,ETH,USDT,USDT,,,0.1,2026-05-31 22:09:58.757661,20260531,FF_ETHUSD_261225
Kraken,PF_ZRXUSD,ZRX,USDT,USDT,,1.0,1e-06,2026-05-31 22:09:58.757661,20260531,PF
Kraken,PF_ARKMUSD,ARKM,USDT,USDT,,1.0,0.001,2026-05-31 22:09:58.757661,20260531,PF
Kraken,PF_DYMUSD,DYM,USDT,USDT,,1.0,0.0001,2026-05-31 22:09:58.757661,20260531,PF
Kraken,PF_SPKUSD,SPK,USDT,USDT,,1.0,1e-07,2026-05-31 22:09:58.757661,20260531,PF
Kraken,PF_GMTUSD,GMT,USDT,USDT,,1.0,1e-05,2026-05-31 22:09:58.757661,20260531,PF
Kraken,PF_ZEREBROUSD,ZEREBRO,USDT,USDT,,1.0,1e-07,2026-05-31 22:09:58.757661,20260531,PF
Kraken,FF_ETHUSD_260925,ETH,USDT,USDT,,,0.1,2026-05-31 22:09:58.757661,20260531,FF_ETHUSD_260925
Kraken,PF_GRIFFAINUSD,GRIFFAIN,USDT,USDT,,1.0,1e-06,2026-05-31 22:09:58.757661,20260531,PF
Kraken,PF_ROSEUSD,ROSE,USDT,USDT,,1.0,1e-07,2026-05-31 22:09:58.757661,20260531,PF
Kraken,PF_AGLDUSD,AGLD,USDT,USDT,,1.0,1e-06,2026-05-31 22:09:58.757661,20260531,PF
Kraken,PF_MINAUSD,MINA,USDT,USDT,,1.0,1e-06,2026-05-31 22:09:58.757661,20260531,PF
Kraken,PF_ETHFIUSD,ETHFI,USDT,USDT,,1.0,1e-05,2026-05-31 22:09:58.757661,20260531,PF
Kraken,PF_AXSUSD,AXS,USDT,USDT,,1.0,0.0001,2026-05-31 22:09:58.757661,20260531,PF
Kraken,PF_GPSUSD,GPS,USDT,USDT,,1.0,1e-07,2026-05-31 22:09:58.757661,20260531,PF
Kraken,PF_MUBARAKUSD,MUBARAK,USDT,USDT,,1.0,1e-07,2026-05-31 22:09:58.757661,20260531,PF
Kraken,PF_UNIUSD,UNI,USDT,USDT,,1.0,0.0001,2026-05-31 22:09:58.757661,20260531,PF
Kraken,PF_AUDUSD,AUD,USDT,USDT,,1.0,0.001,2026-05-31 22:09:58.757661,20260531,PF
Kraken,PF_BANDUSD,BAND,USDT,USDT,,1.0,1e-05,2026-05-31 22:09:58.757661,20260531,PF
Kraken,PF_DENTUSD,DENT,USDT,USDT,,1.0,1e-09,2026-05-31 22:09:58.757661,20260531,PF
Kraken,PF_ARUSD,AR,USDT,USDT,,1.0,1e-05,2026-05-31 22:09:58.757661,20260531,PF
Kraken,PF_B3USD,B3,USDT,USDT,,1.0,1e-07,2026-05-31 22:09:58.757661,20260531,PF_B3USD
Kraken,PF_ONGUSD,ONG,USDT,USDT,,1.0,1e-06,2026-05-31 22:09:58.757661,20260531,PF
Kraken,FI_ETHUSD_260626,ETH,USD,ETH,,,0.01,2026-05-31 22:09:58.757661,20260531,FI_ETHUSD_260626
Kraken,PF_POWRUSD,POWR,USDT,USDT,,1.0,1e-05,2026-05-31 22:09:58.757661,20260531,PF
Kraken,PF_SNXUSD,SNX,USDT,USDT,,1.0,1e-05,2026-05-31 22:09:58.757661,20260531,PF
Kraken,PF_SOONUSD,SOON,USDT,USDT,,1.0,1e-06,2026-05-31 22:09:58.757661,20260531,PF
Kraken,PF_ATHUSD,ATH,USDT,USDT,,1.0,1e-06,2026-05-31 22:09:58.757661,20260531,PF
Kraken,PF_MONUSD,MON,USDT,USDT,,1.0,1e-05,2026-05-31 22:09:58.757661,20260531,PF
Kraken,PF_SANDUSD,SAND,USDT,USDT,,1.0,1e-05,2026-05-31 22:09:58.757661,20260531,PF
Kraken,PF_NEARUSD,NEAR,USDT,USDT,,1.0,0.0001,2026-05-31 22:09:58.757661,20260531,PF
Kraken,PF_PEOPLEUSD,PEOPLE,USDT,USDT,,1.0,1e-08,2026-05-31 22:09:58.757661,20260531,PF
Kraken,PF_PUMPUSD,PUMP,USDT,USDT,,1.0,1e-08,2026-05-31 22:09:58.757661,20260531,PF
Kraken,PF_YFIUSD,YFI,USDT,USDT,,1.0,0.01,2026-05-31 22:09:58.757661,20260531,PF
Kraken,PF_VETUSD,VET,USDT,USDT,,1.0,1e-07,2026-05-31 22:09:58.757661,20260531,PF
Kraken,PF_SYNUSD,SYN,USDT,USDT,,1.0,1e-06,2026-05-31 22:09:58.757661,20260531,PF
Kraken,PF_FLOKIUSD,FLOKI,USDT,USDT,,1.0,1e-09,2026-05-31 22:09:58.757661,20260531,PF
Kraken,PF_ETCUSD,ETC,USDT,USDT,,1.0,0.0001,2026-05-31 22:09:58.757661,20260531,PF
Kraken,PF_CELRUSD,CELR,USDT,USDT,,1.0,1e-07,2026-05-31 22:09:58.757661,20260531,PF
Kraken,PF_SONICUSD,SONIC,USDT,USDT,,1.0,1e-06,2026-05-31 22:09:58.757661,20260531,PF
Kraken,PF_GASUSD,GAS,USDT,USDT,,1.0,0.0001,2026-05-31 22:09:58.757661,20260531,PF
Kraken,PF_PEPEUSD,PEPE,USDT,USDT,,1.0,1e-11,2026-05-31 22:09:58.757661,20260531,PF
Kraken,PF_CAKEUSD,CAKE,USDT,USDT,,1.0,0.01,2026-05-31 22:09:58.757661,20260531,PF
Kraken,PF_ANKRUSD,ANKR,USDT,USDT,,1.0,1e-07,2026-05-31 22:09:58.757661,20260531,PF
Kraken,PF_FILUSD,FIL,USDT,USDT,,1.0,1e-05,2026-05-31 22:09:58.757661,20260531,PF
Kraken,PF_RLCUSD,RLC,USDT,USDT,,1.0,1e-05,2026-05-31 22:09:58.757661,20260531,PF
Kraken,PF_SWARMSUSD,SWARMS,USDT,USDT,,1.0,1e-06,2026-05-31 22:09:58.757661,20260531,PF
Kraken,PF_KATUSD,KAT,USDT,USDT,,1.0,0.0001,2026-05-31 22:09:58.757661,20260531,PF
Kraken,PF_UMAUSD,UMA,USDT,USDT,,1.0,1e-05,2026-05-31 22:09:58.757661,20260531,PF
Kraken,PF_API3USD,API3,USDT,USDT,,1.0,0.0001,2026-05-31 22:09:58.757661,20260531,PF_API3USD
Kraken,PF_USDCUSD,USDC,USDT,USDT,,1.0,1e-05,2026-05-31 22:09:58.757661,20260531,PF
Kraken,PF_RIVERUSD,RIVER,USDT,USDT,,1.0,0.0001,2026-05-31 22:09:58.757661,20260531,PF
Kraken,PF_NVDAXUSD,NVDAX,USDT,USDT,,1.0,0.001,2026-05-31 22:09:58.757661,20260531,PF
Kraken,PF_ETHUSD,ETH,USDT,USDT,,1.0,0.01,2026-05-31 22:09:58.757661,20260531,PF
Kraken,PF_ICPUSD,ICP,USDT,USDT,,1.0,1e-05,2026-05-31 22:09:58.757661,20260531,PF
Kraken,PF_GTCUSD,GTC,USDT,USDT,,1.0,1e-06,2026-05-31 22:09:58.757661,20260531,PF
Kraken,PF_BDXUSD,BDX,USDT,USDT,,1.0,1e-07,2026-05-31 22:09:58.757661,20260531,PF
Kraken,PF_HOODXUSD,HOODX,USDT,USDT,,1.0,0.001,2026-05-31 22:09:58.757661,20260531,PF
Kraken,PF_STRKUSD,STRK,USDT,USDT,,1.0,1e-06,2026-05-31 22:09:58.757661,20260531,PF
Kraken,PF_EIGENUSD,EIGEN,USDT,USDT,,1.0,0.0001,2026-05-31 22:09:58.757661,20260531,PF
Kraken,PF_JASMYUSD,JASMY,USDT,USDT,,1.0,1e-07,2026-05-31 22:09:58.757661,20260531,PF
Kraken,PF_LDOUSD,LDO,USDT,USDT,,1.0,1e-05,2026-05-31 22:09:58.757661,20260531,PF
Kraken,PF_LSKUSD,LSK,USDT,USDT,,1.0,0.0001,2026-05-31 22:09:58.757661,20260531,PF
Kraken,FI_XBTUSD_260626,BTC,USD,BTC,,,0.01,2026-05-31 22:09:58.757661,20260531,FI_XBTUSD_260626
Kraken,PF_XTZUSD,XTZ,USDT,USDT,,1.0,1e-06,2026-05-31 22:09:58.757661,20260531,PF
Kraken,PF_CROUSD,CRO,USDT,USDT,,1.0,1e-06,2026-05-31 22:09:58.757661,20260531,PF
Kraken,PF_PAXGUSD,PAXG,USDT,USDT,,1.0,0.01,2026-05-31 22:09:58.757661,20260531,PF
Kraken,PF_IOUSD,IO,USDT,USDT,,1.0,1e-05,2026-05-31 22:09:58.757661,20260531,PF
Kraken,PF_SPELLUSD,SPELL,USDT,USDT,,1.0,1e-09,2026-05-31 22:09:58.757661,20260531,PF
Kraken,PF_ONDOUSD,ONDO,USDT,USDT,,1.0,1e-06,2026-05-31 22:09:58.757661,20260531,PF
Kraken,PF_FLOWUSD,FLOW,USDT,USDT,,1.0,1e-06,2026-05-31 22:09:58.757661,20260531,PF
Kraken,FF_XBTUSD_260925,BTC,USDT,USDT,,,0.01,2026-05-31 22:09:58.757661,20260531,FF_XBTUSD_260925
Kraken,PF_IDUSD,ID,USDT,USDT,,1.0,1e-06,2026-05-31 22:09:58.757661,20260531,PF
Kraken,PF_HAEDALUSD,HAEDAL,USDT,USDT,,1.0,1e-06,2026-05-31 22:09:58.757661,20260531,PF
Kraken,PF_SOLVUSD,SOLV,USDT,USDT,,1.0,1e-07,2026-05-31 22:09:58.757661,20260531,PF
Kraken,PF_POPCATUSD,POPCAT,USDT,USDT,,1.0,1e-06,2026-05-31 22:09:58.757661,20260531,PF
Kraken,PF_QTUMUSD,QTUM,USDT,USDT,,1.0,1e-05,2026-05-31 22:09:58.757661,20260531,PF
Kraken,PF_BATUSD,BAT,USDT,USDT,,1.0,1e-06,2026-05-31 22:09:58.757661,20260531,PF
Kraken,PF_BRETTUSD,BRETT,USDT,USDT,,1.0,1e-07,2026-05-31 22:09:58.757661,20260531,PF
Kraken,PF_CHFUSD,CHF,USDT,USDT,,1.0,1e-11,2026-05-31 22:09:58.757661,20260531,PF
Kraken,PF_RAVEUSD,RAVE,USDT,USDT,,1.0,1e-06,2026-05-31 22:09:58.757661,20260531,PF
Kraken,PF_CGPTUSD,CGPT,USDT,USDT,,1.0,1e-06,2026-05-31 22:09:58.757661,20260531,PF
Kraken,PF_TONUSD,TON,USDT,USDT,,1.0,1e-05,2026-05-31 22:09:58.757661,20260531,PF
Kraken,PF_VIRTUALUSD,VIRTUAL,USDT,USDT,,1.0,0.0001,2026-05-31 22:09:58.757661,20260531,PF
Kraken,PF_ZENUSD,ZEN,USDT,USDT,,1.0,0.001,2026-05-31 22:09:58.757661,20260531,PF
Kraken,FI_LTCUSD_260626,LTC,USD,LTC,,,0.0001,2026-05-31 22:09:58.757661,20260531,FI_LTCUSD_260626
Kraken,PF_MOVEUSD,MOVE,USDT,USDT,,1.0,1e-06,2026-05-31 22:09:58.757661,20260531,PF
Kraken,PF_QNTUSD,QNT,USDT,USDT,,1.0,0.0001,2026-05-31 22:09:58.757661,20260531,PF
Kraken,PF_LRCUSD,LRC,USDT,USDT,,1.0,1e-06,2026-05-31 22:09:58.757661,20260531,PF
Kraken,PF_ZKUSD,ZK,USDT,USDT,,1.0,1e-06,2026-05-31 22:09:58.757661,20260531,PF
Kraken,PF_PORTALUSD,PORTAL,USDT,USDT,,1.0,1e-06,2026-05-31 22:09:58.757661,20260531,PF
Kraken,PF_GBPUSD,GBP,USDT,USDT,,1.0,0.0001,2026-05-31 22:09:58.757661,20260531,PF
Kraken,PF_MELANIAUSD,MELANIA,USDT,USDT,,1.0,1e-06,2026-05-31 22:09:58.757661,20260531,PF
Kraken,PF_TAIKOUSD,TAIKO,USDT,USDT,,1.0,1e-05,2026-05-31 22:09:58.757661,20260531,PF
Kraken,PF_SUPERUSD,SUPER,USDT,USDT,,1.0,1e-06,2026-05-31 22:09:58.757661,20260531,PF
Kraken,PF_ZILUSD,ZIL,USDT,USDT,,1.0,1e-07,2026-05-31 22:09:58.757661,20260531,PF
Kraken,FF_ETHUSD_260605,ETH,USDT,USDT,,,0.1,2026-05-31 22:09:58.757661,20260531,FF_ETHUSD_260605
Kraken,PF_RAYUSD,RAY,USDT,USDT,,1.0,1e-05,2026-05-31 22:09:58.757661,20260531,PF
Kraken,PF_TRBUSD,TRB,USDT,USDT,,1.0,0.0001,2026-05-31 22:09:58.757661,20260531,PF
Kraken,PF_BOMEUSD,BOME,USDT,USDT,,1.0,1e-08,2026-05-31 22:09:58.757661,20260531,PF
Kraken,PF_COOKIEUSD,COOKIE,USDT,USDT,,1.0,1e-06,2026-05-31 22:09:58.757661,20260531,PF
Kraken,PF_OPNUSD,OPN,USDT,USDT,,1.0,0.0001,2026-05-31 22:09:58.757661,20260531,PF
Kraken,PF_TRXUSD,TRX,USDT,USDT,,1.0,1e-06,2026-05-31 22:09:58.757661,20260531,PF
Kraken,PF_USDTUSD,USDT,USDT,USDT,,1.0,1e-05,2026-05-31 22:09:58.757661,20260531,PF
Kraken,PF_NMRUSD,NMR,USDT,USDT,,1.0,0.001,2026-05-31 22:09:58.757661,20260531,PF
Kraken,PF_QQQXUSD,QQQX,USDT,USDT,,1.0,0.001,2026-05-31 22:09:58.757661,20260531,PF
Kraken,PF_REZUSD,REZ,USDT,USDT,,1.0,1e-07,2026-05-31 22:09:58.757661,20260531,PF
Kraken,PF_PROMPTUSD,PROMPT,USDT,USDT,,1.0,1e-06,2026-05-31 22:09:58.757661,20260531,PF
Kraken,PF_ACEUSD,ACE,USDT,USDT,,1.0,1e-05,2026-05-31 22:09:58.757661,20260531,PF
Kraken,PF_ASTERUSD,ASTER,USDT,USDT,,1.0,1e-05,2026-05-31 22:09:58.757661,20260531,PF
Kraken,PF_ARCUSD,ARC,USDT,USDT,,1.0,1e-07,2026-05-31 22:09:58.757661,20260531,PF
Kraken,FF_SOLUSD_260626,SOL,USDT,USDT,,,0.01,2026-05-31 22:09:58.757661,20260531,FF_SOLUSD_260626
Kraken,PF_GMXUSD,GMX,USDT,USDT,,1.0,0.0001,2026-05-31 22:09:58.757661,20260531,PF
Kraken,PF_ATOMUSD,ATOM,USDT,USDT,,1.0,1e-05,2026-05-31 22:09:58.757661,20260531,PF
Kraken,PF_BICOUSD,BICO,USDT,USDT,,1.0,1e-06,2026-05-31 22:09:58.757661,20260531,PF
Kraken,PF_OPUSD,OP,USDT,USDT,,1.0,1e-05,2026-05-31 22:09:58.757661,20260531,PF
Kraken,PF_ZECUSD,ZEC,USDT,USDT,,1.0,0.0001,2026-05-31 22:09:58.757661,20260531,PF
Kraken,PF_XLMUSD,XLM,USDT,USDT,,1.0,1e-07,2026-05-31 22:09:58.757661,20260531,PF
Kraken,PF_DASHUSD,DASH,USDT,USDT,,1.0,0.0001,2026-05-31 22:09:58.757661,20260531,PF
Kraken,FF_XBTUSD_260626,BTC,USDT,USDT,,,0.01,2026-05-31 22:09:58.757661,20260531,FF_XBTUSD_260626
Kraken,PF_ALEOUSD,ALEO,USDT,USDT,,1.0,1e-05,2026-05-31 22:09:58.757661,20260531,PF
Kraken,PF_HFTUSD,HFT,USDT,USDT,,1.0,1e-06,2026-05-31 22:09:58.757661,20260531,PF
Kraken,PF_ADAUSD,ADA,USDT,USDT,,1.0,1e-06,2026-05-31 22:09:58.757661,20260531,PF
Kraken,PF_RAREUSD,RARE,USDT,USDT,,1.0,1e-06,2026-05-31 22:09:58.757661,20260531,PF
Kraken,PF_GOATUSD,GOAT,USDT,USDT,,1.0,1e-05,2026-05-31 22:09:58.757661,20260531,PF
Kraken,FI_XRPUSD_260925,XRP,USD,XRP,,,1e-05,2026-05-31 22:09:58.757661,20260531,FI_XRPUSD_260925
Kraken,PF_AKTUSD,AKT,USDT,USDT,,1.0,1e-05,2026-05-31 22:09:58.757661,20260531,PF
Kraken,PF_CFGUSD,CFG,USDT,USDT,,1.0,1e-05,2026-05-31 22:09:58.757661,20260531,PF
Kraken,PF_COWUSD,COW,USDT,USDT,,1.0,1e-06,2026-05-31 22:09:58.757661,20260531,PF
Kraken,PF_GOOGLXUSD,GOOGLX,USDT,USDT,,1.0,0.001,2026-05-31 22:09:58.757661,20260531,PF
Kraken,PF_CHZUSD,CHZ,USDT,USDT,,1.0,1e-07,2026-05-31 22:09:58.757661,20260531,PF
Kraken,PF_BONKUSD,BONK,USDT,USDT,,1.0,1e-10,2026-05-31 22:09:58.757661,20260531,PF
Kraken,PF_CATIUSD,CATI,USDT,USDT,,1.0,1e-06,2026-05-31 22:09:58.757661,20260531,PF
Kraken,PF_NOTUSD,NOT,USDT,USDT,,1.0,1e-08,2026-05-31 22:09:58.757661,20260531,PF
Kraken,PF_VELOUSD,VELO,USDT,USDT,,1.0,1e-08,2026-05-31 22:09:58.757661,20260531,PF
Kraken,PF_CYBERUSD,CYBER,USDT,USDT,,1.0,1e-05,2026-05-31 22:09:58.757661,20260531,PF
Kraken,PF_ZIGUSD,ZIG,USDT,USDT,,1.0,1e-06,2026-05-31 22:09:58.757661,20260531,PF
Kraken,PF_DEGENUSD,DEGEN,USDT,USDT,,1.0,1e-08,2026-05-31 22:09:58.757661,20260531,PF
Kraken,PF_FARTCOINUSD,FARTCOIN,USDT,USDT,,1.0,1e-05,2026-05-31 22:09:58.757661,20260531,PF
Kraken,PF_GIGAUSD,GIGA,USDT,USDT,,1.0,1e-06,2026-05-31 22:09:58.757661,20260531,PF
Kraken,PF_SEIUSD,SEI,USDT,USDT,,1.0,1e-06,2026-05-31 22:09:58.757661,20260531,PF
Kraken,PF_CRVUSD,CRV,USDT,USDT,,1.0,1e-05,2026-05-31 22:09:58.757661,20260531,PF
Kraken,PF_APEUSD,APE,USDT,USDT,,1.0,1e-05,2026-05-31 22:09:58.757661,20260531,PF
Kraken,PF_RUNEUSD,RUNE,USDT,USDT,,1.0,1e-05,2026-05-31 22:09:58.757661,20260531,PF
Kraken,PF_TRUMPUSD,TRUMP,USDT,USDT,,1.0,0.0001,2026-05-31 22:09:58.757661,20260531,PF
Kraken,FI_XBTUSD_261225,BTC,USD,BTC,,,0.01,2026-05-31 22:09:58.757661,20260531,FI_XBTUSD_261225
Kraken,PF_OGNUSD,OGN,USDT,USDT,,1.0,1e-07,2026-05-31 22:09:58.758659,20260531,PF
Kraken,PF_DOGUSD,DOG,USDT,USDT,,1.0,1e-08,2026-05-31 22:09:58.758659,20260531,PF
Kraken,PF_IOSTUSD,IOST,USDT,USDT,,1.0,1e-07,2026-05-31 22:09:58.758659,20260531,PF
Kraken,PF_MIRAUSD,MIRA,USDT,USDT,,1.0,1e-06,2026-05-31 22:09:58.758659,20260531,PF
Kraken,PF_XPLUSD,XPL,USDT,USDT,,1.0,1e-06,2026-05-31 22:09:58.758659,20260531,PF
Kraken,PF_ZBTUSD,ZBT,USDT,USDT,,1.0,1e-06,2026-05-31 22:09:58.758659,20260531,PF
Kraken,PF_ZETAUSD,ZETA,USDT,USDT,,1.0,1e-06,2026-05-31 22:09:58.758659,20260531,PF
Kraken,FI_ETHUSD_260925,ETH,USD,ETH,,,0.1,2026-05-31 22:09:58.758659,20260531,FI_ETHUSD_260925
Kraken,PF_SXTUSD,SXT,USDT,USDT,,1.0,1e-06,2026-05-31 22:09:58.758659,20260531,PF
Kraken,PF_POLUSD,POL,USDT,USDT,,1.0,0.0001,2026-05-31 22:09:58.758659,20260531,PF
Kraken,PF_CFXUSD,CFX,USDT,USDT,,1.0,1e-06,2026-05-31 22:09:58.758659,20260531,PF
Kraken,PF_XVSUSD,XVS,USDT,USDT,,1.0,0.0001,2026-05-31 22:09:58.758659,20260531,PF
Kraken,PF_FETUSD,FET,USDT,USDT,,1.0,1e-05,2026-05-31 22:09:58.758659,20260531,PF
Kraken,PF_GRASSUSD,GRASS,USDT,USDT,,1.0,1e-05,2026-05-31 22:09:58.758659,20260531,PF
Kraken,PF_KOMAUSD,KOMA,USDT,USDT,,1.0,1e-06,2026-05-31 22:09:58.758659,20260531,PF
Kraken,PF_BNBUSD,BNB,USDT,USDT,,1.0,0.001,2026-05-31 22:09:58.758659,20260531,PF
Kraken,FF_XBTUSD_260605,BTC,USDT,USDT,,,0.01,2026-05-31 22:09:58.758659,20260531,FF_XBTUSD_260605
Kraken,PF_ESPUSD,ESP,USDT,USDT,,1.0,1e-07,2026-05-31 22:09:58.758659,20260531,PF
Kraken,PF_PNUTUSD,PNUT,USDT,USDT,,1.0,1e-05,2026-05-31 22:09:58.758659,20260531,PF
Kraken,PF_TUSD,T,USDT,USDT,,1.0,1e-07,2026-05-31 22:09:58.758659,20260531,PF
Kraken,PF_EGLDUSD,EGLD,USDT,USDT,,1.0,0.001,2026-05-31 22:09:58.758659,20260531,PF
Kraken,FI_ETHUSD_261225,ETH,USD,ETH,,,0.1,2026-05-31 22:09:58.758659,20260531,FI_ETHUSD_261225
Kraken,PF_ORCAUSD,ORCA,USDT,USDT,,1.0,1e-05,2026-05-31 22:09:58.758659,20260531,PF
Kraken,PF_ENJUSD,ENJ,USDT,USDT,,1.0,1e-05,2026-05-31 22:09:58.758659,20260531,PF
KuCoin,XBTUSDTM,BTC,USDT,USDT,,8.0,0.1,2026-05-31 22:09:58.758659,20260531,XBTUSDTM
KuCoin,ETHUSDTM,ETH,USDT,USDT,,8.0,0.01,2026-05-31 22:09:58.758659,20260531,ETHUSDTM
KuCoin,SOLUSDTM,SOL,USDT,USDT,,8.0,0.001,2026-05-31 22:09:58.758659,20260531,SOLUSDTM
KuCoin,WIFUSDTM,WIF,USDT,USDT,,4.0,0.0001,2026-05-31 22:09:58.758659,20260531,WIFUSDTM
KuCoin,PEPEUSDTM,PEPE,USDT,USDT,,8.0,1e-10,2026-05-31 22:09:58.758659,20260531,PEPEUSDTM
KuCoin,DOGEUSDTM,DOGE,USDT,USDT,,8.0,1e-05,2026-05-31 22:09:58.758659,20260531,DOGEUSDTM
KuCoin,XRPUSDTM,XRP,USDT,USDT,,8.0,1e-05,2026-05-31 22:09:58.758659,20260531,XRPUSDTM
KuCoin,0GUSDTM,0G,USDT,USDT,,4.0,1e-05,2026-05-31 22:09:58.758659,20260531,0GUSDTM
KuCoin,1000000MOGUSDTM,1000000MOG,USDT,USDT,,4.0,0.0001,2026-05-31 22:09:58.758659,20260531,1000000MOGUSDTM
KuCoin,10000CATUSDTM,10000CAT,USDT,USDT,,4.0,1e-05,2026-05-31 22:09:58.758659,20260531,10000CATUSDTM
KuCoin,10000SATSUSDTM,10000SATS,USDT,USDT,,4.0,1e-07,2026-05-31 22:09:58.758659,20260531,10000SATSUSDTM
KuCoin,1000BONKUSDTM,1000BONK,USDT,USDT,,4.0,1e-06,2026-05-31 22:09:58.758659,20260531,1000BONKUSDTM
KuCoin,1000CHEEMSUSDTM,1000CHEEMS,USDT,USDT,,4.0,1e-07,2026-05-31 22:09:58.758659,20260531,1000CHEEMSUSDTM
KuCoin,1000RATSUSDTM,1000RATS,USDT,USDT,,4.0,1e-05,2026-05-31 22:09:58.758659,20260531,1000RATSUSDTM
KuCoin,1INCHUSDTM,1INCH,USDT,USDT,,8.0,0.0001,2026-05-31 22:09:58.758659,20260531,1INCHUSDTM
KuCoin,1MBABYDOGEUSDTM,1MBABYDOGE,USDT,USDT,,4.0,1e-07,2026-05-31 22:09:58.758659,20260531,1MBABYDOGEUSDTM
KuCoin,2ZUSDTM,2Z,USDT,USDT,,4.0,1e-06,2026-05-31 22:09:58.758659,20260531,2ZUSDTM
KuCoin,4USDTM,4,USDT,USDT,,4.0,1e-05,2026-05-31 22:09:58.758659,20260531,4USDTM
KuCoin,AAOIUSDTM,AAOI,USDT,USDT,,8.0,0.01,2026-05-31 22:09:58.758659,20260531,AAOIUSDTM
KuCoin,AAPLUSDTM,AAPL,USDT,USDT,,8.0,0.01,2026-05-31 22:09:58.758659,20260531,AAPLUSDTM
KuCoin,AAVEUSDTM,AAVE,USDT,USDT,,8.0,0.01,2026-05-31 22:09:58.758659,20260531,AAVEUSDTM
KuCoin,ACEUSDTM,ACE,USDT,USDT,,4.0,0.0001,2026-05-31 22:09:58.758659,20260531,ACEUSDTM
KuCoin,ACHUSDTM,ACH,USDT,USDT,,8.0,1e-06,2026-05-31 22:09:58.758659,20260531,ACHUSDTM
KuCoin,ACTSOLUSDTM,ACTSOL,USDT,USDT,,4.0,1e-05,2026-05-31 22:09:58.758659,20260531,ACTSOLUSDTM
KuCoin,ACUUSDTM,ACU,USDT,USDT,,4.0,1e-05,2026-05-31 22:09:58.758659,20260531,ACUUSDTM
KuCoin,ADAUSDTM,ADA,USDT,USDT,,8.0,1e-05,2026-05-31 22:09:58.758659,20260531,ADAUSDTM
KuCoin,AERGOUSDTM,AERGO,USDT,USDT,,4.0,1e-05,2026-05-31 22:09:58.758659,20260531,AERGOUSDTM
KuCoin,AEROUSDTM,AERO,USDT,USDT,,4.0,0.0001,2026-05-31 22:09:58.758659,20260531,AEROUSDTM
KuCoin,AEVOUSDTM,AEVO,USDT,USDT,,4.0,1e-05,2026-05-31 22:09:58.758659,20260531,AEVOUSDTM
KuCoin,AGIUSDTM,AGI,USDT,USDT,,8.0,1e-05,2026-05-31 22:09:58.758659,20260531,AGIUSDTM
KuCoin,AGLDUSDTM,AGLD,USDT,USDT,,8.0,0.0001,2026-05-31 22:09:58.758659,20260531,AGLDUSDTM
KuCoin,AGTUSDTM,AGT,USDT,USDT,,4.0,1e-06,2026-05-31 22:09:58.758659,20260531,AGTUSDTM
KuCoin,AIGENSYNUSDTM,AIGENSYN,USDT,USDT,,4.0,1e-05,2026-05-31 22:09:58.758659,20260531,AIGENSYNUSDTM
KuCoin,AINUSDTM,AIN,USDT,USDT,,4.0,1e-05,2026-05-31 22:09:58.758659,20260531,AINUSDTM
KuCoin,AIOTUSDTM,AIOT,USDT,USDT,,4.0,1e-05,2026-05-31 22:09:58.758659,20260531,AIOTUSDTM
KuCoin,AIOUSDTM,AIO,USDT,USDT,,4.0,1e-05,2026-05-31 22:09:58.758659,20260531,AIOUSDTM
KuCoin,AIXBTUSDTM,AIXBT,USDT,USDT,,4.0,1e-05,2026-05-31 22:09:58.758659,20260531,AIXBTUSDTM
KuCoin,AKEUSDTM,AKE,USDT,USDT,,4.0,1e-08,2026-05-31 22:09:58.758659,20260531,AKEUSDTM
KuCoin,ALCHUSDTM,ALCH,USDT,USDT,,4.0,1e-05,2026-05-31 22:09:58.758659,20260531,ALCHUSDTM
KuCoin,ALGOUSDTM,ALGO,USDT,USDT,,8.0,1e-05,2026-05-31 22:09:58.758659,20260531,ALGOUSDTM
KuCoin,ALICEUSDTM,ALICE,USDT,USDT,,4.0,0.0001,2026-05-31 22:09:58.758659,20260531,ALICEUSDTM
KuCoin,ALLOUSDTM,ALLO,USDT,USDT,,4.0,0.0001,2026-05-31 22:09:58.758659,20260531,ALLOUSDTM
KuCoin,ALPINEUSDTM,ALPINE,USDT,USDT,,4.0,0.0001,2026-05-31 22:09:58.758659,20260531,ALPINEUSDTM
KuCoin,ALTUSDTM,ALT,USDT,USDT,,4.0,1e-05,2026-05-31 22:09:58.758659,20260531,ALTUSDTM
KuCoin,AMDUSDTM,AMD,USDT,USDT,,8.0,0.01,2026-05-31 22:09:58.758659,20260531,AMDUSDTM
KuCoin,AMZNUSDTM,AMZN,USDT,USDT,,8.0,0.01,2026-05-31 22:09:58.758659,20260531,AMZNUSDTM
KuCoin,ANIMEUSDTM,ANIME,USDT,USDT,,4.0,1e-06,2026-05-31 22:09:58.758659,20260531,ANIMEUSDTM
KuCoin,ANKRUSDTM,ANKR,USDT,USDT,,4.0,1e-05,2026-05-31 22:09:58.758659,20260531,ANKRUSDTM
KuCoin,APEUSDTM,APE,USDT,USDT,,8.0,0.0001,2026-05-31 22:09:58.758659,20260531,APEUSDTM
KuCoin,API3USDTM,API3,USDT,USDT,,4.0,0.0001,2026-05-31 22:09:58.758659,20260531,API3USDTM
KuCoin,APLDUSDTM,APLD,USDT,USDT,,8.0,0.01,2026-05-31 22:09:58.758659,20260531,APLDUSDTM
KuCoin,APRUSDTM,APR,USDT,USDT,,4.0,1e-05,2026-05-31 22:09:58.758659,20260531,APRUSDTM
KuCoin,APTUSDTM,APT,USDT,USDT,,8.0,0.0001,2026-05-31 22:09:58.758659,20260531,APTUSDTM
KuCoin,ARBUSDTM,ARB,USDT,USDT,,8.0,0.0001,2026-05-31 22:09:58.758659,20260531,ARBUSDTM
KuCoin,ARCUSDTM,ARC,USDT,USDT,,4.0,1e-06,2026-05-31 22:09:58.758659,20260531,ARCUSDTM
KuCoin,ARIAUSDTM,ARIA,USDT,USDT,,4.0,1e-05,2026-05-31 22:09:58.758659,20260531,ARIAUSDTM
KuCoin,ARKMUSDTM,ARKM,USDT,USDT,,8.0,0.0001,2026-05-31 22:09:58.758659,20260531,ARKMUSDTM
KuCoin,ARKUSDTM,ARK,USDT,USDT,,4.0,0.0001,2026-05-31 22:09:58.758659,20260531,ARKUSDTM
KuCoin,ARMUSDTM,ARM,USDT,USDT,,8.0,0.01,2026-05-31 22:09:58.758659,20260531,ARMUSDTM
KuCoin,ARPAUSDTM,ARPA,USDT,USDT,,8.0,1e-06,2026-05-31 22:09:58.758659,20260531,ARPAUSDTM
KuCoin,ARUSDTM,AR,USDT,USDT,,8.0,0.001,2026-05-31 22:09:58.758659,20260531,ARUSDTM
KuCoin,ASMLUSDTM,ASML,USDT,USDT,,8.0,0.01,2026-05-31 22:09:58.758659,20260531,ASMLUSDTM
KuCoin,ASPUSDTM,ASP,USDT,USDT,,4.0,1e-05,2026-05-31 22:09:58.758659,20260531,ASPUSDTM
KuCoin,ASRUSDTM,ASR,USDT,USDT,,4.0,0.001,2026-05-31 22:09:58.758659,20260531,ASRUSDTM
KuCoin,ASTERUSDTM,ASTER,USDT,USDT,,4.0,1e-05,2026-05-31 22:09:58.758659,20260531,ASTERUSDTM
KuCoin,ASTRUSDTM,ASTR,USDT,USDT,,8.0,1e-05,2026-05-31 22:09:58.758659,20260531,ASTRUSDTM
KuCoin,ASTSUSDTM,ASTS,USDT,USDT,,8.0,0.01,2026-05-31 22:09:58.758659,20260531,ASTSUSDTM
KuCoin,ATHUSDTM,ATH,USDT,USDT,,4.0,1e-05,2026-05-31 22:09:58.758659,20260531,ATHUSDTM
KuCoin,ATOMUSDTM,ATOM,USDT,USDT,,8.0,0.001,2026-05-31 22:09:58.758659,20260531,ATOMUSDTM
KuCoin,ATUSDTM,AT,USDT,USDT,,4.0,0.0001,2026-05-31 22:09:58.758659,20260531,ATUSDTM
KuCoin,AUCTIONUSDTM,AUCTION,USDT,USDT,,4.0,0.001,2026-05-31 22:09:58.758659,20260531,AUCTIONUSDTM
KuCoin,AUSDTM,A,USDT,USDT,,4.0,1e-05,2026-05-31 22:09:58.758659,20260531,AUSDTM
KuCoin,AVAAIUSDTM,AVAAI,USDT,USDT,,4.0,1e-05,2026-05-31 22:09:58.758659,20260531,AVAAIUSDTM
KuCoin,AVAUSDTM,AVA,USDT,USDT,,4.0,0.0001,2026-05-31 22:09:58.758659,20260531,AVAUSDTM
KuCoin,AVAXUSDTM,AVAX,USDT,USDT,,8.0,0.001,2026-05-31 22:09:58.758659,20260531,AVAXUSDTM
KuCoin,AVGOUSDTM,AVGO,USDT,USDT,,8.0,0.01,2026-05-31 22:09:58.758659,20260531,AVGOUSDTM
KuCoin,AVNTUSDTM,AVNT,USDT,USDT,,4.0,1e-05,2026-05-31 22:09:58.758659,20260531,AVNTUSDTM
KuCoin,AWEUSDTM,AWE,USDT,USDT,,4.0,1e-05,2026-05-31 22:09:58.758659,20260531,AWEUSDTM
KuCoin,AXLUSDTM,AXL,USDT,USDT,,4.0,1e-05,2026-05-31 22:09:58.758659,20260531,AXLUSDTM
KuCoin,AXSUSDTM,AXS,USDT,USDT,,4.0,0.001,2026-05-31 22:09:58.758659,20260531,AXSUSDTM
KuCoin,AZTECUSDTM,AZTEC,USDT,USDT,,4.0,1e-05,2026-05-31 22:09:58.758659,20260531,AZTECUSDTM
KuCoin,B2USDTM,B2,USDT,USDT,,4.0,0.0001,2026-05-31 22:09:58.758659,20260531,B2USDTM
KuCoin,BABAUSDTM,BABA,USDT,USDT,,8.0,0.01,2026-05-31 22:09:58.758659,20260531,BABAUSDTM
KuCoin,BABYUSDTM,BABY,USDT,USDT,,4.0,1e-05,2026-05-31 22:09:58.758659,20260531,BABYUSDTM
KuCoin,BANANAS31USDTM,BANANAS31,USDT,USDT,,4.0,1e-06,2026-05-31 22:09:58.758659,20260531,BANANAS31USDTM
KuCoin,BANANAUSDTM,BANANA,USDT,USDT,,4.0,0.001,2026-05-31 22:09:58.758659,20260531,BANANAUSDTM
KuCoin,BANDUSDTM,BAND,USDT,USDT,,8.0,0.0001,2026-05-31 22:09:58.758659,20260531,BANDUSDTM
KuCoin,BANKUSDTM,BANK,USDT,USDT,,4.0,1e-05,2026-05-31 22:09:58.758659,20260531,BANKUSDTM
KuCoin,BANUSDTM,BAN,USDT,USDT,,4.0,1e-05,2026-05-31 22:09:58.758659,20260531,BANUSDTM
KuCoin,BARDUSDTM,BARD,USDT,USDT,,4.0,1e-05,2026-05-31 22:09:58.758659,20260531,BARDUSDTM
KuCoin,BASEDUSDTM,BASED,USDT,USDT,,4.0,1e-05,2026-05-31 22:09:58.758659,20260531,BASEDUSDTM
KuCoin,BASUSDTM,BAS,USDT,USDT,,4.0,1e-06,2026-05-31 22:09:58.758659,20260531,BASUSDTM
KuCoin,BATUSDTM,BAT,USDT,USDT,,8.0,0.0001,2026-05-31 22:09:58.758659,20260531,BATUSDTM
KuCoin,BBUSDTM,BB,USDT,USDT,,4.0,1e-05,2026-05-31 22:09:58.758659,20260531,BBUSDTM
KuCoin,BCHUSDTM,BCH,USDT,USDT,,8.0,0.01,2026-05-31 22:09:58.758659,20260531,BCHUSDTM
KuCoin,BDXUSDTM,BDX,USDT,USDT,,4.0,1e-05,2026-05-31 22:09:58.758659,20260531,BDXUSDTM
KuCoin,BEATUSDTM,BEAT,USDT,USDT,,4.0,1e-05,2026-05-31 22:09:58.758659,20260531,BEATUSDTM
KuCoin,BELUSDTM,BEL,USDT,USDT,,8.0,0.0001,2026-05-31 22:09:58.758659,20260531,BELUSDTM
KuCoin,BERAUSDTM,BERA,USDT,USDT,,4.0,0.0001,2026-05-31 22:09:58.758659,20260531,BERAUSDTM
KuCoin,BEUSDTM,BE,USDT,USDT,,8.0,0.01,2026-05-31 22:09:58.758659,20260531,BEUSDTM
KuCoin,BIGTIMEUSDTM,BIGTIME,USDT,USDT,,4.0,1e-05,2026-05-31 22:09:58.758659,20260531,BIGTIMEUSDTM
KuCoin,BILLUSDTM,BILL,USDT,USDT,,4.0,1e-06,2026-05-31 22:09:58.758659,20260531,BILLUSDTM
KuCoin,BINANCELIFEUSDTM,BINANCELIFE,USDT,USDT,,4.0,1e-05,2026-05-31 22:09:58.758659,20260531,BINANCELIFEUSDTM
KuCoin,BIOUSDTM,BIO,USDT,USDT,,4.0,1e-05,2026-05-31 22:09:58.758659,20260531,BIOUSDTM
KuCoin,BIRBUSDTM,BIRB,USDT,USDT,,4.0,1e-05,2026-05-31 22:09:58.758659,20260531,BIRBUSDTM
KuCoin,BLASTUSDTM,BLAST,USDT,USDT,,8.0,1e-07,2026-05-31 22:09:58.758659,20260531,BLASTUSDTM
KuCoin,BLENDUSDTM,BLEND,USDT,USDT,,4.0,1e-05,2026-05-31 22:09:58.758659,20260531,BLENDUSDTM
KuCoin,BLESSUSDTM,BLESS,USDT,USDT,,4.0,1e-06,2026-05-31 22:09:58.758659,20260531,BLESSUSDTM
KuCoin,BLUAIUSDTM,BLUAI,USDT,USDT,,4.0,1e-05,2026-05-31 22:09:58.758659,20260531,BLUAIUSDTM
KuCoin,BLURUSDTM,BLUR,USDT,USDT,,4.0,1e-05,2026-05-31 22:09:58.758659,20260531,BLURUSDTM
KuCoin,BMNRUSDTM,BMNR,USDT,USDT,,8.0,0.01,2026-05-31 22:09:58.758659,20260531,BMNRUSDTM
KuCoin,BMTUSDTM,BMT,USDT,USDT,,4.0,1e-05,2026-05-31 22:09:58.758659,20260531,BMTUSDTM
KuCoin,BNBUSDTM,BNB,USDT,USDT,,8.0,0.01,2026-05-31 22:09:58.758659,20260531,BNBUSDTM
KuCoin,BNTUSDTM,BNT,USDT,USDT,,8.0,0.0001,2026-05-31 22:09:58.758659,20260531,BNTUSDTM
KuCoin,BOMEUSDTM,BOME,USDT,USDT,,4.0,1e-07,2026-05-31 22:09:58.758659,20260531,BOMEUSDTM
KuCoin,BPUSDTM,BP,USDT,USDT,,8.0,1e-05,2026-05-31 22:09:58.758659,20260531,BPUSDTM
KuCoin,BRETTUSDTM,BRETT,USDT,USDT,,4.0,1e-05,2026-05-31 22:09:58.758659,20260531,BRETTUSDTM
KuCoin,BREVUSDTM,BREV,USDT,USDT,,4.0,0.0001,2026-05-31 22:09:58.758659,20260531,BREVUSDTM
KuCoin,BRKBUSDTM,BRKB,USDT,USDT,,8.0,0.01,2026-05-31 22:09:58.758659,20260531,BRKBUSDTM
KuCoin,BROCCOLI714USDTM,BROCCOLI714,USDT,USDT,,4.0,1e-05,2026-05-31 22:09:58.758659,20260531,BROCCOLI714USDTM
KuCoin,BRUSDTM,BR,USDT,USDT,,4.0,1e-05,2026-05-31 22:09:58.758659,20260531,BRUSDTM
KuCoin,BSBUSDTM,BSB,USDT,USDT,,4.0,1e-05,2026-05-31 22:09:58.758659,20260531,BSBUSDTM
KuCoin,BSVUSDTM,BSV,USDT,USDT,,4.0,0.01,2026-05-31 22:09:58.758659,20260531,BSVUSDTM
KuCoin,BTRUSDTM,BTR,USDT,USDT,,4.0,1e-05,2026-05-31 22:09:58.758659,20260531,BTRUSDTM
KuCoin,BUSDTM,B,USDT,USDT,,4.0,1e-05,2026-05-31 22:09:58.758659,20260531,BUSDTM
KuCoin,BZUSDTM,BZ,USDT,USDT,,4.0,0.01,2026-05-31 22:09:58.758659,20260531,BZUSDTM
KuCoin,C98USDTM,C98,USDT,USDT,,8.0,1e-05,2026-05-31 22:09:58.758659,20260531,C98USDTM
KuCoin,CAKEUSDTM,CAKE,USDT,USDT,,4.0,0.0001,2026-05-31 22:09:58.758659,20260531,CAKEUSDTM
KuCoin,CARVUSDTM,CARV,USDT,USDT,,4.0,0.0001,2026-05-31 22:09:58.758659,20260531,CARVUSDTM
KuCoin,CATIUSDTM,CATI,USDT,USDT,,4.0,1e-05,2026-05-31 22:09:58.758659,20260531,CATIUSDTM
KuCoin,CBRSUSDTM,CBRS,USDT,USDT,,8.0,0.01,2026-05-31 22:09:58.758659,20260531,CBRSUSDTM
KuCoin,CCUSDTM,CC,USDT,USDT,,4.0,1e-05,2026-05-31 22:09:58.758659,20260531,CCUSDTM
KuCoin,CELOUSDTM,CELO,USDT,USDT,,8.0,0.0001,2026-05-31 22:09:58.758659,20260531,CELOUSDTM
KuCoin,CELRUSDTM,CELR,USDT,USDT,,8.0,1e-06,2026-05-31 22:09:58.758659,20260531,CELRUSDTM
KuCoin,CETUSUSDTM,CETUS,USDT,USDT,,4.0,1e-05,2026-05-31 22:09:58.758659,20260531,CETUSUSDTM
KuCoin,CFGUSDTM,CFG,USDT,USDT,,4.0,0.0001,2026-05-31 22:09:58.758659,20260531,CFGUSDTM
KuCoin,CFXUSDTM,CFX,USDT,USDT,,8.0,1e-05,2026-05-31 22:09:58.758659,20260531,CFXUSDTM
KuCoin,CGPTUSDTM,CGPT,USDT,USDT,,4.0,1e-05,2026-05-31 22:09:58.758659,20260531,CGPTUSDTM
KuCoin,CHILLGUYUSDTM,CHILLGUY,USDT,USDT,,4.0,1e-05,2026-05-31 22:09:58.758659,20260531,CHILLGUYUSDTM
KuCoin,CHIPUSDTM,CHIP,USDT,USDT,,4.0,1e-05,2026-05-31 22:09:58.758659,20260531,CHIPUSDTM
KuCoin,CHRUSDTM,CHR,USDT,USDT,,8.0,1e-05,2026-05-31 22:09:58.758659,20260531,CHRUSDTM
KuCoin,CHZUSDTM,CHZ,USDT,USDT,,8.0,1e-05,2026-05-31 22:09:58.758659,20260531,CHZUSDTM
KuCoin,CKBUSDTM,CKB,USDT,USDT,,8.0,1e-06,2026-05-31 22:09:58.758659,20260531,CKBUSDTM
KuCoin,CLANKERUSDTM,CLANKER,USDT,USDT,,4.0,0.01,2026-05-31 22:09:58.758659,20260531,CLANKERUSDTM
KuCoin,CLOUSDTM,CLO,USDT,USDT,,4.0,1e-05,2026-05-31 22:09:58.758659,20260531,CLOUSDTM
KuCoin,CLUSDTM,CL,USDT,USDT,,4.0,0.001,2026-05-31 22:09:58.758659,20260531,CLUSDTM
KuCoin,COAIUSDTM,COAI,USDT,USDT,,4.0,1e-05,2026-05-31 22:09:58.758659,20260531,COAIUSDTM
KuCoin,COHRUSDTM,COHR,USDT,USDT,,8.0,0.1,2026-05-31 22:09:58.758659,20260531,COHRUSDTM
KuCoin,COINUSDTM,COIN,USDT,USDT,,8.0,0.01,2026-05-31 22:09:58.758659,20260531,COINUSDTM
KuCoin,COLLECTUSDTM,COLLECT,USDT,USDT,,4.0,1e-05,2026-05-31 22:09:58.758659,20260531,COLLECTUSDTM
KuCoin,COMPUSDTM,COMP,USDT,USDT,,8.0,0.01,2026-05-31 22:09:58.758659,20260531,COMPUSDTM
KuCoin,COOKIEUSDTM,COOKIE,USDT,USDT,,4.0,1e-05,2026-05-31 22:09:58.758659,20260531,COOKIEUSDTM
KuCoin,COPPERUSDTM,COPPER,USDT,USDT,,4.0,0.001,2026-05-31 22:09:58.758659,20260531,COPPERUSDTM
KuCoin,COSTUSDTM,COST,USDT,USDT,,8.0,0.1,2026-05-31 22:09:58.758659,20260531,COSTUSDTM
KuCoin,COTIUSDTM,COTI,USDT,USDT,,8.0,1e-05,2026-05-31 22:09:58.758659,20260531,COTIUSDTM
KuCoin,COWUSDTM,COW,USDT,USDT,,4.0,0.0001,2026-05-31 22:09:58.758659,20260531,COWUSDTM
KuCoin,CRCLUSDTM,CRCL,USDT,USDT,,8.0,0.01,2026-05-31 22:09:58.758659,20260531,CRCLUSDTM
KuCoin,CROSSUSDTM,CROSS,USDT,USDT,,4.0,1e-05,2026-05-31 22:09:58.758659,20260531,CROSSUSDTM
KuCoin,CROUSDTM,CRO,USDT,USDT,,8.0,1e-05,2026-05-31 22:09:58.758659,20260531,CROUSDTM
KuCoin,CRVUSDTM,CRV,USDT,USDT,,8.0,0.0001,2026-05-31 22:09:58.758659,20260531,CRVUSDTM
KuCoin,CRWVUSDTM,CRWV,USDT,USDT,,8.0,0.01,2026-05-31 22:09:58.758659,20260531,CRWVUSDTM
KuCoin,CSCOUSDTM,CSCO,USDT,USDT,,8.0,0.01,2026-05-31 22:09:58.758659,20260531,CSCOUSDTM
KuCoin,CTCUSDTM,CTC,USDT,USDT,,4.0,0.0001,2026-05-31 22:09:58.758659,20260531,CTCUSDTM
KuCoin,CTRUSDTM,CTR,USDT,USDT,,4.0,1e-05,2026-05-31 22:09:58.758659,20260531,CTRUSDTM
KuCoin,CTSIUSDTM,CTSI,USDT,USDT,,8.0,1e-05,2026-05-31 22:09:58.758659,20260531,CTSIUSDTM
KuCoin,CUSDTM,C,USDT,USDT,,4.0,1e-05,2026-05-31 22:09:58.758659,20260531,CUSDTM
KuCoin,CVCUSDTM,CVC,USDT,USDT,,4.0,1e-05,2026-05-31 22:09:58.758659,20260531,CVCUSDTM
KuCoin,CVXUSDTM,CVX,USDT,USDT,,4.0,0.001,2026-05-31 22:09:58.758659,20260531,CVXUSDTM
KuCoin,CYBERUSDTM,CYBER,USDT,USDT,,4.0,0.001,2026-05-31 22:09:58.758659,20260531,CYBERUSDTM
KuCoin,CYSUSDTM,CYS,USDT,USDT,,4.0,0.0001,2026-05-31 22:09:58.758659,20260531,CYSUSDTM
KuCoin,DASHUSDTM,DASH,USDT,USDT,,8.0,0.01,2026-05-31 22:09:58.758659,20260531,DASHUSDTM
KuCoin,DEEPUSDTM,DEEP,USDT,USDT,,4.0,1e-05,2026-05-31 22:09:58.758659,20260531,DEEPUSDTM
KuCoin,DELLUSDTM,DELL,USDT,USDT,,8.0,0.01,2026-05-31 22:09:58.758659,20260531,DELLUSDTM
KuCoin,DISUSDTM,DIS,USDT,USDT,,8.0,0.01,2026-05-31 22:09:58.758659,20260531,DISUSDTM
KuCoin,DODOUSDTM,DODO,USDT,USDT,,4.0,1e-05,2026-05-31 22:09:58.758659,20260531,DODOUSDTM
KuCoin,DOGEUSDCM,DOGE,USDC,USDC,,8.0,1e-05,2026-05-31 22:09:58.758659,20260531,DOGEUSDCM
KuCoin,DOGEUSDM,DOGE,USD,DOGE,,8.0,1e-05,2026-05-31 22:09:58.758659,20260531,DOGEUSDM
KuCoin,DOGSUSDTM,DOGS,USDT,USDT,,4.0,1e-08,2026-05-31 22:09:58.758659,20260531,DOGSUSDTM
KuCoin,DOGUSDTM,DOG,USDT,USDT,,,1e-06,2026-05-31 22:09:58.758659,20260531,DOGUSDTM
KuCoin,DOLOUSDTM,DOLO,USDT,USDT,,4.0,1e-05,2026-05-31 22:09:58.758659,20260531,DOLOUSDTM
KuCoin,DOODUSDTM,DOOD,USDT,USDT,,4.0,1e-06,2026-05-31 22:09:58.758659,20260531,DOODUSDTM
KuCoin,DOTUSDM,DOT,USD,DOT,,8.0,0.001,2026-05-31 22:09:58.758659,20260531,DOTUSDM
KuCoin,DOTUSDTM,DOT,USDT,USDT,,8.0,0.001,2026-05-31 22:09:58.758659,20260531,DOTUSDTM
KuCoin,DRAMUSDTM,DRAM,USDT,USDT,,8.0,0.01,2026-05-31 22:09:58.758659,20260531,DRAMUSDTM
KuCoin,DRIFTUSDTM,DRIFT,USDT,USDT,,4.0,1e-05,2026-05-31 22:09:58.758659,20260531,DRIFTUSDTM
KuCoin,DUSDTM,D,USDT,USDT,,4.0,1e-05,2026-05-31 22:09:58.758659,20260531,DUSDTM
KuCoin,DUSKUSDTM,DUSK,USDT,USDT,,4.0,1e-05,2026-05-31 22:09:58.758659,20260531,DUSKUSDTM
KuCoin,DYDXUSDTM,DYDX,USDT,USDT,,8.0,0.0001,2026-05-31 22:09:58.758659,20260531,DYDXUSDTM
KuCoin,DYMUSDTM,DYM,USDT,USDT,,4.0,1e-05,2026-05-31 22:09:58.758659,20260531,DYMUSDTM
KuCoin,EDENUSDTM,EDEN,USDT,USDT,,4.0,1e-05,2026-05-31 22:09:58.758659,20260531,EDENUSDTM
KuCoin,EDGEUSDTM,EDGE,USDT,USDT,,4.0,0.0001,2026-05-31 22:09:58.758659,20260531,EDGEUSDTM
KuCoin,EDUUSDTM,EDU,USDT,USDT,,8.0,1e-05,2026-05-31 22:09:58.758659,20260531,EDUUSDTM
KuCoin,EGLDUSDTM,EGLD,USDT,USDT,,8.0,0.001,2026-05-31 22:09:58.758659,20260531,EGLDUSDTM
KuCoin,EIGENUSDTM,EIGEN,USDT,USDT,,4.0,0.0001,2026-05-31 22:09:58.758659,20260531,EIGENUSDTM
KuCoin,ELSAUSDTM,ELSA,USDT,USDT,,4.0,1e-05,2026-05-31 22:09:58.758659,20260531,ELSAUSDTM
KuCoin,ENAUSDTM,ENA,USDT,USDT,,4.0,1e-05,2026-05-31 22:09:58.758659,20260531,ENAUSDTM
KuCoin,ENJUSDTM,ENJ,USDT,USDT,,4.0,1e-05,2026-05-31 22:09:58.758659,20260531,ENJUSDTM
KuCoin,ENSOUSDTM,ENSO,USDT,USDT,,4.0,0.0001,2026-05-31 22:09:58.758659,20260531,ENSOUSDTM
KuCoin,ENSUSDTM,ENS,USDT,USDT,,8.0,0.001,2026-05-31 22:09:58.758659,20260531,ENSUSDTM
KuCoin,ERAUSDTM,ERA,USDT,USDT,,4.0,1e-05,2026-05-31 22:09:58.758659,20260531,ERAUSDTM
KuCoin,ESPORTSUSDTM,ESPORTS,USDT,USDT,,4.0,0.0001,2026-05-31 22:09:58.758659,20260531,ESPORTSUSDTM
KuCoin,ESPUSDTM,ESP,USDT,USDT,,4.0,1e-05,2026-05-31 22:09:58.758659,20260531,ESPUSDTM
KuCoin,ESUSDTM,ES,USDT,USDT,,4.0,0.0001,2026-05-31 22:09:58.758659,20260531,ESUSDTM
KuCoin,ETCUSDTM,ETC,USDT,USDT,,8.0,0.001,2026-05-31 22:09:58.758659,20260531,ETCUSDTM
KuCoin,ETHBTCUSDTM,ETHBTC,USDT,USDT,,8.0,1e-06,2026-05-31 22:09:58.758659,20260531,ETHBTCUSDTM
KuCoin,ETHFIUSDTM,ETHFI,USDT,USDT,,4.0,0.0001,2026-05-31 22:09:58.759656,20260531,ETHFIUSDTM
KuCoin,ETHUSDCM,ETH,USDC,USDC,,8.0,0.01,2026-05-31 22:09:58.759656,20260531,ETHUSDCM
KuCoin,ETHUSDM,ETH,USD,ETH,,8.0,0.01,2026-05-31 22:09:58.759656,20260531,ETHUSDM
KuCoin,EULUSDTM,EUL,USDT,USDT,,4.0,0.0001,2026-05-31 22:09:58.759656,20260531,EULUSDTM
KuCoin,EVAAUSDTM,EVAA,USDT,USDT,,4.0,0.0001,2026-05-31 22:09:58.759656,20260531,EVAAUSDTM
KuCoin,EWJUSDTM,EWJ,USDT,USDT,,8.0,0.01,2026-05-31 22:09:58.759656,20260531,EWJUSDTM
KuCoin,EWYUSDTM,EWY,USDT,USDT,,8.0,0.01,2026-05-31 22:09:58.759656,20260531,EWYUSDTM
KuCoin,FARTCOINUSDTM,FARTCOIN,USDT,USDT,,4.0,0.0001,2026-05-31 22:09:58.759656,20260531,FARTCOINUSDTM
KuCoin,FETUSDTM,FET,USDT,USDT,,8.0,0.0001,2026-05-31 22:09:58.759656,20260531,FETUSDTM
KuCoin,FFUSDTM,FF,USDT,USDT,,4.0,1e-05,2026-05-31 22:09:58.759656,20260531,FFUSDTM
KuCoin,FHEUSDTM,FHE,USDT,USDT,,4.0,1e-05,2026-05-31 22:09:58.759656,20260531,FHEUSDTM
KuCoin,FIGHTUSDTM,FIGHT,USDT,USDT,,4.0,1e-06,2026-05-31 22:09:58.759656,20260531,FIGHTUSDTM
KuCoin,FILUSDTM,FIL,USDT,USDT,,8.0,0.0001,2026-05-31 22:09:58.759656,20260531,FILUSDTM
KuCoin,FLNCUSDTM,FLNC,USDT,USDT,,8.0,0.01,2026-05-31 22:09:58.759656,20260531,FLNCUSDTM
KuCoin,FLOCKUSDTM,FLOCK,USDT,USDT,,4.0,1e-05,2026-05-31 22:09:58.759656,20260531,FLOCKUSDTM
KuCoin,FLOKIUSDTM,FLOKI,USDT,USDT,,8.0,1e-09,2026-05-31 22:09:58.759656,20260531,FLOKIUSDTM
KuCoin,FLOWUSDTM,FLOW,USDT,USDT,,4.0,1e-05,2026-05-31 22:09:58.759656,20260531,FLOWUSDTM
KuCoin,FLUIDUSDTM,FLUID,USDT,USDT,,4.0,0.001,2026-05-31 22:09:58.759656,20260531,FLUIDUSDTM
KuCoin,FLUXUSDTM,FLUX,USDT,USDT,,4.0,1e-05,2026-05-31 22:09:58.759656,20260531,FLUXUSDTM
KuCoin,FOGOUSDTM,FOGO,USDT,USDT,,4.0,1e-05,2026-05-31 22:09:58.759656,20260531,FOGOUSDTM
KuCoin,FOLKSUSDTM,FOLKS,USDT,USDT,,4.0,0.001,2026-05-31 22:09:58.759656,20260531,FOLKSUSDTM
KuCoin,FORMUSDTM,FORM,USDT,USDT,,4.0,0.0001,2026-05-31 22:09:58.759656,20260531,FORMUSDTM
KuCoin,FRAXUSDTM,FRAX,USDT,USDT,,4.0,0.0001,2026-05-31 22:09:58.759656,20260531,FRAXUSDTM
KuCoin,FTTUSDTM,FTT,USDT,USDT,,8.0,0.0001,2026-05-31 22:09:58.759656,20260531,FTTUSDTM
KuCoin,FUSDTM,F,USDT,USDT,,4.0,1e-06,2026-05-31 22:09:58.759656,20260531,FUSDTM
KuCoin,GALAUSDTM,GALA,USDT,USDT,,8.0,1e-06,2026-05-31 22:09:58.759656,20260531,GALAUSDTM
KuCoin,GASUSDTM,GAS,USDT,USDT,,4.0,0.001,2026-05-31 22:09:58.759656,20260531,GASUSDTM
KuCoin,GENIUSUSDTM,GENIUS,USDT,USDT,,4.0,1e-05,2026-05-31 22:09:58.759656,20260531,GENIUSUSDTM
KuCoin,GIGGLEUSDTM,GIGGLE,USDT,USDT,,4.0,0.01,2026-05-31 22:09:58.759656,20260531,GIGGLEUSDTM
KuCoin,GLMRUSDTM,GLMR,USDT,USDT,,8.0,1e-05,2026-05-31 22:09:58.759656,20260531,GLMRUSDTM
KuCoin,GLWUSDTM,GLW,USDT,USDT,,8.0,0.01,2026-05-31 22:09:58.759656,20260531,GLWUSDTM
KuCoin,GMTUSDTM,GMT,USDT,USDT,,4.0,1e-05,2026-05-31 22:09:58.759656,20260531,GMTUSDTM
KuCoin,GMXUSDTM,GMX,USDT,USDT,,8.0,0.01,2026-05-31 22:09:58.759656,20260531,GMXUSDTM
KuCoin,GOATUSDTM,GOAT,USDT,USDT,,4.0,1e-05,2026-05-31 22:09:58.759656,20260531,GOATUSDTM
KuCoin,GOOGLUSDTM,GOOGL,USDT,USDT,,8.0,0.01,2026-05-31 22:09:58.759656,20260531,GOOGLUSDTM
KuCoin,GPSUSDTM,GPS,USDT,USDT,,4.0,1e-05,2026-05-31 22:09:58.759656,20260531,GPSUSDTM
KuCoin,GRASSUSDTM,GRASS,USDT,USDT,,4.0,0.0001,2026-05-31 22:09:58.759656,20260531,GRASSUSDTM
KuCoin,GRIFFAINUSDTM,GRIFFAIN,USDT,USDT,,4.0,1e-05,2026-05-31 22:09:58.759656,20260531,GRIFFAINUSDTM
KuCoin,GRTUSDTM,GRT,USDT,USDT,,8.0,1e-05,2026-05-31 22:09:58.759656,20260531,GRTUSDTM
KuCoin,GTCUSDTM,GTC,USDT,USDT,,8.0,0.0001,2026-05-31 22:09:58.759656,20260531,GTCUSDTM
KuCoin,GUAUSDTM,GUA,USDT,USDT,,4.0,1e-05,2026-05-31 22:09:58.759656,20260531,GUAUSDTM
KuCoin,GUNUSDTM,GUN,USDT,USDT,,4.0,1e-05,2026-05-31 22:09:58.759656,20260531,GUNUSDTM
KuCoin,GUSDTM,G,USDT,USDT,,4.0,1e-06,2026-05-31 22:09:58.759656,20260531,GUSDTM
KuCoin,GWEIUSDTM,GWEI,USDT,USDT,,4.0,1e-06,2026-05-31 22:09:58.759656,20260531,GWEIUSDTM
KuCoin,HAEDALUSDTM,HAEDAL,USDT,USDT,,4.0,1e-05,2026-05-31 22:09:58.759656,20260531,HAEDALUSDTM
KuCoin,HANAUSDTM,HANA,USDT,USDT,,4.0,1e-05,2026-05-31 22:09:58.759656,20260531,HANAUSDTM
KuCoin,HBARUSDTM,HBAR,USDT,USDT,,8.0,1e-05,2026-05-31 22:09:58.759656,20260531,HBARUSDTM
KuCoin,HDUSDTM,HD,USDT,USDT,,8.0,0.01,2026-05-31 22:09:58.759656,20260531,HDUSDTM
KuCoin,HEIUSDTM,HEI,USDT,USDT,,4.0,0.0001,2026-05-31 22:09:58.759656,20260531,HEIUSDTM
KuCoin,HEMIUSDTM,HEMI,USDT,USDT,,4.0,1e-06,2026-05-31 22:09:58.759656,20260531,HEMIUSDTM
KuCoin,HFTUSDTM,HFT,USDT,USDT,,8.0,1e-05,2026-05-31 22:09:58.759656,20260531,HFTUSDTM
KuCoin,HIGHUSDTM,HIGH,USDT,USDT,,8.0,0.0001,2026-05-31 22:09:58.759656,20260531,HIGHUSDTM
KuCoin,HIMSUSDTM,HIMS,USDT,USDT,,8.0,0.01,2026-05-31 22:09:58.759656,20260531,HIMSUSDTM
KuCoin,HIVEUSDTM,HIVE,USDT,USDT,,1.0,0.0001,2026-05-31 22:09:58.759656,20260531,HIVEUSDTM
KuCoin,HMSTRUSDTM,HMSTR,USDT,USDT,,4.0,1e-07,2026-05-31 22:09:58.759656,20260531,HMSTRUSDTM
KuCoin,HOLOUSDTM,HOLO,USDT,USDT,,4.0,1e-05,2026-05-31 22:09:58.759656,20260531,HOLOUSDTM
KuCoin,HOMEUSDTM,HOME,USDT,USDT,,4.0,1e-06,2026-05-31 22:09:58.759656,20260531,HOMEUSDTM
KuCoin,HOODUSDTM,HOOD,USDT,USDT,,8.0,0.01,2026-05-31 22:09:58.759656,20260531,HOODUSDTM
KuCoin,HOTUSDTM,HOT,USDT,USDT,,8.0,1e-07,2026-05-31 22:09:58.759656,20260531,HOTUSDTM
KuCoin,HUMAUSDTM,HUMA,USDT,USDT,,4.0,1e-06,2026-05-31 22:09:58.759656,20260531,HUMAUSDTM
KuCoin,HUSDTM,H,USDT,USDT,,4.0,1e-05,2026-05-31 22:09:58.759656,20260531,HUSDTM
KuCoin,HYPERUSDTM,HYPER,USDT,USDT,,4.0,1e-05,2026-05-31 22:09:58.759656,20260531,HYPERUSDTM
KuCoin,HYPEUSDTM,HYPE,USDT,USDT,,4.0,0.001,2026-05-31 22:09:58.759656,20260531,HYPEUSDTM
KuCoin,IBMUSDTM,IBM,USDT,USDT,,8.0,0.01,2026-05-31 22:09:58.759656,20260531,IBMUSDTM
KuCoin,ICNTUSDTM,ICNT,USDT,USDT,,4.0,1e-05,2026-05-31 22:09:58.759656,20260531,ICNTUSDTM
KuCoin,ICPUSDTM,ICP,USDT,USDT,,8.0,0.001,2026-05-31 22:09:58.759656,20260531,ICPUSDTM
KuCoin,ICXUSDTM,ICX,USDT,USDT,,4.0,1e-05,2026-05-31 22:09:58.759656,20260531,ICXUSDTM
KuCoin,IDOLUSDTM,IDOL,USDT,USDT,,4.0,1e-05,2026-05-31 22:09:58.759656,20260531,IDOLUSDTM
KuCoin,IDUSDTM,ID,USDT,USDT,,1.0,1e-05,2026-05-31 22:09:58.759656,20260531,IDUSDTM
KuCoin,ILVUSDTM,ILV,USDT,USDT,,4.0,0.001,2026-05-31 22:09:58.759656,20260531,ILVUSDTM
KuCoin,IMXUSDTM,IMX,USDT,USDT,,4.0,0.0001,2026-05-31 22:09:58.759656,20260531,IMXUSDTM
KuCoin,INFQUSDTM,INFQ,USDT,USDT,,8.0,0.01,2026-05-31 22:09:58.759656,20260531,INFQUSDTM
KuCoin,INITUSDTM,INIT,USDT,USDT,,4.0,0.0001,2026-05-31 22:09:58.759656,20260531,INITUSDTM
KuCoin,INJUSDTM,INJ,USDT,USDT,,8.0,0.001,2026-05-31 22:09:58.759656,20260531,INJUSDTM
KuCoin,INTCUSDTM,INTC,USDT,USDT,,8.0,0.01,2026-05-31 22:09:58.759656,20260531,INTCUSDTM
KuCoin,INUSDTM,IN,USDT,USDT,,4.0,1e-05,2026-05-31 22:09:58.759656,20260531,INUSDTM
KuCoin,INXUSDTM,INX,USDT,USDT,,4.0,1e-06,2026-05-31 22:09:58.759656,20260531,INXUSDTM
KuCoin,IOTAUSDTM,IOTA,USDT,USDT,,8.0,0.0001,2026-05-31 22:09:58.759656,20260531,IOTAUSDTM
KuCoin,IOTXUSDTM,IOTX,USDT,USDT,,8.0,1e-05,2026-05-31 22:09:58.759656,20260531,IOTXUSDTM
KuCoin,IOUSDTM,IO,USDT,USDT,,4.0,0.0001,2026-05-31 22:09:58.759656,20260531,IOUSDTM
KuCoin,IPUSDTM,IP,USDT,USDT,,4.0,1e-05,2026-05-31 22:09:58.759656,20260531,IPUSDTM
KuCoin,IRYSUSDTM,IRYS,USDT,USDT,,4.0,1e-06,2026-05-31 22:09:58.759656,20260531,IRYSUSDTM
KuCoin,JASMYUSDTM,JASMY,USDT,USDT,,8.0,1e-06,2026-05-31 22:09:58.759656,20260531,JASMYUSDTM
KuCoin,JCTUSDTM,JCT,USDT,USDT,,4.0,1e-07,2026-05-31 22:09:58.759656,20260531,JCTUSDTM
KuCoin,JELLYJELLYUSDTM,JELLYJELLY,USDT,USDT,,4.0,1e-06,2026-05-31 22:09:58.759656,20260531,JELLYJELLYUSDTM
KuCoin,JOEUSDTM,JOE,USDT,USDT,,8.0,1e-05,2026-05-31 22:09:58.759656,20260531,JOEUSDTM
KuCoin,JPMUSDTM,JPM,USDT,USDT,,8.0,0.01,2026-05-31 22:09:58.759656,20260531,JPMUSDTM
KuCoin,JTOUSDTM,JTO,USDT,USDT,,4.0,0.0001,2026-05-31 22:09:58.759656,20260531,JTOUSDTM
KuCoin,JUPUSDTM,JUP,USDT,USDT,,4.0,0.0001,2026-05-31 22:09:58.759656,20260531,JUPUSDTM
KuCoin,KAIAUSDTM,KAIA,USDT,USDT,,4.0,1e-05,2026-05-31 22:09:58.759656,20260531,KAIAUSDTM
KuCoin,KAITOUSDTM,KAITO,USDT,USDT,,4.0,0.0001,2026-05-31 22:09:58.759656,20260531,KAITOUSDTM
KuCoin,KASUSDTM,KAS,USDT,USDT,,4.0,1e-06,2026-05-31 22:09:58.759656,20260531,KASUSDTM
KuCoin,KATUSDTM,KAT,USDT,USDT,,4.0,1e-05,2026-05-31 22:09:58.759656,20260531,KATUSDTM
KuCoin,KAVAUSDTM,KAVA,USDT,USDT,,4.0,0.0001,2026-05-31 22:09:58.759656,20260531,KAVAUSDTM
KuCoin,KCSUSDTM,KCS,USDT,USDT,,8.0,0.001,2026-05-31 22:09:58.759656,20260531,KCSUSDTM
KuCoin,KERNELUSDTM,KERNEL,USDT,USDT,,4.0,1e-05,2026-05-31 22:09:58.759656,20260531,KERNELUSDTM
KuCoin,KGENUSDTM,KGEN,USDT,USDT,,4.0,1e-05,2026-05-31 22:09:58.759656,20260531,KGENUSDTM
KuCoin,KITEUSDTM,KITE,USDT,USDT,,4.0,1e-05,2026-05-31 22:09:58.759656,20260531,KITEUSDTM
KuCoin,KNCUSDTM,KNC,USDT,USDT,,8.0,0.0001,2026-05-31 22:09:58.759656,20260531,KNCUSDTM
KuCoin,KOMAUSDTM,KOMA,USDT,USDT,,4.0,1e-05,2026-05-31 22:09:58.759656,20260531,KOMAUSDTM
KuCoin,KSMUSDTM,KSM,USDT,USDT,,8.0,0.001,2026-05-31 22:09:58.759656,20260531,KSMUSDTM
KuCoin,LABUSDTM,LAB,USDT,USDT,,4.0,1e-05,2026-05-31 22:09:58.759656,20260531,LABUSDTM
KuCoin,LAUSDTM,LA,USDT,USDT,,4.0,0.0001,2026-05-31 22:09:58.759656,20260531,LAUSDTM
KuCoin,LDOUSDTM,LDO,USDT,USDT,,8.0,0.0001,2026-05-31 22:09:58.759656,20260531,LDOUSDTM
KuCoin,LIGHTUSDTM,LIGHT,USDT,USDT,,4.0,1e-05,2026-05-31 22:09:58.759656,20260531,LIGHTUSDTM
KuCoin,LINEAUSDTM,LINEA,USDT,USDT,,4.0,1e-06,2026-05-31 22:09:58.759656,20260531,LINEAUSDTM
KuCoin,LINKUSDTM,LINK,USDT,USDT,,8.0,0.001,2026-05-31 22:09:58.759656,20260531,LINKUSDTM
KuCoin,LISTAUSDTM,LISTA,USDT,USDT,,4.0,1e-05,2026-05-31 22:09:58.759656,20260531,LISTAUSDTM
KuCoin,LITEUSDTM,LITE,USDT,USDT,,8.0,0.01,2026-05-31 22:09:58.759656,20260531,LITEUSDTM
KuCoin,LITUSDTM,LIT,USDT,USDT,,4.0,0.001,2026-05-31 22:09:58.759656,20260531,LITUSDTM
KuCoin,LLYUSDTM,LLY,USDT,USDT,,8.0,0.1,2026-05-31 22:09:58.759656,20260531,LLYUSDTM
KuCoin,LPTUSDTM,LPT,USDT,USDT,,4.0,0.001,2026-05-31 22:09:58.759656,20260531,LPTUSDTM
KuCoin,LQTYUSDTM,LQTY,USDT,USDT,,8.0,0.0001,2026-05-31 22:09:58.759656,20260531,LQTYUSDTM
KuCoin,LRCUSDTM,LRC,USDT,USDT,,1.0,1e-05,2026-05-31 22:09:58.759656,20260531,LRCUSDTM
KuCoin,LTCUSDTM,LTC,USDT,USDT,,8.0,0.01,2026-05-31 22:09:58.759656,20260531,LTCUSDTM
KuCoin,LUNAUSDTM,LUNA,USDT,USDT,,4.0,1e-05,2026-05-31 22:09:58.759656,20260531,LUNAUSDTM
KuCoin,LUNCUSDTM,LUNC,USDT,USDT,,8.0,1e-09,2026-05-31 22:09:58.759656,20260531,LUNCUSDTM
KuCoin,LYNUSDTM,LYN,USDT,USDT,,4.0,1e-05,2026-05-31 22:09:58.759656,20260531,LYNUSDTM
KuCoin,MAGICUSDTM,MAGIC,USDT,USDT,,4.0,1e-05,2026-05-31 22:09:58.759656,20260531,MAGICUSDTM
KuCoin,MAGMAUSDTM,MAGMA,USDT,USDT,,4.0,1e-05,2026-05-31 22:09:58.759656,20260531,MAGMAUSDTM
KuCoin,MANAUSDTM,MANA,USDT,USDT,,8.0,0.0001,2026-05-31 22:09:58.759656,20260531,MANAUSDTM
KuCoin,MANTAUSDTM,MANTA,USDT,USDT,,4.0,0.0001,2026-05-31 22:09:58.759656,20260531,MANTAUSDTM
KuCoin,MANTRAUSDTM,MANTRA,USDT,USDT,,4.0,1e-05,2026-05-31 22:09:58.759656,20260531,MANTRAUSDTM
KuCoin,MASKUSDTM,MASK,USDT,USDT,,4.0,0.0001,2026-05-31 22:09:58.759656,20260531,MASKUSDTM
KuCoin,MAVIAUSDTM,MAVIA,USDT,USDT,,4.0,1e-05,2026-05-31 22:09:58.759656,20260531,MAVIAUSDTM
KuCoin,MAVUSDTM,MAV,USDT,USDT,,8.0,1e-05,2026-05-31 22:09:58.759656,20260531,MAVUSDTM
KuCoin,MBOXUSDTM,MBOX,USDT,USDT,,4.0,1e-05,2026-05-31 22:09:58.759656,20260531,MBOXUSDTM
KuCoin,MCDUSDTM,MCD,USDT,USDT,,8.0,0.01,2026-05-31 22:09:58.759656,20260531,MCDUSDTM
KuCoin,MEGAUSDTM,MEGA,USDT,USDT,,4.0,1e-05,2026-05-31 22:09:58.759656,20260531,MEGAUSDTM
KuCoin,MELANIAUSDTM,MELANIA,USDT,USDT,,4.0,0.0001,2026-05-31 22:09:58.759656,20260531,MELANIAUSDTM
KuCoin,MEMEUSDTM,MEME,USDT,USDT,,4.0,1e-06,2026-05-31 22:09:58.759656,20260531,MEMEUSDTM
KuCoin,MERLUSDTM,MERL,USDT,USDT,,4.0,1e-05,2026-05-31 22:09:58.759656,20260531,MERLUSDTM
KuCoin,METAUSDTM,META,USDT,USDT,,8.0,0.01,2026-05-31 22:09:58.759656,20260531,METAUSDTM
KuCoin,METISUSDTM,METIS,USDT,USDT,,4.0,0.001,2026-05-31 22:09:58.759656,20260531,METISUSDTM
KuCoin,METUSDTM,MET,USDT,USDT,,4.0,0.0001,2026-05-31 22:09:58.759656,20260531,METUSDTM
KuCoin,MEUSDTM,ME,USDT,USDT,,4.0,0.0001,2026-05-31 22:09:58.759656,20260531,MEUSDTM
KuCoin,MEWUSDTM,MEW,USDT,USDT,,4.0,1e-06,2026-05-31 22:09:58.759656,20260531,MEWUSDTM
KuCoin,MINAUSDTM,MINA,USDT,USDT,,8.0,0.0001,2026-05-31 22:09:58.759656,20260531,MINAUSDTM
KuCoin,MIRAUSDTM,MIRA,USDT,USDT,,4.0,1e-06,2026-05-31 22:09:58.759656,20260531,MIRAUSDTM
KuCoin,MITOUSDTM,MITO,USDT,USDT,,4.0,1e-05,2026-05-31 22:09:58.759656,20260531,MITOUSDTM
KuCoin,MMTUSDTM,MMT,USDT,USDT,,4.0,1e-05,2026-05-31 22:09:58.759656,20260531,MMTUSDTM
KuCoin,MOCAUSDTM,MOCA,USDT,USDT,,4.0,1e-05,2026-05-31 22:09:58.759656,20260531,MOCAUSDTM
KuCoin,MONUSDTM,MON,USDT,USDT,,4.0,1e-05,2026-05-31 22:09:58.759656,20260531,MONUSDTM
KuCoin,MOODENGUSDTM,MOODENG,USDT,USDT,,4.0,1e-05,2026-05-31 22:09:58.759656,20260531,MOODENGUSDTM
KuCoin,MORPHOUSDTM,MORPHO,USDT,USDT,,4.0,0.0001,2026-05-31 22:09:58.759656,20260531,MORPHOUSDTM
KuCoin,MOVEUSDTM,MOVE,USDT,USDT,,4.0,1e-05,2026-05-31 22:09:58.759656,20260531,MOVEUSDTM
KuCoin,MOVRUSDTM,MOVR,USDT,USDT,,4.0,0.001,2026-05-31 22:09:58.759656,20260531,MOVRUSDTM
KuCoin,MPUSDTM,MP,USDT,USDT,,8.0,0.01,2026-05-31 22:09:58.759656,20260531,MPUSDTM
KuCoin,MRVLUSDTM,MRVL,USDT,USDT,,8.0,0.01,2026-05-31 22:09:58.759656,20260531,MRVLUSDTM
KuCoin,MSFTUSDTM,MSFT,USDT,USDT,,8.0,0.01,2026-05-31 22:09:58.759656,20260531,MSFTUSDTM
KuCoin,MSTRUSDTM,MSTR,USDT,USDT,,8.0,0.01,2026-05-31 22:09:58.759656,20260531,MSTRUSDTM
KuCoin,MTLUSDTM,MTL,USDT,USDT,,8.0,0.0001,2026-05-31 22:09:58.759656,20260531,MTLUSDTM
KuCoin,MUBARAKUSDTM,MUBARAK,USDT,USDT,,4.0,1e-05,2026-05-31 22:09:58.759656,20260531,MUBARAKUSDTM
KuCoin,MUSDTM,M,USDT,USDT,,4.0,1e-05,2026-05-31 22:09:58.759656,20260531,MUSDTM
KuCoin,MUUSDTM,MU,USDT,USDT,,8.0,0.01,2026-05-31 22:09:58.759656,20260531,MUUSDTM
KuCoin,MYXUSDTM,MYX,USDT,USDT,,4.0,1e-05,2026-05-31 22:09:58.759656,20260531,MYXUSDTM
KuCoin,NAORISUSDTM,NAORIS,USDT,USDT,,4.0,1e-05,2026-05-31 22:09:58.759656,20260531,NAORISUSDTM
KuCoin,NATGASUSDTM,NATGAS,USDT,USDT,,4.0,0.001,2026-05-31 22:09:58.759656,20260531,NATGASUSDTM
KuCoin,NBISUSDTM,NBIS,USDT,USDT,,8.0,0.01,2026-05-31 22:09:58.759656,20260531,NBISUSDTM
KuCoin,NEARUSDTM,NEAR,USDT,USDT,,8.0,0.001,2026-05-31 22:09:58.759656,20260531,NEARUSDTM
KuCoin,NEIROCTOUSDTM,NEIROCTO,USDT,USDT,,4.0,1e-07,2026-05-31 22:09:58.759656,20260531,NEIROCTOUSDTM
KuCoin,NEOUSDTM,NEO,USDT,USDT,,8.0,0.001,2026-05-31 22:09:58.759656,20260531,NEOUSDTM
KuCoin,NEWTUSDTM,NEWT,USDT,USDT,,4.0,1e-05,2026-05-31 22:09:58.759656,20260531,NEWTUSDTM
KuCoin,NEXUSDTM,NEX,USDT,USDT,,4.0,1e-09,2026-05-31 22:09:58.759656,20260531,NEXUSDTM
KuCoin,NFLXUSDTM,NFLX,USDT,USDT,,4.0,0.01,2026-05-31 22:09:58.759656,20260531,NFLXUSDTM
KuCoin,NFPUSDTM,NFP,USDT,USDT,,4.0,1e-05,2026-05-31 22:09:58.759656,20260531,NFPUSDTM
KuCoin,NIGHTUSDTM,NIGHT,USDT,USDT,,4.0,1e-07,2026-05-31 22:09:58.759656,20260531,NIGHTUSDTM
KuCoin,NILUSDTM,NIL,USDT,USDT,,4.0,1e-05,2026-05-31 22:09:58.759656,20260531,NILUSDTM
KuCoin,NMRUSDTM,NMR,USDT,USDT,,4.0,0.001,2026-05-31 22:09:58.759656,20260531,NMRUSDTM
KuCoin,NOKUSDTM,NOK,USDT,USDT,,8.0,0.01,2026-05-31 22:09:58.759656,20260531,NOKUSDTM
KuCoin,NOMUSDTM,NOM,USDT,USDT,,4.0,1e-06,2026-05-31 22:09:58.759656,20260531,NOMUSDTM
KuCoin,NOTUSDTM,NOT,USDT,USDT,,4.0,1e-07,2026-05-31 22:09:58.759656,20260531,NOTUSDTM
KuCoin,NPCUSDTM,NPC,USDT,USDT,,4.0,1e-06,2026-05-31 22:09:58.759656,20260531,NPCUSDTM
KuCoin,NVDAUSDTM,NVDA,USDT,USDT,,8.0,0.01,2026-05-31 22:09:58.759656,20260531,NVDAUSDTM
KuCoin,NXPCUSDTM,NXPC,USDT,USDT,,4.0,0.0001,2026-05-31 22:09:58.759656,20260531,NXPCUSDTM
KuCoin,OFCUSDTM,OFC,USDT,USDT,,4.0,1e-05,2026-05-31 22:09:58.759656,20260531,OFCUSDTM
KuCoin,OGNUSDTM,OGN,USDT,USDT,,4.0,1e-05,2026-05-31 22:09:58.759656,20260531,OGNUSDTM
KuCoin,OGUSDTM,OG,USDT,USDT,,4.0,0.0001,2026-05-31 22:09:58.759656,20260531,OGUSDTM
KuCoin,OKLOUSDTM,OKLO,USDT,USDT,,8.0,0.01,2026-05-31 22:09:58.759656,20260531,OKLOUSDTM
KuCoin,ONDOUSDTM,ONDO,USDT,USDT,,4.0,0.0001,2026-05-31 22:09:58.759656,20260531,ONDOUSDTM
KuCoin,ONEUSDTM,ONE,USDT,USDT,,8.0,1e-06,2026-05-31 22:09:58.759656,20260531,ONEUSDTM
KuCoin,ONTUSDTM,ONT,USDT,USDT,,4.0,1e-05,2026-05-31 22:09:58.759656,20260531,ONTUSDTM
KuCoin,ONUSDTM,ON,USDT,USDT,,4.0,1e-05,2026-05-31 22:09:58.759656,20260531,ONUSDTM
KuCoin,OPENAIUSDTM,OPENAI,USDT,USDT,,8.0,0.01,2026-05-31 22:09:58.759656,20260531,OPENAIUSDTM
KuCoin,OPENUSDTM,OPEN,USDT,USDT,,4.0,1e-05,2026-05-31 22:09:58.759656,20260531,OPENUSDTM
KuCoin,OPGUSDTM,OPG,USDT,USDT,,4.0,1e-05,2026-05-31 22:09:58.759656,20260531,OPGUSDTM
KuCoin,OPNUSDTM,OPN,USDT,USDT,,4.0,0.0001,2026-05-31 22:09:58.759656,20260531,OPNUSDTM
KuCoin,OPUSDTM,OP,USDT,USDT,,8.0,0.0001,2026-05-31 22:09:58.759656,20260531,OPUSDTM
KuCoin,ORBSUSDTM,ORBS,USDT,USDT,,4.0,1e-05,2026-05-31 22:09:58.759656,20260531,ORBSUSDTM
KuCoin,ORCAUSDTM,ORCA,USDT,USDT,,4.0,0.0001,2026-05-31 22:09:58.759656,20260531,ORCAUSDTM
KuCoin,ORCLUSDTM,ORCL,USDT,USDT,,8.0,0.01,2026-05-31 22:09:58.759656,20260531,ORCLUSDTM
KuCoin,ORDERUSDTM,ORDER,USDT,USDT,,4.0,1e-05,2026-05-31 22:09:58.759656,20260531,ORDERUSDTM
KuCoin,ORDIUSDTM,ORDI,USDT,USDT,,4.0,0.0001,2026-05-31 22:09:58.759656,20260531,ORDIUSDTM
KuCoin,PARTIUSDTM,PARTI,USDT,USDT,,4.0,1e-05,2026-05-31 22:09:58.759656,20260531,PARTIUSDTM
KuCoin,PAXGUSDTM,PAXG,USDT,USDT,,4.0,0.01,2026-05-31 22:09:58.759656,20260531,PAXGUSDTM
KuCoin,PAYPUSDTM,PAYP,USDT,USDT,,8.0,0.01,2026-05-31 22:09:58.759656,20260531,PAYPUSDTM
KuCoin,PENDLEUSDTM,PENDLE,USDT,USDT,,8.0,0.0001,2026-05-31 22:09:58.759656,20260531,PENDLEUSDTM
KuCoin,PENGUUSDTM,PENGU,USDT,USDT,,4.0,1e-06,2026-05-31 22:09:58.759656,20260531,PENGUUSDTM
KuCoin,PEOPLEUSDTM,PEOPLE,USDT,USDT,,8.0,1e-05,2026-05-31 22:09:58.759656,20260531,PEOPLEUSDTM
KuCoin,PEPEUSDCM,PEPE,USDC,USDC,,8.0,1e-10,2026-05-31 22:09:58.759656,20260531,PEPEUSDCM
KuCoin,PHAUSDTM,PHA,USDT,USDT,,4.0,1e-05,2026-05-31 22:09:58.759656,20260531,PHAUSDTM
KuCoin,PIEVERSEUSDTM,PIEVERSE,USDT,USDT,,4.0,1e-05,2026-05-31 22:09:58.759656,20260531,PIEVERSEUSDTM
KuCoin,PIPPINUSDTM,PIPPIN,USDT,USDT,,4.0,1e-05,2026-05-31 22:09:58.759656,20260531,PIPPINUSDTM
KuCoin,PIXELUSDTM,PIXEL,USDT,USDT,,4.0,1e-05,2026-05-31 22:09:58.759656,20260531,PIXELUSDTM
KuCoin,PLTRUSDTM,PLTR,USDT,USDT,,8.0,0.01,2026-05-31 22:09:58.759656,20260531,PLTRUSDTM
KuCoin,PLUMEUSDTM,PLUME,USDT,USDT,,4.0,1e-05,2026-05-31 22:09:58.759656,20260531,PLUMEUSDTM
KuCoin,PNUTUSDTM,PNUT,USDT,USDT,,4.0,1e-05,2026-05-31 22:09:58.759656,20260531,PNUTUSDTM
KuCoin,POLUSDTM,POL,USDT,USDT,,4.0,1e-05,2026-05-31 22:09:58.759656,20260531,POLUSDTM
KuCoin,POLYXUSDTM,POLYX,USDT,USDT,,4.0,1e-05,2026-05-31 22:09:58.759656,20260531,POLYXUSDTM
KuCoin,POPCATUSDTM,POPCAT,USDT,USDT,,4.0,1e-05,2026-05-31 22:09:58.759656,20260531,POPCATUSDTM
KuCoin,PORTALUSDTM,PORTAL,USDT,USDT,,4.0,1e-05,2026-05-31 22:09:58.759656,20260531,PORTALUSDTM
KuCoin,POWERUSDTM,POWER,USDT,USDT,,4.0,1e-05,2026-05-31 22:09:58.759656,20260531,POWERUSDTM
KuCoin,POWRUSDTM,POWR,USDT,USDT,,4.0,0.0001,2026-05-31 22:09:58.759656,20260531,POWRUSDTM
KuCoin,PRLUSDTM,PRL,USDT,USDT,,4.0,1e-05,2026-05-31 22:09:58.759656,20260531,PRLUSDTM
KuCoin,PROMPTUSDTM,PROMPT,USDT,USDT,,4.0,1e-05,2026-05-31 22:09:58.759656,20260531,PROMPTUSDTM
KuCoin,PROMUSDTM,PROM,USDT,USDT,,4.0,0.0001,2026-05-31 22:09:58.759656,20260531,PROMUSDTM
KuCoin,PROSUSDTM,PROS,USDT,USDT,,4.0,0.0001,2026-05-31 22:09:58.759656,20260531,PROSUSDTM
KuCoin,PROVEUSDTM,PROVE,USDT,USDT,,4.0,1e-05,2026-05-31 22:09:58.759656,20260531,PROVEUSDTM
KuCoin,PTBUSDTM,PTB,USDT,USDT,,4.0,1e-06,2026-05-31 22:09:58.759656,20260531,PTBUSDTM
KuCoin,PUMPUSDTM,PUMP,USDT,USDT,,4.0,1e-06,2026-05-31 22:09:58.759656,20260531,PUMPUSDTM
KuCoin,PYTHUSDTM,PYTH,USDT,USDT,,4.0,1e-05,2026-05-31 22:09:58.759656,20260531,PYTHUSDTM
KuCoin,QCOMUSDTM,QCOM,USDT,USDT,,8.0,0.01,2026-05-31 22:09:58.759656,20260531,QCOMUSDTM
KuCoin,QNTUSDTM,QNT,USDT,USDT,,8.0,0.01,2026-05-31 22:09:58.759656,20260531,QNTUSDTM
KuCoin,QNTXUSDTM,QNTX,USDT,USDT,,8.0,0.01,2026-05-31 22:09:58.759656,20260531,QNTXUSDTM
KuCoin,QQQUSDTM,QQQ,USDT,USDT,,8.0,0.01,2026-05-31 22:09:58.759656,20260531,QQQUSDTM
KuCoin,QTUMUSDTM,QTUM,USDT,USDT,,8.0,0.001,2026-05-31 22:09:58.760653,20260531,QTUMUSDTM
KuCoin,QUSDTM,Q,USDT,USDT,,4.0,1e-06,2026-05-31 22:09:58.760653,20260531,QUSDTM
KuCoin,RAREUSDTM,RARE,USDT,USDT,,4.0,1e-05,2026-05-31 22:09:58.760653,20260531,RAREUSDTM
KuCoin,RAVEUSDTM,RAVE,USDT,USDT,,4.0,1e-05,2026-05-31 22:09:58.760653,20260531,RAVEUSDTM
KuCoin,RAYUSDTM,RAY,USDT,USDT,,4.0,0.0001,2026-05-31 22:09:58.760653,20260531,RAYUSDTM
KuCoin,RDDTUSDTM,RDDT,USDT,USDT,,8.0,0.01,2026-05-31 22:09:58.760653,20260531,RDDTUSDTM
KuCoin,RDWUSDTM,RDW,USDT,USDT,,8.0,0.01,2026-05-31 22:09:58.760653,20260531,RDWUSDTM
KuCoin,RECALLUSDTM,RECALL,USDT,USDT,,4.0,1e-05,2026-05-31 22:09:58.760653,20260531,RECALLUSDTM
KuCoin,REDSTONEUSDTM,REDSTONE,USDT,USDT,,4.0,0.0001,2026-05-31 22:09:58.760653,20260531,REDSTONEUSDTM
KuCoin,RENDERUSDTM,RENDER,USDT,USDT,,4.0,0.001,2026-05-31 22:09:58.760653,20260531,RENDERUSDTM
KuCoin,RESOLVUSDTM,RESOLV,USDT,USDT,,4.0,1e-05,2026-05-31 22:09:58.760653,20260531,RESOLVUSDTM
KuCoin,REZUSDTM,REZ,USDT,USDT,,4.0,1e-06,2026-05-31 22:09:58.760653,20260531,REZUSDTM
KuCoin,RGTIUSDTM,RGTI,USDT,USDT,,8.0,0.01,2026-05-31 22:09:58.760653,20260531,RGTIUSDTM
KuCoin,RIFUSDTM,RIF,USDT,USDT,,4.0,1e-05,2026-05-31 22:09:58.760653,20260531,RIFUSDTM
KuCoin,RIVERUSDTM,RIVER,USDT,USDT,,4.0,0.001,2026-05-31 22:09:58.760653,20260531,RIVERUSDTM
KuCoin,RKLBUSDTM,RKLB,USDT,USDT,,8.0,0.01,2026-05-31 22:09:58.760653,20260531,RKLBUSDTM
KuCoin,RNBWUSDTM,RNBW,USDT,USDT,,4.0,1e-05,2026-05-31 22:09:58.760653,20260531,RNBWUSDTM
KuCoin,ROAMUSDTM,ROAM,USDT,USDT,,4.0,1e-06,2026-05-31 22:09:58.760653,20260531,ROAMUSDTM
KuCoin,ROBOUSDTM,ROBO,USDT,USDT,,4.0,1e-05,2026-05-31 22:09:58.760653,20260531,ROBOUSDTM
KuCoin,RONUSDTM,RON,USDT,USDT,,4.0,0.0001,2026-05-31 22:09:58.760653,20260531,RONUSDTM
KuCoin,ROSEUSDTM,ROSE,USDT,USDT,,8.0,1e-05,2026-05-31 22:09:58.760653,20260531,ROSEUSDTM
KuCoin,RSRUSDTM,RSR,USDT,USDT,,8.0,1e-06,2026-05-31 22:09:58.760653,20260531,RSRUSDTM
KuCoin,RUNEUSDTM,RUNE,USDT,USDT,,8.0,0.0001,2026-05-31 22:09:58.760653,20260531,RUNEUSDTM
KuCoin,RVNUSDTM,RVN,USDT,USDT,,4.0,1e-05,2026-05-31 22:09:58.760653,20260531,RVNUSDTM
KuCoin,SAGAUSDTM,SAGA,USDT,USDT,,4.0,1e-05,2026-05-31 22:09:58.760653,20260531,SAGAUSDTM
KuCoin,SAHARAUSDTM,SAHARA,USDT,USDT,,4.0,1e-05,2026-05-31 22:09:58.760653,20260531,SAHARAUSDTM
KuCoin,SANDUSDTM,SAND,USDT,USDT,,8.0,1e-05,2026-05-31 22:09:58.760653,20260531,SANDUSDTM
KuCoin,SAPIENUSDTM,SAPIEN,USDT,USDT,,4.0,1e-05,2026-05-31 22:09:58.760653,20260531,SAPIENUSDTM
KuCoin,SCRUSDTM,SCR,USDT,USDT,,4.0,1e-05,2026-05-31 22:09:58.760653,20260531,SCRUSDTM
KuCoin,SEIUSDTM,SEI,USDT,USDT,,8.0,1e-05,2026-05-31 22:09:58.760653,20260531,SEIUSDTM
KuCoin,SENTUSDTM,SENT,USDT,USDT,,4.0,1e-05,2026-05-31 22:09:58.760653,20260531,SENTUSDTM
KuCoin,SFPUSDTM,SFP,USDT,USDT,,8.0,0.0001,2026-05-31 22:09:58.760653,20260531,SFPUSDTM
KuCoin,SHELLUSDTM,SHELL,USDT,USDT,,4.0,1e-05,2026-05-31 22:09:58.760653,20260531,SHELLUSDTM
KuCoin,SHIBUSDTM,SHIB,USDT,USDT,,8.0,1e-09,2026-05-31 22:09:58.760653,20260531,SHIBUSDTM
KuCoin,SIGNUSDTM,SIGN,USDT,USDT,,4.0,1e-05,2026-05-31 22:09:58.760653,20260531,SIGNUSDTM
KuCoin,SIRENUSDTM,SIREN,USDT,USDT,,4.0,1e-05,2026-05-31 22:09:58.760653,20260531,SIRENUSDTM
KuCoin,SKLUSDTM,SKL,USDT,USDT,,4.0,1e-05,2026-05-31 22:09:58.760653,20260531,SKLUSDTM
KuCoin,SKRUSDTM,SKR,USDT,USDT,,4.0,1e-06,2026-05-31 22:09:58.760653,20260531,SKRUSDTM
KuCoin,SKYAIUSDTM,SKYAI,USDT,USDT,,4.0,1e-05,2026-05-31 22:09:58.760653,20260531,SKYAIUSDTM
KuCoin,SKYUSDTM,SKY,USDT,USDT,,4.0,1e-05,2026-05-31 22:09:58.760653,20260531,SKYUSDTM
KuCoin,SNDKUSDTM,SNDK,USDT,USDT,,8.0,0.01,2026-05-31 22:09:58.760653,20260531,SNDKUSDTM
KuCoin,SNXUSDTM,SNX,USDT,USDT,,8.0,0.0001,2026-05-31 22:09:58.760653,20260531,SNXUSDTM
KuCoin,SOLAYERUSDTM,SOLAYER,USDT,USDT,,4.0,0.0001,2026-05-31 22:09:58.760653,20260531,SOLAYERUSDTM
KuCoin,SOLUSDCM,SOL,USDC,USDC,,8.0,0.01,2026-05-31 22:09:58.760653,20260531,SOLUSDCM
KuCoin,SOLUSDM,SOL,USD,SOL,,8.0,0.001,2026-05-31 22:09:58.760653,20260531,SOLUSDM
KuCoin,SOLVUSDTM,SOLV,USDT,USDT,,4.0,1e-06,2026-05-31 22:09:58.760653,20260531,SOLVUSDTM
KuCoin,SOMIUSDTM,SOMI,USDT,USDT,,4.0,0.0001,2026-05-31 22:09:58.760653,20260531,SOMIUSDTM
KuCoin,SONICUSDTM,SONIC,USDT,USDT,,4.0,1e-05,2026-05-31 22:09:58.760653,20260531,SONICUSDTM
KuCoin,SOONUSDTM,SOON,USDT,USDT,,4.0,1e-05,2026-05-31 22:09:58.760653,20260531,SOONUSDTM
KuCoin,SOPHUSDTM,SOPH,USDT,USDT,,4.0,1e-05,2026-05-31 22:09:58.760653,20260531,SOPHUSDTM
KuCoin,SOXLUSDTM,SOXL,USDT,USDT,,8.0,0.01,2026-05-31 22:09:58.760653,20260531,SOXLUSDTM
KuCoin,SOXSUSDTM,SOXS,USDT,USDT,,8.0,0.01,2026-05-31 22:09:58.760653,20260531,SOXSUSDTM
KuCoin,SPACEUSDTM,SPACE,USDT,USDT,,4.0,1e-06,2026-05-31 22:09:58.760653,20260531,SPACEUSDTM
KuCoin,SPCXUSDTM,SPCX,USDT,USDT,,8.0,0.01,2026-05-31 22:09:58.760653,20260531,SPCXUSDTM
KuCoin,SPELLUSDTM,SPELL,USDT,USDT,,8.0,1e-07,2026-05-31 22:09:58.760653,20260531,SPELLUSDTM
KuCoin,SPKUSDTM,SPK,USDT,USDT,,4.0,1e-05,2026-05-31 22:09:58.760653,20260531,SPKUSDTM
KuCoin,SPORTFUNUSDTM,SPORTFUN,USDT,USDT,,4.0,1e-05,2026-05-31 22:09:58.760653,20260531,SPORTFUNUSDTM
KuCoin,SPXUSDTM,SPX,USDT,USDT,,4.0,0.0001,2026-05-31 22:09:58.760653,20260531,SPXUSDTM
KuCoin,SPYUSDTM,SPY,USDT,USDT,,8.0,0.01,2026-05-31 22:09:58.760653,20260531,SPYUSDTM
KuCoin,SQDUSDTM,SQD,USDT,USDT,,4.0,1e-05,2026-05-31 22:09:58.760653,20260531,SQDUSDTM
KuCoin,SQQQUSDTM,SQQQ,USDT,USDT,,8.0,0.01,2026-05-31 22:09:58.760653,20260531,SQQQUSDTM
KuCoin,SSVUSDTM,SSV,USDT,USDT,,8.0,0.001,2026-05-31 22:09:58.760653,20260531,SSVUSDTM
KuCoin,STABLEUSDTM,STABLE,USDT,USDT,,4.0,1e-05,2026-05-31 22:09:58.760653,20260531,STABLEUSDTM
KuCoin,STARUSDTM,STAR,USDT,USDT,,4.0,1e-05,2026-05-31 22:09:58.760653,20260531,STARUSDTM
KuCoin,STBLUSDTM,STBL,USDT,USDT,,4.0,1e-05,2026-05-31 22:09:58.760653,20260531,STBLUSDTM
KuCoin,STEEMUSDTM,STEEM,USDT,USDT,,4.0,0.0001,2026-05-31 22:09:58.760653,20260531,STEEMUSDTM
KuCoin,STGUSDTM,STG,USDT,USDT,,8.0,0.0001,2026-05-31 22:09:58.760653,20260531,STGUSDTM
KuCoin,STORJUSDTM,STORJ,USDT,USDT,,4.0,0.0001,2026-05-31 22:09:58.760653,20260531,STORJUSDTM
KuCoin,STOUSDTM,STO,USDT,USDT,,4.0,1e-05,2026-05-31 22:09:58.760653,20260531,STOUSDTM
KuCoin,STRKUSDTM,STRK,USDT,USDT,,4.0,1e-05,2026-05-31 22:09:58.760653,20260531,STRKUSDTM
KuCoin,STXUSDTM,STX,USDT,USDT,,8.0,0.0001,2026-05-31 22:09:58.760653,20260531,STXUSDTM
KuCoin,SUIUSDCM,SUI,USDC,USDC,,8.0,0.0001,2026-05-31 22:09:58.760653,20260531,SUIUSDCM
KuCoin,SUIUSDM,SUI,USD,SUI,,8.0,0.0001,2026-05-31 22:09:58.760653,20260531,SUIUSDM
KuCoin,SUIUSDTM,SUI,USDT,USDT,,8.0,0.0001,2026-05-31 22:09:58.760653,20260531,SUIUSDTM
KuCoin,SUNUSDTM,SUN,USDT,USDT,,4.0,1e-06,2026-05-31 22:09:58.760653,20260531,SUNUSDTM
KuCoin,SUPERUSDTM,SUPER,USDT,USDT,,4.0,0.0001,2026-05-31 22:09:58.760653,20260531,SUPERUSDTM
KuCoin,SUSDTM,S,USDT,USDT,,4.0,1e-05,2026-05-31 22:09:58.760653,20260531,SUSDTM
KuCoin,SUSHIUSDTM,SUSHI,USDT,USDT,,8.0,0.0001,2026-05-31 22:09:58.760653,20260531,SUSHIUSDTM
KuCoin,SWARMSUSDTM,SWARMS,USDT,USDT,,4.0,1e-05,2026-05-31 22:09:58.760653,20260531,SWARMSUSDTM
KuCoin,SXTUSDTM,SXT,USDT,USDT,,4.0,1e-05,2026-05-31 22:09:58.760653,20260531,SXTUSDTM
KuCoin,SYRUPUSDTM,SYRUP,USDT,USDT,,4.0,1e-05,2026-05-31 22:09:58.760653,20260531,SYRUPUSDTM
KuCoin,TACUSDTM,TAC,USDT,USDT,,4.0,1e-06,2026-05-31 22:09:58.760653,20260531,TACUSDTM
KuCoin,TAGUSDTM,TAG,USDT,USDT,,4.0,1e-07,2026-05-31 22:09:58.760653,20260531,TAGUSDTM
KuCoin,TAIKOUSDTM,TAIKO,USDT,USDT,,4.0,0.0001,2026-05-31 22:09:58.760653,20260531,TAIKOUSDTM
KuCoin,TAKEUSDTM,TAKE,USDT,USDT,,4.0,1e-05,2026-05-31 22:09:58.760653,20260531,TAKEUSDTM
KuCoin,TAOUSDTM,TAO,USDT,USDT,,4.0,0.1,2026-05-31 22:09:58.760653,20260531,TAOUSDTM
KuCoin,TAUSDTM,TA,USDT,USDT,,4.0,1e-05,2026-05-31 22:09:58.760653,20260531,TAUSDTM
KuCoin,THETAUSDTM,THETA,USDT,USDT,,8.0,0.0001,2026-05-31 22:09:58.760653,20260531,THETAUSDTM
KuCoin,THEUSDTM,THE,USDT,USDT,,4.0,0.0001,2026-05-31 22:09:58.760653,20260531,THEUSDTM
KuCoin,TIAUSDTM,TIA,USDT,USDT,,4.0,0.0001,2026-05-31 22:09:58.760653,20260531,TIAUSDTM
KuCoin,TNSRUSDTM,TNSR,USDT,USDT,,4.0,1e-05,2026-05-31 22:09:58.760653,20260531,TNSRUSDTM
KuCoin,TONUSDTM,TON,USDT,USDT,,4.0,0.0001,2026-05-31 22:09:58.760653,20260531,TONUSDTM
KuCoin,TOSHIUSDTM,TOSHI,USDT,USDT,,4.0,1e-08,2026-05-31 22:09:58.760653,20260531,TOSHIUSDTM
KuCoin,TOWNSUSDTM,TOWNS,USDT,USDT,,4.0,1e-06,2026-05-31 22:09:58.760653,20260531,TOWNSUSDTM
KuCoin,TQQQUSDTM,TQQQ,USDT,USDT,,8.0,0.01,2026-05-31 22:09:58.760653,20260531,TQQQUSDTM
KuCoin,TRADOORUSDTM,TRADOOR,USDT,USDT,,4.0,0.001,2026-05-31 22:09:58.760653,20260531,TRADOORUSDTM
KuCoin,TRBUSDTM,TRB,USDT,USDT,,4.0,0.001,2026-05-31 22:09:58.760653,20260531,TRBUSDTM
KuCoin,TREEUSDTM,TREE,USDT,USDT,,4.0,1e-05,2026-05-31 22:09:58.760653,20260531,TREEUSDTM
KuCoin,TRIAUSDTM,TRIA,USDT,USDT,,4.0,1e-06,2026-05-31 22:09:58.760653,20260531,TRIAUSDTM
KuCoin,TRUMPUSDTM,TRUMP,USDT,USDT,,4.0,0.001,2026-05-31 22:09:58.760653,20260531,TRUMPUSDTM
KuCoin,TRUSTUSDTM,TRUST,USDT,USDT,,4.0,1e-05,2026-05-31 22:09:58.760653,20260531,TRUSTUSDTM
KuCoin,TRUTHUSDTM,TRUTH,USDT,USDT,,4.0,1e-06,2026-05-31 22:09:58.760653,20260531,TRUTHUSDTM
KuCoin,TRXUSDTM,TRX,USDT,USDT,,8.0,1e-05,2026-05-31 22:09:58.760653,20260531,TRXUSDTM
KuCoin,TSLAUSDTM,TSLA,USDT,USDT,,8.0,0.01,2026-05-31 22:09:58.760653,20260531,TSLAUSDTM
KuCoin,TSMUSDTM,TSM,USDT,USDT,,8.0,0.01,2026-05-31 22:09:58.760653,20260531,TSMUSDTM
KuCoin,TSTBSCUSDTM,TSTBSC,USDT,USDT,,4.0,1e-05,2026-05-31 22:09:58.760653,20260531,TSTBSCUSDTM
KuCoin,TURBOUSDTM,TURBO,USDT,USDT,,4.0,1e-07,2026-05-31 22:09:58.760653,20260531,TURBOUSDTM
KuCoin,TURTLEUSDTM,TURTLE,USDT,USDT,,4.0,1e-05,2026-05-31 22:09:58.760653,20260531,TURTLEUSDTM
KuCoin,TUSDTM,T,USDT,USDT,,4.0,1e-05,2026-05-31 22:09:58.760653,20260531,TUSDTM
KuCoin,TUTUSDTM,TUT,USDT,USDT,,4.0,1e-05,2026-05-31 22:09:58.760653,20260531,TUTUSDTM
KuCoin,TWTUSDTM,TWT,USDT,USDT,,4.0,0.0001,2026-05-31 22:09:58.760653,20260531,TWTUSDTM
KuCoin,UAIUSDTM,UAI,USDT,USDT,,4.0,1e-05,2026-05-31 22:09:58.760653,20260531,UAIUSDTM
KuCoin,UBERUSDTM,UBER,USDT,USDT,,8.0,0.01,2026-05-31 22:09:58.760653,20260531,UBERUSDTM
KuCoin,UBUSDTM,UB,USDT,USDT,,4.0,1e-07,2026-05-31 22:09:58.760653,20260531,UBUSDTM
KuCoin,UMAUSDTM,UMA,USDT,USDT,,4.0,0.0001,2026-05-31 22:09:58.760653,20260531,UMAUSDTM
KuCoin,UNIUSDTM,UNI,USDT,USDT,,8.0,0.001,2026-05-31 22:09:58.760653,20260531,UNIUSDTM
KuCoin,USARUSDTM,USAR,USDT,USDT,,8.0,0.01,2026-05-31 22:09:58.760653,20260531,USARUSDTM
KuCoin,USDCUSDTM,USDC,USDT,USDT,,8.0,0.0001,2026-05-31 22:09:58.760653,20260531,USDCUSDTM
KuCoin,USDGUSDTM,USDG,USDT,USDT,,8.0,0.0001,2026-05-31 22:09:58.760653,20260531,USDGUSDTM
KuCoin,USELESSUSDTM,USELESS,USDT,USDT,,4.0,1e-05,2026-05-31 22:09:58.760653,20260531,USELESSUSDTM
KuCoin,USTCUSDTM,USTC,USDT,USDT,,4.0,1e-06,2026-05-31 22:09:58.760653,20260531,USTCUSDTM
KuCoin,USUALUSDTM,USUAL,USDT,USDT,,4.0,1e-05,2026-05-31 22:09:58.760653,20260531,USUALUSDTM
KuCoin,USUSDTM,US,USDT,USDT,,4.0,1e-06,2026-05-31 22:09:58.760653,20260531,USUSDTM
KuCoin,VANAUSDTM,VANA,USDT,USDT,,4.0,0.001,2026-05-31 22:09:58.760653,20260531,VANAUSDTM
KuCoin,VANRYUSDTM,VANRY,USDT,USDT,,4.0,1e-05,2026-05-31 22:09:58.760653,20260531,VANRYUSDTM
KuCoin,VELOUSDTM,VELO,USDT,USDT,,4.0,1e-06,2026-05-31 22:09:58.760653,20260531,VELOUSDTM
KuCoin,VELVETUSDTM,VELVET,USDT,USDT,,4.0,1e-05,2026-05-31 22:09:58.760653,20260531,VELVETUSDTM
KuCoin,VETUSDTM,VET,USDT,USDT,,8.0,1e-06,2026-05-31 22:09:58.760653,20260531,VETUSDTM
KuCoin,VICUSDTM,VIC,USDT,USDT,,4.0,1e-05,2026-05-31 22:09:58.760653,20260531,VICUSDTM
KuCoin,VIRTUALUSDTM,VIRTUAL,USDT,USDT,,4.0,0.0001,2026-05-31 22:09:58.760653,20260531,VIRTUALUSDTM
KuCoin,VRTUSDTM,VRT,USDT,USDT,,8.0,0.01,2026-05-31 22:09:58.760653,20260531,VRTUSDTM
KuCoin,VUSDTM,V,USDT,USDT,,8.0,0.01,2026-05-31 22:09:58.760653,20260531,VUSDTM
KuCoin,VVVUSDTM,VVV,USDT,USDT,,4.0,0.001,2026-05-31 22:09:58.760653,20260531,VVVUSDTM
KuCoin,WALUSDTM,WAL,USDT,USDT,,4.0,0.0001,2026-05-31 22:09:58.760653,20260531,WALUSDTM
KuCoin,WARDUSDTM,WARD,USDT,USDT,,4.0,1e-06,2026-05-31 22:09:58.760653,20260531,WARDUSDTM
KuCoin,WAVESUSDTM,WAVES,USDT,USDT,,8.0,0.0001,2026-05-31 22:09:58.760653,20260531,WAVESUSDTM
KuCoin,WAXPUSDTM,WAXP,USDT,USDT,,4.0,1e-05,2026-05-31 22:09:58.760653,20260531,WAXPUSDTM
KuCoin,WCTUSDTM,WCT,USDT,USDT,,4.0,1e-05,2026-05-31 22:09:58.760653,20260531,WCTUSDTM
KuCoin,WDCUSDTM,WDC,USDT,USDT,,8.0,0.01,2026-05-31 22:09:58.760653,20260531,WDCUSDTM
KuCoin,WETUSDTM,WET,USDT,USDT,,4.0,1e-05,2026-05-31 22:09:58.760653,20260531,WETUSDTM
KuCoin,WHITEWHALEUSDTM,WHITEWHALE,USDT,USDT,,4.0,1e-05,2026-05-31 22:09:58.760653,20260531,WHITEWHALEUSDTM
KuCoin,WLDUSDTM,WLD,USDT,USDT,,8.0,0.0001,2026-05-31 22:09:58.760653,20260531,WLDUSDTM
KuCoin,WLFIUSDTM,WLFI,USDT,USDT,,4.0,0.0001,2026-05-31 22:09:58.760653,20260531,WLFIUSDTM
KuCoin,WLUSDTM,WL,USDT,USDT,,4.0,1e-05,2026-05-31 22:09:58.760653,20260531,WLUSDTM
KuCoin,WMTUSDTM,WMT,USDT,USDT,,8.0,0.01,2026-05-31 22:09:58.760653,20260531,WMTUSDTM
KuCoin,WOOUSDTM,WOO,USDT,USDT,,8.0,1e-05,2026-05-31 22:09:58.760653,20260531,WOOUSDTM
KuCoin,WOTAMALAILEUSDTM,WOTAMALAILE,USDT,USDT,,4.0,1e-06,2026-05-31 22:09:58.760653,20260531,WOTAMALAILEUSDTM
KuCoin,WUSDTM,W,USDT,USDT,,4.0,1e-05,2026-05-31 22:09:58.760653,20260531,WUSDTM
KuCoin,XAGUSDTM,XAG,USDT,USDT,,4.0,0.01,2026-05-31 22:09:58.760653,20260531,XAGUSDTM
KuCoin,XAIUSDTM,XAI,USDT,USDT,,4.0,1e-05,2026-05-31 22:09:58.760653,20260531,XAIUSDTM
KuCoin,XANUSDTM,XAN,USDT,USDT,,4.0,1e-06,2026-05-31 22:09:58.760653,20260531,XANUSDTM
KuCoin,XAUTUSDTM,XAUT,USDT,USDT,,4.0,0.01,2026-05-31 22:09:58.760653,20260531,XAUTUSDTM
KuCoin,XBTMM26,BTC,USD,BTC,,,0.1,2026-05-31 22:09:58.760653,20260531,XBTMM26
KuCoin,XBTUSDCM,BTC,USDC,USDC,,8.0,0.1,2026-05-31 22:09:58.760653,20260531,XBTUSDCM
KuCoin,XBTUSDM,BTC,USD,BTC,,8.0,0.1,2026-05-31 22:09:58.760653,20260531,XBTUSDM
KuCoin,XECUSDTM,XEC,USDT,USDT,,8.0,1e-08,2026-05-31 22:09:58.760653,20260531,XECUSDTM
KuCoin,XLMUSDTM,XLM,USDT,USDT,,8.0,1e-05,2026-05-31 22:09:58.760653,20260531,XLMUSDTM
KuCoin,XMRUSDTM,XMR,USDT,USDT,,8.0,0.01,2026-05-31 22:09:58.760653,20260531,XMRUSDTM
KuCoin,XNYUSDTM,XNY,USDT,USDT,,4.0,1e-06,2026-05-31 22:09:58.760653,20260531,XNYUSDTM
KuCoin,XOMUSDTM,XOM,USDT,USDT,,8.0,0.01,2026-05-31 22:09:58.760653,20260531,XOMUSDTM
KuCoin,XPDUSDTM,XPD,USDT,USDT,,4.0,0.01,2026-05-31 22:09:58.760653,20260531,XPDUSDTM
KuCoin,XPINUSDTM,XPIN,USDT,USDT,,4.0,1e-07,2026-05-31 22:09:58.760653,20260531,XPINUSDTM
KuCoin,XPLUSDTM,XPL,USDT,USDT,,4.0,1e-05,2026-05-31 22:09:58.760653,20260531,XPLUSDTM
KuCoin,XPTUSDTM,XPT,USDT,USDT,,4.0,0.01,2026-05-31 22:09:58.760653,20260531,XPTUSDTM
KuCoin,XRPUSDCM,XRP,USDC,USDC,,8.0,0.0001,2026-05-31 22:09:58.760653,20260531,XRPUSDCM
KuCoin,XRPUSDM,XRP,USD,XRP,,8.0,0.0001,2026-05-31 22:09:58.760653,20260531,XRPUSDM
KuCoin,XTZUSDTM,XTZ,USDT,USDT,,4.0,0.0001,2026-05-31 22:09:58.760653,20260531,XTZUSDTM
KuCoin,XVGUSDTM,XVG,USDT,USDT,,8.0,1e-06,2026-05-31 22:09:58.760653,20260531,XVGUSDTM
KuCoin,XVSUSDTM,XVS,USDT,USDT,,8.0,0.001,2026-05-31 22:09:58.760653,20260531,XVSUSDTM
KuCoin,YBUSDTM,YB,USDT,USDT,,4.0,0.0001,2026-05-31 22:09:58.760653,20260531,YBUSDTM
KuCoin,YFIUSDTM,YFI,USDT,USDT,,8.0,1.0,2026-05-31 22:09:58.760653,20260531,YFIUSDTM
KuCoin,YGGUSDTM,YGG,USDT,USDT,,4.0,1e-05,2026-05-31 22:09:58.760653,20260531,YGGUSDTM
KuCoin,ZAMAUSDTM,ZAMA,USDT,USDT,,4.0,1e-05,2026-05-31 22:09:58.760653,20260531,ZAMAUSDTM
KuCoin,ZBTUSDTM,ZBT,USDT,USDT,,4.0,1e-05,2026-05-31 22:09:58.760653,20260531,ZBTUSDTM
KuCoin,ZECUSDTM,ZEC,USDT,USDT,,8.0,0.01,2026-05-31 22:09:58.760653,20260531,ZECUSDTM
KuCoin,ZENUSDTM,ZEN,USDT,USDT,,8.0,0.001,2026-05-31 22:09:58.760653,20260531,ZENUSDTM
KuCoin,ZEREBROUSDTM,ZEREBRO,USDT,USDT,,4.0,1e-06,2026-05-31 22:09:58.760653,20260531,ZEREBROUSDTM
KuCoin,ZESTUSDTM,ZEST,USDT,USDT,,4.0,1e-05,2026-05-31 22:09:58.760653,20260531,ZESTUSDTM
KuCoin,ZETAUSDTM,ZETA,USDT,USDT,,4.0,0.0001,2026-05-31 22:09:58.760653,20260531,ZETAUSDTM
KuCoin,ZIGUSDTM,ZIG,USDT,USDT,,4.0,1e-05,2026-05-31 22:09:58.760653,20260531,ZIGUSDTM
KuCoin,ZILUSDTM,ZIL,USDT,USDT,,4.0,1e-06,2026-05-31 22:09:58.760653,20260531,ZILUSDTM
KuCoin,ZKCUSDTM,ZKC,USDT,USDT,,4.0,1e-05,2026-05-31 22:09:58.760653,20260531,ZKCUSDTM
KuCoin,ZKPUSDTM,ZKP,USDT,USDT,,4.0,1e-05,2026-05-31 22:09:58.760653,20260531,ZKPUSDTM
KuCoin,ZKUSDTM,ZK,USDT,USDT,,4.0,1e-05,2026-05-31 22:09:58.760653,20260531,ZKUSDTM
KuCoin,ZORAUSDTM,ZORA,USDT,USDT,,4.0,1e-05,2026-05-31 22:09:58.760653,20260531,ZORAUSDTM
KuCoin,ZROUSDTM,ZRO,USDT,USDT,,4.0,0.0001,2026-05-31 22:09:58.760653,20260531,ZROUSDTM
KuCoin,ZRXUSDTM,ZRX,USDT,USDT,,4.0,0.0001,2026-05-31 22:09:58.760653,20260531,ZRXUSDTM
LBank,BTCUSDT,BTC,USDT,USDT,200.0,8.0,0.1,2026-05-31 22:09:58.760653,20260531,BTCUSDT
LBank,ETHUSDT,ETH,USDT,USDT,200.0,8.0,0.01,2026-05-31 22:09:58.760653,20260531,ETHUSDT
LBank,XRPUSDT,XRP,USDT,USDT,75.0,8.0,0.0001,2026-05-31 22:09:58.760653,20260531,XRPUSDT
LBank,XAUTUSDT,XAUT,USDT,USDT,500.0,4.0,0.1,2026-05-31 22:09:58.760653,20260531,XAUTUSDT
LBank,SOLUSDT,SOL,USDT,USDT,100.0,8.0,0.01,2026-05-31 22:09:58.760653,20260531,SOLUSDT
LBank,SILVERUSDT,SILVER,USDT,USDT,200.0,4.0,0.01,2026-05-31 22:09:58.760653,20260531,SILVERUSDT
LBank,GOLDUSDT,GOLD,USDT,USDT,100.0,4.0,0.01,2026-05-31 22:09:58.760653,20260531,GOLDUSDT
LBank,SUIUSDT,SUI,USDT,USDT,75.0,8.0,0.0001,2026-05-31 22:09:58.760653,20260531,SUIUSDT
LBank,DOGEUSDT,DOGE,USDT,USDT,75.0,8.0,1e-05,2026-05-31 22:09:58.760653,20260531,DOGEUSDT
LBank,FARTCOINUSDT,FARTCOIN,USDT,USDT,50.0,4.0,0.0001,2026-05-31 22:09:58.760653,20260531,FARTCOINUSDT
LBank,ASTERUSDT,ASTER,USDT,USDT,50.0,4.0,0.0001,2026-05-31 22:09:58.760653,20260531,ASTERUSDT
LBank,WLFIUSDT,WLFI,USDT,USDT,20.0,4.0,0.0001,2026-05-31 22:09:58.760653,20260531,WLFIUSDT
LBank,ADAUSDT,ADA,USDT,USDT,75.0,8.0,0.0001,2026-05-31 22:09:58.760653,20260531,ADAUSDT
LBank,TRUMPSOLUSDT,TRUMPSOL,USDT,USDT,50.0,4.0,0.001,2026-05-31 22:09:58.760653,20260531,TRUMPSOLUSDT
LBank,LINKUSDT,LINK,USDT,USDT,75.0,8.0,0.001,2026-05-31 22:09:58.760653,20260531,LINKUSDT
LBank,DOTUSDT,DOT,USDT,USDT,75.0,8.0,0.001,2026-05-31 22:09:58.760653,20260531,DOTUSDT
LBank,AVAXUSDT,AVAX,USDT,USDT,75.0,8.0,0.001,2026-05-31 22:09:58.760653,20260531,AVAXUSDT
LBank,PEPEUSDT,PEPE,USDT,USDT,75.0,8.0,1e-10,2026-05-31 22:09:58.760653,20260531,PEPEUSDT
LBank,KOMAUSDT,KOMA,USDT,USDT,75.0,4.0,1e-06,2026-05-31 22:09:58.760653,20260531,KOMAUSDT
LBank,GUSDTUSDT,GUSDT,USDT,USDT,0.0,8.0,1e-05,2026-05-31 22:09:58.760653,20260531,GUSDTUSDT
LBank,LTCUSDT,LTC,USDT,USDT,75.0,8.0,0.01,2026-05-31 22:09:58.760653,20260531,LTCUSDT
LBank,TONUSDT,TON,USDT,USDT,75.0,4.0,0.0001,2026-05-31 22:09:58.760653,20260531,TONUSDT
LBank,MAGICUSDT,MAGIC,USDT,USDT,75.0,4.0,1e-05,2026-05-31 22:09:58.760653,20260531,MAGICUSDT
LBank,ENSOUSDT,ENSO,USDT,USDT,50.0,4.0,0.0001,2026-05-31 22:09:58.760653,20260531,ENSOUSDT
LBank,WIFUSDT,WIF,USDT,USDT,75.0,4.0,0.0001,2026-05-31 22:09:58.760653,20260531,WIFUSDT
LBank,SHIBUSDT,SHIB,USDT,USDT,75.0,8.0,1e-09,2026-05-31 22:09:58.760653,20260531,SHIBUSDT
LBank,BNBUSDT,BNB,USDT,USDT,75.0,8.0,0.01,2026-05-31 22:09:58.760653,20260531,BNBUSDT
LBank,CRVUSDT,CRV,USDT,USDT,75.0,8.0,0.0001,2026-05-31 22:09:58.760653,20260531,CRVUSDT
LBank,AMDUSDT,AMD,USDT,USDT,50.0,8.0,0.01,2026-05-31 22:09:58.760653,20260531,AMDUSDT
LBank,TIAUSDT,TIA,USDT,USDT,75.0,4.0,0.0001,2026-05-31 22:09:58.760653,20260531,TIAUSDT
LBank,ATOMUSDT,ATOM,USDT,USDT,75.0,8.0,0.001,2026-05-31 22:09:58.760653,20260531,ATOMUSDT
LBank,AERGOUSDT,AERGO,USDT,USDT,50.0,4.0,1e-05,2026-05-31 22:09:58.760653,20260531,AERGOUSDT
LBank,ALCHUSDT,ALCH,USDT,USDT,50.0,4.0,1e-05,2026-05-31 22:09:58.760653,20260531,ALCHUSDT
LBank,ORCAUSDT,ORCA,USDT,USDT,50.0,4.0,0.001,2026-05-31 22:09:58.760653,20260531,ORCAUSDT
LBank,METISUSDT,METIS,USDT,USDT,50.0,4.0,0.001,2026-05-31 22:09:58.760653,20260531,METISUSDT
LBank,ONDOUSDT,ONDO,USDT,USDT,50.0,4.0,0.0001,2026-05-31 22:09:58.760653,20260531,ONDOUSDT
LBank,DOGSUSDT,DOGS,USDT,USDT,75.0,4.0,1e-08,2026-05-31 22:09:58.760653,20260531,DOGSUSDT
LBank,MEWUSDT,MEW,USDT,USDT,75.0,4.0,1e-07,2026-05-31 22:09:58.760653,20260531,MEWUSDT
LBank,SUSDT,S,USDT,USDT,75.0,4.0,1e-05,2026-05-31 22:09:58.760653,20260531,SUSDT
LBank,BCHUSDT,BCH,USDT,USDT,75.0,8.0,0.01,2026-05-31 22:09:58.760653,20260531,BCHUSDT
LBank,PARTIUSDT,PARTI,USDT,USDT,75.0,4.0,1e-05,2026-05-31 22:09:58.760653,20260531,PARTIUSDT
LBank,FETUSDT,FET,USDT,USDT,50.0,8.0,0.0001,2026-05-31 22:09:58.760653,20260531,FETUSDT
LBank,TUSDT,T,USDT,USDT,20.0,4.0,1e-06,2026-05-31 22:09:58.760653,20260531,TUSDT
LBank,KASUSDT,KAS,USDT,USDT,50.0,4.0,1e-05,2026-05-31 22:09:58.761650,20260531,KASUSDT
LBank,ARBUSDT,ARB,USDT,USDT,75.0,8.0,0.0001,2026-05-31 22:09:58.761650,20260531,ARBUSDT
LBank,NOTUSDT,NOT,USDT,USDT,75.0,4.0,1e-07,2026-05-31 22:09:58.761650,20260531,NOTUSDT
LBank,HAEDALUSDT,HAEDAL,USDT,USDT,50.0,4.0,1e-05,2026-05-31 22:09:58.761650,20260531,HAEDALUSDT
LBank,NEWTUSDT,NEWT,USDT,USDT,50.0,4.0,0.0001,2026-05-31 22:09:58.761650,20260531,NEWTUSDT
LBank,RGTIUSDT,RGTI,USDT,USDT,20.0,8.0,0.01,2026-05-31 22:09:58.761650,20260531,RGTIUSDT
LBank,LWLGUSDT,LWLG,USDT,USDT,50.0,8.0,0.01,2026-05-31 22:09:58.761650,20260531,LWLGUSDT
LBank,QNTXUSDT,QNTX,USDT,USDT,50.0,8.0,0.01,2026-05-31 22:09:58.761650,20260531,QNTXUSDT
LBank,MPUSDT,MP,USDT,USDT,50.0,8.0,0.01,2026-05-31 22:09:58.761650,20260531,MPUSDT
LBank,OUSTUSDT,OUST,USDT,USDT,50.0,8.0,0.01,2026-05-31 22:09:58.761650,20260531,OUSTUSDT
LBank,RDDTUSDT,RDDT,USDT,USDT,50.0,8.0,0.01,2026-05-31 22:09:58.761650,20260531,RDDTUSDT
LBank,APPUSDT,APP,USDT,USDT,50.0,8.0,0.01,2026-05-31 22:09:58.761650,20260531,APPUSDT
LBank,AMATUSDT,AMAT,USDT,USDT,50.0,8.0,0.01,2026-05-31 22:09:58.761650,20260531,AMATUSDT
LBank,HIMSUSDT,HIMS,USDT,USDT,50.0,8.0,0.01,2026-05-31 22:09:58.761650,20260531,HIMSUSDT
LBank,ONDSUSDT,ONDS,USDT,USDT,50.0,8.0,0.01,2026-05-31 22:09:58.761650,20260531,ONDSUSDT
LBank,APLDUSDT,APLD,USDT,USDT,50.0,8.0,0.01,2026-05-31 22:09:58.761650,20260531,APLDUSDT
LBank,SNOWUSDT,SNOW,USDT,USDT,50.0,8.0,0.01,2026-05-31 22:09:58.761650,20260531,SNOWUSDT
LBank,CTRUSDT,CTR,USDT,USDT,20.0,4.0,1e-05,2026-05-31 22:09:58.761650,20260531,CTRUSDT
LBank,BEUSDT,BE,USDT,USDT,50.0,8.0,0.01,2026-05-31 22:09:58.761650,20260531,BEUSDT
LBank,APHUSDT,APH,USDT,USDT,50.0,8.0,0.01,2026-05-31 22:09:58.761650,20260531,APHUSDT
LBank,SMCIUSDT,SMCI,USDT,USDT,50.0,8.0,0.01,2026-05-31 22:09:58.761650,20260531,SMCIUSDT
LBank,VRTUSDT,VRT,USDT,USDT,50.0,8.0,0.01,2026-05-31 22:09:58.761650,20260531,VRTUSDT
LBank,PANWUSDT,PANW,USDT,USDT,50.0,8.0,0.01,2026-05-31 22:09:58.761650,20260531,PANWUSDT
LBank,USARUSDT,USAR,USDT,USDT,50.0,8.0,0.01,2026-05-31 22:09:58.761650,20260531,USARUSDT
LBank,POETUSDT,POET,USDT,USDT,50.0,8.0,0.01,2026-05-31 22:09:58.761650,20260531,POETUSDT
LBank,CRDOUSDT,CRDO,USDT,USDT,50.0,8.0,0.01,2026-05-31 22:09:58.761650,20260531,CRDOUSDT
LBank,KOPNUSDT,KOPN,USDT,USDT,50.0,8.0,0.01,2026-05-31 22:09:58.761650,20260531,KOPNUSDT
LBank,FLYUSDT,FLY,USDT,USDT,50.0,8.0,0.01,2026-05-31 22:09:58.761650,20260531,FLYUSDT
LBank,RDWUSDT,RDW,USDT,USDT,50.0,8.0,0.01,2026-05-31 22:09:58.761650,20260531,RDWUSDT
LBank,NOKUSDT,NOK,USDT,USDT,50.0,8.0,0.001,2026-05-31 22:09:58.761650,20260531,NOKUSDT
LBank,ASTSUSDT,ASTS,USDT,USDT,50.0,8.0,0.01,2026-05-31 22:09:58.761650,20260531,ASTSUSDT
LBank,AXTIUSDT,AXTI,USDT,USDT,50.0,8.0,0.01,2026-05-31 22:09:58.761650,20260531,AXTIUSDT
LBank,WDCUSDT,WDC,USDT,USDT,50.0,8.0,0.01,2026-05-31 22:09:58.761650,20260531,WDCUSDT
LBank,INFQUSDT,INFQ,USDT,USDT,50.0,8.0,0.01,2026-05-31 22:09:58.761650,20260531,INFQUSDT
LBank,PITCHUSDT,PITCH,USDT,USDT,50.0,4.0,0.001,2026-05-31 22:09:58.761650,20260531,PITCHUSDT
LBank,ACUUSDT,ACU,USDT,USDT,50.0,4.0,1e-05,2026-05-31 22:09:58.761650,20260531,ACUUSDT
LBank,BABYSHARKUSDT,BABYSHAR,USDT,USDT,20.0,4.0,1e-05,2026-05-31 22:09:58.761650,20260531,BABYSHARKUSDT
LBank,SLXUSDT,SLX,USDT,USDT,50.0,4.0,0.0001,2026-05-31 22:09:58.761650,20260531,SLXUSDT
LBank,GRASSUSDT,GRASS,USDT,USDT,50.0,4.0,0.0001,2026-05-31 22:09:58.761650,20260531,GRASSUSDT
LBank,NILUSDT,NIL,USDT,USDT,50.0,4.0,1e-05,2026-05-31 22:09:58.761650,20260531,NILUSDT
LBank,BILLUSDT,BILL,USDT,USDT,50.0,4.0,1e-05,2026-05-31 22:09:58.761650,20260531,BILLUSDT
LBank,EDENUSDT,EDEN,USDT,USDT,50.0,4.0,1e-05,2026-05-31 22:09:58.761650,20260531,EDENUSDT
LBank,FIDAUSDT,FIDA,USDT,USDT,75.0,4.0,1e-05,2026-05-31 22:09:58.761650,20260531,FIDAUSDT
LBank,XTIUSDT,XTI,USDT,USDT,100.0,4.0,0.001,2026-05-31 22:09:58.761650,20260531,XTIUSDT
LBank,ZECUSDT,ZEC,USDT,USDT,75.0,8.0,0.01,2026-05-31 22:09:58.761650,20260531,ZECUSDT
LBank,PROVEUSDT,PROVE,USDT,USDT,20.0,4.0,0.0001,2026-05-31 22:09:58.761650,20260531,PROVEUSDT
LBank,HYPEUSDT,HYPE,USDT,USDT,50.0,4.0,0.001,2026-05-31 22:09:58.761650,20260531,HYPEUSDT
LBank,CROUSDT,CRO,USDT,USDT,50.0,8.0,1e-05,2026-05-31 22:09:58.761650,20260531,CROUSDT
LBank,MERLUSDT,MERL,USDT,USDT,50.0,4.0,1e-05,2026-05-31 22:09:58.761650,20260531,MERLUSDT
LBank,URNMUSDT,URNM,USDT,USDT,20.0,8.0,0.01,2026-05-31 22:09:58.761650,20260531,URNMUSDT
LBank,SPCXUSDT,SPCX,USDT,USDT,50.0,8.0,0.01,2026-05-31 22:09:58.761650,20260531,SPCXUSDT
LBank,NEXUSDT,NEX,USDT,USDT,20.0,4.0,1e-09,2026-05-31 22:09:58.761650,20260531,NEXUSDT
LBank,LABUSDT,LAB,USDT,USDT,50.0,4.0,0.0001,2026-05-31 22:09:58.761650,20260531,LABUSDT
LBank,LITUSDT,LIT,USDT,USDT,50.0,4.0,0.0001,2026-05-31 22:09:58.761650,20260531,LITUSDT
LBank,PLAYUSDT,PLAY,USDT,USDT,50.0,4.0,1e-05,2026-05-31 22:09:58.761650,20260531,PLAYUSDT
LBank,BLENDUSDT,BLEND,USDT,USDT,50.0,4.0,1e-05,2026-05-31 22:09:58.761650,20260531,BLENDUSDT
LBank,PROMPTUSDT,PROMPT,USDT,USDT,50.0,4.0,1e-05,2026-05-31 22:09:58.761650,20260531,PROMPTUSDT
LBank,RONUSDT,RON,USDT,USDT,50.0,4.0,0.0001,2026-05-31 22:09:58.761650,20260531,RONUSDT
LBank,GBPUSDT,GBP,USDT,USDT,50.0,4.0,0.0001,2026-05-31 22:09:58.761650,20260531,GBPUSDT
LBank,JPYUSDT,JPY,USDT,USDT,50.0,4.0,1e-06,2026-05-31 22:09:58.761650,20260531,JPYUSDT
LBank,AUDUSDT,AUD,USDT,USDT,50.0,4.0,0.0001,2026-05-31 22:09:58.761650,20260531,AUDUSDT
LBank,CADUSDT,CAD,USDT,USDT,50.0,4.0,0.0001,2026-05-31 22:09:58.761650,20260531,CADUSDT
LBank,EURUSDT,EUR,USDT,USDT,50.0,4.0,0.0001,2026-05-31 22:09:58.761650,20260531,EURUSDT
LBank,DISUSDT,DIS,USDT,USDT,50.0,8.0,0.01,2026-05-31 22:09:58.761650,20260531,DISUSDT
LBank,FLNCUSDT,FLNC,USDT,USDT,50.0,8.0,0.01,2026-05-31 22:09:58.761650,20260531,FLNCUSDT
LBank,BRKBUSDT,BRKB,USDT,USDT,50.0,8.0,0.01,2026-05-31 22:09:58.761650,20260531,BRKBUSDT
LBank,WMTUSDT,WMT,USDT,USDT,50.0,8.0,0.01,2026-05-31 22:09:58.761650,20260531,WMTUSDT
LBank,HDUSDT,HD,USDT,USDT,50.0,8.0,0.01,2026-05-31 22:09:58.761650,20260531,HDUSDT
LBank,TRACUSDT,TRAC,USDT,USDT,20.0,4.0,0.001,2026-05-31 22:09:58.761650,20260531,TRACUSDT
LBank,OPENAIUSDT,OPENAI,USDT,USDT,20.0,8.0,0.01,2026-05-31 22:09:58.761650,20260531,OPENAIUSDT
LBank,UBERUSDT,UBER,USDT,USDT,20.0,8.0,0.01,2026-05-31 22:09:58.761650,20260531,UBERUSDT
LBank,SOXLUSDT,SOXL,USDT,USDT,50.0,8.0,0.01,2026-05-31 22:09:58.761650,20260531,SOXLUSDT
LBank,CBRSUSDT,CBRS,USDT,USDT,50.0,8.0,0.01,2026-05-31 22:09:58.761650,20260531,CBRSUSDT
LBank,JPMUSDT,JPM,USDT,USDT,50.0,8.0,0.01,2026-05-31 22:09:58.761650,20260531,JPMUSDT
LBank,JMPUSDT,JMP,USDT,USDT,0.0,8.0,0.01,2026-05-31 22:09:58.761650,20260531,JMPUSDT
LBank,UBUSDT,UB,USDT,USDT,50.0,4.0,1e-06,2026-05-31 22:09:58.761650,20260531,UBUSDT
LBank,TRUTHUSDT,TRUTH,USDT,USDT,50.0,4.0,1e-06,2026-05-31 22:09:58.761650,20260531,TRUTHUSDT
LBank,STARUSDT,STAR,USDT,USDT,20.0,4.0,1e-05,2026-05-31 22:09:58.761650,20260531,STARUSDT
LBank,CANTONUSDT,CANTON,USDT,USDT,20.0,4.0,1e-05,2026-05-31 22:09:58.761650,20260531,CANTONUSDT
LBank,ASTEROIDUSDT,ASTEROID,USDT,USDT,20.0,4.0,1e-05,2026-05-31 22:09:58.761650,20260531,ASTEROIDUSDT
LBank,ARMUSDT,ARM,USDT,USDT,50.0,8.0,0.01,2026-05-31 22:09:58.761650,20260531,ARMUSDT
LBank,COSTUSDT,COST,USDT,USDT,50.0,8.0,0.01,2026-05-31 22:09:58.761650,20260531,COSTUSDT
LBank,CRWVUSDT,CRWV,USDT,USDT,50.0,8.0,0.01,2026-05-31 22:09:58.761650,20260531,CRWVUSDT
LBank,COHRUSDT,COHR,USDT,USDT,50.0,8.0,0.01,2026-05-31 22:09:58.761650,20260531,COHRUSDT
LBank,IONQUSDT,IONQ,USDT,USDT,50.0,8.0,0.01,2026-05-31 22:09:58.761650,20260531,IONQUSDT
LBank,KLACUSDT,KLAC,USDT,USDT,50.0,8.0,0.01,2026-05-31 22:09:58.761650,20260531,KLACUSDT
LBank,MCDUSDT,MCD,USDT,USDT,50.0,8.0,0.01,2026-05-31 22:09:58.761650,20260531,MCDUSDT
LBank,NBISUSDT,NBIS,USDT,USDT,20.0,8.0,0.01,2026-05-31 22:09:58.761650,20260531,NBISUSDT
LBank,SHLDUSDT,SHLD,USDT,USDT,20.0,8.0,0.01,2026-05-31 22:09:58.761650,20260531,SHLDUSDT
LBank,RKLBUSDT,RKLB,USDT,USDT,50.0,8.0,0.01,2026-05-31 22:09:58.761650,20260531,RKLBUSDT
LBank,VVVUSDT,VVV,USDT,USDT,50.0,4.0,0.001,2026-05-31 22:09:58.761650,20260531,VVVUSDT
LBank,FOLKSUSDT,FOLKS,USDT,USDT,20.0,4.0,0.001,2026-05-31 22:09:58.761650,20260531,FOLKSUSDT
LBank,SAGAUSDT,SAGA,USDT,USDT,50.0,4.0,1e-05,2026-05-31 22:09:58.761650,20260531,SAGAUSDT
LBank,BUSDT,B,USDT,USDT,50.0,4.0,1e-05,2026-05-31 22:09:58.761650,20260531,BUSDT
LBank,USUSDT,US,USDT,USDT,50.0,4.0,1e-06,2026-05-31 22:09:58.761650,20260531,USUSDT
LBank,ANTHROPICUSDT,ANTHROPIC,USDT,USDT,20.0,8.0,0.1,2026-05-31 22:09:58.761650,20260531,ANTHROPICUSDT
LBank,BONKUSDT,BONK,USDT,USDT,75.0,4.0,1e-09,2026-05-31 22:09:58.761650,20260531,BONKUSDT
LBank,NAORISUSDT,NAORIS,USDT,USDT,50.0,4.0,1e-05,2026-05-31 22:09:58.761650,20260531,NAORISUSDT
LBank,XLEUSDT,XLE,USDT,USDT,50.0,8.0,0.01,2026-05-31 22:09:58.761650,20260531,XLEUSDT
LBank,COCOAUSDT,COCOA,USDT,USDT,50.0,8.0,1.0,2026-05-31 22:09:58.761650,20260531,COCOAUSDT
LBank,GOBLINUSDT,GOBLIN,USDT,USDT,20.0,4.0,1e-05,2026-05-31 22:09:58.761650,20260531,GOBLINUSDT
LBank,GMESTOCKUSDT,GMESTOCK,USDT,USDT,20.0,8.0,0.01,2026-05-31 22:09:58.761650,20260531,GMESTOCKUSDT
LBank,DRAMUSDT,DRAM,USDT,USDT,20.0,8.0,0.01,2026-05-31 22:09:58.761650,20260531,DRAMUSDT
LBank,B3USDT,B3,USDT,USDT,20.0,4.0,1e-06,2026-05-31 22:09:58.761650,20260531,B3USDT
LBank,SATOUSDT,SATO,USDT,USDT,20.0,4.0,0.001,2026-05-31 22:09:58.761650,20260531,SATOUSDT
LBank,STXSTOCKUSDT,STXSTOCK,USDT,USDT,50.0,8.0,0.01,2026-05-31 22:09:58.761650,20260531,STXSTOCKUSDT
LBank,LITEUSDT,LITE,USDT,USDT,50.0,8.0,0.01,2026-05-31 22:09:58.761650,20260531,LITEUSDT
LBank,DDUSDT,DD,USDT,USDT,20.0,8.0,0.01,2026-05-31 22:09:58.761650,20260531,DDUSDT
LBank,BUDUSDT,BUD,USDT,USDT,20.0,8.0,0.01,2026-05-31 22:09:58.761650,20260531,BUDUSDT
LBank,SKYAIUSDT,SKYAI,USDT,USDT,20.0,4.0,1e-05,2026-05-31 22:09:58.761650,20260531,SKYAIUSDT
LBank,PROSUSDT,PROS,USDT,USDT,50.0,4.0,0.0001,2026-05-31 22:09:58.761650,20260531,PROSUSDT
LBank,BLESSUSDT,BLESS,USDT,USDT,50.0,4.0,1e-06,2026-05-31 22:09:58.761650,20260531,BLESSUSDT
LBank,PIEVERSEUSDT,PIEVERSE,USDT,USDT,20.0,4.0,0.0001,2026-05-31 22:09:58.761650,20260531,PIEVERSEUSDT
LBank,SPKUSDT,SPK,USDT,USDT,50.0,4.0,1e-05,2026-05-31 22:09:58.761650,20260531,SPKUSDT
LBank,CHIPUSDT,CHIP,USDT,USDT,50.0,4.0,1e-05,2026-05-31 22:09:58.761650,20260531,CHIPUSDT
LBank,ZBTUSDT,ZBT,USDT,USDT,20.0,4.0,0.0001,2026-05-31 22:09:58.761650,20260531,ZBTUSDT
LBank,RAVEUSDT,RAVE,USDT,USDT,50.0,4.0,0.0001,2026-05-31 22:09:58.761650,20260531,RAVEUSDT
LBank,GALAUSDT,GALA,USDT,USDT,50.0,8.0,1e-06,2026-05-31 22:09:58.761650,20260531,GALAUSDT
LBank,AIGENSYNUSDT,AIGENSYN,USDT,USDT,50.0,4.0,1e-05,2026-05-31 22:09:58.761650,20260531,AIGENSYNUSDT
LBank,FNUSDT,FN,USDT,USDT,50.0,8.0,0.1,2026-05-31 22:09:58.761650,20260531,FNUSDT
LBank,TXNUSDT,TXN,USDT,USDT,50.0,8.0,0.01,2026-05-31 22:09:58.761650,20260531,TXNUSDT
LBank,GLWUSDT,GLW,USDT,USDT,50.0,8.0,0.01,2026-05-31 22:09:58.761650,20260531,GLWUSDT
LBank,SOXXUSDT,SOXX,USDT,USDT,50.0,8.0,0.01,2026-05-31 22:09:58.761650,20260531,SOXXUSDT
LBank,DELLUSDT,DELL,USDT,USDT,50.0,8.0,0.01,2026-05-31 22:09:58.761650,20260531,DELLUSDT
LBank,ASTEROIDETHUSDT,ASTEROIDETH,USDT,USDT,20.0,4.0,1e-07,2026-05-31 22:09:58.761650,20260531,ASTEROIDETHUSDT
LBank,EWJUSDT,EWJ,USDT,USDT,50.0,8.0,0.01,2026-05-31 22:09:58.761650,20260531,EWJUSDT
LBank,ASRUSDT,ASR,USDT,USDT,50.0,4.0,0.001,2026-05-31 22:09:58.761650,20260531,ASRUSDT
LBank,XTZUSDT,XTZ,USDT,USDT,50.0,4.0,0.0001,2026-05-31 22:09:58.761650,20260531,XTZUSDT
LBank,COREUSDT,CORE,USDT,USDT,50.0,8.0,1e-05,2026-05-31 22:09:58.761650,20260531,COREUSDT
LBank,AAOIUSDT,AAOI,USDT,USDT,50.0,8.0,0.01,2026-05-31 22:09:58.761650,20260531,AAOIUSDT
LBank,ONEUSDT,ONE,USDT,USDT,75.0,8.0,1e-06,2026-05-31 22:09:58.761650,20260531,ONEUSDT
LBank,OPGUSDT,OPG,USDT,USDT,50.0,4.0,0.0001,2026-05-31 22:09:58.761650,20260531,OPGUSDT
LBank,PAYPUSDT,PAYP,USDT,USDT,50.0,8.0,0.01,2026-05-31 22:09:58.761650,20260531,PAYPUSDT
LBank,WOJAKUSDT,WOJAK,USDT,USDT,20.0,4.0,1e-11,2026-05-31 22:09:58.761650,20260531,WOJAKUSDT
LBank,GNOUSDT,GNO,USDT,USDT,50.0,8.0,0.01,2026-05-31 22:09:58.761650,20260531,GNOUSDT
LBank,BASEDUSDT,BASED,USDT,USDT,20.0,4.0,1e-05,2026-05-31 22:09:58.761650,20260531,BASEDUSDT
LBank,ENAUSDT,ENA,USDT,USDT,75.0,4.0,1e-05,2026-05-31 22:09:58.761650,20260531,ENAUSDT
LBank,COTTONUSDT,COTTON,USDT,USDT,20.0,8.0,0.0001,2026-05-31 22:09:58.761650,20260531,COTTONUSDT
LBank,WHEATUSDT,WHEAT,USDT,USDT,20.0,8.0,0.001,2026-05-31 22:09:58.761650,20260531,WHEATUSDT
LBank,SUGARUSDT,SUGAR,USDT,USDT,20.0,8.0,0.0001,2026-05-31 22:09:58.761650,20260531,SUGARUSDT
LBank,SOYBEANUSDT,SOYBEAN,USDT,USDT,20.0,8.0,0.001,2026-05-31 22:09:58.761650,20260531,SOYBEANUSDT
LBank,GENIUSUSDT,GENIUS,USDT,USDT,20.0,4.0,0.0001,2026-05-31 22:09:58.761650,20260531,GENIUSUSDT
LBank,TSTUSDT,TST,USDT,USDT,50.0,4.0,1e-06,2026-05-31 22:09:58.761650,20260531,TSTUSDT
LBank,TREEUSDT,TREE,USDT,USDT,50.0,4.0,1e-05,2026-05-31 22:09:58.761650,20260531,TREEUSDT
LBank,ARIAUSDT,ARIA,USDT,USDT,50.0,4.0,1e-05,2026-05-31 22:09:58.761650,20260531,ARIAUSDT
LBank,OFCUSDT,OFC,USDT,USDT,50.0,4.0,1e-05,2026-05-31 22:09:58.761650,20260531,OFCUSDT
LBank,SNDKUSDT,SNDK,USDT,USDT,50.0,8.0,0.01,2026-05-31 22:09:58.761650,20260531,SNDKUSDT
LBank,TSMONUSDT,TSMON,USDT,USDT,50.0,8.0,0.01,2026-05-31 22:09:58.761650,20260531,TSMONUSDT
LBank,PGUSDT,PG,USDT,USDT,50.0,8.0,0.01,2026-05-31 22:09:58.761650,20260531,PGUSDT
LBank,XBRUSDT,XBR,USDT,USDT,100.0,4.0,0.01,2026-05-31 22:09:58.761650,20260531,XBRUSDT
LBank,UP2USDT,UP2,USDT,USDT,50.0,4.0,0.0001,2026-05-31 22:09:58.761650,20260531,UP2USDT
LBank,AGGUSDT,AGG,USDT,USDT,50.0,8.0,0.01,2026-05-31 22:09:58.761650,20260531,AGGUSDT
LBank,TLTUSDT,TLT,USDT,USDT,50.0,8.0,0.01,2026-05-31 22:09:58.761650,20260531,TLTUSDT
LBank,OKLOUSDT,OKLO,USDT,USDT,50.0,8.0,0.01,2026-05-31 22:09:58.761650,20260531,OKLOUSDT
LBank,LMTUSDT,LMT,USDT,USDT,50.0,8.0,0.01,2026-05-31 22:09:58.761650,20260531,LMTUSDT
LBank,IRENONUSDT,IRENON,USDT,USDT,50.0,8.0,0.01,2026-05-31 22:09:58.761650,20260531,IRENONUSDT
LBank,NFLXUSDT,NFLX,USDT,USDT,50.0,8.0,0.01,2026-05-31 22:09:58.761650,20260531,NFLXUSDT
LBank,DRIFTUSDT,DRIFT,USDT,USDT,50.0,4.0,1e-05,2026-05-31 22:09:58.761650,20260531,DRIFTUSDT
LBank,WOTAMALAILEUSDT,WOTAMALAILE,USDT,USDT,20.0,4.0,1e-06,2026-05-31 22:09:58.761650,20260531,WOTAMALAILEUSDT
LBank,HYPERUSDT,HYPER,USDT,USDT,20.0,4.0,1e-05,2026-05-31 22:09:58.761650,20260531,HYPERUSDT
LBank,PTBUSDT,PTB,USDT,USDT,20.0,4.0,1e-07,2026-05-31 22:09:58.761650,20260531,PTBUSDT
LBank,STOUSDT,STO,USDT,USDT,20.0,4.0,1e-05,2026-05-31 22:09:58.761650,20260531,STOUSDT
LBank,BULLAUSDT,BULLA,USDT,USDT,20.0,4.0,1e-06,2026-05-31 22:09:58.761650,20260531,BULLAUSDT
LBank,XZNUSDT,XZN,USDT,USDT,20.0,8.0,0.01,2026-05-31 22:09:58.761650,20260531,XZNUSDT
LBank,RIVERUSDT,RIVER,USDT,USDT,20.0,4.0,0.001,2026-05-31 22:09:58.761650,20260531,RIVERUSDT
LBank,EDGEXUSDT,EDGE,USDT,USDT,50.0,4.0,0.0001,2026-05-31 22:09:58.761650,20260531,EDGEXUSDT
LBank,TICSUSDT,TICS,USDT,USDT,0.0,4.0,1e-05,2026-05-31 22:09:58.761650,20260531,TICSUSDT
LBank,MEGAUSDT,MEGA,USDT,USDT,20.0,4.0,1e-05,2026-05-31 22:09:58.761650,20260531,MEGAUSDT
LBank,ZEREBROUSDT,ZEREBRO,USDT,USDT,50.0,4.0,1e-06,2026-05-31 22:09:58.761650,20260531,ZEREBROUSDT
LBank,SOLVUSDT,SOLV,USDT,USDT,50.0,4.0,1e-06,2026-05-31 22:09:58.761650,20260531,SOLVUSDT
LBank,IPUSDT,IP,USDT,USDT,50.0,4.0,0.0001,2026-05-31 22:09:58.761650,20260531,IPUSDT
LBank,HEMIUSDT,HEMI,USDT,USDT,50.0,4.0,1e-06,2026-05-31 22:09:58.761650,20260531,HEMIUSDT
LBank,BRETTUSDT,BRETT,USDT,USDT,50.0,4.0,1e-06,2026-05-31 22:09:58.761650,20260531,BRETTUSDT
LBank,XPBUSDT,XPB,USDT,USDT,50.0,8.0,0.01,2026-05-31 22:09:58.761650,20260531,XPBUSDT
LBank,XALUSDT,XAL,USDT,USDT,50.0,8.0,0.01,2026-05-31 22:09:58.761650,20260531,XALUSDT
LBank,XNIUSDT,XNI,USDT,USDT,50.0,8.0,0.01,2026-05-31 22:09:58.761650,20260531,XNIUSDT
LBank,NGASUSDT,NGAS,USDT,USDT,50.0,1.0,0.001,2026-05-31 22:09:58.761650,20260531,NGASUSDT
LBank,TAOUSDT,TAO,USDT,USDT,75.0,4.0,0.1,2026-05-31 22:09:58.761650,20260531,TAOUSDT
LBank,METEORAUSDT,METEORA,USDT,USDT,50.0,4.0,0.0001,2026-05-31 22:09:58.761650,20260531,METEORAUSDT
LBank,VIXINDEXUSDT,VIXINDEX,USDT,USDT,50.0,8.0,0.001,2026-05-31 22:09:58.761650,20260531,VIXINDEXUSDT
LBank,TW88USDT,TW88,USDT,USDT,50.0,8.0,0.01,2026-05-31 22:09:58.761650,20260531,TW88USDT
LBank,HSCHKDUSDT,HSCHKD,USDT,USDT,20.0,8.0,0.01,2026-05-31 22:09:58.761650,20260531,HSCHKDUSDT
LBank,US2000USDT,US2000,USDT,USDT,20.0,8.0,0.01,2026-05-31 22:09:58.761650,20260531,US2000USDT
LBank,UK100USDT,UK100,USDT,USDT,20.0,8.0,0.01,2026-05-31 22:09:58.761650,20260531,UK100USDT
LBank,AUS200USDT,AUS200,USDT,USDT,20.0,8.0,0.01,2026-05-31 22:09:58.761650,20260531,AUS200USDT
LBank,NAS100USDT,NAS100,USDT,USDT,50.0,8.0,0.01,2026-05-31 22:09:58.761650,20260531,NAS100USDT
LBank,SPX500USDT,SPX500,USDT,USDT,50.0,8.0,0.01,2026-05-31 22:09:58.761650,20260531,SPX500USDT
LBank,JPN225USDT,JPN225,USDT,USDT,50.0,8.0,0.01,2026-05-31 22:09:58.761650,20260531,JPN225USDT
LBank,HK50USDT,HK50,USDT,USDT,50.0,8.0,0.01,2026-05-31 22:09:58.761650,20260531,HK50USDT
LBank,PRLUSDT,PRL,USDT,USDT,20.0,4.0,0.0001,2026-05-31 22:09:58.761650,20260531,PRLUSDT
LBank,GEVUSDT,GEV,USDT,USDT,50.0,8.0,0.01,2026-05-31 22:09:58.761650,20260531,GEVUSDT
LBank,SIRENUSDT,SIREN,USDT,USDT,50.0,4.0,1e-05,2026-05-31 22:09:58.761650,20260531,SIRENUSDT
LBank,US30USDT,US30,USDT,USDT,50.0,8.0,0.01,2026-05-31 22:09:58.761650,20260531,US30USDT
LBank,ORDERUSDT,ORDER,USDT,USDT,20.0,4.0,1e-05,2026-05-31 22:09:58.761650,20260531,ORDERUSDT
LBank,BMNRUSDT,BMNR,USDT,USDT,50.0,8.0,0.01,2026-05-31 22:09:58.761650,20260531,BMNRUSDT
LBank,BARDUSDT,BARD,USDT,USDT,50.0,4.0,0.0001,2026-05-31 22:09:58.761650,20260531,BARDUSDT
LBank,CFGUSDT,CFG,USDT,USDT,50.0,4.0,0.0001,2026-05-31 22:09:58.761650,20260531,CFGUSDT
LBank,EWYUSDT,EWY,USDT,USDT,20.0,8.0,0.01,2026-05-31 22:09:58.761650,20260531,EWYUSDT
LBank,CUSDT,C,USDT,USDT,50.0,4.0,1e-05,2026-05-31 22:09:58.761650,20260531,CUSDT
LBank,LONGXIAUSDT,LONGXIA,USDT,USDT,20.0,4.0,1e-06,2026-05-31 22:09:58.761650,20260531,LONGXIAUSDT
LBank,TRYUSDT,TRY,USDT,USDT,50.0,4.0,1e-05,2026-05-31 22:09:58.761650,20260531,TRYUSDT
LBank,BRLUSDT,BRL,USDT,USDT,50.0,4.0,0.0001,2026-05-31 22:09:58.761650,20260531,BRLUSDT
LBank,XPTUSDT,XPT,USDT,USDT,50.0,4.0,0.01,2026-05-31 22:09:58.761650,20260531,XPTUSDT
LBank,XPDUSDT,XPD,USDT,USDT,50.0,4.0,0.01,2026-05-31 22:09:58.761650,20260531,XPDUSDT
LBank,XCUUSDT,XCU,USDT,USDT,50.0,4.0,0.001,2026-05-31 22:09:58.761650,20260531,XCUUSDT
LBank,MANTRAUSDT,MANTRA,USDT,USDT,50.0,4.0,1e-05,2026-05-31 22:09:58.761650,20260531,MANTRAUSDT
LBank,1000BTTCUSDT,1000BTTC,USDT,USDT,50.0,8.0,1e-07,2026-05-31 22:09:58.761650,20260531,1000BTTCUSDT
LBank,OGFANUSDT,OGFAN,USDT,USDT,50.0,4.0,0.001,2026-05-31 22:09:58.761650,20260531,OGFANUSDT
LBank,FIGHT1USDT,FIGHT1,USDT,USDT,50.0,4.0,1e-06,2026-05-31 22:09:58.761650,20260531,FIGHT1USDT
LBank,CRWDUSDT,CRWD,USDT,USDT,50.0,8.0,0.01,2026-05-31 22:09:58.761650,20260531,CRWDUSDT
LBank,PYPLUSDT,PYPL,USDT,USDT,50.0,8.0,0.01,2026-05-31 22:09:58.761650,20260531,PYPLUSDT
LBank,KATUSDT,KAT,USDT,USDT,50.0,4.0,1e-05,2026-05-31 22:09:58.761650,20260531,KATUSDT
LBank,ALTUSDT,ALT,USDT,USDT,50.0,4.0,1e-06,2026-05-31 22:09:58.761650,20260531,ALTUSDT
LBank,WALUSDT,WAL,USDT,USDT,50.0,4.0,1e-05,2026-05-31 22:09:58.761650,20260531,WALUSDT
LBank,AVAAIUSDT,AVAAI,USDT,USDT,25.0,4.0,1e-06,2026-05-31 22:09:58.761650,20260531,AVAAIUSDT
LBank,SWARMSUSDT,SWARMS,USDT,USDT,50.0,4.0,1e-06,2026-05-31 22:09:58.761650,20260531,SWARMSUSDT
LBank,FLUXUSDT,FLUX,USDT,USDT,75.0,4.0,1e-05,2026-05-31 22:09:58.761650,20260531,FLUXUSDT
LBank,VANAUSDT,VANA,USDT,USDT,20.0,4.0,0.001,2026-05-31 22:09:58.761650,20260531,VANAUSDT
LBank,ROBOUSDT,ROBO,USDT,USDT,20.0,4.0,1e-05,2026-05-31 22:09:58.761650,20260531,ROBOUSDT
LBank,STRKUSDT,STRK,USDT,USDT,75.0,4.0,1e-05,2026-05-31 22:09:58.761650,20260531,STRKUSDT
LBank,PIXELUSDT,PIXEL,USDT,USDT,50.0,4.0,1e-06,2026-05-31 22:09:58.761650,20260531,PIXELUSDT
LBank,LUMIAUSDT,LUMIA,USDT,USDT,50.0,4.0,1e-05,2026-05-31 22:09:58.761650,20260531,LUMIAUSDT
LBank,ATHUSDT,ATH,USDT,USDT,50.0,4.0,1e-06,2026-05-31 22:09:58.761650,20260531,ATHUSDT
LBank,ALLOUSDT,ALLO,USDT,USDT,50.0,4.0,1e-05,2026-05-31 22:09:58.761650,20260531,ALLOUSDT
LBank,2ZUSDT,2Z,USDT,USDT,50.0,4.0,1e-05,2026-05-31 22:09:58.761650,20260531,2ZUSDT
LBank,HBARUSDT,HBAR,USDT,USDT,50.0,8.0,1e-05,2026-05-31 22:09:58.761650,20260531,HBARUSDT
LBank,CARVUSDT,CARV,USDT,USDT,50.0,4.0,1e-05,2026-05-31 22:09:58.761650,20260531,CARVUSDT
LBank,OPNUSDT,OPN,USDT,USDT,50.0,4.0,0.0001,2026-05-31 22:09:58.761650,20260531,OPNUSDT
LBank,FLOCK1USDT,FLOCK1,USDT,USDT,50.0,4.0,1e-05,2026-05-31 22:09:58.761650,20260531,FLOCK1USDT
LBank,KSMUSDT,KSM,USDT,USDT,50.0,8.0,0.001,2026-05-31 22:09:58.761650,20260531,KSMUSDT
LBank,ILVUSDT,ILV,USDT,USDT,50.0,4.0,0.001,2026-05-31 22:09:58.761650,20260531,ILVUSDT
LBank,PIPPINUSDT,PIPPIN,USDT,USDT,50.0,4.0,1e-05,2026-05-31 22:09:58.761650,20260531,PIPPINUSDT
LBank,MASTOCKUSDT,MASTOCK,USDT,USDT,50.0,8.0,0.01,2026-05-31 22:09:58.762647,20260531,MASTOCKUSDT
LBank,USTCUSDT,USTC,USDT,USDT,50.0,4.0,1e-06,2026-05-31 22:09:58.762647,20260531,USTCUSDT
LBank,ZAMAUSDT,ZAMA,USDT,USDT,20.0,4.0,1e-05,2026-05-31 22:09:58.762647,20260531,ZAMAUSDT
LBank,INXUSDT,INX,USDT,USDT,20.0,4.0,1e-06,2026-05-31 22:09:58.762647,20260531,INXUSDT
LBank,ESPUSDT,ESP,USDT,USDT,20.0,4.0,1e-05,2026-05-31 22:09:58.762647,20260531,ESPUSDT
LBank,AZTECUSDT,AZTEC,USDT,USDT,50.0,4.0,1e-05,2026-05-31 22:09:58.762647,20260531,AZTECUSDT
LBank,PDDUSDT,PDD,USDT,USDT,20.0,8.0,0.01,2026-05-31 22:09:58.762647,20260531,PDDUSDT
LBank,JDUSDT,JD,USDT,USDT,20.0,8.0,0.01,2026-05-31 22:09:58.762647,20260531,JDUSDT
LBank,MITOUSDT,MITO,USDT,USDT,50.0,4.0,1e-05,2026-05-31 22:09:58.762647,20260531,MITOUSDT
LBank,POPCATUSDT,POPCAT,USDT,USDT,75.0,4.0,1e-05,2026-05-31 22:09:58.762647,20260531,POPCATUSDT
LBank,VICUSDT,VIC,USDT,USDT,50.0,4.0,1e-05,2026-05-31 22:09:58.762647,20260531,VICUSDT
LBank,AXLUSDT,AXL,USDT,USDT,50.0,4.0,1e-05,2026-05-31 22:09:58.762647,20260531,AXLUSDT
LBank,ALICEUSDT,ALICE,USDT,USDT,50.0,4.0,0.0001,2026-05-31 22:09:58.762647,20260531,ALICEUSDT
LBank,USOUSDT,USO,USDT,USDT,50.0,8.0,0.01,2026-05-31 22:09:58.762647,20260531,USOUSDT
LBank,BABYDOGEUSDT,BABYDOGE,USDT,USDT,50.0,4.0,1e-13,2026-05-31 22:09:58.762647,20260531,BABYDOGEUSDT
LBank,ZKPUSDT,ZKP,USDT,USDT,20.0,4.0,1e-05,2026-05-31 22:09:58.762647,20260531,ZKPUSDT
LBank,WETUSDT,WET,USDT,USDT,20.0,4.0,1e-05,2026-05-31 22:09:58.762647,20260531,WETUSDT
LBank,SKRUSDT,SKR,USDT,USDT,50.0,4.0,1e-06,2026-05-31 22:09:58.762647,20260531,SKRUSDT
LBank,SPACE1USDT,SPACE1,USDT,USDT,50.0,4.0,1e-06,2026-05-31 22:09:58.762647,20260531,SPACE1USDT
LBank,TRIAUSDT,TRIA,USDT,USDT,20.0,4.0,1e-05,2026-05-31 22:09:58.762647,20260531,TRIAUSDT
LBank,KOUSDT,KO,USDT,USDT,50.0,8.0,0.01,2026-05-31 22:09:58.762647,20260531,KOUSDT
LBank,IBMUSDT,IBM,USDT,USDT,50.0,8.0,0.01,2026-05-31 22:09:58.762647,20260531,IBMUSDT
LBank,BIRBUSDT,BIRB,USDT,USDT,20.0,4.0,0.0001,2026-05-31 22:09:58.762647,20260531,BIRBUSDT
LBank,CATIUSDT,CATI,USDT,USDT,75.0,4.0,1e-05,2026-05-31 22:09:58.762647,20260531,CATIUSDT
LBank,PAXGUSDT,PAXG,USDT,USDT,50.0,4.0,0.01,2026-05-31 22:09:58.762647,20260531,PAXGUSDT
LBank,BTCDOMUSDT,BTCDOM,USDT,USDT,50.0,8.0,0.1,2026-05-31 22:09:58.762647,20260531,BTCDOMUSDT
LBank,ALLUSDT,ALL,USDT,USDT,50.0,8.0,0.0001,2026-05-31 22:09:58.762647,20260531,ALLUSDT
LBank,USD1USDT,USD1,USDT,USDT,50.0,4.0,0.0001,2026-05-31 22:09:58.762647,20260531,USD1USDT
LBank,REDUSDT,RED,USDT,USDT,50.0,4.0,0.0001,2026-05-31 22:09:58.762647,20260531,REDUSDT
LBank,POLUSDT,POL,USDT,USDT,75.0,4.0,1e-05,2026-05-31 22:09:58.762647,20260531,POLUSDT
LBank,MOCAUSDT,MOCA,USDT,USDT,75.0,4.0,1e-05,2026-05-31 22:09:58.762647,20260531,MOCAUSDT
LBank,KGENUSDT,KGEN,USDT,USDT,20.0,4.0,0.0001,2026-05-31 22:09:58.762647,20260531,KGENUSDT
LBank,HIVEUSDT,HIVE,USDT,USDT,75.0,1.0,1e-05,2026-05-31 22:09:58.762647,20260531,HIVEUSDT
LBank,GUNUSDT,GUN,USDT,USDT,50.0,4.0,1e-05,2026-05-31 22:09:58.762647,20260531,GUNUSDT
LBank,GIGGLEUSDT,GIGGLE,USDT,USDT,50.0,4.0,0.01,2026-05-31 22:09:58.762647,20260531,GIGGLEUSDT
LBank,ESPORTSUSDT,ESPORTS,USDT,USDT,20.0,4.0,1e-05,2026-05-31 22:09:58.762647,20260531,ESPORTSUSDT
LBank,EPICUSDT,EPIC,USDT,USDT,50.0,4.0,0.0001,2026-05-31 22:09:58.762647,20260531,EPICUSDT
LBank,CATUSDT,CAT,USDT,USDT,50.0,4.0,1e-09,2026-05-31 22:09:58.762647,20260531,CATUSDT
LBank,BTRUSDT,BTR,USDT,USDT,50.0,4.0,1e-05,2026-05-31 22:09:58.762647,20260531,BTRUSDT
LBank,VELODROMEUSDT,VELODROME,USDT,USDT,50.0,4.0,1e-05,2026-05-31 22:09:58.762647,20260531,VELODROMEUSDT
LBank,XAIUSDT,XAI,USDT,USDT,50.0,4.0,1e-05,2026-05-31 22:09:58.762647,20260531,XAIUSDT
LBank,XNYUSDT,XNY,USDT,USDT,50.0,4.0,1e-06,2026-05-31 22:09:58.762647,20260531,XNYUSDT
LBank,XPLUSDT,XPL,USDT,USDT,50.0,4.0,0.0001,2026-05-31 22:09:58.762647,20260531,XPLUSDT
LBank,GTUSDT,GT,USDT,USDT,20.0,8.0,0.01,2026-05-31 22:09:58.762647,20260531,GTUSDT
LBank,COSUSDT,COS,USDT,USDT,20.0,4.0,1e-06,2026-05-31 22:09:58.762647,20260531,COSUSDT
LBank,BIO1USDT,BIO1,USDT,USDT,50.0,4.0,1e-05,2026-05-31 22:09:58.762647,20260531,BIO1USDT
LBank,BGBUSDT,BGB,USDT,USDT,20.0,8.0,0.001,2026-05-31 22:09:58.762647,20260531,BGBUSDT
LBank,APROUSDT,APRO,USDT,USDT,20.0,4.0,0.0001,2026-05-31 22:09:58.762647,20260531,APROUSDT
LBank,AINBSCUSDT,AINBSC,USDT,USDT,50.0,4.0,1e-05,2026-05-31 22:09:58.762647,20260531,AINBSCUSDT
LBank,BEATUSDT,BEAT,USDT,USDT,20.0,4.0,0.0001,2026-05-31 22:09:58.762647,20260531,BEATUSDT
LBank,ALPINEUSDT,ALPINE,USDT,USDT,50.0,4.0,0.0001,2026-05-31 22:09:58.762647,20260531,ALPINEUSDT
LBank,ZENUSDT,ZEN,USDT,USDT,50.0,8.0,0.001,2026-05-31 22:09:58.762647,20260531,ZENUSDT
LBank,XPINUSDT,XPIN,USDT,USDT,50.0,4.0,1e-07,2026-05-31 22:09:58.762647,20260531,XPINUSDT
LBank,TURTLEUSDT,TURTLE,USDT,USDT,50.0,4.0,1e-05,2026-05-31 22:09:58.762647,20260531,TURTLEUSDT
LBank,THEUSDT,THE,USDT,USDT,50.0,4.0,0.0001,2026-05-31 22:09:58.762647,20260531,THEUSDT
LBank,SQDUSDT,SQD,USDT,USDT,50.0,4.0,1e-05,2026-05-31 22:09:58.762647,20260531,SQDUSDT
LBank,QUACKAIUSDT,QUACKAI,USDT,USDT,50.0,4.0,1e-06,2026-05-31 22:09:58.762647,20260531,QUACKAIUSDT
LBank,SENTUSDT,SENT,USDT,USDT,20.0,4.0,1e-05,2026-05-31 22:09:58.762647,20260531,SENTUSDT
LBank,MONUSDT,MON,USDT,USDT,50.0,4.0,1e-05,2026-05-31 22:09:58.762647,20260531,MONUSDT
LBank,POWERUSDT,POWER,USDT,USDT,20.0,4.0,1e-05,2026-05-31 22:09:58.762647,20260531,POWERUSDT
LBank,OBOLUSDT,OBOL,USDT,USDT,0.0,4.0,1e-05,2026-05-31 22:09:58.762647,20260531,OBOLUSDT
LBank,SYNUSDT,SYN,USDT,USDT,50.0,4.0,1e-05,2026-05-31 22:09:58.762647,20260531,SYNUSDT
LBank,NEIRO1USDT,NEIRO1,USDT,USDT,75.0,4.0,1e-07,2026-05-31 22:09:58.762647,20260531,NEIRO1USDT
LBank,MUSDT,M,USDT,USDT,50.0,4.0,0.0001,2026-05-31 22:09:58.762647,20260531,MUSDT
LBank,ICNTUSDT,ICNT,USDT,USDT,50.0,4.0,0.0001,2026-05-31 22:09:58.762647,20260531,ICNTUSDT
LBank,HNTUSDT,HNT,USDT,USDT,50.0,8.0,0.001,2026-05-31 22:09:58.762647,20260531,HNTUSDT
LBank,GLMUSDT,GLM,USDT,USDT,50.0,4.0,0.0001,2026-05-31 22:09:58.762647,20260531,GLMUSDT
LBank,FRAXUSDT,FRAX,USDT,USDT,50.0,4.0,0.0001,2026-05-31 22:09:58.762647,20260531,FRAXUSDT
LBank,EULUSDT,EUL,USDT,USDT,50.0,4.0,0.001,2026-05-31 22:09:58.762647,20260531,EULUSDT
LBank,GPSUSDT,GPS,USDT,USDT,50.0,4.0,1e-06,2026-05-31 22:09:58.762647,20260531,GPSUSDT
LBank,CTKUSDT,CTK,USDT,USDT,50.0,4.0,0.0001,2026-05-31 22:09:58.762647,20260531,CTKUSDT
LBank,CHEEMSUSDT,CHEEMS,USDT,USDT,75.0,4.0,1e-10,2026-05-31 22:09:58.762647,20260531,CHEEMSUSDT
LBank,ELSAUSDT,ELSA,USDT,USDT,20.0,4.0,0.0001,2026-05-31 22:09:58.762647,20260531,ELSAUSDT
LBank,TAUSDT,TA,USDT,USDT,20.0,4.0,1e-05,2026-05-31 22:09:58.762647,20260531,TAUSDT
LBank,TACUSDT,TAC,USDT,USDT,50.0,4.0,1e-06,2026-05-31 22:09:58.762647,20260531,TACUSDT
LBank,AIOUSDT,AIO,USDT,USDT,50.0,4.0,1e-05,2026-05-31 22:09:58.762647,20260531,AIOUSDT
LBank,AGTUSDT,AGT,USDT,USDT,50.0,4.0,1e-06,2026-05-31 22:09:58.762647,20260531,AGTUSDT
LBank,SPORTFUNUSDT,SPORTFUN,USDT,USDT,50.0,4.0,1e-05,2026-05-31 22:09:58.762647,20260531,SPORTFUNUSDT
LBank,MEXCUSDT,MEXC,USDT,USDT,20.0,4.0,0.001,2026-05-31 22:09:58.762647,20260531,MEXCUSDT
LBank,LYNUSDT,LYN,USDT,USDT,20.0,4.0,1e-05,2026-05-31 22:09:58.762647,20260531,LYNUSDT
LBank,EVAAUSDT,EVAA,USDT,USDT,50.0,4.0,0.0001,2026-05-31 22:09:58.762647,20260531,EVAAUSDT
LBank,COLLECTUSDT,COLLECT,USDT,USDT,50.0,4.0,1e-05,2026-05-31 22:09:58.762647,20260531,COLLECTUSDT
LBank,BIANRENSHENGUSDT,BIANRENSHENG,USDT,USDT,50.0,4.0,0.0001,2026-05-31 22:09:58.762647,20260531,BIANRENSHENGUSDT
LBank,BASUSDT,BAS,USDT,USDT,50.0,4.0,1e-06,2026-05-31 22:09:58.762647,20260531,BASUSDT
LBank,JCTUSDT,JCT,USDT,USDT,20.0,4.0,1e-06,2026-05-31 22:09:58.762647,20260531,JCTUSDT
LBank,HOLOUSDT,HOLO,USDT,USDT,50.0,4.0,1e-05,2026-05-31 22:09:58.762647,20260531,HOLOUSDT
LBank,4USDT,4,USDT,USDT,50.0,4.0,1e-05,2026-05-31 22:09:58.762647,20260531,4USDT
LBank,UAIUSDT,UAI,USDT,USDT,50.0,4.0,0.0001,2026-05-31 22:09:58.762647,20260531,UAIUSDT
LBank,TAKEUSDT,TAKE,USDT,USDT,50.0,4.0,1e-05,2026-05-31 22:09:58.762647,20260531,TAKEUSDT
LBank,TAGUSDT,TAG,USDT,USDT,50.0,4.0,1e-07,2026-05-31 22:09:58.762647,20260531,TAGUSDT
LBank,SOMIUSDT,SOMI,USDT,USDT,50.0,4.0,0.0001,2026-05-31 22:09:58.762647,20260531,SOMIUSDT
LBank,OROCHIUSDT,OROCHI,USDT,USDT,50.0,4.0,0.0001,2026-05-31 22:09:58.762647,20260531,OROCHIUSDT
LBank,MIRAUSDT,MIRA,USDT,USDT,50.0,4.0,0.0001,2026-05-31 22:09:58.762647,20260531,MIRAUSDT
LBank,MAGMAUSDT,MAGMA,USDT,USDT,50.0,4.0,1e-05,2026-05-31 22:09:58.762647,20260531,MAGMAUSDT
LBank,LIGHT1USDT,LIGHT1,USDT,USDT,20.0,4.0,0.0001,2026-05-31 22:09:58.762647,20260531,LIGHT1USDT
LBank,FOGOUSDT,FOGO,USDT,USDT,20.0,4.0,1e-05,2026-05-31 22:09:58.762647,20260531,FOGOUSDT
LBank,IDOLUSDT,IDOL,USDT,USDT,50.0,4.0,1e-05,2026-05-31 22:09:58.762647,20260531,IDOLUSDT
LBank,APEXUSDT,APEX,USDT,USDT,50.0,4.0,0.0001,2026-05-31 22:09:58.762647,20260531,APEXUSDT
LBank,AIOTUSDT,AIOT,USDT,USDT,50.0,4.0,1e-05,2026-05-31 22:09:58.762647,20260531,AIOTUSDT
LBank,GUAUSDT,GUA,USDT,USDT,10.0,4.0,0.0001,2026-05-31 22:09:58.762647,20260531,GUAUSDT
LBank,ZILUSDT,ZIL,USDT,USDT,50.0,4.0,1e-05,2026-05-31 22:09:58.762647,20260531,ZILUSDT
LBank,SPXUSDT,SPX,USDT,USDT,50.0,4.0,0.0001,2026-05-31 22:09:58.762647,20260531,SPXUSDT
LBank,CROSSUSDT,CROSS,USDT,USDT,20.0,4.0,1e-05,2026-05-31 22:09:58.762647,20260531,CROSSUSDT
LBank,KITEUSDT,KITE,USDT,USDT,50.0,4.0,1e-05,2026-05-31 22:09:58.762647,20260531,KITEUSDT
LBank,YBUSDT,YB,USDT,USDT,50.0,4.0,0.0001,2026-05-31 22:09:58.762647,20260531,YBUSDT
LBank,SONICUSDT,SONIC,USDT,USDT,75.0,4.0,1e-05,2026-05-31 22:09:58.762647,20260531,SONICUSDT
LBank,CYSUSDT,CYS,USDT,USDT,20.0,4.0,0.0001,2026-05-31 22:09:58.762647,20260531,CYSUSDT
LBank,B2USDT,B2,USDT,USDT,50.0,4.0,0.0001,2026-05-31 22:09:58.762647,20260531,B2USDT
LBank,COAIUSDT,COAI,USDT,USDT,50.0,4.0,0.0001,2026-05-31 22:09:58.762647,20260531,COAIUSDT
LBank,BANKUSDT,BANK,USDT,USDT,50.0,4.0,1e-05,2026-05-31 22:09:58.762647,20260531,BANKUSDT
LBank,AKEUSDT,AKE,USDT,USDT,50.0,4.0,1e-07,2026-05-31 22:09:58.762647,20260531,AKEUSDT
LBank,INUSDT,IN,USDT,USDT,50.0,4.0,1e-05,2026-05-31 22:09:58.762647,20260531,INUSDT
LBank,SAPIENUSDT,SAPIEN,USDT,USDT,50.0,4.0,1e-05,2026-05-31 22:09:58.762647,20260531,SAPIENUSDT
LBank,STABLEUSDT,STABLE,USDT,USDT,50.0,4.0,1e-05,2026-05-31 22:09:58.762647,20260531,STABLEUSDT
LBank,MMTUSDT,MMT,USDT,USDT,20.0,4.0,0.0001,2026-05-31 22:09:58.762647,20260531,MMTUSDT
LBank,VELVETUSDT,VELVET,USDT,USDT,50.0,4.0,1e-05,2026-05-31 22:09:58.762647,20260531,VELVETUSDT
LBank,CHILLGUYUSDT,CHILLGUY,USDT,USDT,50.0,4.0,1e-05,2026-05-31 22:09:58.762647,20260531,CHILLGUYUSDT
LBank,BROCCOLIUSDT,BROCCOLI,USDT,USDT,50.0,4.0,1e-05,2026-05-31 22:09:58.762647,20260531,BROCCOLIUSDT
LBank,ZETAUSDT,ZETA,USDT,USDT,75.0,4.0,1e-05,2026-05-31 22:09:58.762647,20260531,ZETAUSDT
LBank,SOONUSDT,SOON,USDT,USDT,50.0,4.0,0.0001,2026-05-31 22:09:58.762647,20260531,SOONUSDT
LBank,LINEAUSDT,LINEA,USDT,USDT,50.0,4.0,1e-06,2026-05-31 22:09:58.762647,20260531,LINEAUSDT
LBank,BREVUSDT,BREV,USDT,USDT,20.0,4.0,0.0001,2026-05-31 22:09:58.762647,20260531,BREVUSDT
LBank,DOLOUSDT,DOLO,USDT,USDT,50.0,4.0,1e-05,2026-05-31 22:09:58.762647,20260531,DOLOUSDT
LBank,STBLUSDT,STBL,USDT,USDT,50.0,4.0,1e-05,2026-05-31 22:09:58.762647,20260531,STBLUSDT
LBank,TAIKOUSDT,TAIKO,USDT,USDT,50.0,4.0,0.0001,2026-05-31 22:09:58.762647,20260531,TAIKOUSDT
LBank,MNTUSDT,MNT,USDT,USDT,50.0,8.0,0.0001,2026-05-31 22:09:58.762647,20260531,MNTUSDT
LBank,ZKCUSDT,ZKC,USDT,USDT,50.0,4.0,0.0001,2026-05-31 22:09:58.762647,20260531,ZKCUSDT
LBank,BLUAIUSDT,BLUAI,USDT,USDT,50.0,4.0,1e-06,2026-05-31 22:09:58.762647,20260531,BLUAIUSDT
LBank,ZORAUSDT,ZORA,USDT,USDT,50.0,4.0,1e-05,2026-05-31 22:09:58.762647,20260531,ZORAUSDT
LBank,OKBUSDT,OKB,USDT,USDT,50.0,4.0,0.01,2026-05-31 22:09:58.762647,20260531,OKBUSDT
LBank,TWTUSDT,TWT,USDT,USDT,50.0,4.0,0.0001,2026-05-31 22:09:58.762647,20260531,TWTUSDT
LBank,AVNTUSDT,AVNT,USDT,USDT,50.0,4.0,0.0001,2026-05-31 22:09:58.762647,20260531,AVNTUSDT
LBank,PUMPUSDT,PUMP,USDT,USDT,50.0,4.0,1e-06,2026-05-31 22:09:58.762647,20260531,PUMPUSDT
LBank,ARCUSDT,ARC,USDT,USDT,50.0,4.0,1e-05,2026-05-31 22:09:58.762647,20260531,ARCUSDT
LBank,HUSDT,H,USDT,USDT,50.0,4.0,1e-05,2026-05-31 22:09:58.762647,20260531,HUSDT
LBank,NIGHTUSDT,NIGHT,USDT,USDT,50.0,4.0,1e-05,2026-05-31 22:09:58.762647,20260531,NIGHTUSDT
LBank,DEEPUSDT,DEEP,USDT,USDT,50.0,4.0,1e-05,2026-05-31 22:09:58.762647,20260531,DEEPUSDT
LBank,DOODUSDT,DOOD,USDT,USDT,50.0,4.0,1e-06,2026-05-31 22:09:58.762647,20260531,DOODUSDT
LBank,JELLYJELLYUSDT,JELLYJELLY,USDT,USDT,20.0,4.0,1e-05,2026-05-31 22:09:58.762647,20260531,JELLYJELLYUSDT
LBank,AEROUSDT,AERO,USDT,USDT,50.0,4.0,0.0001,2026-05-31 22:09:58.762647,20260531,AEROUSDT
LBank,NOMUSDT,NOM,USDT,USDT,20.0,4.0,1e-06,2026-05-31 22:09:58.762647,20260531,NOMUSDT
LBank,BANUSDT,BAN,USDT,USDT,50.0,4.0,1e-05,2026-05-31 22:09:58.762647,20260531,BANUSDT
LBank,GRIFFAINUSDT,GRIFFAIN,USDT,USDT,50.0,4.0,1e-05,2026-05-31 22:09:58.762647,20260531,GRIFFAINUSDT
LBank,FFUSDT,FF,USDT,USDT,50.0,4.0,1e-05,2026-05-31 22:09:58.762647,20260531,FFUSDT
LBank,0GUSDT,0G,USDT,USDT,20.0,4.0,0.0001,2026-05-31 22:09:58.762647,20260531,0GUSDT
LBank,CLANKERUSDT,CLANKER,USDT,USDT,50.0,4.0,0.01,2026-05-31 22:09:58.762647,20260531,CLANKERUSDT
LBank,MELANIAUSDT,MELANIA,USDT,USDT,50.0,4.0,0.0001,2026-05-31 22:09:58.762647,20260531,MELANIAUSDT
LBank,FLUIDUSDT,FLUID,USDT,USDT,50.0,4.0,0.001,2026-05-31 22:09:58.762647,20260531,FLUIDUSDT
LBank,FLRUSDT,FLR,USDT,USDT,50.0,8.0,1e-05,2026-05-31 22:09:58.762647,20260531,FLRUSDT
LBank,MOGUSDT,MOG,USDT,USDT,50.0,4.0,1e-10,2026-05-31 22:09:58.762647,20260531,MOGUSDT
LBank,MYXUSDT,MYX,USDT,USDT,50.0,4.0,1e-05,2026-05-31 22:09:58.762647,20260531,MYXUSDT
LBank,BRUSDT,BR,USDT,USDT,50.0,4.0,1e-05,2026-05-31 22:09:58.762647,20260531,BRUSDT
LBank,USELESSUSDT,USELESS,USDT,USDT,50.0,4.0,1e-05,2026-05-31 22:09:58.762647,20260531,USELESSUSDT
LBank,APRUSDT,APR,USDT,USDT,50.0,4.0,1e-05,2026-05-31 22:09:58.762647,20260531,APRUSDT
LBank,OPENUSDT,OPEN,USDT,USDT,50.0,4.0,0.0001,2026-05-31 22:09:58.762647,20260531,OPENUSDT
LBank,PUMPBTCUSDT,PUMPBTC,USDT,USDT,50.0,4.0,1e-05,2026-05-31 22:09:58.762647,20260531,PUMPBTCUSDT
LBank,FUSDT,F,USDT,USDT,50.0,4.0,1e-06,2026-05-31 22:09:58.762647,20260531,FUSDT
LBank,IRYSUSDT,IRYS,USDT,USDT,20.0,4.0,1e-05,2026-05-31 22:09:58.762647,20260531,IRYSUSDT
LBank,TOSHIUSDT,TOSHI,USDT,USDT,50.0,4.0,1e-07,2026-05-31 22:09:58.762647,20260531,TOSHIUSDT
LBank,FHEUSDT,FHE,USDT,USDT,50.0,4.0,1e-05,2026-05-31 22:09:58.762647,20260531,FHEUSDT
LBank,USDEUSDT,USDE,USDT,USDT,20.0,8.0,0.0001,2026-05-31 22:09:58.762647,20260531,USDEUSDT
LBank,IOUSDT,IO,USDT,USDT,75.0,4.0,0.0001,2026-05-31 22:09:58.762647,20260531,IOUSDT
LBank,1000LUNCUSDT,1000LUNC,USDT,USDT,50.0,8.0,1e-05,2026-05-31 22:09:58.762647,20260531,1000LUNCUSDT
LBank,ZROUSDT,ZRO,USDT,USDT,75.0,4.0,0.001,2026-05-31 22:09:58.762647,20260531,ZROUSDT
LBank,CHZUSDT,CHZ,USDT,USDT,50.0,8.0,1e-05,2026-05-31 22:09:58.762647,20260531,CHZUSDT
LBank,JUPUSDT,JUP,USDT,USDT,75.0,4.0,0.0001,2026-05-31 22:09:58.762647,20260531,JUPUSDT
LBank,SYRUPUSDT,SYRUP,USDT,USDT,50.0,4.0,1e-05,2026-05-31 22:09:58.762647,20260531,SYRUPUSDT
LBank,IOTAUSDT,IOTA,USDT,USDT,50.0,8.0,0.0001,2026-05-31 22:09:58.762647,20260531,IOTAUSDT
LBank,WCTUSDT,WCT,USDT,USDT,20.0,4.0,1e-05,2026-05-31 22:09:58.762647,20260531,WCTUSDT
LBank,SHELLUSDT,SHELL,USDT,USDT,50.0,4.0,1e-05,2026-05-31 22:09:58.762647,20260531,SHELLUSDT
LBank,BERAUSDT,BERA,USDT,USDT,50.0,4.0,0.0001,2026-05-31 22:09:58.762647,20260531,BERAUSDT
LBank,VANRYUSDT,VANRY,USDT,USDT,50.0,4.0,1e-06,2026-05-31 22:09:58.762647,20260531,VANRYUSDT
LBank,SLPUSDT,SLP,USDT,USDT,50.0,4.0,1e-07,2026-05-31 22:09:58.762647,20260531,SLPUSDT
LBank,SOPHUSDT,SOPH,USDT,USDT,50.0,4.0,1e-06,2026-05-31 22:09:58.762647,20260531,SOPHUSDT
LBank,SCRUSDT,SCR,USDT,USDT,50.0,4.0,1e-05,2026-05-31 22:09:58.762647,20260531,SCRUSDT
LBank,MANTAUSDT,MANTA,USDT,USDT,50.0,4.0,1e-05,2026-05-31 22:09:58.762647,20260531,MANTAUSDT
LBank,ZRXUSDT,ZRX,USDT,USDT,20.0,4.0,0.0001,2026-05-31 22:09:58.762647,20260531,ZRXUSDT
LBank,ZKSYNCUSDT,ZKSYNC,USDT,USDT,50.0,4.0,1e-05,2026-05-31 22:09:58.762647,20260531,ZKSYNCUSDT
LBank,WUSDT,W,USDT,USDT,75.0,4.0,1e-05,2026-05-31 22:09:58.762647,20260531,WUSDT
LBank,VIRTUALUSDT,VIRTUAL,USDT,USDT,75.0,4.0,0.0001,2026-05-31 22:09:58.762647,20260531,VIRTUALUSDT
LBank,TUTUSDT,TUT,USDT,USDT,50.0,4.0,1e-05,2026-05-31 22:09:58.762647,20260531,TUTUSDT
LBank,TURBOUSDT,TURBO,USDT,USDT,75.0,4.0,1e-06,2026-05-31 22:09:58.762647,20260531,TURBOUSDT
LBank,THETAUSDT,THETA,USDT,USDT,50.0,8.0,0.0001,2026-05-31 22:09:58.762647,20260531,THETAUSDT
LBank,SUPERUSDT,SUPER,USDT,USDT,20.0,4.0,0.0001,2026-05-31 22:09:58.762647,20260531,SUPERUSDT
LBank,SAHARAUSDT,SAHARA,USDT,USDT,20.0,4.0,1e-05,2026-05-31 22:09:58.762647,20260531,SAHARAUSDT
LBank,RVNUSDT,RVN,USDT,USDT,20.0,4.0,1e-05,2026-05-31 22:09:58.762647,20260531,RVNUSDT
LBank,RSRUSDT,RSR,USDT,USDT,75.0,8.0,1e-06,2026-05-31 22:09:58.762647,20260531,RSRUSDT
LBank,REZUSDT,REZ,USDT,USDT,50.0,4.0,1e-06,2026-05-31 22:09:58.762647,20260531,REZUSDT
LBank,RENDERUSDT,RENDER,USDT,USDT,75.0,4.0,0.001,2026-05-31 22:09:58.762647,20260531,RENDERUSDT
LBank,RAYUSDT,RAY,USDT,USDT,75.0,8.0,0.0001,2026-05-31 22:09:58.762647,20260531,RAYUSDT
LBank,RATSUSDT,RATS,USDT,USDT,75.0,4.0,1e-08,2026-05-31 22:09:58.762647,20260531,RATSUSDT
LBank,RAREUSDT,RARE,USDT,USDT,75.0,4.0,1e-05,2026-05-31 22:09:58.762647,20260531,RAREUSDT
LBank,PYTHUSDT,PYTH,USDT,USDT,75.0,4.0,1e-05,2026-05-31 22:09:58.762647,20260531,PYTHUSDT
LBank,PORTALUSDT,PORTAL,USDT,USDT,50.0,4.0,1e-05,2026-05-31 22:09:58.762647,20260531,PORTALUSDT
LBank,PNUTUSDT,PNUT,USDT,USDT,50.0,4.0,1e-05,2026-05-31 22:09:58.762647,20260531,PNUTUSDT
LBank,PHAUSDT,PHA,USDT,USDT,50.0,4.0,1e-05,2026-05-31 22:09:58.762647,20260531,PHAUSDT
LBank,PENGUUSDT,PENGU,USDT,USDT,50.0,4.0,1e-06,2026-05-31 22:09:58.762647,20260531,PENGUUSDT
LBank,ONTUSDT,ONT,USDT,USDT,20.0,4.0,0.0001,2026-05-31 22:09:58.762647,20260531,ONTUSDT
LBank,NXPCUSDT,NXPC,USDT,USDT,50.0,4.0,0.0001,2026-05-31 22:09:58.762647,20260531,NXPCUSDT
LBank,NFPUSDT,NFP,USDT,USDT,50.0,4.0,1e-05,2026-05-31 22:09:58.762647,20260531,NFPUSDT
LBank,MUBARAKUSDT,MUBARAK,USDT,USDT,50.0,4.0,1e-05,2026-05-31 22:09:58.762647,20260531,MUBARAKUSDT
LBank,MOVRUSDT,MOVR,USDT,USDT,50.0,4.0,0.001,2026-05-31 22:09:58.762647,20260531,MOVRUSDT
LBank,MOVEUSDT,MOVE,USDT,USDT,50.0,4.0,1e-05,2026-05-31 22:09:58.762647,20260531,MOVEUSDT
LBank,MOODENGUSDT,MOODENG,USDT,USDT,50.0,4.0,1e-05,2026-05-31 22:09:58.762647,20260531,MOODENGUSDT
LBank,MEUSDT,ME,USDT,USDT,50.0,4.0,0.0001,2026-05-31 22:09:58.762647,20260531,MEUSDT
LBank,LUNAUSDT,LUNA,USDT,USDT,50.0,4.0,0.0001,2026-05-31 22:09:58.762647,20260531,LUNAUSDT
LBank,LAUSDT,LA,USDT,USDT,20.0,4.0,0.0001,2026-05-31 22:09:58.762647,20260531,LAUSDT
LBank,KAIAUSDT,KAIA,USDT,USDT,75.0,4.0,1e-05,2026-05-31 22:09:58.762647,20260531,KAIAUSDT
LBank,JTOUSDT,JTO,USDT,USDT,75.0,4.0,0.0001,2026-05-31 22:09:58.762647,20260531,JTOUSDT
LBank,INITUSDT,INIT,USDT,USDT,50.0,4.0,0.0001,2026-05-31 22:09:58.762647,20260531,INITUSDT
LBank,ETHWUSDT,ETHW,USDT,USDT,75.0,4.0,0.0001,2026-05-31 22:09:58.762647,20260531,ETHWUSDT
LBank,ETHFIUSDT,ETHFI,USDT,USDT,50.0,4.0,0.0001,2026-05-31 22:09:58.762647,20260531,ETHFIUSDT
LBank,ERAUSDT,ERA,USDT,USDT,50.0,4.0,0.0001,2026-05-31 22:09:58.762647,20260531,ERAUSDT
LBank,EIGENUSDT,EIGEN,USDT,USDT,75.0,4.0,0.0001,2026-05-31 22:09:58.762647,20260531,EIGENUSDT
LBank,EGLDUSDT,EGLD,USDT,USDT,50.0,8.0,0.001,2026-05-31 22:09:58.762647,20260531,EGLDUSDT
LBank,DYMUSDT,DYM,USDT,USDT,20.0,4.0,1e-05,2026-05-31 22:09:58.762647,20260531,DYMUSDT
LBank,CYBERUSDT,CYBER,USDT,USDT,50.0,4.0,0.0001,2026-05-31 22:09:58.762647,20260531,CYBERUSDT
LBank,CVXUSDT,CVX,USDT,USDT,20.0,4.0,0.001,2026-05-31 22:09:58.762647,20260531,CVXUSDT
LBank,COWUSDT,COW,USDT,USDT,20.0,4.0,0.0001,2026-05-31 22:09:58.762647,20260531,COWUSDT
LBank,CKBUSDT,CKB,USDT,USDT,75.0,8.0,1e-06,2026-05-31 22:09:58.762647,20260531,CKBUSDT
LBank,CHRUSDT,CHR,USDT,USDT,50.0,8.0,1e-05,2026-05-31 22:09:58.762647,20260531,CHRUSDT
LBank,CETUSUSDT,CETUS,USDT,USDT,50.0,4.0,1e-05,2026-05-31 22:09:58.762647,20260531,CETUSUSDT
LBank,CELRUSDT,CELR,USDT,USDT,50.0,8.0,1e-06,2026-05-31 22:09:58.762647,20260531,CELRUSDT
LBank,BOMEUSDT,BOME,USDT,USDT,75.0,4.0,1e-07,2026-05-31 22:09:58.762647,20260531,BOMEUSDT
LBank,BMTUSDT,BMT,USDT,USDT,50.0,4.0,1e-05,2026-05-31 22:09:58.762647,20260531,BMTUSDT
LBank,BEAMXUSDT,BEAMX,USDT,USDT,50.0,4.0,1e-06,2026-05-31 22:09:58.762647,20260531,BEAMXUSDT
LBank,BBUSDT,BB,USDT,USDT,50.0,4.0,1e-05,2026-05-31 22:09:58.762647,20260531,BBUSDT
LBank,BANANAUSDT,BANANA,USDT,USDT,75.0,4.0,0.001,2026-05-31 22:09:58.762647,20260531,BANANAUSDT
LBank,BABYUSDT,BABY,USDT,USDT,50.0,4.0,1e-05,2026-05-31 22:09:58.762647,20260531,BABYUSDT
LBank,AVAUSDT,AVA,USDT,USDT,50.0,4.0,0.0001,2026-05-31 22:09:58.762647,20260531,AVAUSDT
LBank,AUCTIONUSDT,AUCTION,USDT,USDT,20.0,4.0,0.001,2026-05-31 22:09:58.763645,20260531,AUCTIONUSDT
LBank,ARUSDT,AR,USDT,USDT,50.0,8.0,0.001,2026-05-31 22:09:58.763645,20260531,ARUSDT
LBank,ARKUSDT,ARK,USDT,USDT,20.0,4.0,0.0001,2026-05-31 22:09:58.763645,20260531,ARKUSDT
LBank,API3USDT,API3,USDT,USDT,50.0,4.0,0.0001,2026-05-31 22:09:58.763645,20260531,API3USDT
LBank,ANIMEUSDT,ANIME,USDT,USDT,50.0,4.0,1e-06,2026-05-31 22:09:58.763645,20260531,ANIMEUSDT
LBank,ALGOUSDT,ALGO,USDT,USDT,50.0,8.0,0.0001,2026-05-31 22:09:58.763645,20260531,ALGOUSDT
LBank,AIXBTUSDT,AIXBT,USDT,USDT,75.0,4.0,1e-05,2026-05-31 22:09:58.763645,20260531,AIXBTUSDT
LBank,AEVOUSDT,AEVO,USDT,USDT,50.0,4.0,1e-05,2026-05-31 22:09:58.763645,20260531,AEVOUSDT
LBank,ACTUSDT,ACT,USDT,USDT,50.0,4.0,1e-05,2026-05-31 22:09:58.763645,20260531,ACTUSDT
LBank,ACEUSDT,ACE,USDT,USDT,50.0,4.0,0.0001,2026-05-31 22:09:58.763645,20260531,ACEUSDT
LBank,USUALUSDT,USUAL,USDT,USDT,50.0,4.0,1e-05,2026-05-31 22:09:58.763645,20260531,USUALUSDT
LBank,TOWNSUSDT,TOWNS,USDT,USDT,50.0,4.0,1e-06,2026-05-31 22:09:58.763645,20260531,TOWNSUSDT
LBank,SIGNUSDT,SIGN,USDT,USDT,20.0,4.0,1e-05,2026-05-31 22:09:58.763645,20260531,SIGNUSDT
LBank,RESOLVUSDT,RESOLV,USDT,USDT,20.0,4.0,1e-05,2026-05-31 22:09:58.763645,20260531,RESOLVUSDT
LBank,PUNDIXUSDT,PUNDIX,USDT,USDT,50.0,4.0,0.0001,2026-05-31 22:09:58.763645,20260531,PUNDIXUSDT
LBank,PROMUSDT,PROM,USDT,USDT,75.0,4.0,0.001,2026-05-31 22:09:58.763645,20260531,PROMUSDT
LBank,PLUMEUSDT,PLUME,USDT,USDT,20.0,4.0,1e-05,2026-05-31 22:09:58.763645,20260531,PLUMEUSDT
LBank,LAYERUSDT,LAYER,USDT,USDT,50.0,4.0,0.0001,2026-05-31 22:09:58.763645,20260531,LAYERUSDT
LBank,KMNOUSDT,KMNO,USDT,USDT,75.0,4.0,1e-05,2026-05-31 22:09:58.763645,20260531,KMNOUSDT
LBank,KAITOUSDT,KAITO,USDT,USDT,50.0,4.0,0.0001,2026-05-31 22:09:58.763645,20260531,KAITOUSDT
LBank,JSTUSDT,JST,USDT,USDT,50.0,4.0,1e-05,2026-05-31 22:09:58.763645,20260531,JSTUSDT
LBank,HUMAUSDT,HUMA,USDT,USDT,50.0,4.0,1e-05,2026-05-31 22:09:58.763645,20260531,HUMAUSDT
LBank,HOTUSDT,HOT,USDT,USDT,75.0,8.0,1e-06,2026-05-31 22:09:58.763645,20260531,HOTUSDT
LBank,HOMEUSDT,HOME,USDT,USDT,20.0,4.0,1e-05,2026-05-31 22:09:58.763645,20260531,HOMEUSDT
LBank,HMSTRUSDT,HMSTR,USDT,USDT,75.0,4.0,1e-07,2026-05-31 22:09:58.763645,20260531,HMSTRUSDT
LBank,GOATSEUSUSDT,GOATSEUS,USDT,USDT,50.0,4.0,1e-05,2026-05-31 22:09:58.763645,20260531,GOATSEUSUSDT
LBank,GMTUSDT,GMT,USDT,USDT,50.0,4.0,1e-05,2026-05-31 22:09:58.763645,20260531,GMTUSDT
LBank,FORMUSDT,FORM,USDT,USDT,50.0,4.0,0.0001,2026-05-31 22:09:58.763645,20260531,FORMUSDT
LBank,ETCUSDT,ETC,USDT,USDT,75.0,8.0,0.001,2026-05-31 22:09:58.763645,20260531,ETCUSDT
LBank,DEXEUSDT,DEXE,USDT,USDT,75.0,4.0,0.001,2026-05-31 22:09:58.763645,20260531,DEXEUSDT
LBank,CVCUSDT,CVC,USDT,USDT,50.0,4.0,1e-05,2026-05-31 22:09:58.763645,20260531,CVCUSDT
LBank,COOKIEUSDT,COOKIE,USDT,USDT,75.0,4.0,1e-05,2026-05-31 22:09:58.763645,20260531,COOKIEUSDT
LBank,CGPTUSDT,CGPT,USDT,USDT,75.0,4.0,1e-05,2026-05-31 22:09:58.763645,20260531,CGPTUSDT
LBank,BANANAS31USDT,BANANAS31,USDT,USDT,50.0,4.0,1e-06,2026-05-31 22:09:58.763645,20260531,BANANAS31USDT
LBank,AUSDT,A,USDT,USDT,50.0,4.0,0.0001,2026-05-31 22:09:58.763645,20260531,AUSDT
LBank,AUDIOUSDT,AUDIO,USDT,USDT,50.0,4.0,1e-05,2026-05-31 22:09:58.763645,20260531,AUDIOUSDT
LBank,SXTUSDT,SXT,USDT,USDT,50.0,4.0,1e-05,2026-05-31 22:09:58.763645,20260531,SXTUSDT
LBank,BANDUSDT,BAND,USDT,USDT,50.0,8.0,0.0001,2026-05-31 22:09:58.763645,20260531,BANDUSDT
LBank,ANKRUSDT,ANKR,USDT,USDT,20.0,4.0,1e-06,2026-05-31 22:09:58.763645,20260531,ANKRUSDT
LBank,RPLUSDT,RPL,USDT,USDT,50.0,4.0,0.001,2026-05-31 22:09:58.763645,20260531,RPLUSDT
LBank,YFIUSDT,YFI,USDT,USDT,50.0,8.0,1.0,2026-05-31 22:09:58.763645,20260531,YFIUSDT
LBank,ACHUSDT,ACH,USDT,USDT,50.0,8.0,1e-06,2026-05-31 22:09:58.763645,20260531,ACHUSDT
LBank,ASTRUSDT,ASTR,USDT,USDT,50.0,8.0,1e-06,2026-05-31 22:09:58.763645,20260531,ASTRUSDT
LBank,SKLUSDT,SKL,USDT,USDT,50.0,4.0,1e-05,2026-05-31 22:09:58.763645,20260531,SKLUSDT
LBank,BATUSDT,BAT,USDT,USDT,50.0,8.0,0.0001,2026-05-31 22:09:58.763645,20260531,BATUSDT
LBank,10TAUSDT,10TA,USDT,USDT,0.0,8.0,0.0001,2026-05-31 22:09:58.763645,20260531,10TAUSDT
LBank,SKY1USDT,SKY1,USDT,USDT,50.0,4.0,1e-05,2026-05-31 22:09:58.763645,20260531,SKY1USDT
LBank,SAFE1USDT,SAFE1,USDT,USDT,50.0,4.0,0.0001,2026-05-31 22:09:58.763645,20260531,SAFE1USDT
LBank,CRTUSDT,CRT,USDT,USDT,0.0,8.0,1e-05,2026-05-31 22:09:58.763645,20260531,CRTUSDT
LBank,AMPUSDT,AMP,USDT,USDT,50.0,4.0,1e-06,2026-05-31 22:09:58.763645,20260531,AMPUSDT
LBank,APEUSDT,APE,USDT,USDT,50.0,8.0,0.0001,2026-05-31 22:09:58.763645,20260531,APEUSDT
LBank,1000XECUSDT,1000XEC,USDT,USDT,0.0,8.0,1e-05,2026-05-31 22:09:58.763645,20260531,1000XECUSDT
LBank,142803USDT,142803,USDT,USDT,0.0,8.0,0.001,2026-05-31 22:09:58.763645,20260531,142803USDT
LBank,142801USDT,142801,USDT,USDT,0.0,8.0,0.001,2026-05-31 22:09:58.763645,20260531,142801USDT
LBank,142802USDT,142802,USDT,USDT,0.0,8.0,0.001,2026-05-31 22:09:58.763645,20260531,142802USDT
LBank,142800USDT,142800,USDT,USDT,0.0,8.0,0.001,2026-05-31 22:09:58.763645,20260531,142800USDT
LBank,MORPHOUSDT,MORPHO,USDT,USDT,75.0,4.0,0.0001,2026-05-31 22:09:58.763645,20260531,MORPHOUSDT
LBank,GMXUSDT,GMX,USDT,USDT,50.0,8.0,0.001,2026-05-31 22:09:58.763645,20260531,GMXUSDT
LBank,SUSHIUSDT,SUSHI,USDT,USDT,50.0,8.0,0.0001,2026-05-31 22:09:58.763645,20260531,SUSHIUSDT
LBank,SATSUSDT,SATS,USDT,USDT,75.0,8.0,1e-11,2026-05-31 22:09:58.763645,20260531,SATSUSDT
LBank,QNTUSDT,QNT,USDT,USDT,50.0,8.0,0.01,2026-05-31 22:09:58.763645,20260531,QNTUSDT
LBank,NEOUSDT,NEO,USDT,USDT,50.0,8.0,0.001,2026-05-31 22:09:58.763645,20260531,NEOUSDT
LBank,MEMECOINUSDT,MEMECOIN,USDT,USDT,50.0,4.0,1e-06,2026-05-31 22:09:58.763645,20260531,MEMECOINUSDT
LBank,IOTXUSDT,IOTX,USDT,USDT,50.0,8.0,1e-05,2026-05-31 22:09:58.763645,20260531,IOTXUSDT
LBank,CAKEUSDT,CAKE,USDT,USDT,50.0,4.0,0.0001,2026-05-31 22:09:58.763645,20260531,CAKEUSDT
LBank,WLDUSDT,WLD,USDT,USDT,75.0,8.0,0.0001,2026-05-31 22:09:58.763645,20260531,WLDUSDT
LBank,XLMUSDT,XLM,USDT,USDT,50.0,8.0,1e-05,2026-05-31 22:09:58.763645,20260531,XLMUSDT
LBank,NEARUSDT,NEAR,USDT,USDT,75.0,8.0,0.001,2026-05-31 22:09:58.763645,20260531,NEARUSDT
LBank,FILUSDT,FIL,USDT,USDT,75.0,8.0,0.001,2026-05-31 22:09:58.763645,20260531,FILUSDT
LBank,INJUSDT,INJ,USDT,USDT,20.0,8.0,0.001,2026-05-31 22:09:58.763645,20260531,INJUSDT
LBank,TRXUSDT,TRX,USDT,USDT,75.0,8.0,1e-05,2026-05-31 22:09:58.763645,20260531,TRXUSDT
LBank,ENJUSDT,ENJ,USDT,USDT,20.0,4.0,1e-05,2026-05-31 22:09:58.763645,20260531,ENJUSDT
LBank,SNXUSDT,SNX,USDT,USDT,50.0,8.0,0.0001,2026-05-31 22:09:58.763645,20260531,SNXUSDT
LBank,C98USDT,C98,USDT,USDT,50.0,8.0,1e-05,2026-05-31 22:09:58.763645,20260531,C98USDT
LBank,SEIUSDT,SEI,USDT,USDT,75.0,8.0,1e-05,2026-05-31 22:09:58.763645,20260531,SEIUSDT
LBank,MINAUSDT,MINA,USDT,USDT,50.0,8.0,1e-05,2026-05-31 22:09:58.763645,20260531,MINAUSDT
LBank,VETUSDT,VET,USDT,USDT,50.0,8.0,1e-06,2026-05-31 22:09:58.763645,20260531,VETUSDT
LBank,FLOWUSDT,FLOW,USDT,USDT,50.0,4.0,1e-05,2026-05-31 22:09:58.763645,20260531,FLOWUSDT
LBank,PEOPLEUSDT,PEOPLE,USDT,USDT,75.0,8.0,1e-06,2026-05-31 22:09:58.763645,20260531,PEOPLEUSDT
LBank,YGGUSDT,YGG,USDT,USDT,50.0,4.0,1e-05,2026-05-31 22:09:58.763645,20260531,YGGUSDT
LBank,XVGUSDT,XVG,USDT,USDT,50.0,8.0,1e-06,2026-05-31 22:09:58.763645,20260531,XVGUSDT
LBank,BELUSDT,BEL,USDT,USDT,50.0,8.0,0.0001,2026-05-31 22:09:58.763645,20260531,BELUSDT
LBank,TRBUSDT,TRB,USDT,USDT,50.0,4.0,0.001,2026-05-31 22:09:58.763645,20260531,TRBUSDT
LBank,ICPUSDT,ICP,USDT,USDT,50.0,8.0,0.001,2026-05-31 22:09:58.763645,20260531,ICPUSDT
LBank,DODOUSDT,DODO,USDT,USDT,50.0,4.0,1e-06,2026-05-31 22:09:58.763645,20260531,DODOUSDT
LBank,IDUSDT,ID,USDT,USDT,50.0,1.0,1e-05,2026-05-31 22:09:58.763645,20260531,IDUSDT
LBank,XVSUSDT,XVS,USDT,USDT,50.0,8.0,0.001,2026-05-31 22:09:58.763645,20260531,XVSUSDT
LBank,WOOUSDT,WOO,USDT,USDT,50.0,8.0,1e-05,2026-05-31 22:09:58.763645,20260531,WOOUSDT
LBank,STXUSDT,STX,USDT,USDT,50.0,8.0,0.0001,2026-05-31 22:09:58.763645,20260531,STXUSDT
LBank,STORJUSDT,STORJ,USDT,USDT,50.0,4.0,0.0001,2026-05-31 22:09:58.763645,20260531,STORJUSDT
LBank,SSVUSDT,SSV,USDT,USDT,50.0,8.0,0.001,2026-05-31 22:09:58.763645,20260531,SSVUSDT
LBank,SANDUSDT,SAND,USDT,USDT,50.0,8.0,1e-05,2026-05-31 22:09:58.763645,20260531,SANDUSDT
LBank,RUNEUSDT,RUNE,USDT,USDT,75.0,8.0,0.0001,2026-05-31 22:09:58.763645,20260531,RUNEUSDT
LBank,ROSEUSDT,ROSE,USDT,USDT,50.0,8.0,1e-05,2026-05-31 22:09:58.763645,20260531,ROSEUSDT
LBank,PENDLEUSDT,PENDLE,USDT,USDT,75.0,8.0,0.0001,2026-05-31 22:09:58.763645,20260531,PENDLEUSDT
LBank,ORDIUSDT,ORDI,USDT,USDT,75.0,4.0,0.001,2026-05-31 22:09:58.763645,20260531,ORDIUSDT
LBank,OPUSDT,OP,USDT,USDT,50.0,8.0,0.0001,2026-05-31 22:09:58.763645,20260531,OPUSDT
LBank,MAVUSDT,MAV,USDT,USDT,75.0,8.0,1e-05,2026-05-31 22:09:58.763645,20260531,MAVUSDT
LBank,MANAUSDT,MANA,USDT,USDT,50.0,8.0,0.0001,2026-05-31 22:09:58.763645,20260531,MANAUSDT
LBank,LPTUSDT,LPT,USDT,USDT,50.0,4.0,0.001,2026-05-31 22:09:58.763645,20260531,LPTUSDT
LBank,LDOUSDT,LDO,USDT,USDT,75.0,8.0,0.0001,2026-05-31 22:09:58.763645,20260531,LDOUSDT
LBank,KNCUSDT,KNC,USDT,USDT,50.0,8.0,0.0001,2026-05-31 22:09:58.763645,20260531,KNCUSDT
LBank,KAVAUSDT,KAVA,USDT,USDT,50.0,4.0,0.0001,2026-05-31 22:09:58.763645,20260531,KAVAUSDT
LBank,JASMYUSDT,JASMY,USDT,USDT,50.0,8.0,1e-06,2026-05-31 22:09:58.763645,20260531,JASMYUSDT
LBank,IOSTUSDT,IOST,USDT,USDT,50.0,8.0,1e-06,2026-05-31 22:09:58.763645,20260531,IOSTUSDT
LBank,IMXUSDT,IMX,USDT,USDT,50.0,4.0,0.0001,2026-05-31 22:09:58.763645,20260531,IMXUSDT
LBank,HIGHUSDT,HIGH,USDT,USDT,50.0,8.0,0.0001,2026-05-31 22:09:58.763645,20260531,HIGHUSDT
LBank,GRTUSDT,GRT,USDT,USDT,50.0,8.0,1e-05,2026-05-31 22:09:58.763645,20260531,GRTUSDT
LBank,FLOKIUSDT,FLOKI,USDT,USDT,50.0,8.0,1e-08,2026-05-31 22:09:58.763645,20260531,FLOKIUSDT
LBank,ENSUSDT,ENS,USDT,USDT,50.0,8.0,0.001,2026-05-31 22:09:58.763645,20260531,ENSUSDT
LBank,DYDXUSDT,DYDX,USDT,USDT,50.0,8.0,0.0001,2026-05-31 22:09:58.763645,20260531,DYDXUSDT
LBank,COMPUSDT,COMP,USDT,USDT,50.0,8.0,0.01,2026-05-31 22:09:58.763645,20260531,COMPUSDT
LBank,CFXUSDT,CFX,USDT,USDT,50.0,8.0,1e-05,2026-05-31 22:09:58.763645,20260531,CFXUSDT
LBank,CELOUSDT,CELO,USDT,USDT,50.0,8.0,0.0001,2026-05-31 22:09:58.763645,20260531,CELOUSDT
LBank,BSVUSDT,BSV,USDT,USDT,75.0,4.0,0.01,2026-05-31 22:09:58.763645,20260531,BSVUSDT
LBank,BLURUSDT,BLUR,USDT,USDT,50.0,4.0,1e-05,2026-05-31 22:09:58.763645,20260531,BLURUSDT
LBank,BIGTIMEUSDT,BIGTIME,USDT,USDT,75.0,4.0,1e-05,2026-05-31 22:09:58.763645,20260531,BIGTIMEUSDT
LBank,AXSUSDT,AXS,USDT,USDT,20.0,4.0,0.001,2026-05-31 22:09:58.763645,20260531,AXSUSDT
LBank,ARKMUSDT,ARKM,USDT,USDT,50.0,8.0,0.0001,2026-05-31 22:09:58.763645,20260531,ARKMUSDT
LBank,1INCHUSDT,1INCH,USDT,USDT,50.0,8.0,0.0001,2026-05-31 22:09:58.763645,20260531,1INCHUSDT
LBank,UNIUSDT,UNI,USDT,USDT,75.0,8.0,0.001,2026-05-31 22:09:58.763645,20260531,UNIUSDT
LBank,SFPUSDT,SFP,USDT,USDT,50.0,8.0,0.0001,2026-05-31 22:09:58.763645,20260531,SFPUSDT
LBank,APTUSDT,APT,USDT,USDT,75.0,8.0,0.0001,2026-05-31 22:09:58.763645,20260531,APTUSDT
LBank,AAVEUSDT,AAVE,USDT,USDT,75.0,8.0,0.01,2026-05-31 22:09:58.763645,20260531,AAVEUSDT
LBank,HOODUSDT,HOOD,USDT,USDT,50.0,8.0,0.01,2026-05-31 22:09:58.763645,20260531,HOODUSDT
LBank,ORCLUSDT,ORCL,USDT,USDT,50.0,8.0,0.01,2026-05-31 22:09:58.763645,20260531,ORCLUSDT
LBank,FIGUSDT,FIG,USDT,USDT,50.0,8.0,0.01,2026-05-31 22:09:58.763645,20260531,FIGUSDT
LBank,MUSTOCKUSDT,MUSTOCK,USDT,USDT,50.0,8.0,0.01,2026-05-31 22:09:58.763645,20260531,MUSTOCKUSDT
LBank,NVDAUSDT,NVDA,USDT,USDT,50.0,8.0,0.01,2026-05-31 22:09:58.763645,20260531,NVDAUSDT
LBank,CRCLUSDT,CRCL,USDT,USDT,50.0,8.0,0.01,2026-05-31 22:09:58.763645,20260531,CRCLUSDT
LBank,PLTRUSDT,PLTR,USDT,USDT,50.0,8.0,0.01,2026-05-31 22:09:58.763645,20260531,PLTRUSDT
LBank,BABAUSDT,BABA,USDT,USDT,50.0,8.0,0.01,2026-05-31 22:09:58.763645,20260531,BABAUSDT
LBank,GEUSDT,GE,USDT,USDT,50.0,8.0,0.01,2026-05-31 22:09:58.763645,20260531,GEUSDT
LBank,FUTUUSDT,FUTU,USDT,USDT,50.0,8.0,0.01,2026-05-31 22:09:58.763645,20260531,FUTUUSDT
LBank,MRVLUSDT,MRVL,USDT,USDT,50.0,8.0,0.01,2026-05-31 22:09:58.763645,20260531,MRVLUSDT
LBank,TSLAUSDT,TSLA,USDT,USDT,50.0,8.0,0.01,2026-05-31 22:09:58.763645,20260531,TSLAUSDT
LBank,LLYUSDT,LLY,USDT,USDT,50.0,8.0,0.01,2026-05-31 22:09:58.763645,20260531,LLYUSDT
LBank,AVGOUSDT,AVGO,USDT,USDT,50.0,8.0,0.01,2026-05-31 22:09:58.763645,20260531,AVGOUSDT
LBank,INTCUSDT,INTC,USDT,USDT,50.0,8.0,0.01,2026-05-31 22:09:58.763645,20260531,INTCUSDT
LBank,CSCOUSDT,CSCO,USDT,USDT,50.0,8.0,0.01,2026-05-31 22:09:58.763645,20260531,CSCOUSDT
LBank,VUSDT,V,USDT,USDT,50.0,8.0,0.01,2026-05-31 22:09:58.763645,20260531,VUSDT
LBank,UNHUSDT,UNH,USDT,USDT,50.0,8.0,0.01,2026-05-31 22:09:58.763645,20260531,UNHUSDT
LBank,GOOGLUSDT,GOOGL,USDT,USDT,50.0,8.0,0.01,2026-05-31 22:09:58.763645,20260531,GOOGLUSDT
LBank,ADBEUSDT,ADBE,USDT,USDT,50.0,8.0,0.01,2026-05-31 22:09:58.763645,20260531,ADBEUSDT
LBank,MSTRUSDT,MSTR,USDT,USDT,50.0,8.0,0.01,2026-05-31 22:09:58.763645,20260531,MSTRUSDT
LBank,COINUSDT,COIN,USDT,USDT,20.0,8.0,0.01,2026-05-31 22:09:58.763645,20260531,COINUSDT
LBank,MSFTUSDT,MSFT,USDT,USDT,50.0,8.0,0.01,2026-05-31 22:09:58.763645,20260531,MSFTUSDT
LBank,QCOMUSDT,QCOM,USDT,USDT,50.0,8.0,0.01,2026-05-31 22:09:58.763645,20260531,QCOMUSDT
LBank,METASTOCKUSDT,METASTOCK,USDT,USDT,50.0,8.0,0.01,2026-05-31 22:09:58.763645,20260531,METASTOCKUSDT
LBank,ASMLUSDT,ASML,USDT,USDT,50.0,8.0,0.01,2026-05-31 22:09:58.763645,20260531,ASMLUSDT
LBank,AMZNUSDT,AMZN,USDT,USDT,50.0,8.0,0.01,2026-05-31 22:09:58.763645,20260531,AMZNUSDT
LBank,SPYUSDT,SPY,USDT,USDT,50.0,8.0,0.01,2026-05-31 22:09:58.763645,20260531,SPYUSDT
LBank,QQQUSDT,QQQ,USDT,USDT,50.0,8.0,0.01,2026-05-31 22:09:58.763645,20260531,QQQUSDT
LBank,AAPLUSDT,AAPL,USDT,USDT,50.0,8.0,0.01,2026-05-31 22:09:58.763645,20260531,AAPLUSDT
Lighter,USDKRW-USDC,USDKRW,USDC,USDC,,1.0,2.0,2026-05-31 22:09:58.763645,20260531,USDKRW
Lighter,BERA-USDC,BERA,USDC,USDC,,1.0,5.0,2026-05-31 22:09:58.763645,20260531,BERA
Lighter,SPX-USDC,SPX,USDC,USDC,,1.0,5.0,2026-05-31 22:09:58.763645,20260531,SPX
Lighter,TAO-USDC,TAO,USDC,USDC,,1.0,3.0,2026-05-31 22:09:58.763645,20260531,TAO
Lighter,AMD-USDC,AMD,USDC,USDC,,1.0,2.0,2026-05-31 22:09:58.763645,20260531,AMD
Lighter,DUSK-USDC,DUSK,USDC,USDC,,1.0,5.0,2026-05-31 22:09:58.763645,20260531,DUSK
Lighter,BTC-USDC,BTC,USDC,USDC,,1.0,1.0,2026-05-31 22:09:58.763645,20260531,BTC
Lighter,DASH-USDC,DASH,USDC,USDC,,1.0,3.0,2026-05-31 22:09:58.763645,20260531,DASH
Lighter,TSM-USDC,TSM,USDC,USDC,,1.0,2.0,2026-05-31 22:09:58.763645,20260531,TSM
Lighter,BIRB-USDC,BIRB,USDC,USDC,,1.0,5.0,2026-05-31 22:09:58.763645,20260531,BIRB
Lighter,BMNR-USDC,BMNR,USDC,USDC,,1.0,3.0,2026-05-31 22:09:58.763645,20260531,BMNR
Lighter,JUP-USDC,JUP,USDC,USDC,,1.0,5.0,2026-05-31 22:09:58.763645,20260531,JUP
Lighter,LIT-USDC,LIT,USDC,USDC,,1.0,4.0,2026-05-31 22:09:58.763645,20260531,LIT
Lighter,TSLA-USDC,TSLA,USDC,USDC,,1.0,2.0,2026-05-31 22:09:58.763645,20260531,TSLA
Lighter,BNB-USDC,BNB,USDC,USDC,,1.0,4.0,2026-05-31 22:09:58.763645,20260531,BNB
Lighter,DELL-USDC,DELL,USDC,USDC,,1.0,2.0,2026-05-31 22:09:58.763645,20260531,DELL
Lighter,APT-USDC,APT,USDC,USDC,,1.0,4.0,2026-05-31 22:09:58.763645,20260531,APT
Lighter,STABLE-USDC,STABLE,USDC,USDC,,1.0,6.0,2026-05-31 22:09:58.763645,20260531,STABLE
Lighter,ORCL-USDC,ORCL,USDC,USDC,,1.0,2.0,2026-05-31 22:09:58.763645,20260531,ORCL
Lighter,KAITO-USDC,KAITO,USDC,USDC,,1.0,5.0,2026-05-31 22:09:58.763645,20260531,KAITO
Lighter,AAVE-USDC,AAVE,USDC,USDC,,1.0,3.0,2026-05-31 22:09:58.763645,20260531,AAVE
Lighter,1000PEPE-USDC,1000PEPE,USDC,USDC,,1.0,6.0,2026-05-31 22:09:58.763645,20260531,1000PEPE
Lighter,WLFI-USDC,WLFI,USDC,USDC,,1.0,5.0,2026-05-31 22:09:58.763645,20260531,WLFI
Lighter,USELESS-USDC,USELESS,USDC,USDC,,1.0,5.0,2026-05-31 22:09:58.763645,20260531,USELESS
Lighter,ROBO-USDC,ROBO,USDC,USDC,,1.0,6.0,2026-05-31 22:09:58.763645,20260531,ROBO
Lighter,USDCHF-USDC,USDCHF,USDC,USDC,,1.0,5.0,2026-05-31 22:09:58.763645,20260531,USDCHF
Lighter,CRWV-USDC,CRWV,USDC,USDC,,1.0,2.0,2026-05-31 22:09:58.763645,20260531,CRWV
Lighter,STBL-USDC,STBL,USDC,USDC,,1.0,5.0,2026-05-31 22:09:58.763645,20260531,STBL
Lighter,MYX-USDC,MYX,USDC,USDC,,1.0,4.0,2026-05-31 22:09:58.763645,20260531,MYX
Lighter,DOGE-USDC,DOGE,USDC,USDC,,1.0,6.0,2026-05-31 22:09:58.763645,20260531,DOGE
Lighter,LDO-USDC,LDO,USDC,USDC,,1.0,5.0,2026-05-31 22:09:58.763645,20260531,LDO
Lighter,PAXG-USDC,PAXG,USDC,USDC,,1.0,2.0,2026-05-31 22:09:58.763645,20260531,PAXG
Lighter,APEX-USDC,APEX,USDC,USDC,,1.0,5.0,2026-05-31 22:09:58.763645,20260531,APEX
Lighter,XLM-USDC,XLM,USDC,USDC,,1.0,5.0,2026-05-31 22:09:58.763645,20260531,XLM
Lighter,EWY-USDC,EWY,USDC,USDC,,1.0,2.0,2026-05-31 22:09:58.763645,20260531,EWY
Lighter,XRP-USDC,XRP,USDC,USDC,,1.0,6.0,2026-05-31 22:09:58.763645,20260531,XRP
Lighter,HYPE-USDC,HYPE,USDC,USDC,,1.0,4.0,2026-05-31 22:09:58.763645,20260531,HYPE
Lighter,VVV-USDC,VVV,USDC,USDC,,1.0,4.0,2026-05-31 22:09:58.763645,20260531,VVV
Lighter,NATGAS-USDC,NATGAS,USDC,USDC,,1.0,4.0,2026-05-31 22:09:58.763645,20260531,NATGAS
Lighter,PENDLE-USDC,PENDLE,USDC,USDC,,1.0,4.0,2026-05-31 22:09:58.763645,20260531,PENDLE
Lighter,BABA-USDC,BABA,USDC,USDC,,1.0,2.0,2026-05-31 22:09:58.763645,20260531,BABA
Lighter,CRO-USDC,CRO,USDC,USDC,,1.0,5.0,2026-05-31 22:09:58.763645,20260531,CRO
Lighter,AUDUSD-USDC,AUDUSD,USDC,USDC,,1.0,5.0,2026-05-31 22:09:58.763645,20260531,AUDUSD
Lighter,XPT-USDC,XPT,USDC,USDC,,1.0,1.0,2026-05-31 22:09:58.763645,20260531,XPT
Lighter,COIN-USDC,COIN,USDC,USDC,,1.0,3.0,2026-05-31 22:09:58.763645,20260531,COIN
Lighter,SNDK-USDC,SNDK,USDC,USDC,,1.0,2.0,2026-05-31 22:09:58.763645,20260531,SNDK
Lighter,CHIP-USDC,CHIP,USDC,USDC,,1.0,5.0,2026-05-31 22:09:58.763645,20260531,CHIP
Lighter,TIA-USDC,TIA,USDC,USDC,,1.0,5.0,2026-05-31 22:09:58.763645,20260531,TIA
Lighter,2Z-USDC,2Z,USDC,USDC,,1.0,5.0,2026-05-31 22:09:58.763645,20260531,2Z
Lighter,JTO-USDC,JTO,USDC,USDC,,1.0,5.0,2026-05-31 22:09:58.763645,20260531,JTO
Lighter,GME-USDC,GME,USDC,USDC,,1.0,3.0,2026-05-31 22:09:58.763645,20260531,GME
Lighter,1000FLOKI-USDC,1000FLOKI,USDC,USDC,,1.0,6.0,2026-05-31 22:09:58.763645,20260531,1000FLOKI
Lighter,GBPUSD-USDC,GBPUSD,USDC,USDC,,1.0,5.0,2026-05-31 22:09:58.763645,20260531,GBPUSD
Lighter,MSTR-USDC,MSTR,USDC,USDC,,1.0,2.0,2026-05-31 22:09:58.763645,20260531,MSTR
Lighter,PROVE-USDC,PROVE,USDC,USDC,,1.0,5.0,2026-05-31 22:09:58.763645,20260531,PROVE
Lighter,INTC-USDC,INTC,USDC,USDC,,1.0,3.0,2026-05-31 22:09:58.763645,20260531,INTC
Lighter,SEI-USDC,SEI,USDC,USDC,,1.0,5.0,2026-05-31 22:09:58.763645,20260531,SEI
Lighter,WHEAT-USDC,WHEAT,USDC,USDC,,1.0,4.0,2026-05-31 22:09:58.763645,20260531,WHEAT
Lighter,CBRS-USDC,CBRS,USDC,USDC,,1.0,2.0,2026-05-31 22:09:58.763645,20260531,CBRS
Lighter,S-USDC,S,USDC,USDC,,1.0,5.0,2026-05-31 22:09:58.763645,20260531,S
Lighter,MORPHO-USDC,MORPHO,USDC,USDC,,1.0,5.0,2026-05-31 22:09:58.763645,20260531,MORPHO
Lighter,SYRUP-USDC,SYRUP,USDC,USDC,,1.0,5.0,2026-05-31 22:09:58.763645,20260531,SYRUP
Lighter,DYDX-USDC,DYDX,USDC,USDC,,1.0,5.0,2026-05-31 22:09:58.763645,20260531,DYDX
Lighter,IWM-USDC,IWM,USDC,USDC,,1.0,2.0,2026-05-31 22:09:58.763645,20260531,IWM
Lighter,ETHFI-USDC,ETHFI,USDC,USDC,,1.0,5.0,2026-05-31 22:09:58.763645,20260531,ETHFI
Lighter,SOXX-USDC,SOXX,USDC,USDC,,1.0,2.0,2026-05-31 22:09:58.763645,20260531,SOXX
Lighter,ZRO-USDC,ZRO,USDC,USDC,,1.0,5.0,2026-05-31 22:09:58.763645,20260531,ZRO
Lighter,ZEC-USDC,ZEC,USDC,USDC,,1.0,3.0,2026-05-31 22:09:58.763645,20260531,ZEC
Lighter,MEGA-USDC,MEGA,USDC,USDC,,1.0,5.0,2026-05-31 22:09:58.763645,20260531,MEGA
Lighter,IP-USDC,IP,USDC,USDC,,1.0,4.0,2026-05-31 22:09:58.763645,20260531,IP
Lighter,1000TOSHI-USDC,1000TOSHI,USDC,USDC,,1.0,4.0,2026-05-31 22:09:58.763645,20260531,1000TOSHI
Lighter,HYUNDAIUSD-USDC,HYUNDAIUSD,USDC,USDC,,1.0,3.0,2026-05-31 22:09:58.763645,20260531,HYUNDAIUSD
Lighter,ASML-USDC,ASML,USDC,USDC,,1.0,1.0,2026-05-31 22:09:58.763645,20260531,ASML
Lighter,VIRTUAL-USDC,VIRTUAL,USDC,USDC,,1.0,5.0,2026-05-31 22:09:58.763645,20260531,VIRTUAL
Lighter,BOT-USDC,BOT,USDC,USDC,,1.0,3.0,2026-05-31 22:09:58.763645,20260531,BOT
Lighter,RKLB-USDC,RKLB,USDC,USDC,,1.0,2.0,2026-05-31 22:09:58.763645,20260531,RKLB
Lighter,AERO-USDC,AERO,USDC,USDC,,1.0,5.0,2026-05-31 22:09:58.763645,20260531,AERO
Lighter,AMZN-USDC,AMZN,USDC,USDC,,1.0,3.0,2026-05-31 22:09:58.764642,20260531,AMZN
Lighter,1000NOT-USDC,1000NOT,USDC,USDC,,1.0,5.0,2026-05-31 22:09:58.764642,20260531,1000NOT
Lighter,AVAX-USDC,AVAX,USDC,USDC,,1.0,4.0,2026-05-31 22:09:58.764642,20260531,AVAX
Lighter,PUMP-USDC,PUMP,USDC,USDC,,1.0,6.0,2026-05-31 22:09:58.764642,20260531,PUMP
Lighter,MAGS-USDC,MAGS,USDC,USDC,,1.0,3.0,2026-05-31 22:09:58.764642,20260531,MAGS
Lighter,MSFT-USDC,MSFT,USDC,USDC,,1.0,2.0,2026-05-31 22:09:58.764642,20260531,MSFT
Lighter,BIO-USDC,BIO,USDC,USDC,,1.0,6.0,2026-05-31 22:09:58.764642,20260531,BIO
Lighter,USDCAD-USDC,USDCAD,USDC,USDC,,1.0,5.0,2026-05-31 22:09:58.764642,20260531,USDCAD
Lighter,ICP-USDC,ICP,USDC,USDC,,1.0,4.0,2026-05-31 22:09:58.764642,20260531,ICP
Lighter,HOOD-USDC,HOOD,USDC,USDC,,1.0,3.0,2026-05-31 22:09:58.764642,20260531,HOOD
Lighter,ARC-USDC,ARC,USDC,USDC,,1.0,6.0,2026-05-31 22:09:58.764642,20260531,ARC
Lighter,USDJPY-USDC,USDJPY,USDC,USDC,,1.0,3.0,2026-05-31 22:09:58.764642,20260531,USDJPY
Lighter,FARTCOIN-USDC,FARTCOIN,USDC,USDC,,1.0,5.0,2026-05-31 22:09:58.764642,20260531,FARTCOIN
Lighter,AZTEC-USDC,AZTEC,USDC,USDC,,1.0,6.0,2026-05-31 22:09:58.764642,20260531,AZTEC
Lighter,ARB-USDC,ARB,USDC,USDC,,1.0,5.0,2026-05-31 22:09:58.764642,20260531,ARB
Lighter,GOOGL-USDC,GOOGL,USDC,USDC,,1.0,2.0,2026-05-31 22:09:58.764642,20260531,GOOGL
Lighter,AAPL-USDC,AAPL,USDC,USDC,,1.0,3.0,2026-05-31 22:09:58.764642,20260531,AAPL
Lighter,POPCAT-USDC,POPCAT,USDC,USDC,,1.0,5.0,2026-05-31 22:09:58.764642,20260531,POPCAT
Lighter,0G-USDC,0G,USDC,USDC,,1.0,4.0,2026-05-31 22:09:58.764642,20260531,0G
Lighter,SKR-USDC,SKR,USDC,USDC,,1.0,6.0,2026-05-31 22:09:58.764642,20260531,SKR
Lighter,MNT-USDC,MNT,USDC,USDC,,1.0,5.0,2026-05-31 22:09:58.764642,20260531,MNT
Lighter,LITE-USDC,LITE,USDC,USDC,,1.0,2.0,2026-05-31 22:09:58.764642,20260531,LITE
Lighter,MON-USDC,MON,USDC,USDC,,1.0,5.0,2026-05-31 22:09:58.764642,20260531,MON
Lighter,AXS-USDC,AXS,USDC,USDC,,1.0,4.0,2026-05-31 22:09:58.764642,20260531,AXS
Lighter,CRCL-USDC,CRCL,USDC,USDC,,1.0,3.0,2026-05-31 22:09:58.764642,20260531,CRCL
Lighter,NMR-USDC,NMR,USDC,USDC,,1.0,4.0,2026-05-31 22:09:58.764642,20260531,NMR
Lighter,CC-USDC,CC,USDC,USDC,,1.0,5.0,2026-05-31 22:09:58.764642,20260531,CC
Lighter,WLD-USDC,WLD,USDC,USDC,,1.0,5.0,2026-05-31 22:09:58.764642,20260531,WLD
Lighter,ADA-USDC,ADA,USDC,USDC,,1.0,5.0,2026-05-31 22:09:58.764642,20260531,ADA
Lighter,SPY-USDC,SPY,USDC,USDC,,1.0,2.0,2026-05-31 22:09:58.764642,20260531,SPY
Lighter,UNI-USDC,UNI,USDC,USDC,,1.0,4.0,2026-05-31 22:09:58.764642,20260531,UNI
Lighter,WTI-USDC,WTI,USDC,USDC,,1.0,3.0,2026-05-31 22:09:58.764642,20260531,WTI
Lighter,RAIL-USDC,RAIL,USDC,USDC,,1.0,4.0,2026-05-31 22:09:58.764642,20260531,RAIL
Lighter,XPD-USDC,XPD,USDC,USDC,,1.0,1.0,2026-05-31 22:09:58.764642,20260531,XPD
Lighter,NVDA-USDC,NVDA,USDC,USDC,,1.0,3.0,2026-05-31 22:09:58.764642,20260531,NVDA
Lighter,XMR-USDC,XMR,USDC,USDC,,1.0,3.0,2026-05-31 22:09:58.764642,20260531,XMR
Lighter,QQQ-USDC,QQQ,USDC,USDC,,1.0,2.0,2026-05-31 22:09:58.764642,20260531,QQQ
Lighter,DOT-USDC,DOT,USDC,USDC,,1.0,5.0,2026-05-31 22:09:58.764642,20260531,DOT
Lighter,CTR-USDC,CTR,USDC,USDC,,1.0,5.0,2026-05-31 22:09:58.764642,20260531,CTR
Lighter,ASTER-USDC,ASTER,USDC,USDC,,1.0,5.0,2026-05-31 22:09:58.764642,20260531,ASTER
Lighter,RIVER-USDC,RIVER,USDC,USDC,,1.0,3.0,2026-05-31 22:09:58.764642,20260531,RIVER
Lighter,PYTH-USDC,PYTH,USDC,USDC,,1.0,5.0,2026-05-31 22:09:58.764642,20260531,PYTH
Lighter,TRX-USDC,TRX,USDC,USDC,,1.0,5.0,2026-05-31 22:09:58.764642,20260531,TRX
Lighter,XCU-USDC,XCU,USDC,USDC,,1.0,4.0,2026-05-31 22:09:58.764642,20260531,XCU
Lighter,AVNT-USDC,AVNT,USDC,USDC,,1.0,5.0,2026-05-31 22:09:58.764642,20260531,AVNT
Lighter,URA-USDC,URA,USDC,USDC,,1.0,3.0,2026-05-31 22:09:58.764642,20260531,URA
Lighter,SOL-USDC,SOL,USDC,USDC,,1.0,3.0,2026-05-31 22:09:58.764642,20260531,SOL
Lighter,XAG-USDC,XAG,USDC,USDC,,1.0,4.0,2026-05-31 22:09:58.764642,20260531,XAG
Lighter,TON-USDC,TON,USDC,USDC,,1.0,5.0,2026-05-31 22:09:58.764642,20260531,TON
Lighter,HBAR-USDC,HBAR,USDC,USDC,,1.0,5.0,2026-05-31 22:09:58.764642,20260531,HBAR
Lighter,LINEA-USDC,LINEA,USDC,USDC,,1.0,6.0,2026-05-31 22:09:58.764642,20260531,LINEA
Lighter,MRVL-USDC,MRVL,USDC,USDC,,1.0,2.0,2026-05-31 22:09:58.764642,20260531,MRVL
Lighter,META-USDC,META,USDC,USDC,,1.0,2.0,2026-05-31 22:09:58.764642,20260531,META
Lighter,SUI-USDC,SUI,USDC,USDC,,1.0,5.0,2026-05-31 22:09:58.764642,20260531,SUI
Lighter,ETH-USDC,ETH,USDC,USDC,,1.0,2.0,2026-05-31 22:09:58.764642,20260531,ETH
Lighter,EURUSD-USDC,EURUSD,USDC,USDC,,1.0,5.0,2026-05-31 22:09:58.764642,20260531,EURUSD
Lighter,XPL-USDC,XPL,USDC,USDC,,1.0,5.0,2026-05-31 22:09:58.764642,20260531,XPL
Lighter,H100-USDC,H100,USDC,USDC,,1.0,4.0,2026-05-31 22:09:58.764642,20260531,H100
Lighter,1000BONK-USDC,1000BONK,USDC,USDC,,1.0,6.0,2026-05-31 22:09:58.764642,20260531,1000BONK
Lighter,OP-USDC,OP,USDC,USDC,,1.0,5.0,2026-05-31 22:09:58.764642,20260531,OP
Lighter,NEAR-USDC,NEAR,USDC,USDC,,1.0,5.0,2026-05-31 22:09:58.764642,20260531,NEAR
Lighter,BRENTOIL-USDC,BRENTOIL,USDC,USDC,,1.0,2.0,2026-05-31 22:09:58.764642,20260531,BRENTOIL
Lighter,EDGE-USDC,EDGE,USDC,USDC,,1.0,5.0,2026-05-31 22:09:58.764642,20260531,EDGE
Lighter,SAMSUNGUSD-USDC,SAMSUNGUSD,USDC,USDC,,1.0,3.0,2026-05-31 22:09:58.764642,20260531,SAMSUNGUSD
Lighter,EIGEN-USDC,EIGEN,USDC,USDC,,1.0,5.0,2026-05-31 22:09:58.764642,20260531,EIGEN
Lighter,MET-USDC,MET,USDC,USDC,,1.0,5.0,2026-05-31 22:09:58.764642,20260531,MET
Lighter,FOGO-USDC,FOGO,USDC,USDC,,1.0,6.0,2026-05-31 22:09:58.764642,20260531,FOGO
Lighter,NZDUSD-USDC,NZDUSD,USDC,USDC,,1.0,5.0,2026-05-31 22:09:58.764642,20260531,NZDUSD
Lighter,ONDO-USDC,ONDO,USDC,USDC,,1.0,5.0,2026-05-31 22:09:58.764642,20260531,ONDO
Lighter,XAU-USDC,XAU,USDC,USDC,,1.0,2.0,2026-05-31 22:09:58.764642,20260531,XAU
Lighter,PLTR-USDC,PLTR,USDC,USDC,,1.0,3.0,2026-05-31 22:09:58.764642,20260531,PLTR
Lighter,ENA-USDC,ENA,USDC,USDC,,1.0,5.0,2026-05-31 22:09:58.764642,20260531,ENA
Lighter,MU-USDC,MU,USDC,USDC,,1.0,2.0,2026-05-31 22:09:58.764642,20260531,MU
Lighter,DIA-USDC,DIA,USDC,USDC,,1.0,2.0,2026-05-31 22:09:58.764642,20260531,DIA
Lighter,1000SHIB-USDC,1000SHIB,USDC,USDC,,1.0,6.0,2026-05-31 22:09:58.764642,20260531,1000SHIB
Lighter,SKHYNIXUSD-USDC,SKHYNIXUSD,USDC,USDC,,1.0,3.0,2026-05-31 22:09:58.764642,20260531,SKHYNIXUSD
Lighter,GMX-USDC,GMX,USDC,USDC,,1.0,4.0,2026-05-31 22:09:58.764642,20260531,GMX
Lighter,ZK-USDC,ZK,USDC,USDC,,1.0,6.0,2026-05-31 22:09:58.764642,20260531,ZK
Lighter,LTC-USDC,LTC,USDC,USDC,,1.0,3.0,2026-05-31 22:09:58.764642,20260531,LTC
Lighter,US100-USDC,US100,USDC,USDC,,1.0,0.0,2026-05-31 22:09:58.764642,20260531,US100
Lighter,TRUMP-USDC,TRUMP,USDC,USDC,,1.0,4.0,2026-05-31 22:09:58.764642,20260531,TRUMP
Lighter,EDEN-USDC,EDEN,USDC,USDC,,1.0,5.0,2026-05-31 22:09:58.764642,20260531,EDEN
Lighter,ZORA-USDC,ZORA,USDC,USDC,,1.0,6.0,2026-05-31 22:09:58.764642,20260531,ZORA
Lighter,FF-USDC,FF,USDC,USDC,,1.0,5.0,2026-05-31 22:09:58.764642,20260531,FF
Lighter,PIPPIN-USDC,PIPPIN,USDC,USDC,,1.0,5.0,2026-05-31 22:09:58.764642,20260531,PIPPIN
Lighter,DOLO-USDC,DOLO,USDC,USDC,,1.0,5.0,2026-05-31 22:09:58.764642,20260531,DOLO
Lighter,BOTZ-USDC,BOTZ,USDC,USDC,,1.0,3.0,2026-05-31 22:09:58.764642,20260531,BOTZ
Lighter,POL-USDC,POL,USDC,USDC,,1.0,6.0,2026-05-31 22:09:58.764642,20260531,POL
Lighter,CRV-USDC,CRV,USDC,USDC,,1.0,5.0,2026-05-31 22:09:58.764642,20260531,CRV
Lighter,PENGU-USDC,PENGU,USDC,USDC,,1.0,6.0,2026-05-31 22:09:58.764642,20260531,PENGU
Lighter,SPACEX-USDC,SPACEX,USDC,USDC,,1.0,1.0,2026-05-31 22:09:58.764642,20260531,SPACEX
Lighter,RESOLV-USDC,RESOLV,USDC,USDC,,1.0,6.0,2026-05-31 22:09:58.764642,20260531,RESOLV
Lighter,STRC-USDC,STRC,USDC,USDC,,1.0,3.0,2026-05-31 22:09:58.764642,20260531,STRC
Lighter,GRASS-USDC,GRASS,USDC,USDC,,1.0,5.0,2026-05-31 22:09:58.764642,20260531,GRASS
Lighter,WIF-USDC,WIF,USDC,USDC,,1.0,5.0,2026-05-31 22:09:58.764642,20260531,WIF
Lighter,US500-USDC,US500,USDC,USDC,,1.0,1.0,2026-05-31 22:09:58.764642,20260531,US500
Lighter,STRK-USDC,STRK,USDC,USDC,,1.0,5.0,2026-05-31 22:09:58.764642,20260531,STRK
Lighter,FIL-USDC,FIL,USDC,USDC,,1.0,5.0,2026-05-31 22:09:58.764642,20260531,FIL
Lighter,TTWO-USDC,TTWO,USDC,USDC,,1.0,2.0,2026-05-31 22:09:58.764642,20260531,TTWO
Lighter,LINK-USDC,LINK,USDC,USDC,,1.0,5.0,2026-05-31 22:09:58.764642,20260531,LINK
Lighter,SKY-USDC,SKY,USDC,USDC,,1.0,6.0,2026-05-31 22:09:58.764642,20260531,SKY
Lighter,BCH-USDC,BCH,USDC,USDC,,1.0,3.0,2026-05-31 22:09:58.764642,20260531,BCH
MEXC,BTC_USDT,BTC,USDT,USDT,500.0,8.0,0.1,2026-05-31 22:09:58.764642,20260531,BTC
MEXC,ETH_USDT,ETH,USDT,USDT,500.0,8.0,0.01,2026-05-31 22:09:58.764642,20260531,ETH
MEXC,XAUT_USDT,XAUT,USDT,USDT,1000.0,4.0,0.1,2026-05-31 22:09:58.764642,20260531,XAUT
MEXC,SOL_USDT,SOL,USDT,USDT,300.0,8.0,0.01,2026-05-31 22:09:58.764642,20260531,SOL
MEXC,LAB_USDT,LAB,USDT,USDT,100.0,4.0,0.0001,2026-05-31 22:09:58.764642,20260531,LAB
MEXC,HYPE_USDT,HYPE,USDT,USDT,100.0,4.0,0.001,2026-05-31 22:09:58.764642,20260531,HYPE
MEXC,XLM_USDT,XLM,USDT,USDT,300.0,8.0,1e-05,2026-05-31 22:09:58.764642,20260531,XLM
MEXC,PORTAL_USDT,PORTAL,USDT,USDT,100.0,4.0,1e-05,2026-05-31 22:09:58.764642,20260531,PORTAL
MEXC,ALLO_USDT,ALLO,USDT,USDT,100.0,4.0,1e-05,2026-05-31 22:09:58.764642,20260531,ALLO
MEXC,BNB_USDT,BNB,USDT,USDT,200.0,8.0,0.1,2026-05-31 22:09:58.764642,20260531,BNB
MEXC,XAU_USDT,XAU,USDT,USDT,1000.0,4.0,0.01,2026-05-31 22:09:58.764642,20260531,XAU
MEXC,XRP_USDT,XRP,USDT,USDT,300.0,8.0,0.0001,2026-05-31 22:09:58.764642,20260531,XRP
MEXC,ZEC_USDT,ZEC,USDT,USDT,100.0,8.0,0.01,2026-05-31 22:09:58.764642,20260531,ZEC
MEXC,WLD_USDT,WLD,USDT,USDT,300.0,8.0,0.0001,2026-05-31 22:09:58.764642,20260531,WLD
MEXC,H_USDT,H,USDT,USDT,50.0,4.0,1e-05,2026-05-31 22:09:58.764642,20260531,H
MEXC,SUI_USDT,SUI,USDT,USDT,300.0,8.0,0.0001,2026-05-31 22:09:58.764642,20260531,SUI
MEXC,PLAY_USDT,PLAY,USDT,USDT,50.0,4.0,1e-05,2026-05-31 22:09:58.764642,20260531,PLAY
MEXC,AIA_USDT,AIA,USDT,USDT,20.0,4.0,1e-05,2026-05-31 22:09:58.764642,20260531,AIA
MEXC,TAO_USDT,TAO,USDT,USDT,300.0,4.0,0.01,2026-05-31 22:09:58.764642,20260531,TAO
MEXC,ASTER_USDT,ASTER,USDT,USDT,100.0,4.0,0.0001,2026-05-31 22:09:58.764642,20260531,ASTER
MEXC,NEAR_USDT,NEAR,USDT,USDT,200.0,8.0,0.001,2026-05-31 22:09:58.764642,20260531,NEAR
MEXC,TA_USDT,TA,USDT,USDT,50.0,4.0,1e-05,2026-05-31 22:09:58.764642,20260531,TA
MEXC,ONDO_USDT,ONDO,USDT,USDT,200.0,4.0,0.0001,2026-05-31 22:09:58.764642,20260531,ONDO
MEXC,HEI_USDT,HEI,USDT,USDT,100.0,4.0,0.0001,2026-05-31 22:09:58.764642,20260531,HEI
MEXC,STG_USDT,STG,USDT,USDT,125.0,8.0,0.0001,2026-05-31 22:09:58.764642,20260531,STG
MEXC,STRAX_USDT,STRAX,USDT,USDT,50.0,4.0,1e-05,2026-05-31 22:09:58.764642,20260531,STRAX
MEXC,SKYAI_USDT,SKYAI,USDT,USDT,100.0,4.0,1e-05,2026-05-31 22:09:58.764642,20260531,SKYAI
MEXC,TONCOIN_USDT,TONCOIN,USDT,USDT,200.0,4.0,0.0001,2026-05-31 22:09:58.764642,20260531,TONCOIN
MEXC,FET_USDT,FET,USDT,USDT,200.0,8.0,0.0001,2026-05-31 22:09:58.764642,20260531,FET
MEXC,DOGE_USDT,DOGE,USDT,USDT,300.0,8.0,1e-05,2026-05-31 22:09:58.764642,20260531,DOGE
MEXC,HIVE_USDT,HIVE,USDT,USDT,20.0,1.0,1e-05,2026-05-31 22:09:58.764642,20260531,HIVE
MEXC,INJ_USDT,INJ,USDT,USDT,300.0,8.0,0.001,2026-05-31 22:09:58.764642,20260531,INJ
MEXC,USOIL_USDT,USOIL,USDT,USDT,200.0,4.0,0.01,2026-05-31 22:09:58.764642,20260531,USOIL
MEXC,UB_USDT,UB,USDT,USDT,100.0,4.0,1e-05,2026-05-31 22:09:58.764642,20260531,UB
MEXC,BSB_USDT,BSB,USDT,USDT,50.0,4.0,0.0001,2026-05-31 22:09:58.764642,20260531,BSB
MEXC,LINK_USDT,LINK,USDT,USDT,300.0,8.0,0.001,2026-05-31 22:09:58.764642,20260531,LINK
MEXC,VVV_USDT,VVV,USDT,USDT,50.0,4.0,0.001,2026-05-31 22:09:58.764642,20260531,VVV
MEXC,BEAT_USDT,BEAT,USDT,USDT,100.0,4.0,0.0001,2026-05-31 22:09:58.764642,20260531,BEAT
MEXC,HBAR_USDT,HBAR,USDT,USDT,200.0,8.0,1e-05,2026-05-31 22:09:58.764642,20260531,HBAR
MEXC,MYX_USDT,MYX,USDT,USDT,50.0,4.0,0.0001,2026-05-31 22:09:58.764642,20260531,MYX
MEXC,ADA_USDT,ADA,USDT,USDT,300.0,8.0,0.0001,2026-05-31 22:09:58.764642,20260531,ADA
MEXC,SILVER_USDT,SILVER,USDT,USDT,1000.0,4.0,0.01,2026-05-31 22:09:58.764642,20260531,SILVER
MEXC,PEPE_USDT,PEPE,USDT,USDT,300.0,8.0,1e-10,2026-05-31 22:09:58.764642,20260531,PEPE
MEXC,BILL_USDT,BILL,USDT,USDT,50.0,4.0,1e-05,2026-05-31 22:09:58.764642,20260531,BILL
MEXC,PUNDIX_USDT,PUNDIX,USDT,USDT,50.0,4.0,0.0001,2026-05-31 22:09:58.764642,20260531,PUNDIX
MEXC,NFP_USDT,NFP,USDT,USDT,50.0,4.0,1e-05,2026-05-31 22:09:58.764642,20260531,NFP
MEXC,ENA_USDT,ENA,USDT,USDT,200.0,4.0,1e-05,2026-05-31 22:09:58.764642,20260531,ENA
MEXC,ID_USDT,ID,USDT,USDT,20.0,1.0,1e-05,2026-05-31 22:09:58.764642,20260531,ID
MEXC,AVAX_USDT,AVAX,USDT,USDT,200.0,8.0,0.001,2026-05-31 22:09:58.764642,20260531,AVAX
MEXC,RENDER_USDT,RENDER,USDT,USDT,200.0,4.0,0.001,2026-05-31 22:09:58.764642,20260531,RENDER
MEXC,BIANRENSHENG_USDT,BIANRENSHENG,USDT,USDT,100.0,4.0,1e-05,2026-05-31 22:09:58.764642,20260531,BIANRENSHENG
MEXC,GUN_USDT,GUN,USDT,USDT,100.0,4.0,1e-05,2026-05-31 22:09:58.764642,20260531,GUN
MEXC,DOT_USDT,DOT,USDT,USDT,300.0,8.0,0.001,2026-05-31 22:09:58.764642,20260531,DOT
MEXC,HOME_USDT,HOME,USDT,USDT,50.0,4.0,1e-05,2026-05-31 22:09:58.764642,20260531,HOME
MEXC,XMR_USDT,XMR,USDT,USDT,100.0,8.0,0.01,2026-05-31 22:09:58.764642,20260531,XMR
MEXC,GUA_USDT,GUA,USDT,USDT,20.0,4.0,0.0001,2026-05-31 22:09:58.764642,20260531,GUA
MEXC,PRL_USDT,PRL,USDT,USDT,20.0,4.0,0.0001,2026-05-31 22:09:58.764642,20260531,PRL
MEXC,SEI_USDT,SEI,USDT,USDT,300.0,8.0,1e-05,2026-05-31 22:09:58.764642,20260531,SEI
MEXC,ESPORTS_USDT,ESPORTS,USDT,USDT,100.0,4.0,0.0001,2026-05-31 22:09:58.764642,20260531,ESPORTS
MEXC,RIVER_USDT,RIVER,USDT,USDT,50.0,4.0,0.001,2026-05-31 22:09:58.764642,20260531,RIVER
MEXC,SIGN_USDT,SIGN,USDT,USDT,20.0,4.0,1e-05,2026-05-31 22:09:58.764642,20260531,SIGN
MEXC,GENIUS_USDT,GENIUS,USDT,USDT,20.0,4.0,0.0001,2026-05-31 22:09:58.764642,20260531,GENIUS
MEXC,SIREN_USDT,SIREN,USDT,USDT,50.0,4.0,0.0001,2026-05-31 22:09:58.764642,20260531,SIREN
MEXC,ORDI_USDT,ORDI,USDT,USDT,200.0,4.0,0.001,2026-05-31 22:09:58.764642,20260531,ORDI
MEXC,LTC_USDT,LTC,USDT,USDT,200.0,8.0,0.01,2026-05-31 22:09:58.764642,20260531,LTC
MEXC,AAVE_USDT,AAVE,USDT,USDT,200.0,8.0,0.01,2026-05-31 22:09:58.764642,20260531,AAVE
MEXC,CAKE_USDT,CAKE,USDT,USDT,125.0,4.0,0.0001,2026-05-31 22:09:58.764642,20260531,CAKE
MEXC,FARTCOIN_USDT,FARTCOIN,USDT,USDT,100.0,4.0,1e-05,2026-05-31 22:09:58.764642,20260531,FARTCOIN
MEXC,ARIA_USDT,ARIA,USDT,USDT,20.0,4.0,0.0001,2026-05-31 22:09:58.764642,20260531,ARIA
MEXC,ICP_USDT,ICP,USDT,USDT,50.0,8.0,0.001,2026-05-31 22:09:58.764642,20260531,ICP
MEXC,ALGO_USDT,ALGO,USDT,USDT,200.0,8.0,0.0001,2026-05-31 22:09:58.764642,20260531,ALGO
MEXC,BCH_USDT,BCH,USDT,USDT,200.0,8.0,0.01,2026-05-31 22:09:58.764642,20260531,BCH
MEXC,LA_USDT,LA,USDT,USDT,20.0,4.0,0.0001,2026-05-31 22:09:58.764642,20260531,LA
MEXC,TAKE_USDT,TAKE,USDT,USDT,50.0,4.0,1e-05,2026-05-31 22:09:58.764642,20260531,TAKE
MEXC,DELLSTOCK_USDT,DELLSTOCK,USDT,USDT,50.0,8.0,0.1,2026-05-31 22:09:58.764642,20260531,DELLSTOCK
MEXC,APT_USDT,APT,USDT,USDT,200.0,8.0,0.0001,2026-05-31 22:09:58.764642,20260531,APT
MEXC,ARB_USDT,ARB,USDT,USDT,200.0,8.0,1e-05,2026-05-31 22:09:58.764642,20260531,ARB
MEXC,UKOIL_USDT,UKOIL,USDT,USDT,200.0,4.0,0.01,2026-05-31 22:09:58.764642,20260531,UKOIL
MEXC,SPCXSTOCK_USDT,SPCXSTOCK,USDT,USDT,50.0,8.0,0.01,2026-05-31 22:09:58.764642,20260531,SPCXSTOCK
MEXC,ATOM_USDT,ATOM,USDT,USDT,200.0,8.0,0.001,2026-05-31 22:09:58.764642,20260531,ATOM
MEXC,UNI_USDT,UNI,USDT,USDT,200.0,8.0,0.001,2026-05-31 22:09:58.764642,20260531,UNI
MEXC,PENDLE_USDT,PENDLE,USDT,USDT,125.0,8.0,0.0001,2026-05-31 22:09:58.764642,20260531,PENDLE
MEXC,GRASS_USDT,GRASS,USDT,USDT,100.0,4.0,0.0001,2026-05-31 22:09:58.764642,20260531,GRASS
MEXC,SATO_USDT,SATO,USDT,USDT,20.0,4.0,0.0001,2026-05-31 22:09:58.764642,20260531,SATO
MEXC,EIGEN_USDT,EIGEN,USDT,USDT,125.0,4.0,0.0001,2026-05-31 22:09:58.764642,20260531,EIGEN
MEXC,NIGHT_USDT,NIGHT,USDT,USDT,100.0,4.0,1e-05,2026-05-31 22:09:58.764642,20260531,NIGHT
MEXC,TIA_USDT,TIA,USDT,USDT,300.0,4.0,0.0001,2026-05-31 22:09:58.764642,20260531,TIA
MEXC,BASED_USDT,BASED,USDT,USDT,50.0,4.0,1e-05,2026-05-31 22:09:58.764642,20260531,BASED
MEXC,MEME_USDT,MEME,USDT,USDT,50.0,4.0,1e-07,2026-05-31 22:09:58.764642,20260531,MEME
MEXC,TRX_USDT,TRX,USDT,USDT,200.0,8.0,1e-05,2026-05-31 22:09:58.764642,20260531,TRX
MEXC,DASH_USDT,DASH,USDT,USDT,100.0,8.0,0.01,2026-05-31 22:09:58.764642,20260531,DASH
MEXC,AVNT_USDT,AVNT,USDT,USDT,100.0,4.0,0.0001,2026-05-31 22:09:58.764642,20260531,AVNT
MEXC,IO_USDT,IO,USDT,USDT,125.0,4.0,0.0001,2026-05-31 22:09:58.764642,20260531,IO
MEXC,PITCH_USDT,PITCH,USDT,USDT,20.0,4.0,0.001,2026-05-31 22:09:58.764642,20260531,PITCH
MEXC,PENGU_USDT,PENGU,USDT,USDT,125.0,4.0,1e-06,2026-05-31 22:09:58.764642,20260531,PENGU
MEXC,MUSTOCK_USDT,MUSTOCK,USDT,USDT,100.0,8.0,0.01,2026-05-31 22:09:58.764642,20260531,MUSTOCK
MEXC,GITLAWB_USDT,GITLAWB,USDT,USDT,20.0,4.0,1e-07,2026-05-31 22:09:58.764642,20260531,GITLAWB
MEXC,VTHO_USDT,VTHO,USDT,USDT,50.0,4.0,1e-07,2026-05-31 22:09:58.764642,20260531,VTHO
MEXC,RAVE_USDT,RAVE,USDT,USDT,50.0,4.0,0.0001,2026-05-31 22:09:58.765639,20260531,RAVE
MEXC,COAI_USDT,COAI,USDT,USDT,50.0,4.0,0.0001,2026-05-31 22:09:58.765639,20260531,COAI
MEXC,LIT_USDT,LIT,USDT,USDT,100.0,4.0,0.0001,2026-05-31 22:09:58.765639,20260531,LIT
MEXC,SHIB_USDT,SHIB,USDT,USDT,300.0,8.0,1e-09,2026-05-31 22:09:58.765639,20260531,SHIB
MEXC,US_USDT,US,USDT,USDT,100.0,4.0,1e-06,2026-05-31 22:09:58.765639,20260531,US
MEXC,CHZ_USDT,CHZ,USDT,USDT,200.0,8.0,1e-05,2026-05-31 22:09:58.765639,20260531,CHZ
MEXC,ASTEROID_USDT,ASTEROID,USDT,USDT,20.0,4.0,1e-07,2026-05-31 22:09:58.765639,20260531,ASTEROID
MEXC,CLO_USDT,CLO,USDT,USDT,50.0,4.0,0.0001,2026-05-31 22:09:58.765639,20260531,CLO
MEXC,4_USDT,4,USDT,USDT,100.0,4.0,1e-05,2026-05-31 22:09:58.765639,20260531,4
MEXC,PIPPIN_USDT,PIPPIN,USDT,USDT,50.0,4.0,1e-05,2026-05-31 22:09:58.765639,20260531,PIPPIN
MEXC,CTR_USDT,CTR,USDT,USDT,20.0,4.0,1e-05,2026-05-31 22:09:58.765639,20260531,CTR
MEXC,OP_USDT,OP,USDT,USDT,300.0,8.0,0.0001,2026-05-31 22:09:58.765639,20260531,OP
MEXC,LUNC_USDT,LUNC,USDT,USDT,200.0,8.0,1e-08,2026-05-31 22:09:58.765639,20260531,LUNC
MEXC,GIGGLE_USDT,GIGGLE,USDT,USDT,50.0,4.0,0.01,2026-05-31 22:09:58.765639,20260531,GIGGLE
MEXC,NIL_USDT,NIL,USDT,USDT,100.0,4.0,1e-05,2026-05-31 22:09:58.765639,20260531,NIL
MEXC,BTC_USD,BTC,USD,BTC,125.0,8.0,0.1,2026-05-31 22:09:58.765639,20260531,BTC
MEXC,VIRTUAL_USDT,VIRTUAL,USDT,USDT,100.0,4.0,0.0001,2026-05-31 22:09:58.765639,20260531,VIRTUAL
MEXC,ETH_USD,ETH,USD,ETH,125.0,8.0,0.01,2026-05-31 22:09:58.765639,20260531,ETH
MEXC,ARCSOL_USDT,ARCSOL,USDT,USDT,100.0,4.0,1e-05,2026-05-31 22:09:58.765639,20260531,ARCSOL
MEXC,LTC_USD,LTC,USD,LTC,100.0,8.0,0.01,2026-05-31 22:09:58.765639,20260531,LTC
MEXC,XRP_USD,XRP,USD,XRP,100.0,8.0,0.0001,2026-05-31 22:09:58.765639,20260531,XRP
MEXC,ADA_USD,ADA,USD,ADA,100.0,8.0,0.0001,2026-05-31 22:09:58.765639,20260531,ADA
MEXC,LINK_USD,LINK,USD,LINK,100.0,8.0,0.001,2026-05-31 22:09:58.765639,20260531,LINK
MEXC,AVAX_USD,AVAX,USD,AVAX,100.0,8.0,0.01,2026-05-31 22:09:58.765639,20260531,AVAX
MEXC,SOL_USD,SOL,USD,SOL,100.0,8.0,0.01,2026-05-31 22:09:58.765639,20260531,SOL
MEXC,DOGE_USD,DOGE,USD,DOGE,100.0,8.0,1e-05,2026-05-31 22:09:58.765639,20260531,DOGE
MEXC,SUI_USD,SUI,USD,SUI,100.0,8.0,0.0001,2026-05-31 22:09:58.765639,20260531,SUI
MEXC,BULLA_USDT,BULLA,USDT,USDT,20.0,4.0,1e-06,2026-05-31 22:09:58.765639,20260531,BULLA
MEXC,SLX_USDT,SLX,USDT,USDT,20.0,4.0,0.0001,2026-05-31 22:09:58.765639,20260531,SLX
MEXC,KAS_USDT,KAS,USDT,USDT,200.0,4.0,1e-05,2026-05-31 22:09:58.765639,20260531,KAS
MEXC,EDEN_USDT,EDEN,USDT,USDT,50.0,4.0,1e-05,2026-05-31 22:09:58.765639,20260531,EDEN
MEXC,ETHFI_USDT,ETHFI,USDT,USDT,125.0,4.0,0.0001,2026-05-31 22:09:58.765639,20260531,ETHFI
MEXC,DYDX_USDT,DYDX,USDT,USDT,125.0,8.0,0.0001,2026-05-31 22:09:58.765639,20260531,DYDX
MEXC,TOWNS_USDT,TOWNS,USDT,USDT,100.0,4.0,1e-06,2026-05-31 22:09:58.765639,20260531,TOWNS
MEXC,SPX500_USDT,SPX500,USDT,USDT,100.0,8.0,0.1,2026-05-31 22:09:58.765639,20260531,SPX500
MEXC,ICNT_USDT,ICNT,USDT,USDT,50.0,4.0,0.0001,2026-05-31 22:09:58.765639,20260531,ICNT
MEXC,MNT_USDT,MNT,USDT,USDT,100.0,8.0,0.0001,2026-05-31 22:09:58.765639,20260531,MNT
MEXC,PHA_USDT,PHA,USDT,USDT,50.0,4.0,1e-05,2026-05-31 22:09:58.765639,20260531,PHA
MEXC,APE_USDT,APE,USDT,USDT,50.0,8.0,0.0001,2026-05-31 22:09:58.765639,20260531,APE
MEXC,FLOKI_USDT,FLOKI,USDT,USDT,200.0,8.0,1e-08,2026-05-31 22:09:58.765639,20260531,FLOKI
MEXC,PUMPFUN_USDT,PUMPFUN,USDT,USDT,100.0,4.0,1e-06,2026-05-31 22:09:58.765639,20260531,PUMPFUN
MEXC,STEEM_USDT,STEEM,USDT,USDT,20.0,4.0,1e-05,2026-05-31 22:09:58.765639,20260531,STEEM
MEXC,NVIDIA_USDT,NVIDIA,USDT,USDT,100.0,8.0,0.01,2026-05-31 22:09:58.765639,20260531,NVIDIA
MEXC,BTC_USDC,BTC,USDC,USDC,200.0,8.0,0.1,2026-05-31 22:09:58.765639,20260531,BTC
MEXC,XPL_USDT,XPL,USDT,USDT,100.0,4.0,0.0001,2026-05-31 22:09:58.765639,20260531,XPL
MEXC,SAGA_USDT,SAGA,USDT,USDT,50.0,4.0,1e-05,2026-05-31 22:09:58.765639,20260531,SAGA
MEXC,ZRO_USDT,ZRO,USDT,USDT,125.0,4.0,0.001,2026-05-31 22:09:58.765639,20260531,ZRO
MEXC,MANTRA_USDT,MANTRA,USDT,USDT,50.0,4.0,1e-05,2026-05-31 22:09:58.765639,20260531,MANTRA
MEXC,PAXG_USDT,PAXG,USDT,USDT,100.0,4.0,0.01,2026-05-31 22:09:58.765639,20260531,PAXG
MEXC,FILECOIN_USDT,FILECOIN,USDT,USDT,50.0,8.0,0.001,2026-05-31 22:09:58.765639,20260531,FILECOIN
MEXC,AR_USDT,AR,USDT,USDT,100.0,8.0,0.001,2026-05-31 22:09:58.765639,20260531,AR
MEXC,OPG_USDT,OPG,USDT,USDT,20.0,4.0,0.0001,2026-05-31 22:09:58.765639,20260531,OPG
MEXC,HOOLI_USDT,HOOLI,USDT,USDT,20.0,4.0,1e-06,2026-05-31 22:09:58.765639,20260531,HOOLI
MEXC,ARKM_USDT,ARKM,USDT,USDT,200.0,8.0,0.0001,2026-05-31 22:09:58.765639,20260531,ARKM
MEXC,JCT_USDT,JCT,USDT,USDT,50.0,4.0,1e-06,2026-05-31 22:09:58.765639,20260531,JCT
MEXC,UP_USDT,UP,USDT,USDT,50.0,4.0,0.0001,2026-05-31 22:09:58.765639,20260531,UP
MEXC,AXS_USDT,AXS,USDT,USDT,50.0,4.0,0.001,2026-05-31 22:09:58.765639,20260531,AXS
MEXC,BAS_USDT,BAS,USDT,USDT,100.0,4.0,1e-06,2026-05-31 22:09:58.765639,20260531,BAS
MEXC,WIF_USDT,WIF,USDT,USDT,50.0,4.0,0.0001,2026-05-31 22:09:58.765639,20260531,WIF
MEXC,B_USDT,B,USDT,USDT,100.0,4.0,0.0001,2026-05-31 22:09:58.765639,20260531,B
MEXC,VET_USDT,VET,USDT,USDT,125.0,8.0,1e-06,2026-05-31 22:09:58.765639,20260531,VET
MEXC,ZAMA_USDT,ZAMA,USDT,USDT,50.0,4.0,1e-05,2026-05-31 22:09:58.765639,20260531,ZAMA
MEXC,CHIP_USDT,CHIP,USDT,USDT,50.0,4.0,1e-05,2026-05-31 22:09:58.765639,20260531,CHIP
MEXC,JTO_USDT,JTO,USDT,USDT,50.0,4.0,0.0001,2026-05-31 22:09:58.765639,20260531,JTO
MEXC,EVAA_USDT,EVAA,USDT,USDT,50.0,4.0,0.0001,2026-05-31 22:09:58.765639,20260531,EVAA
MEXC,ZORA_USDT,ZORA,USDT,USDT,50.0,4.0,1e-05,2026-05-31 22:09:58.765639,20260531,ZORA
MEXC,ZEREBRO_USDT,ZEREBRO,USDT,USDT,50.0,4.0,1e-06,2026-05-31 22:09:58.765639,20260531,ZEREBRO
MEXC,FIDA_USDT,FIDA,USDT,USDT,50.0,4.0,1e-05,2026-05-31 22:09:58.765639,20260531,FIDA
MEXC,ZEN_USDT,ZEN,USDT,USDT,200.0,8.0,0.001,2026-05-31 22:09:58.765639,20260531,ZEN
MEXC,EDU_USDT,EDU,USDT,USDT,50.0,8.0,1e-05,2026-05-31 22:09:58.765639,20260531,EDU
MEXC,IOTA_USDT,IOTA,USDT,USDT,125.0,8.0,0.0001,2026-05-31 22:09:58.765639,20260531,IOTA
MEXC,ZEST_USDT,ZEST,USDT,USDT,20.0,4.0,0.0001,2026-05-31 22:09:58.765639,20260531,ZEST
MEXC,BRETT_USDT,BRETT,USDT,USDT,200.0,4.0,1e-06,2026-05-31 22:09:58.765639,20260531,BRETT
MEXC,SURPLUS_USDT,SURPLUS,USDT,USDT,20.0,4.0,1e-08,2026-05-31 22:09:58.765639,20260531,SURPLUS
MEXC,IBMSTOCK_USDT,IBMSTOCK,USDT,USDT,50.0,8.0,0.01,2026-05-31 22:09:58.765639,20260531,IBMSTOCK
MEXC,JUP_USDT,JUP,USDT,USDT,200.0,4.0,0.0001,2026-05-31 22:09:58.765639,20260531,JUP
MEXC,FHE_USDT,FHE,USDT,USDT,50.0,4.0,1e-05,2026-05-31 22:09:58.765639,20260531,FHE
MEXC,TROLLSOL_USDT,TROLLSOL,USDT,USDT,20.0,4.0,1e-05,2026-05-31 22:09:58.765639,20260531,TROLLSOL
MEXC,TRUMPOFFICIAL_USDT,TRUMPOFFICIAL,USDT,USDT,50.0,4.0,0.001,2026-05-31 22:09:58.765639,20260531,TRUMPOFFICIAL
MEXC,SNOWSTOCK_USDT,SNOWSTOCK,USDT,USDT,50.0,8.0,0.01,2026-05-31 22:09:58.765639,20260531,SNOWSTOCK
MEXC,FORM_USDT,FORM,USDT,USDT,100.0,4.0,0.0001,2026-05-31 22:09:58.765639,20260531,FORM
MEXC,OL_USDT,OL,USDT,USDT,100.0,4.0,1e-06,2026-05-31 22:09:58.765639,20260531,OL
MEXC,FAI_USDT,FAI,USDT,USDT,20.0,4.0,1e-06,2026-05-31 22:09:58.765639,20260531,FAI
MEXC,MEGA_USDT,MEGA,USDT,USDT,50.0,4.0,1e-05,2026-05-31 22:09:58.765639,20260531,MEGA
MEXC,MAGMA_USDT,MAGMA,USDT,USDT,50.0,4.0,0.0001,2026-05-31 22:09:58.765639,20260531,MAGMA
MEXC,XTZ_USDT,XTZ,USDT,USDT,100.0,4.0,0.0001,2026-05-31 22:09:58.765639,20260531,XTZ
MEXC,DOGS_USDT,DOGS,USDT,USDT,200.0,4.0,1e-08,2026-05-31 22:09:58.765639,20260531,DOGS
MEXC,OKB_USDT,OKB,USDT,USDT,25.0,4.0,0.01,2026-05-31 22:09:58.765639,20260531,OKB
MEXC,DRIFT_USDT,DRIFT,USDT,USDT,20.0,4.0,1e-05,2026-05-31 22:09:58.765639,20260531,DRIFT
MEXC,LDO_USDT,LDO,USDT,USDT,200.0,8.0,0.0001,2026-05-31 22:09:58.765639,20260531,LDO
MEXC,POL_USDT,POL,USDT,USDT,125.0,4.0,1e-05,2026-05-31 22:09:58.765639,20260531,POL
MEXC,ARMSTOCK_USDT,ARMSTOCK,USDT,USDT,100.0,8.0,0.01,2026-05-31 22:09:58.765639,20260531,ARMSTOCK
MEXC,NAS100_USDT,NAS100,USDT,USDT,100.0,8.0,1.0,2026-05-31 22:09:58.765639,20260531,NAS100
MEXC,REDO_USDT,REDO,USDT,USDT,20.0,4.0,0.0001,2026-05-31 22:09:58.765639,20260531,REDO
MEXC,NEX_USDT,NEX,USDT,USDT,50.0,4.0,1e-09,2026-05-31 22:09:58.765639,20260531,NEX
MEXC,CRV_USDT,CRV,USDT,USDT,125.0,8.0,0.0001,2026-05-31 22:09:58.765639,20260531,CRV
MEXC,JASMY_USDT,JASMY,USDT,USDT,200.0,8.0,1e-06,2026-05-31 22:09:58.765639,20260531,JASMY
MEXC,PYTH_USDT,PYTH,USDT,USDT,125.0,4.0,1e-05,2026-05-31 22:09:58.765639,20260531,PYTH
MEXC,MBOX_USDT,MBOX,USDT,USDT,50.0,4.0,1e-05,2026-05-31 22:09:58.765639,20260531,MBOX
MEXC,NOT_USDT,NOT,USDT,USDT,200.0,4.0,1e-07,2026-05-31 22:09:58.765639,20260531,NOT
MEXC,LYN_USDT,LYN,USDT,USDT,50.0,4.0,1e-05,2026-05-31 22:09:58.765639,20260531,LYN
MEXC,WOJAK_USDT,WOJAK,USDT,USDT,20.0,4.0,1e-11,2026-05-31 22:09:58.765639,20260531,WOJAK
MEXC,EPIC_USDT,EPIC,USDT,USDT,100.0,4.0,0.0001,2026-05-31 22:09:58.765639,20260531,EPIC
MEXC,BAT_USDT,BAT,USDT,USDT,125.0,8.0,0.0001,2026-05-31 22:09:58.765639,20260531,BAT
MEXC,IN_USDT,IN,USDT,USDT,20.0,4.0,1e-05,2026-05-31 22:09:58.765639,20260531,IN
MEXC,STAR_USDT,STAR,USDT,USDT,10.0,4.0,1e-05,2026-05-31 22:09:58.765639,20260531,STAR
MEXC,1000000BABYDOGE_USDT,1000000BABYDOGE,USDT,USDT,50.0,4.0,1e-07,2026-05-31 22:09:58.765639,20260531,1000000BABYDOGE
MEXC,USELESS_USDT,USELESS,USDT,USDT,50.0,4.0,1e-05,2026-05-31 22:09:58.765639,20260531,USELESS
MEXC,GRT_USDT,GRT,USDT,USDT,200.0,8.0,1e-05,2026-05-31 22:09:58.765639,20260531,GRT
MEXC,KITE_USDT,KITE,USDT,USDT,50.0,4.0,1e-05,2026-05-31 22:09:58.765639,20260531,KITE
MEXC,PTB_USDT,PTB,USDT,USDT,20.0,4.0,1e-07,2026-05-31 22:09:58.765639,20260531,PTB
MEXC,NOM_USDT,NOM,USDT,USDT,20.0,4.0,1e-06,2026-05-31 22:09:58.765639,20260531,NOM
MEXC,INIT_USDT,INIT,USDT,USDT,20.0,4.0,0.0001,2026-05-31 22:09:58.765639,20260531,INIT
MEXC,BP_USDT,BP,USDT,USDT,20.0,4.0,0.0001,2026-05-31 22:09:58.765639,20260531,BP
MEXC,AIGENSYN_USDT,AIGENSYN,USDT,USDT,20.0,4.0,1e-05,2026-05-31 22:09:58.765639,20260531,AIGENSYN
MEXC,1000BONK_USDT,1000BONK,USDT,USDT,125.0,4.0,1e-06,2026-05-31 22:09:58.765639,20260531,1000BONK
MEXC,ENJ_USDT,ENJ,USDT,USDT,75.0,4.0,1e-05,2026-05-31 22:09:58.765639,20260531,ENJ
MEXC,KERNEL_USDT,KERNEL,USDT,USDT,20.0,4.0,1e-05,2026-05-31 22:09:58.765639,20260531,KERNEL
MEXC,NAORIS_USDT,NAORIS,USDT,USDT,100.0,4.0,1e-05,2026-05-31 22:09:58.765639,20260531,NAORIS
MEXC,STBL_USDT,STBL,USDT,USDT,100.0,4.0,1e-05,2026-05-31 22:09:58.765639,20260531,STBL
MEXC,GMESTOCK_USDT,GMESTOCK,USDT,USDT,20.0,8.0,0.01,2026-05-31 22:09:58.765639,20260531,GMESTOCK
MEXC,BLESS_USDT,BLESS,USDT,USDT,100.0,4.0,1e-06,2026-05-31 22:09:58.765639,20260531,BLESS
MEXC,STABLE_USDT,STABLE,USDT,USDT,20.0,4.0,1e-05,2026-05-31 22:09:58.765639,20260531,STABLE
MEXC,HIGH_USDT,HIGH,USDT,USDT,50.0,8.0,0.0001,2026-05-31 22:09:58.765639,20260531,HIGH
MEXC,M_USDT,M,USDT,USDT,50.0,4.0,0.0001,2026-05-31 22:09:58.765639,20260531,M
MEXC,RECALL_USDT,RECALL,USDT,USDT,50.0,4.0,1e-05,2026-05-31 22:09:58.765639,20260531,RECALL
MEXC,CGPT_USDT,CGPT,USDT,USDT,100.0,4.0,1e-05,2026-05-31 22:09:58.765639,20260531,CGPT
MEXC,TRADOOR_USDT,TRADOOR,USDT,USDT,100.0,4.0,0.0001,2026-05-31 22:09:58.765639,20260531,TRADOOR
MEXC,ROAM_USDT,ROAM,USDT,USDT,50.0,4.0,1e-06,2026-05-31 22:09:58.765639,20260531,ROAM
MEXC,MAGAALIENS_USDT,MAGAALIENS,USDT,USDT,20.0,4.0,1e-06,2026-05-31 22:09:58.765639,20260531,MAGAALIENS
MEXC,STX_USDT,STX,USDT,USDT,50.0,8.0,0.0001,2026-05-31 22:09:58.765639,20260531,STX
MEXC,BOME_USDT,BOME,USDT,USDT,200.0,4.0,1e-07,2026-05-31 22:09:58.765639,20260531,BOME
MEXC,APR_USDT,APR,USDT,USDT,50.0,4.0,1e-05,2026-05-31 22:09:58.765639,20260531,APR
MEXC,METIS_USDT,METIS,USDT,USDT,50.0,4.0,0.001,2026-05-31 22:09:58.765639,20260531,METIS
MEXC,CROSS_USDT,CROSS,USDT,USDT,100.0,4.0,1e-05,2026-05-31 22:09:58.765639,20260531,CROSS
MEXC,MORPHO_USDT,MORPHO,USDT,USDT,100.0,4.0,0.0001,2026-05-31 22:09:58.765639,20260531,MORPHO
MEXC,NGAS_USDT,NGAS,USDT,USDT,100.0,1.0,0.001,2026-05-31 22:09:58.765639,20260531,NGAS
MEXC,ETC_USDT,ETC,USDT,USDT,200.0,8.0,0.001,2026-05-31 22:09:58.765639,20260531,ETC
MEXC,BUILDONBOB_USDT,BUILDONBOB,USDT,USDT,20.0,4.0,1e-06,2026-05-31 22:09:58.765639,20260531,BUILDONBOB
MEXC,SPX_USDT,SPX,USDT,USDT,100.0,4.0,0.0001,2026-05-31 22:09:58.765639,20260531,SPX
MEXC,POND_USDT,POND,USDT,USDT,50.0,4.0,1e-05,2026-05-31 22:09:58.765639,20260531,POND
MEXC,SPACE_USDT,SPACE,USDT,USDT,100.0,4.0,1e-06,2026-05-31 22:09:58.765639,20260531,SPACE
MEXC,IMX_USDT,IMX,USDT,USDT,125.0,4.0,0.0001,2026-05-31 22:09:58.765639,20260531,IMX
MEXC,SUPRA_USDT,SUPRA,USDT,USDT,50.0,4.0,1e-07,2026-05-31 22:09:58.765639,20260531,SUPRA
MEXC,PLUME_USDT,PLUME,USDT,USDT,100.0,4.0,1e-05,2026-05-31 22:09:58.765639,20260531,PLUME
MEXC,QNT_USDT,QNT,USDT,USDT,200.0,8.0,0.01,2026-05-31 22:09:58.765639,20260531,QNT
MEXC,S_USDT,S,USDT,USDT,200.0,4.0,1e-05,2026-05-31 22:09:58.765639,20260531,S
MEXC,SPORTFUN_USDT,SPORTFUN,USDT,USDT,20.0,4.0,1e-05,2026-05-31 22:09:58.765639,20260531,SPORTFUN
MEXC,JELLYJELLY_USDT,JELLYJELLY,USDT,USDT,20.0,4.0,1e-05,2026-05-31 22:09:58.765639,20260531,JELLYJELLY
MEXC,INTCSTOCK_USDT,INTCSTOCK,USDT,USDT,100.0,8.0,0.01,2026-05-31 22:09:58.765639,20260531,INTCSTOCK
MEXC,PEAQ_USDT,PEAQ,USDT,USDT,100.0,8.0,1e-05,2026-05-31 22:09:58.765639,20260531,PEAQ
MEXC,CRO_USDT,CRO,USDT,USDT,200.0,8.0,1e-05,2026-05-31 22:09:58.765639,20260531,CRO
MEXC,SAHARA_USDT,SAHARA,USDT,USDT,20.0,4.0,1e-05,2026-05-31 22:09:58.765639,20260531,SAHARA
MEXC,GOBLIN_USDT,GOBLIN,USDT,USDT,20.0,4.0,1e-05,2026-05-31 22:09:58.765639,20260531,GOBLIN
MEXC,WLFI_USDT,WLFI,USDT,USDT,100.0,4.0,0.0001,2026-05-31 22:09:58.765639,20260531,WLFI
MEXC,AKT_USDT,AKT,USDT,USDT,50.0,4.0,0.0001,2026-05-31 22:09:58.765639,20260531,AKT
MEXC,AEON_USDT,AEON,USDT,USDT,20.0,4.0,1e-07,2026-05-31 22:09:58.765639,20260531,AEON
MEXC,ALT_USDT,ALT,USDT,USDT,50.0,4.0,1e-06,2026-05-31 22:09:58.765639,20260531,ALT
MEXC,POWER_USDT,POWER,USDT,USDT,20.0,4.0,1e-05,2026-05-31 22:09:58.765639,20260531,POWER
MEXC,MANYU_USDT,MANYU,USDT,USDT,50.0,4.0,1e-12,2026-05-31 22:09:58.765639,20260531,MANYU
MEXC,CAT_USDT,CAT,USDT,USDT,100.0,4.0,1e-09,2026-05-31 22:09:58.765639,20260531,CAT
MEXC,SWARMS_USDT,SWARMS,USDT,USDT,100.0,4.0,1e-06,2026-05-31 22:09:58.765639,20260531,SWARMS
MEXC,HYPE_USDC,HYPE,USDC,USDC,125.0,4.0,0.001,2026-05-31 22:09:58.765639,20260531,HYPE
MEXC,SAND_USDT,SAND,USDT,USDT,200.0,8.0,1e-05,2026-05-31 22:09:58.765639,20260531,SAND
MEXC,CORE_USDT,CORE,USDT,USDT,100.0,8.0,1e-05,2026-05-31 22:09:58.765639,20260531,CORE
MEXC,UAI_USDT,UAI,USDT,USDT,50.0,4.0,0.0001,2026-05-31 22:09:58.765639,20260531,UAI
MEXC,HEMI_USDT,HEMI,USDT,USDT,50.0,4.0,1e-06,2026-05-31 22:09:58.765639,20260531,HEMI
MEXC,COOKIE_USDT,COOKIE,USDT,USDT,100.0,4.0,1e-05,2026-05-31 22:09:58.765639,20260531,COOKIE
MEXC,AMDSTOCK_USDT,AMDSTOCK,USDT,USDT,100.0,8.0,0.01,2026-05-31 22:09:58.765639,20260531,AMDSTOCK
MEXC,UPEG_USDT,UPEG,USDT,USDT,20.0,4.0,0.1,2026-05-31 22:09:58.765639,20260531,UPEG
MEXC,GALA_USDT,GALA,USDT,USDT,125.0,8.0,1e-06,2026-05-31 22:09:58.765639,20260531,GALA
MEXC,POLYX_USDT,POLYX,USDT,USDT,20.0,4.0,1e-05,2026-05-31 22:09:58.765639,20260531,POLYX
MEXC,STRK_USDT,STRK,USDT,USDT,100.0,4.0,1e-05,2026-05-31 22:09:58.765639,20260531,STRK
MEXC,BAN_USDT,BAN,USDT,USDT,100.0,4.0,1e-05,2026-05-31 22:09:58.765639,20260531,BAN
MEXC,ROSE_USDT,ROSE,USDT,USDT,100.0,8.0,1e-05,2026-05-31 22:09:58.765639,20260531,ROSE
MEXC,COPPER_USDT,COPPER,USDT,USDT,100.0,4.0,0.001,2026-05-31 22:09:58.765639,20260531,COPPER
MEXC,BANK_USDT,BANK,USDT,USDT,100.0,4.0,1e-05,2026-05-31 22:09:58.765639,20260531,BANK
MEXC,SFP_USDT,SFP,USDT,USDT,200.0,8.0,0.0001,2026-05-31 22:09:58.765639,20260531,SFP
MEXC,TESLA_USDT,TESLA,USDT,USDT,100.0,8.0,0.01,2026-05-31 22:09:58.765639,20260531,TESLA
MEXC,MSFTSTOCK_USDT,MSFTSTOCK,USDT,USDT,100.0,8.0,0.01,2026-05-31 22:09:58.765639,20260531,MSFTSTOCK
MEXC,AERO_USDT,AERO,USDT,USDT,100.0,4.0,0.0001,2026-05-31 22:09:58.765639,20260531,AERO
MEXC,LUMIA_USDT,LUMIA,USDT,USDT,100.0,4.0,1e-05,2026-05-31 22:09:58.765639,20260531,LUMIA
MEXC,SOL_USDC,SOL,USDC,USDC,200.0,8.0,0.01,2026-05-31 22:09:58.765639,20260531,SOL
MEXC,SNDKSTOCK_USDT,SNDKSTOCK,USDT,USDT,50.0,8.0,0.01,2026-05-31 22:09:58.765639,20260531,SNDKSTOCK
MEXC,POPCAT_USDT,POPCAT,USDT,USDT,200.0,4.0,1e-05,2026-05-31 22:09:58.765639,20260531,POPCAT
MEXC,FOLKS_USDT,FOLKS,USDT,USDT,100.0,4.0,0.001,2026-05-31 22:09:58.765639,20260531,FOLKS
MEXC,PIEVERSE_USDT,PIEVERSE,USDT,USDT,20.0,4.0,0.0001,2026-05-31 22:09:58.765639,20260531,PIEVERSE
MEXC,VIC_USDT,VIC,USDT,USDT,100.0,4.0,1e-05,2026-05-31 22:09:58.765639,20260531,VIC
MEXC,EDGE_USDT,EDGE,USDT,USDT,50.0,4.0,0.0001,2026-05-31 22:09:58.765639,20260531,EDGE
MEXC,WOTAMALAILE_USDT,WOTAMALAILE,USDT,USDT,20.0,4.0,1e-05,2026-05-31 22:09:58.765639,20260531,WOTAMALAILE
MEXC,BROCCOLI_USDT,BROCCOLI,USDT,USDT,20.0,4.0,1e-05,2026-05-31 22:09:58.765639,20260531,BROCCOLI
MEXC,PIXEL_USDT,PIXEL,USDT,USDT,20.0,4.0,1e-06,2026-05-31 22:09:58.765639,20260531,PIXEL
MEXC,LINEA_USDT,LINEA,USDT,USDT,100.0,4.0,1e-06,2026-05-31 22:09:58.765639,20260531,LINEA
MEXC,MONAD_USDT,MONAD,USDT,USDT,50.0,4.0,1e-05,2026-05-31 22:09:58.765639,20260531,MONAD
MEXC,BIO_USDT,BIO,USDT,USDT,20.0,4.0,1e-05,2026-05-31 22:09:58.765639,20260531,BIO
MEXC,SOONNETWORK_USDT,SOONNETWORK,USDT,USDT,20.0,4.0,0.0001,2026-05-31 22:09:58.765639,20260531,SOONNETWORK
MEXC,APLDSTOCK_USDT,APLDSTOCK,USDT,USDT,20.0,8.0,0.01,2026-05-31 22:09:58.765639,20260531,APLDSTOCK
MEXC,COTI_USDT,COTI,USDT,USDT,100.0,8.0,1e-05,2026-05-31 22:09:58.765639,20260531,COTI
MEXC,XDC_USDT,XDC,USDT,USDT,100.0,4.0,1e-05,2026-05-31 22:09:58.765639,20260531,XDC
MEXC,RUNE_USDT,RUNE,USDT,USDT,125.0,8.0,0.0001,2026-05-31 22:09:58.765639,20260531,RUNE
MEXC,TAC_USDT,TAC,USDT,USDT,50.0,4.0,1e-06,2026-05-31 22:09:58.765639,20260531,TAC
MEXC,Q_USDT,Q,USDT,USDT,50.0,4.0,1e-06,2026-05-31 22:09:58.765639,20260531,Q
MEXC,NOCK_USDT,NOCK,USDT,USDT,20.0,4.0,1e-05,2026-05-31 22:09:58.765639,20260531,NOCK
MEXC,CLANKER_USDT,CLANKER,USDT,USDT,50.0,4.0,0.01,2026-05-31 22:09:58.765639,20260531,CLANKER
MEXC,NBISSTOCK_USDT,NBISSTOCK,USDT,USDT,100.0,8.0,0.01,2026-05-31 22:09:58.765639,20260531,NBISSTOCK
MEXC,CHILLGUY_USDT,CHILLGUY,USDT,USDT,100.0,4.0,1e-05,2026-05-31 22:09:58.765639,20260531,CHILLGUY
MEXC,MUBARAK_USDT,MUBARAK,USDT,USDT,50.0,4.0,1e-05,2026-05-31 22:09:58.765639,20260531,MUBARAK
MEXC,ETH_USDC,ETH,USDC,USDC,200.0,8.0,0.01,2026-05-31 22:09:58.765639,20260531,ETH
MEXC,QNTSTOCK_USDT,QNTSTOCK,USDT,USDT,20.0,8.0,0.01,2026-05-31 22:09:58.765639,20260531,QNTSTOCK
MEXC,JST_USDT,JST,USDT,USDT,50.0,4.0,1e-05,2026-05-31 22:09:58.765639,20260531,JST
MEXC,VELVET_USDT,VELVET,USDT,USDT,50.0,4.0,1e-05,2026-05-31 22:09:58.766637,20260531,VELVET
MEXC,XAN_USDT,XAN,USDT,USDT,50.0,4.0,1e-06,2026-05-31 22:09:58.766637,20260531,XAN
MEXC,ZBT_USDT,ZBT,USDT,USDT,100.0,4.0,0.0001,2026-05-31 22:09:58.766637,20260531,ZBT
MEXC,RDWSTOCK_USDT,RDWSTOCK,USDT,USDT,50.0,8.0,0.01,2026-05-31 22:09:58.766637,20260531,RDWSTOCK
MEXC,SAPIEN_USDT,SAPIEN,USDT,USDT,50.0,4.0,1e-05,2026-05-31 22:09:58.766637,20260531,SAPIEN
MEXC,VRTSTOCK_USDT,VRTSTOCK,USDT,USDT,50.0,8.0,0.01,2026-05-31 22:09:58.766637,20260531,VRTSTOCK
MEXC,IRYS_USDT,IRYS,USDT,USDT,20.0,4.0,1e-05,2026-05-31 22:09:58.766637,20260531,IRYS
MEXC,MOODENG_USDT,MOODENG,USDT,USDT,50.0,4.0,1e-05,2026-05-31 22:09:58.766637,20260531,MOODENG
MEXC,ZBCN_USDT,ZBCN,USDT,USDT,50.0,8.0,1e-07,2026-05-31 22:09:58.766637,20260531,ZBCN
MEXC,AIOT_USDT,AIOT,USDT,USDT,50.0,4.0,1e-05,2026-05-31 22:09:58.766637,20260531,AIOT
MEXC,HYPER_USDT,HYPER,USDT,USDT,20.0,4.0,1e-05,2026-05-31 22:09:58.766637,20260531,HYPER
MEXC,KAITO_USDT,KAITO,USDT,USDT,50.0,4.0,0.0001,2026-05-31 22:09:58.766637,20260531,KAITO
MEXC,PANWSTOCK_USDT,PANWSTOCK,USDT,USDT,50.0,8.0,0.01,2026-05-31 22:09:58.766637,20260531,PANWSTOCK
MEXC,RAY_USDT,RAY,USDT,USDT,100.0,8.0,0.0001,2026-05-31 22:09:58.766637,20260531,RAY
MEXC,FIGHT_USDT,FIGHT,USDT,USDT,20.0,4.0,1e-06,2026-05-31 22:09:58.766637,20260531,FIGHT
MEXC,ENS_USDT,ENS,USDT,USDT,75.0,8.0,0.001,2026-05-31 22:09:58.766637,20260531,ENS
MEXC,AEVO_USDT,AEVO,USDT,USDT,75.0,4.0,1e-05,2026-05-31 22:09:58.766637,20260531,AEVO
MEXC,SYRUP_USDT,SYRUP,USDT,USDT,100.0,4.0,0.0001,2026-05-31 22:09:58.766637,20260531,SYRUP
MEXC,D_USDT,D,USDT,USDT,20.0,4.0,1e-06,2026-05-31 22:09:58.766637,20260531,D
MEXC,OPENAI_USDT,OPENAI,USDT,USDT,20.0,8.0,0.1,2026-05-31 22:09:58.766637,20260531,OPENAI
MEXC,XPIN_USDT,XPIN,USDT,USDT,100.0,4.0,1e-06,2026-05-31 22:09:58.766637,20260531,XPIN
MEXC,LIGHT_USDT,LIGHT,USDT,USDT,50.0,4.0,0.0001,2026-05-31 22:09:58.766637,20260531,LIGHT
MEXC,MEZO_USDT,MEZO,USDT,USDT,20.0,4.0,1e-05,2026-05-31 22:09:58.766637,20260531,MEZO
MEXC,CFX_USDT,CFX,USDT,USDT,125.0,8.0,1e-05,2026-05-31 22:09:58.766637,20260531,CFX
MEXC,TRB_USDT,TRB,USDT,USDT,125.0,4.0,0.001,2026-05-31 22:09:58.766637,20260531,TRB
MEXC,LPT_USDT,LPT,USDT,USDT,50.0,4.0,0.001,2026-05-31 22:09:58.766637,20260531,LPT
MEXC,W_USDT,W,USDT,USDT,50.0,4.0,1e-05,2026-05-31 22:09:58.766637,20260531,W
MEXC,SXT_USDT,SXT,USDT,USDT,50.0,4.0,1e-05,2026-05-31 22:09:58.766637,20260531,SXT
MEXC,THETA_USDT,THETA,USDT,USDT,100.0,8.0,0.0001,2026-05-31 22:09:58.766637,20260531,THETA
MEXC,GMT_USDT,GMT,USDT,USDT,20.0,4.0,1e-05,2026-05-31 22:09:58.766637,20260531,GMT
MEXC,AIXBT_USDT,AIXBT,USDT,USDT,100.0,4.0,1e-05,2026-05-31 22:09:58.766637,20260531,AIXBT
MEXC,SKY_USDT,SKY,USDT,USDT,100.0,4.0,1e-05,2026-05-31 22:09:58.766637,20260531,SKY
MEXC,GWEI_USDT,GWEI,USDT,USDT,50.0,4.0,1e-05,2026-05-31 22:09:58.766637,20260531,GWEI
MEXC,BAND_USDT,BAND,USDT,USDT,100.0,8.0,0.0001,2026-05-31 22:09:58.766637,20260531,BAND
MEXC,ZKSYNC_USDT,ZKSYNC,USDT,USDT,50.0,4.0,1e-05,2026-05-31 22:09:58.766637,20260531,ZKSYNC
MEXC,AGT_USDT,AGT,USDT,USDT,100.0,4.0,1e-06,2026-05-31 22:09:58.766637,20260531,AGT
MEXC,PLTRSTOCK_USDT,PLTRSTOCK,USDT,USDT,100.0,8.0,0.01,2026-05-31 22:09:58.766637,20260531,PLTRSTOCK
MEXC,AVICI_USDT,AVICI,USDT,USDT,20.0,4.0,0.0001,2026-05-31 22:09:58.766637,20260531,AVICI
MEXC,TWT_USDT,TWT,USDT,USDT,125.0,4.0,0.0001,2026-05-31 22:09:58.766637,20260531,TWT
MEXC,XAI_USDT,XAI,USDT,USDT,50.0,4.0,1e-05,2026-05-31 22:09:58.766637,20260531,XAI
MEXC,RIF_USDT,RIF,USDT,USDT,200.0,4.0,1e-05,2026-05-31 22:09:58.766637,20260531,RIF
MEXC,IP_USDT,IP,USDT,USDT,50.0,4.0,0.0001,2026-05-31 22:09:58.766637,20260531,IP
MEXC,C_USDT,C,USDT,USDT,50.0,4.0,1e-05,2026-05-31 22:09:58.766637,20260531,C
MEXC,BARD_USDT,BARD,USDT,USDT,50.0,4.0,0.0001,2026-05-31 22:09:58.766637,20260531,BARD
MEXC,AAOISTOCK_USDT,AAOISTOCK,USDT,USDT,50.0,8.0,0.01,2026-05-31 22:09:58.766637,20260531,AAOISTOCK
MEXC,COMP_USDT,COMP,USDT,USDT,20.0,8.0,0.01,2026-05-31 22:09:58.766637,20260531,COMP
MEXC,MANTA_USDT,MANTA,USDT,USDT,50.0,4.0,1e-05,2026-05-31 22:09:58.766637,20260531,MANTA
MEXC,YB_USDT,YB,USDT,USDT,50.0,4.0,0.0001,2026-05-31 22:09:58.766637,20260531,YB
MEXC,BOBA_USDT,BOBA,USDT,USDT,20.0,8.0,1e-05,2026-05-31 22:09:58.766637,20260531,BOBA
MEXC,RON_USDT,RON,USDT,USDT,50.0,4.0,0.0001,2026-05-31 22:09:58.766637,20260531,RON
MEXC,B2_USDT,B2,USDT,USDT,100.0,4.0,0.0001,2026-05-31 22:09:58.766637,20260531,B2
MEXC,ORCLSTOCK_USDT,ORCLSTOCK,USDT,USDT,100.0,8.0,0.01,2026-05-31 22:09:58.766637,20260531,ORCLSTOCK
MEXC,BLAST_USDT,BLAST,USDT,USDT,50.0,8.0,1e-07,2026-05-31 22:09:58.766637,20260531,BLAST
MEXC,BANANAS31_USDT,BANANAS31,USDT,USDT,100.0,4.0,1e-06,2026-05-31 22:09:58.766637,20260531,BANANAS31
MEXC,NXPC_USDT,NXPC,USDT,USDT,100.0,4.0,0.0001,2026-05-31 22:09:58.766637,20260531,NXPC
MEXC,ANTHROPIC_USDT,ANTHROPIC,USDT,USDT,20.0,8.0,0.1,2026-05-31 22:09:58.766637,20260531,ANTHROPIC
MEXC,TURBO_USDT,TURBO,USDT,USDT,20.0,4.0,1e-06,2026-05-31 22:09:58.766637,20260531,TURBO
MEXC,TRUTH_USDT,TRUTH,USDT,USDT,20.0,4.0,1e-06,2026-05-31 22:09:58.766637,20260531,TRUTH
MEXC,CC_USDT,CC,USDT,USDT,100.0,4.0,1e-05,2026-05-31 22:09:58.766637,20260531,CC
MEXC,NOWSTOCK_USDT,NOWSTOCK,USDT,USDT,100.0,8.0,0.01,2026-05-31 22:09:58.766637,20260531,NOWSTOCK
MEXC,SNX_USDT,SNX,USDT,USDT,100.0,8.0,0.0001,2026-05-31 22:09:58.766637,20260531,SNX
MEXC,ACH_USDT,ACH,USDT,USDT,125.0,8.0,1e-06,2026-05-31 22:09:58.766637,20260531,ACH
MEXC,BNB_USDC,BNB,USDC,USDC,125.0,8.0,0.01,2026-05-31 22:09:58.766637,20260531,BNB
MEXC,FF_USDT,FF,USDT,USDT,50.0,4.0,1e-05,2026-05-31 22:09:58.766637,20260531,FF
MEXC,WCT_USDT,WCT,USDT,USDT,50.0,4.0,1e-05,2026-05-31 22:09:58.766637,20260531,WCT
MEXC,XVG_USDT,XVG,USDT,USDT,50.0,8.0,1e-06,2026-05-31 22:09:58.766637,20260531,XVG
MEXC,MOVR_USDT,MOVR,USDT,USDT,20.0,4.0,0.001,2026-05-31 22:09:58.766637,20260531,MOVR
MEXC,ZETA_USDT,ZETA,USDT,USDT,50.0,4.0,1e-05,2026-05-31 22:09:58.766637,20260531,ZETA
MEXC,MIRA_USDT,MIRA,USDT,USDT,20.0,4.0,0.0001,2026-05-31 22:09:58.766637,20260531,MIRA
MEXC,ONT_USDT,ONT,USDT,USDT,50.0,4.0,0.0001,2026-05-31 22:09:58.766637,20260531,ONT
MEXC,RSR_USDT,RSR,USDT,USDT,75.0,8.0,1e-06,2026-05-31 22:09:58.766637,20260531,RSR
MEXC,ARK_USDT,ARK,USDT,USDT,20.0,4.0,0.0001,2026-05-31 22:09:58.766637,20260531,ARK
MEXC,LISTA_USDT,LISTA,USDT,USDT,100.0,4.0,0.0001,2026-05-31 22:09:58.766637,20260531,LISTA
MEXC,XPT_USDT,XPT,USDT,USDT,100.0,4.0,0.01,2026-05-31 22:09:58.766637,20260531,XPT
MEXC,ZRX_USDT,ZRX,USDT,USDT,50.0,4.0,0.0001,2026-05-31 22:09:58.766637,20260531,ZRX
MEXC,EGLD_USDT,EGLD,USDT,USDT,125.0,8.0,0.001,2026-05-31 22:09:58.766637,20260531,EGLD
MEXC,BERA_USDT,BERA,USDT,USDT,20.0,4.0,0.0001,2026-05-31 22:09:58.766637,20260531,BERA
MEXC,ROBINHOOD_USDT,ROBINHOOD,USDT,USDT,100.0,8.0,0.01,2026-05-31 22:09:58.766637,20260531,ROBINHOOD
MEXC,POD_USDT,POD,USDT,USDT,20.0,4.0,0.0001,2026-05-31 22:09:58.766637,20260531,POD
MEXC,CVC_USDT,CVC,USDT,USDT,50.0,4.0,1e-05,2026-05-31 22:09:58.766637,20260531,CVC
MEXC,IOTX_USDT,IOTX,USDT,USDT,125.0,8.0,1e-05,2026-05-31 22:09:58.766637,20260531,IOTX
MEXC,XVS_USDT,XVS,USDT,USDT,50.0,8.0,0.001,2026-05-31 22:09:58.766637,20260531,XVS
MEXC,GOAT_USDT,GOAT,USDT,USDT,200.0,4.0,1e-05,2026-05-31 22:09:58.766637,20260531,GOAT
MEXC,TST_USDT,TST,USDT,USDT,50.0,4.0,1e-05,2026-05-31 22:09:58.766637,20260531,TST
MEXC,TRIA_USDT,TRIA,USDT,USDT,50.0,4.0,1e-05,2026-05-31 22:09:58.766637,20260531,TRIA
MEXC,LQTY_USDT,LQTY,USDT,USDT,200.0,8.0,0.0001,2026-05-31 22:09:58.766637,20260531,LQTY
MEXC,ORCA_USDT,ORCA,USDT,USDT,20.0,4.0,0.001,2026-05-31 22:09:58.766637,20260531,ORCA
MEXC,HMSTR_USDT,HMSTR,USDT,USDT,50.0,4.0,1e-07,2026-05-31 22:09:58.766637,20260531,HMSTR
MEXC,MANA_USDT,MANA,USDT,USDT,200.0,8.0,0.0001,2026-05-31 22:09:58.766637,20260531,MANA
MEXC,VELO_USDT,VELO,USDT,USDT,100.0,8.0,1e-06,2026-05-31 22:09:58.766637,20260531,VELO
MEXC,MSTRSTOCK_USDT,MSTRSTOCK,USDT,USDT,100.0,8.0,0.01,2026-05-31 22:09:58.766637,20260531,MSTRSTOCK
MEXC,H_USDC,H,USDC,USDC,50.0,4.0,1e-05,2026-05-31 22:09:58.766637,20260531,H
MEXC,BLUAI_USDT,BLUAI,USDT,USDT,50.0,4.0,1e-06,2026-05-31 22:09:58.766637,20260531,BLUAI
MEXC,AZTEC_USDT,AZTEC,USDT,USDT,20.0,4.0,1e-05,2026-05-31 22:09:58.766637,20260531,AZTEC
MEXC,XLM_USDC,XLM,USDC,USDC,125.0,8.0,1e-05,2026-05-31 22:09:58.766637,20260531,XLM
MEXC,NEWT_USDT,NEWT,USDT,USDT,50.0,4.0,0.0001,2026-05-31 22:09:58.766637,20260531,NEWT
MEXC,EUL_USDT,EUL,USDT,USDT,75.0,4.0,0.001,2026-05-31 22:09:58.766637,20260531,EUL
MEXC,NOKSTOCK_USDT,NOKSTOCK,USDT,USDT,50.0,8.0,0.001,2026-05-31 22:09:58.766637,20260531,NOKSTOCK
MEXC,BB_USDT,BB,USDT,USDT,100.0,4.0,1e-05,2026-05-31 22:09:58.766637,20260531,BB
MEXC,PROMPT_USDT,PROMPT,USDT,USDT,20.0,4.0,1e-05,2026-05-31 22:09:58.766637,20260531,PROMPT
MEXC,OPN_USDT,OPN,USDT,USDT,50.0,4.0,0.0001,2026-05-31 22:09:58.766637,20260531,OPN
MEXC,ZIG_USDT,ZIG,USDT,USDT,20.0,4.0,1e-05,2026-05-31 22:09:58.766637,20260531,ZIG
MEXC,CELR_USDT,CELR,USDT,USDT,125.0,8.0,1e-06,2026-05-31 22:09:58.766637,20260531,CELR
MEXC,ATH_USDT,ATH,USDT,USDT,50.0,4.0,1e-06,2026-05-31 22:09:58.766637,20260531,ATH
MEXC,F_USDT,F,USDT,USDT,50.0,4.0,1e-06,2026-05-31 22:09:58.766637,20260531,F
MEXC,FLOCK_USDT,FLOCK,USDT,USDT,100.0,4.0,1e-05,2026-05-31 22:09:58.766637,20260531,FLOCK
MEXC,STO_USDT,STO,USDT,USDT,50.0,4.0,1e-05,2026-05-31 22:09:58.766637,20260531,STO
MEXC,DRAM_USDT,DRAM,USDT,USDT,20.0,8.0,0.01,2026-05-31 22:09:58.766637,20260531,DRAM
MEXC,MERL_USDT,MERL,USDT,USDT,100.0,4.0,1e-05,2026-05-31 22:09:58.766637,20260531,MERL
MEXC,CFG_USDT,CFG,USDT,USDT,20.0,4.0,0.0001,2026-05-31 22:09:58.766637,20260531,CFG
MEXC,XRP_USDC,XRP,USDC,USDC,125.0,8.0,0.0001,2026-05-31 22:09:58.766637,20260531,XRP
MEXC,PARTI_USDT,PARTI,USDT,USDT,50.0,4.0,1e-05,2026-05-31 22:09:58.766637,20260531,PARTI
MEXC,BTX_USDT,BTX,USDT,USDT,20.0,4.0,1e-05,2026-05-31 22:09:58.766637,20260531,BTX
MEXC,JPMSTOCK_USDT,JPMSTOCK,USDT,USDT,100.0,8.0,0.01,2026-05-31 22:09:58.766637,20260531,JPMSTOCK
MEXC,BIRB_USDT,BIRB,USDT,USDT,50.0,4.0,0.0001,2026-05-31 22:09:58.766637,20260531,BIRB
MEXC,PNUT_USDT,PNUT,USDT,USDT,100.0,4.0,1e-05,2026-05-31 22:09:58.766637,20260531,PNUT
MEXC,AIN_USDT,AIN,USDT,USDT,100.0,4.0,1e-05,2026-05-31 22:09:58.766637,20260531,AIN
MEXC,OPENLEDGER_USDT,OPENLEDGER,USDT,USDT,100.0,4.0,0.0001,2026-05-31 22:09:58.766637,20260531,OPENLEDGER
MEXC,CYS_USDT,CYS,USDT,USDT,50.0,4.0,0.0001,2026-05-31 22:09:58.766637,20260531,CYS
MEXC,EWY_USDT,EWY,USDT,USDT,20.0,8.0,0.01,2026-05-31 22:09:58.766637,20260531,EWY
MEXC,LUNANEW_USDT,LUNANEW,USDT,USDT,20.0,4.0,1e-05,2026-05-31 22:09:58.766637,20260531,LUNANEW
MEXC,DYM_USDT,DYM,USDT,USDT,20.0,4.0,1e-05,2026-05-31 22:09:58.766637,20260531,DYM
MEXC,NEIROCTO_USDT,NEIROCTO,USDT,USDT,200.0,4.0,1e-08,2026-05-31 22:09:58.766637,20260531,NEIROCTO
MEXC,AAPLSTOCK_USDT,AAPLSTOCK,USDT,USDT,100.0,8.0,0.01,2026-05-31 22:09:58.766637,20260531,AAPLSTOCK
MEXC,AVGOSTOCK_USDT,AVGOSTOCK,USDT,USDT,100.0,8.0,0.01,2026-05-31 22:09:58.766637,20260531,AVGOSTOCK
MEXC,GMX_USDT,GMX,USDT,USDT,125.0,8.0,0.001,2026-05-31 22:09:58.766637,20260531,GMX
MEXC,BLUR_USDT,BLUR,USDT,USDT,20.0,4.0,1e-05,2026-05-31 22:09:58.766637,20260531,BLUR
MEXC,MOVE_USDT,MOVE,USDT,USDT,20.0,4.0,1e-05,2026-05-31 22:09:58.766637,20260531,MOVE
MEXC,TLM_USDT,TLM,USDT,USDT,20.0,4.0,1e-06,2026-05-31 22:09:58.766637,20260531,TLM
MEXC,TOSHI_USDT,TOSHI,USDT,USDT,50.0,4.0,1e-07,2026-05-31 22:09:58.766637,20260531,TOSHI
MEXC,ACX_USDT,ACX,USDT,USDT,50.0,4.0,1e-05,2026-05-31 22:09:58.766637,20260531,ACX
MEXC,HUMA_USDT,HUMA,USDT,USDT,50.0,4.0,1e-05,2026-05-31 22:09:58.766637,20260531,HUMA
MEXC,RESOLV_USDT,RESOLV,USDT,USDT,100.0,4.0,1e-05,2026-05-31 22:09:58.766637,20260531,RESOLV
MEXC,MET_USDT,MET,USDT,USDT,20.0,4.0,0.0001,2026-05-31 22:09:58.766637,20260531,MET
MEXC,ASTSSTOCK_USDT,ASTSSTOCK,USDT,USDT,100.0,8.0,0.01,2026-05-31 22:09:58.766637,20260531,ASTSSTOCK
MEXC,DUSK_USDT,DUSK,USDT,USDT,20.0,4.0,1e-05,2026-05-31 22:09:58.766637,20260531,DUSK
MEXC,AMP_USDT,AMP,USDT,USDT,50.0,4.0,1e-06,2026-05-31 22:09:58.766637,20260531,AMP
MEXC,CRCLSTOCK_USDT,CRCLSTOCK,USDT,USDT,100.0,8.0,0.01,2026-05-31 22:09:58.766637,20260531,CRCLSTOCK
MEXC,ON_USDT,ON,USDT,USDT,50.0,4.0,1e-05,2026-05-31 22:09:58.766637,20260531,ON
MEXC,CRWVSTOCK_USDT,CRWVSTOCK,USDT,USDT,100.0,8.0,0.01,2026-05-31 22:09:58.766637,20260531,CRWVSTOCK
MEXC,OFC_USDT,OFC,USDT,USDT,50.0,4.0,1e-05,2026-05-31 22:09:58.766637,20260531,OFC
MEXC,ONE_USDT,ONE,USDT,USDT,125.0,8.0,1e-06,2026-05-31 22:09:58.766637,20260531,ONE
MEXC,USTC_USDT,USTC,USDT,USDT,100.0,4.0,1e-06,2026-05-31 22:09:58.766637,20260531,USTC
MEXC,TRAC_USDT,TRAC,USDT,USDT,20.0,4.0,0.0001,2026-05-31 22:09:58.766637,20260531,TRAC
MEXC,WHITEWHALE_USDT,WHITEWHALE,USDT,USDT,50.0,4.0,1e-06,2026-05-31 22:09:58.766637,20260531,WHITEWHALE
MEXC,STORJ_USDT,STORJ,USDT,USDT,20.0,4.0,0.0001,2026-05-31 22:09:58.766637,20260531,STORJ
MEXC,BABY_USDT,BABY,USDT,USDT,20.0,4.0,1e-05,2026-05-31 22:09:58.766637,20260531,BABY
MEXC,KOMA_USDT,KOMA,USDT,USDT,100.0,4.0,1e-06,2026-05-31 22:09:58.766637,20260531,KOMA
MEXC,LAYER_USDT,LAYER,USDT,USDT,20.0,4.0,0.0001,2026-05-31 22:09:58.766637,20260531,LAYER
MEXC,AIO_USDT,AIO,USDT,USDT,50.0,4.0,1e-05,2026-05-31 22:09:58.766637,20260531,AIO
MEXC,RKLBSTOCK_USDT,RKLBSTOCK,USDT,USDT,100.0,8.0,0.01,2026-05-31 22:09:58.766637,20260531,RKLBSTOCK
MEXC,ST_USDT,ST,USDT,USDT,20.0,4.0,1e-05,2026-05-31 22:09:58.766637,20260531,ST
MEXC,RLC_USDT,RLC,USDT,USDT,125.0,8.0,0.0001,2026-05-31 22:09:58.766637,20260531,RLC
MEXC,APEX_USDT,APEX,USDT,USDT,50.0,4.0,0.0001,2026-05-31 22:09:58.766637,20260531,APEX
MEXC,GRIFFAIN_USDT,GRIFFAIN,USDT,USDT,100.0,4.0,1e-05,2026-05-31 22:09:58.766637,20260531,GRIFFAIN
MEXC,BR_USDT,BR,USDT,USDT,100.0,4.0,1e-05,2026-05-31 22:09:58.766637,20260531,BR
MEXC,UBERSTOCK_USDT,UBERSTOCK,USDT,USDT,50.0,8.0,0.01,2026-05-31 22:09:58.766637,20260531,UBERSTOCK
MEXC,BROCCOLIF3B_USDT,BROCCOLIF3B,USDT,USDT,100.0,4.0,1e-06,2026-05-31 22:09:58.766637,20260531,BROCCOLIF3B
MEXC,GOOGLSTOCK_USDT,GOOGLSTOCK,USDT,USDT,100.0,8.0,0.01,2026-05-31 22:09:58.766637,20260531,GOOGLSTOCK
MEXC,HANA_USDT,HANA,USDT,USDT,100.0,4.0,1e-05,2026-05-31 22:09:58.766637,20260531,HANA
MEXC,ASTEROID1_USDT,ASTEROID1,USDT,USDT,20.0,4.0,1e-06,2026-05-31 22:09:58.766637,20260531,ASTEROID1
MEXC,ETHW_USDT,ETHW,USDT,USDT,100.0,4.0,0.0001,2026-05-31 22:09:58.766637,20260531,ETHW
MEXC,POWR_USDT,POWR,USDT,USDT,125.0,4.0,1e-05,2026-05-31 22:09:58.766637,20260531,POWR
MEXC,DOLO_USDT,DOLO,USDT,USDT,20.0,4.0,1e-05,2026-05-31 22:09:58.766637,20260531,DOLO
MEXC,XNY_USDT,XNY,USDT,USDT,100.0,4.0,1e-06,2026-05-31 22:09:58.766637,20260531,XNY
MEXC,COLLECT_USDT,COLLECT,USDT,USDT,50.0,4.0,1e-05,2026-05-31 22:09:58.766637,20260531,COLLECT
MEXC,ROBO_USDT,ROBO,USDT,USDT,50.0,4.0,1e-05,2026-05-31 22:09:58.766637,20260531,ROBO
MEXC,YFI_USDT,YFI,USDT,USDT,75.0,8.0,1.0,2026-05-31 22:09:58.766637,20260531,YFI
MEXC,SUN_USDT,SUN,USDT,USDT,125.0,4.0,1e-06,2026-05-31 22:09:58.766637,20260531,SUN
MEXC,CTSI_USDT,CTSI,USDT,USDT,50.0,8.0,1e-05,2026-05-31 22:09:58.766637,20260531,CTSI
MEXC,SUPER_USDT,SUPER,USDT,USDT,20.0,4.0,0.0001,2026-05-31 22:09:58.766637,20260531,SUPER
MEXC,1000RATS_USDT,1000RATS,USDT,USDT,125.0,4.0,1e-05,2026-05-31 22:09:58.766637,20260531,1000RATS
MEXC,REZ_USDT,REZ,USDT,USDT,50.0,4.0,1e-06,2026-05-31 22:09:58.766637,20260531,REZ
MEXC,COS_USDT,COS,USDT,USDT,20.0,4.0,1e-06,2026-05-31 22:09:58.766637,20260531,COS
MEXC,GIGA_USDT,GIGA,USDT,USDT,20.0,4.0,1e-06,2026-05-31 22:09:58.766637,20260531,GIGA
MEXC,PROVE_USDT,PROVE,USDT,USDT,20.0,4.0,0.0001,2026-05-31 22:09:58.766637,20260531,PROVE
MEXC,2Z_USDT,2Z,USDT,USDT,50.0,4.0,1e-05,2026-05-31 22:09:58.766637,20260531,2Z
MEXC,FLOW_USDT,FLOW,USDT,USDT,50.0,4.0,1e-05,2026-05-31 22:09:58.766637,20260531,FLOW
MEXC,API3_USDT,API3,USDT,USDT,50.0,4.0,0.0001,2026-05-31 22:09:58.766637,20260531,API3
MEXC,SSV_USDT,SSV,USDT,USDT,50.0,8.0,0.001,2026-05-31 22:09:58.766637,20260531,SSV
MEXC,GPS_USDT,GPS,USDT,USDT,100.0,4.0,1e-06,2026-05-31 22:09:58.766637,20260531,GPS
MEXC,PEOPLE_USDT,PEOPLE,USDT,USDT,200.0,8.0,1e-06,2026-05-31 22:09:58.766637,20260531,PEOPLE
MEXC,SYN_USDT,SYN,USDT,USDT,50.0,4.0,1e-05,2026-05-31 22:09:58.766637,20260531,SYN
MEXC,ULTIMA_USDT,ULTIMA,USDT,USDT,50.0,4.0,1.0,2026-05-31 22:09:58.766637,20260531,ULTIMA
MEXC,XPD_USDT,XPD,USDT,USDT,100.0,4.0,0.01,2026-05-31 22:09:58.766637,20260531,XPD
MEXC,NEO_USDT,NEO,USDT,USDT,50.0,8.0,0.001,2026-05-31 22:09:58.766637,20260531,NEO
MEXC,1INCH_USDT,1INCH,USDT,USDT,200.0,8.0,0.0001,2026-05-31 22:09:58.766637,20260531,1INCH
MEXC,BIGTIME_USDT,BIGTIME,USDT,USDT,125.0,4.0,1e-05,2026-05-31 22:09:58.766637,20260531,BIGTIME
MEXC,IKA_USDT,IKA,USDT,USDT,50.0,4.0,1e-06,2026-05-31 22:09:58.766637,20260531,IKA
MEXC,MITO_USDT,MITO,USDT,USDT,20.0,4.0,1e-05,2026-05-31 22:09:58.766637,20260531,MITO
MEXC,KAT_USDT,KAT,USDT,USDT,20.0,4.0,1e-05,2026-05-31 22:09:58.766637,20260531,KAT
MEXC,ONDSSTOCK_USDT,ONDSSTOCK,USDT,USDT,50.0,8.0,0.01,2026-05-31 22:09:58.766637,20260531,ONDSSTOCK
MEXC,USDC_USDT,USDC,USDT,USDT,200.0,8.0,1e-05,2026-05-31 22:09:58.766637,20260531,USDC
MEXC,AIOZ_USDT,AIOZ,USDT,USDT,50.0,8.0,1e-05,2026-05-31 22:09:58.766637,20260531,AIOZ
MEXC,CHEEMS_USDT,CHEEMS,USDT,USDT,50.0,4.0,1e-10,2026-05-31 22:09:58.766637,20260531,CHEEMS
MEXC,AKE_USDT,AKE,USDT,USDT,20.0,4.0,1e-07,2026-05-31 22:09:58.766637,20260531,AKE
MEXC,QQQSTOCK_USDT,QQQSTOCK,USDT,USDT,100.0,8.0,0.01,2026-05-31 22:09:58.766637,20260531,QQQSTOCK
MEXC,SUSHI_USDT,SUSHI,USDT,USDT,75.0,8.0,0.0001,2026-05-31 22:09:58.766637,20260531,SUSHI
MEXC,MAVIA_USDT,MAVIA,USDT,USDT,100.0,4.0,1e-05,2026-05-31 22:09:58.766637,20260531,MAVIA
MEXC,USUAL_USDT,USUAL,USDT,USDT,100.0,4.0,1e-05,2026-05-31 22:09:58.766637,20260531,USUAL
MEXC,MELANIA_USDT,MELANIA,USDT,USDT,100.0,4.0,0.0001,2026-05-31 22:09:58.766637,20260531,MELANIA
MEXC,KGEN_USDT,KGEN,USDT,USDT,50.0,4.0,0.0001,2026-05-31 22:09:58.766637,20260531,KGEN
MEXC,BTC_USD1,BTC,USD1,USD1,100.0,8.0,0.1,2026-05-31 22:09:58.766637,20260531,BTC_USD1
MEXC,ASTEROIDSOL_USDT,ASTEROIDSOL,USDT,USDT,20.0,4.0,1e-05,2026-05-31 22:09:58.766637,20260531,ASTEROIDSOL
MEXC,JOE_USDT,JOE,USDT,USDT,50.0,8.0,1e-05,2026-05-31 22:09:58.766637,20260531,JOE
MEXC,ALEO_USDT,ALEO,USDT,USDT,100.0,8.0,1e-05,2026-05-31 22:09:58.766637,20260531,ALEO
MEXC,PYR_USDT,PYR,USDT,USDT,20.0,8.0,0.0001,2026-05-31 22:09:58.766637,20260531,PYR
MEXC,DEEP_USDT,DEEP,USDT,USDT,100.0,4.0,1e-05,2026-05-31 22:09:58.766637,20260531,DEEP
MEXC,ALCH_USDT,ALCH,USDT,USDT,100.0,4.0,1e-05,2026-05-31 22:09:58.766637,20260531,ALCH
MEXC,SOLV_USDT,SOLV,USDT,USDT,100.0,4.0,1e-06,2026-05-31 22:09:58.766637,20260531,SOLV
MEXC,TUT_USDT,TUT,USDT,USDT,100.0,4.0,1e-05,2026-05-31 22:09:58.766637,20260531,TUT
MEXC,ZEC_USDC,ZEC,USDC,USDC,75.0,4.0,0.01,2026-05-31 22:09:58.766637,20260531,ZEC
MEXC,SATS_USDT,SATS,USDT,USDT,100.0,8.0,1e-11,2026-05-31 22:09:58.766637,20260531,SATS
MEXC,TNSR_USDT,TNSR,USDT,USDT,50.0,4.0,1e-05,2026-05-31 22:09:58.766637,20260531,TNSR
MEXC,THE_USDT,THE,USDT,USDT,100.0,4.0,0.0001,2026-05-31 22:09:58.766637,20260531,THE
MEXC,COINBASE_USDT,COINBASE,USDT,USDT,100.0,8.0,0.01,2026-05-31 22:09:58.766637,20260531,COINBASE
MEXC,CHR_USDT,CHR,USDT,USDT,100.0,8.0,1e-05,2026-05-31 22:09:58.766637,20260531,CHR
MEXC,OG_USDT,OG,USDT,USDT,50.0,4.0,0.001,2026-05-31 22:09:58.766637,20260531,OG
MEXC,CETUS_USDT,CETUS,USDT,USDT,100.0,4.0,1e-05,2026-05-31 22:09:58.766637,20260531,CETUS
MEXC,ONG_USDT,ONG,USDT,USDT,20.0,4.0,1e-05,2026-05-31 22:09:58.766637,20260531,ONG
MEXC,DSYNC_USDT,DSYNC,USDT,USDT,50.0,4.0,1e-05,2026-05-31 22:09:58.766637,20260531,DSYNC
MEXC,TAG_USDT,TAG,USDT,USDT,100.0,4.0,1e-07,2026-05-31 22:09:58.766637,20260531,TAG
MEXC,GLWSTOCK_USDT,GLWSTOCK,USDT,USDT,20.0,8.0,0.1,2026-05-31 22:09:58.766637,20260531,GLWSTOCK
MEXC,MTL_USDT,MTL,USDT,USDT,20.0,8.0,0.0001,2026-05-31 22:09:58.766637,20260531,MTL
MEXC,PROM_USDT,PROM,USDT,USDT,50.0,4.0,0.001,2026-05-31 22:09:58.766637,20260531,PROM
MEXC,LSK_USDT,LSK,USDT,USDT,100.0,4.0,0.0001,2026-05-31 22:09:58.767635,20260531,LSK
MEXC,HOLO_USDT,HOLO,USDT,USDT,50.0,4.0,1e-05,2026-05-31 22:09:58.767635,20260531,HOLO
MEXC,INX_USDT,INX,USDT,USDT,50.0,4.0,1e-05,2026-05-31 22:09:58.767635,20260531,INX
MEXC,BLEND_USDT,BLEND,USDT,USDT,50.0,4.0,1e-05,2026-05-31 22:09:58.767635,20260531,BLEND
MEXC,ZIL_USDT,ZIL,USDT,USDT,125.0,4.0,1e-05,2026-05-31 22:09:58.767635,20260531,ZIL
MEXC,C98_USDT,C98,USDT,USDT,100.0,8.0,1e-05,2026-05-31 22:09:58.767635,20260531,C98
MEXC,FLR_USDT,FLR,USDT,USDT,20.0,8.0,1e-05,2026-05-31 22:09:58.767635,20260531,FLR
MEXC,CKB_USDT,CKB,USDT,USDT,125.0,8.0,1e-06,2026-05-31 22:09:58.767635,20260531,CKB
MEXC,XCN_USDT,XCN,USDT,USDT,20.0,4.0,1e-06,2026-05-31 22:09:58.767635,20260531,XCN
MEXC,ERA_USDT,ERA,USDT,USDT,20.0,4.0,0.0001,2026-05-31 22:09:58.767635,20260531,ERA
MEXC,QTUM_USDT,QTUM,USDT,USDT,50.0,8.0,0.001,2026-05-31 22:09:58.767635,20260531,QTUM
MEXC,KSM_USDT,KSM,USDT,USDT,20.0,8.0,0.001,2026-05-31 22:09:58.767635,20260531,KSM
MEXC,CELO_USDT,CELO,USDT,USDT,50.0,8.0,0.0001,2026-05-31 22:09:58.767635,20260531,CELO
MEXC,FLUX_USDT,FLUX,USDT,USDT,100.0,4.0,1e-05,2026-05-31 22:09:58.767635,20260531,FLUX
MEXC,NMR_USDT,NMR,USDT,USDT,50.0,4.0,0.001,2026-05-31 22:09:58.767635,20260531,NMR
MEXC,SQD_USDT,SQD,USDT,USDT,50.0,4.0,1e-05,2026-05-31 22:09:58.767635,20260531,SQD
MEXC,BTR_USDT,BTR,USDT,USDT,20.0,4.0,1e-05,2026-05-31 22:09:58.767635,20260531,BTR
MEXC,RKC_USDT,RKC,USDT,USDT,20.0,4.0,1e-06,2026-05-31 22:09:58.767635,20260531,RKC
MEXC,HDSTOCK_USDT,HDSTOCK,USDT,USDT,20.0,8.0,0.01,2026-05-31 22:09:58.767635,20260531,HDSTOCK
MEXC,KAVA_USDT,KAVA,USDT,USDT,20.0,4.0,0.0001,2026-05-31 22:09:58.767635,20260531,KAVA
MEXC,B3_USDT,B3,USDT,USDT,20.0,4.0,1e-07,2026-05-31 22:09:58.767635,20260531,B3
MEXC,TIA_USDC,TIA,USDC,USDC,125.0,4.0,0.0001,2026-05-31 22:09:58.767635,20260531,TIA
MEXC,AT_USDT,AT,USDT,USDT,50.0,4.0,1e-05,2026-05-31 22:09:58.767635,20260531,AT
MEXC,USARSTOCK_USDT,USARSTOCK,USDT,USDT,20.0,8.0,0.01,2026-05-31 22:09:58.767635,20260531,USARSTOCK
MEXC,WOO_USDT,WOO,USDT,USDT,200.0,8.0,1e-05,2026-05-31 22:09:58.767635,20260531,WOO
MEXC,TEL_USDT,TEL,USDT,USDT,20.0,4.0,1e-06,2026-05-31 22:09:58.767635,20260531,TEL
MEXC,VINE_USDT,VINE,USDT,USDT,100.0,4.0,1e-05,2026-05-31 22:09:58.767635,20260531,VINE
MEXC,WAL_USDT,WAL,USDT,USDT,20.0,4.0,1e-05,2026-05-31 22:09:58.767635,20260531,WAL
MEXC,DOOD_USDT,DOOD,USDT,USDT,20.0,4.0,1e-06,2026-05-31 22:09:58.767635,20260531,DOOD
MEXC,METASTOCK_USDT,METASTOCK,USDT,USDT,100.0,8.0,0.01,2026-05-31 22:09:58.767635,20260531,METASTOCK
MEXC,MRVLSTOCK_USDT,MRVLSTOCK,USDT,USDT,100.0,8.0,0.01,2026-05-31 22:09:58.767635,20260531,MRVLSTOCK
MEXC,AMATSTOCK_USDT,AMATSTOCK,USDT,USDT,100.0,8.0,0.01,2026-05-31 22:09:58.767635,20260531,AMATSTOCK
MEXC,ALPINE_USDT,ALPINE,USDT,USDT,50.0,4.0,0.0001,2026-05-31 22:09:58.767635,20260531,ALPINE
MEXC,AXL_USDT,AXL,USDT,USDT,50.0,4.0,1e-05,2026-05-31 22:09:58.767635,20260531,AXL
MEXC,ME_USDT,ME,USDT,USDT,20.0,4.0,0.0001,2026-05-31 22:09:58.767635,20260531,ME
MEXC,STRK_USDC,STRK,USDC,USDC,125.0,8.0,1e-05,2026-05-31 22:09:58.767635,20260531,STRK
MEXC,SOMI_USDT,SOMI,USDT,USDT,50.0,4.0,0.0001,2026-05-31 22:09:58.767635,20260531,SOMI
MEXC,IRENSTOCK_USDT,IRENSTOCK,USDT,USDT,50.0,8.0,0.01,2026-05-31 22:09:58.767635,20260531,IRENSTOCK
MEXC,LONGXIA_USDT,LONGXIA,USDT,USDT,50.0,4.0,1e-06,2026-05-31 22:09:58.767635,20260531,LONGXIA
MEXC,SAMSUNGSTOCK_USDT,SAMSUNGSTOCK,USDT,USDT,20.0,1.0,0.01,2026-05-31 22:09:58.767635,20260531,SAMSUNGSTOCK
MEXC,ANKR_USDT,ANKR,USDT,USDT,20.0,4.0,1e-06,2026-05-31 22:09:58.767635,20260531,ANKR
MEXC,AUDIO_USDT,AUDIO,USDT,USDT,50.0,4.0,1e-05,2026-05-31 22:09:58.767635,20260531,AUDIO
MEXC,BEL_USDT,BEL,USDT,USDT,50.0,8.0,0.0001,2026-05-31 22:09:58.767635,20260531,BEL
MEXC,MAGIC_USDT,MAGIC,USDT,USDT,50.0,4.0,1e-05,2026-05-31 22:09:58.767635,20260531,MAGIC
MEXC,RARE_USDT,RARE,USDT,USDT,100.0,4.0,1e-05,2026-05-31 22:09:58.767635,20260531,RARE
MEXC,KAIA_USDT,KAIA,USDT,USDT,100.0,4.0,1e-05,2026-05-31 22:09:58.767635,20260531,KAIA
MEXC,ACT_USDT,ACT,USDT,USDT,100.0,4.0,1e-05,2026-05-31 22:09:58.767635,20260531,ACT
MEXC,AVAAI_USDT,AVAAI,USDT,USDT,100.0,4.0,1e-06,2026-05-31 22:09:58.767635,20260531,AVAAI
MEXC,NEAR_USDC,NEAR,USDC,USDC,125.0,8.0,0.001,2026-05-31 22:09:58.767635,20260531,NEAR
MEXC,RLS_USDT,RLS,USDT,USDT,50.0,4.0,1e-06,2026-05-31 22:09:58.767635,20260531,RLS
MEXC,HIMSSTOCK_USDT,HIMSSTOCK,USDT,USDT,50.0,8.0,0.01,2026-05-31 22:09:58.767635,20260531,HIMSSTOCK
MEXC,WAVES_USDT,WAVES,USDT,USDT,20.0,8.0,0.0001,2026-05-31 22:09:58.767635,20260531,WAVES
MEXC,YGG_USDT,YGG,USDT,USDT,50.0,4.0,1e-05,2026-05-31 22:09:58.767635,20260531,YGG
MEXC,ILV_USDT,ILV,USDT,USDT,50.0,4.0,0.001,2026-05-31 22:09:58.767635,20260531,ILV
MEXC,MAV_USDT,MAV,USDT,USDT,50.0,8.0,1e-05,2026-05-31 22:09:58.767635,20260531,MAV
MEXC,VANRY_USDT,VANRY,USDT,USDT,50.0,4.0,1e-06,2026-05-31 22:09:58.767635,20260531,VANRY
MEXC,SHELL_USDT,SHELL,USDT,USDT,50.0,4.0,1e-05,2026-05-31 22:09:58.767635,20260531,SHELL
MEXC,IDOL_USDT,IDOL,USDT,USDT,50.0,4.0,1e-05,2026-05-31 22:09:58.767635,20260531,IDOL
MEXC,0G_USDT,0G,USDT,USDT,50.0,4.0,0.0001,2026-05-31 22:09:58.767635,20260531,0G
MEXC,ACU_USDT,ACU,USDT,USDT,50.0,4.0,1e-05,2026-05-31 22:09:58.767635,20260531,ACU
MEXC,HNT_USDT,HNT,USDT,USDT,100.0,8.0,0.001,2026-05-31 22:09:58.767635,20260531,HNT
MEXC,ALICE_USDT,ALICE,USDT,USDT,20.0,4.0,0.0001,2026-05-31 22:09:58.767635,20260531,ALICE
MEXC,HOT_USDT,HOT,USDT,USDT,20.0,8.0,1e-06,2026-05-31 22:09:58.767635,20260531,HOT
MEXC,MINA_USDT,MINA,USDT,USDT,50.0,8.0,1e-05,2026-05-31 22:09:58.767635,20260531,MINA
MEXC,ASTR_USDT,ASTR,USDT,USDT,125.0,8.0,1e-06,2026-05-31 22:09:58.767635,20260531,ASTR
MEXC,HFT_USDT,HFT,USDT,USDT,50.0,8.0,1e-05,2026-05-31 22:09:58.767635,20260531,HFT
MEXC,VANA_USDT,VANA,USDT,USDT,20.0,4.0,0.001,2026-05-31 22:09:58.767635,20260531,VANA
MEXC,ENA_USDC,ENA,USDC,USDC,125.0,4.0,1e-05,2026-05-31 22:09:58.767635,20260531,ENA
MEXC,TURTLE_USDT,TURTLE,USDT,USDT,20.0,4.0,1e-05,2026-05-31 22:09:58.767635,20260531,TURTLE
MEXC,MMT_USDT,MMT,USDT,USDT,20.0,4.0,0.0001,2026-05-31 22:09:58.767635,20260531,MMT
MEXC,FLNCSTOCK_USDT,FLNCSTOCK,USDT,USDT,20.0,8.0,0.01,2026-05-31 22:09:58.767635,20260531,FLNCSTOCK
MEXC,RVN_USDT,RVN,USDT,USDT,125.0,4.0,1e-05,2026-05-31 22:09:58.767635,20260531,RVN
MEXC,ACE_USDT,ACE,USDT,USDT,50.0,4.0,0.0001,2026-05-31 22:09:58.767635,20260531,ACE
MEXC,ALL_USDT,ALLINDEX,USDT,USDT,75.0,8.0,0.0001,2026-05-31 22:09:58.767635,20260531,ALL
MEXC,GEVSTOCK_USDT,GEVSTOCK,USDT,USDT,100.0,8.0,0.01,2026-05-31 22:09:58.767635,20260531,GEVSTOCK
MEXC,SKHYNIXSTOCK_USDT,SKHYNIXSTOCK,USDT,USDT,20.0,1.0,0.1,2026-05-31 22:09:58.767635,20260531,SKHYNIXSTOCK
MEXC,SLP_USDT,SLP,USDT,USDT,125.0,4.0,1e-07,2026-05-31 22:09:58.767635,20260531,SLP
MEXC,MASK_USDT,MASK,USDT,USDT,50.0,8.0,0.0001,2026-05-31 22:09:58.767635,20260531,MASK
MEXC,REQ_USDT,REQ,USDT,USDT,20.0,8.0,1e-05,2026-05-31 22:09:58.767635,20260531,REQ
MEXC,SNT_USDT,SNT,USDT,USDT,50.0,4.0,1e-05,2026-05-31 22:09:58.767635,20260531,SNT
MEXC,MEW_USDT,MEW,USDT,USDT,125.0,4.0,1e-07,2026-05-31 22:09:58.767635,20260531,MEW
MEXC,FLUID_USDT,FLUID,USDT,USDT,100.0,4.0,0.001,2026-05-31 22:09:58.767635,20260531,FLUID
MEXC,SPK_USDT,SPK,USDT,USDT,50.0,4.0,1e-05,2026-05-31 22:09:58.767635,20260531,SPK
MEXC,BMNRSTOCK_USDT,BMNRSTOCK,USDT,USDT,50.0,8.0,0.01,2026-05-31 22:09:58.767635,20260531,BMNRSTOCK
MEXC,SENT_USDT,SENT,USDT,USDT,20.0,4.0,1e-05,2026-05-31 22:09:58.767635,20260531,SENT
MEXC,TSMSTOCK_USDT,TSMSTOCK,USDT,USDT,50.0,8.0,0.01,2026-05-31 22:09:58.767635,20260531,TSMSTOCK
MEXC,BUTTCOIN_USDT,BUTTCOIN,USDT,USDT,20.0,4.0,1e-05,2026-05-31 22:09:58.767635,20260531,BUTTCOIN
MEXC,CSPR_USDT,CSPR,USDT,USDT,50.0,4.0,1e-06,2026-05-31 22:09:58.767635,20260531,CSPR
MEXC,BICO_USDT,BICO,USDT,USDT,50.0,8.0,1e-05,2026-05-31 22:09:58.767635,20260531,BICO
MEXC,ASR_USDT,ASR,USDT,USDT,50.0,4.0,0.001,2026-05-31 22:09:58.767635,20260531,ASR
MEXC,RED_USDT,RED,USDT,USDT,20.0,4.0,0.0001,2026-05-31 22:09:58.767635,20260531,RED
MEXC,ONDO_USDC,ONDO,USDC,USDC,125.0,8.0,0.0001,2026-05-31 22:09:58.767635,20260531,ONDO
MEXC,FOGO_USDT,FOGO,USDT,USDT,50.0,4.0,1e-05,2026-05-31 22:09:58.767635,20260531,FOGO
MEXC,RNBW_USDT,RNBW,USDT,USDT,20.0,4.0,1e-05,2026-05-31 22:09:58.767635,20260531,RNBW
MEXC,CRWDSTOCK_USDT,CRWDSTOCK,USDT,USDT,50.0,8.0,0.01,2026-05-31 22:09:58.767635,20260531,CRWDSTOCK
MEXC,NAT_USDT,NAT,USDT,USDT,20.0,4.0,1e-10,2026-05-31 22:09:58.767635,20260531,NAT
MEXC,LITESTOCK_USDT,LITESTOCK,USDT,USDT,20.0,8.0,0.01,2026-05-31 22:09:58.767635,20260531,LITESTOCK
MEXC,INFQSTOCK_USDT,INFQSTOCK,USDT,USDT,50.0,8.0,0.01,2026-05-31 22:09:58.767635,20260531,INFQSTOCK
MEXC,SCRT_USDT,SCRT,USDT,USDT,50.0,4.0,0.0001,2026-05-31 22:09:58.767635,20260531,SCRT
MEXC,1000BTT_USDT,1000BTT,USDT,USDT,50.0,8.0,1e-07,2026-05-31 22:09:58.767635,20260531,1000BTT
MEXC,CYBER_USDT,CYBER,USDT,USDT,50.0,4.0,0.0001,2026-05-31 22:09:58.767635,20260531,CYBER
MEXC,WLD_USDC,WLD,USDC,USDC,125.0,8.0,0.0001,2026-05-31 22:09:58.767635,20260531,WLD
MEXC,PUMPBTC_USDT,PUMPBTC,USDT,USDT,50.0,4.0,1e-05,2026-05-31 22:09:58.767635,20260531,PUMPBTC
MEXC,XAUT_USDC,XAUT,USDC,USDC,200.0,4.0,0.1,2026-05-31 22:09:58.767635,20260531,XAUT
MEXC,IOST_USDT,IOST,USDT,USDT,50.0,8.0,1e-06,2026-05-31 22:09:58.767635,20260531,IOST
MEXC,CATI_USDT,CATI,USDT,USDT,100.0,4.0,1e-05,2026-05-31 22:09:58.767635,20260531,CATI
MEXC,SONIC_USDT,SONIC,USDT,USDT,50.0,4.0,1e-05,2026-05-31 22:09:58.767635,20260531,SONIC
MEXC,SUI_USDC,SUI,USDC,USDC,125.0,8.0,0.0001,2026-05-31 22:09:58.767635,20260531,SUI
MEXC,ZKC_USDT,ZKC,USDT,USDT,50.0,4.0,0.0001,2026-05-31 22:09:58.767635,20260531,ZKC
MEXC,SMCISTOCK_USDT,SMCISTOCK,USDT,USDT,50.0,8.0,0.01,2026-05-31 22:09:58.767635,20260531,SMCISTOCK
MEXC,ALUMINUM_USDT,ALUMINUM,USDT,USDT,20.0,8.0,0.01,2026-05-31 22:09:58.767635,20260531,ALUMINUM
MEXC,PHAROS_USDT,PHAROS,USDT,USDT,20.0,4.0,0.0001,2026-05-31 22:09:58.767635,20260531,PHAROS
MEXC,KNC_USDT,KNC,USDT,USDT,20.0,8.0,0.0001,2026-05-31 22:09:58.767635,20260531,KNC
MEXC,CVX_USDT,CVX,USDT,USDT,20.0,4.0,0.001,2026-05-31 22:09:58.767635,20260531,CVX
MEXC,IQ_USDT,IQ,USDT,USDT,100.0,4.0,1e-06,2026-05-31 22:09:58.767635,20260531,IQ
MEXC,BMT_USDT,BMT,USDT,USDT,100.0,4.0,1e-05,2026-05-31 22:09:58.767635,20260531,BMT
MEXC,EUR_USDT,EUR,USDT,USDT,100.0,4.0,0.0001,2026-05-31 22:09:58.767635,20260531,EUR
MEXC,FARTCOIN_USDC,FARTCOIN,USDC,USDC,125.0,4.0,0.0001,2026-05-31 22:09:58.767635,20260531,FARTCOIN
MEXC,AMZNSTOCK_USDT,AMZNSTOCK,USDT,USDT,100.0,8.0,0.01,2026-05-31 22:09:58.767635,20260531,AMZNSTOCK
MEXC,BABASTOCK_USDT,BABASTOCK,USDT,USDT,100.0,8.0,0.01,2026-05-31 22:09:58.767635,20260531,BABASTOCK
MEXC,UTYA_USDT,UTYA,USDT,USDT,20.0,4.0,1e-05,2026-05-31 22:09:58.767635,20260531,UTYA
MEXC,BSV_USDT,BSV,USDT,USDT,125.0,4.0,0.01,2026-05-31 22:09:58.767635,20260531,BSV
MEXC,G_USDT,G,USDT,USDT,50.0,4.0,1e-06,2026-05-31 22:09:58.767635,20260531,G
MEXC,COW_USDT,COW,USDT,USDT,50.0,4.0,0.0001,2026-05-31 22:09:58.767635,20260531,COW
MEXC,HAEDAL_USDT,HAEDAL,USDT,USDT,125.0,4.0,1e-05,2026-05-31 22:09:58.767635,20260531,HAEDAL
MEXC,TRUST_USDT,TRUST,USDT,USDT,100.0,4.0,1e-05,2026-05-31 22:09:58.767635,20260531,TRUST
MEXC,FUTUSTOCK_USDT,FUTUSTOCK,USDT,USDT,50.0,8.0,0.01,2026-05-31 22:09:58.767635,20260531,FUTUSTOCK
MEXC,NKESTOCK_USDT,NKESTOCK,USDT,USDT,100.0,8.0,0.01,2026-05-31 22:09:58.767635,20260531,NKESTOCK
MEXC,SKR_USDT,SKR,USDT,USDT,20.0,4.0,1e-05,2026-05-31 22:09:58.767635,20260531,SKR
MEXC,COPSTOCK_USDT,COPSTOCK,USDT,USDT,50.0,8.0,0.01,2026-05-31 22:09:58.767635,20260531,COPSTOCK
MEXC,SHARE_USDT,SHARE,USDT,USDT,20.0,4.0,0.0001,2026-05-31 22:09:58.767635,20260531,SHARE
MEXC,CBRSSTOCK_USDT,CBRSSTOCK,USDT,USDT,20.0,8.0,0.01,2026-05-31 22:09:58.767635,20260531,CBRSSTOCK
MEXC,SC_USDT,SC,USDT,USDT,50.0,4.0,1e-06,2026-05-31 22:09:58.767635,20260531,SC
MEXC,ARPA_USDT,ARPA,USDT,USDT,125.0,8.0,1e-05,2026-05-31 22:09:58.767635,20260531,ARPA
MEXC,XEC_USDT,XEC,USDT,USDT,50.0,8.0,1e-08,2026-05-31 22:09:58.767635,20260531,XEC
MEXC,UMA_USDT,UMA,USDT,USDT,50.0,4.0,0.0001,2026-05-31 22:09:58.767635,20260531,UMA
MEXC,SANTOS_USDT,SANTOS,USDT,USDT,100.0,4.0,0.001,2026-05-31 22:09:58.767635,20260531,SANTOS
MEXC,DODO_USDT,DODO,USDT,USDT,50.0,4.0,1e-05,2026-05-31 22:09:58.767635,20260531,DODO
MEXC,1000000MOG_USDT,1000000MOG,USDT,USDT,100.0,4.0,0.0001,2026-05-31 22:09:58.767635,20260531,1000000MOG
MEXC,AVA_USDT,AVA,USDT,USDT,100.0,4.0,0.0001,2026-05-31 22:09:58.767635,20260531,AVA
MEXC,XION_USDT,XION,USDT,USDT,20.0,4.0,0.0001,2026-05-31 22:09:58.767635,20260531,XION
MEXC,TON_USDC,TON,USDC,USDC,125.0,8.0,0.001,2026-05-31 22:09:58.767635,20260531,TON
MEXC,ENSO_USDT,ENSO,USDT,USDT,20.0,4.0,0.0001,2026-05-31 22:09:58.767635,20260531,ENSO
MEXC,QCOMSTOCK_USDT,QCOMSTOCK,USDT,USDT,50.0,8.0,0.01,2026-05-31 22:09:58.767635,20260531,QCOMSTOCK
MEXC,IONQSTOCK_USDT,IONQSTOCK,USDT,USDT,20.0,8.0,0.01,2026-05-31 22:09:58.767635,20260531,IONQSTOCK
MEXC,T_USDT,T,USDT,USDT,50.0,4.0,1e-06,2026-05-31 22:09:58.767635,20260531,T
MEXC,AUCTION_USDT,AUCTION,USDT,USDT,20.0,4.0,0.001,2026-05-31 22:09:58.767635,20260531,AUCTION
MEXC,ANIME_USDT,ANIME,USDT,USDT,20.0,4.0,1e-06,2026-05-31 22:09:58.767635,20260531,ANIME
MEXC,HBAR_USDC,HBAR,USDC,USDC,125.0,4.0,1e-05,2026-05-31 22:09:58.767635,20260531,HBAR
MEXC,ES_USDT,ES,USDT,USDT,50.0,4.0,0.0001,2026-05-31 22:09:58.767635,20260531,ES
MEXC,LLYSTOCK_USDT,LLYSTOCK,USDT,USDT,100.0,8.0,0.01,2026-05-31 22:09:58.767635,20260531,LLYSTOCK
MEXC,BREV_USDT,BREV,USDT,USDT,20.0,4.0,0.0001,2026-05-31 22:09:58.767635,20260531,BREV
MEXC,SOXX_USDT,SOXX,USDT,USDT,50.0,8.0,0.01,2026-05-31 22:09:58.767635,20260531,SOXX
MEXC,CTK_USDT,CTK,USDT,USDT,125.0,4.0,0.0001,2026-05-31 22:09:58.767635,20260531,CTK
MEXC,BEAMX_USDT,BEAMX,USDT,USDT,75.0,4.0,1e-06,2026-05-31 22:09:58.767635,20260531,BEAMX
MEXC,CARV_USDT,CARV,USDT,USDT,20.0,4.0,1e-05,2026-05-31 22:09:58.767635,20260531,CARV
MEXC,WET_USDT,WET,USDT,USDT,50.0,4.0,1e-05,2026-05-31 22:09:58.767635,20260531,WET
MEXC,XAUT_USD1,XAUT,USD1,USD1,100.0,4.0,0.1,2026-05-31 22:09:58.767635,20260531,XAUT_USD1
MEXC,BRKBSTOCK_USDT,BRKBSTOCK,USDT,USDT,20.0,8.0,0.01,2026-05-31 22:09:58.767635,20260531,BRKBSTOCK
MEXC,SKL_USDT,SKL,USDT,USDT,20.0,4.0,1e-05,2026-05-31 22:09:58.767635,20260531,SKL
MEXC,OGN_USDT,OGN,USDT,USDT,125.0,4.0,1e-05,2026-05-31 22:09:58.767635,20260531,OGN
MEXC,PUFFER_USDT,PUFFER,USDT,USDT,20.0,8.0,1e-05,2026-05-31 22:09:58.767635,20260531,PUFFER
MEXC,ADA_USDC,ADA,USDC,USDC,125.0,4.0,0.0001,2026-05-31 22:09:58.767635,20260531,ADA
MEXC,SOPH_USDT,SOPH,USDT,USDT,20.0,4.0,1e-06,2026-05-31 22:09:58.767635,20260531,SOPH
MEXC,A_USDT,A,USDT,USDT,100.0,4.0,0.0001,2026-05-31 22:09:58.767635,20260531,A
MEXC,PENDLE_USDC,PENDLE,USDC,USDC,125.0,8.0,0.0001,2026-05-31 22:09:58.767635,20260531,PENDLE
MEXC,VSTOCK_USDT,VSTOCK,USDT,USDT,100.0,8.0,0.01,2026-05-31 22:09:58.767635,20260531,VSTOCK
MEXC,JDSTOCK_USDT,JDSTOCK,USDT,USDT,100.0,8.0,0.01,2026-05-31 22:09:58.767635,20260531,JDSTOCK
MEXC,COSTSTOCK_USDT,COSTSTOCK,USDT,USDT,100.0,8.0,0.01,2026-05-31 22:09:58.767635,20260531,COSTSTOCK
MEXC,ESP_USDT,ESP,USDT,USDT,20.0,4.0,1e-05,2026-05-31 22:09:58.767635,20260531,ESP
MEXC,WDCSTOCK_USDT,WDCSTOCK,USDT,USDT,100.0,8.0,0.01,2026-05-31 22:09:58.767635,20260531,WDCSTOCK
MEXC,STXSTOCK_USDT,STXSTOCK,USDT,USDT,100.0,8.0,0.01,2026-05-31 22:09:58.767635,20260531,STXSTOCK
MEXC,JP225_USDT,JP225,USDT,USDT,50.0,1.0,1.0,2026-05-31 22:09:58.767635,20260531,JP225
MEXC,SPELL_USDT,SPELL,USDT,USDT,20.0,8.0,1e-07,2026-05-31 22:09:58.767635,20260531,SPELL
MEXC,AGI_USDT,AGI,USDT,USDT,50.0,8.0,1e-05,2026-05-31 22:09:58.767635,20260531,AGI
MEXC,LMWR_USDT,LMWR,USDT,USDT,50.0,4.0,1e-05,2026-05-31 22:09:58.767635,20260531,LMWR
MEXC,DOGE_USDC,DOGE,USDC,USDC,125.0,8.0,1e-05,2026-05-31 22:09:58.767635,20260531,DOGE
MEXC,AURASOL_USDT,AURASOL,USDT,USDT,20.0,4.0,1e-05,2026-05-31 22:09:58.767635,20260531,AURASOL
MEXC,ADBESTOCK_USDT,ADBESTOCK,USDT,USDT,50.0,8.0,0.01,2026-05-31 22:09:58.767635,20260531,ADBESTOCK
MEXC,GAIB_USDT,GAIB,USDT,USDT,20.0,4.0,1e-05,2026-05-31 22:09:58.767635,20260531,GAIB
MEXC,CRMSTOCK_USDT,CRMSTOCK,USDT,USDT,50.0,8.0,0.01,2026-05-31 22:09:58.767635,20260531,CRMSTOCK
MEXC,FRAX_USDT,FRAX,USDT,USDT,50.0,4.0,0.0001,2026-05-31 22:09:58.767635,20260531,FRAX
MEXC,HYPE_USD1,HYPE,USD1,USD1,50.0,4.0,0.001,2026-05-31 22:09:58.767635,20260531,HYPE_USD1
MEXC,LRC_USDT,LRC,USDT,USDT,50.0,4.0,1e-05,2026-05-31 22:09:58.767635,20260531,LRC
MEXC,ICX_USDT,ICX,USDT,USDT,20.0,4.0,1e-05,2026-05-31 22:09:58.767635,20260531,ICX
MEXC,TRY_USDT,TRY,USDT,USDT,100.0,4.0,1e-05,2026-05-31 22:09:58.767635,20260531,TRY
MEXC,CSCOSTOCK_USDT,CSCOSTOCK,USDT,USDT,100.0,8.0,0.01,2026-05-31 22:09:58.767635,20260531,CSCOSTOCK
MEXC,CHECK_USDT,CHECK,USDT,USDT,20.0,4.0,1e-05,2026-05-31 22:09:58.767635,20260531,CHECK
MEXC,BULL_USDT,BULL,USDT,USDT,20.0,4.0,1e-06,2026-05-31 22:09:58.767635,20260531,BULL
MEXC,UNC_USDT,UNC,USDT,USDT,20.0,4.0,1e-06,2026-05-31 22:09:58.767635,20260531,UNC
MEXC,KAIO_USDT,KAIO,USDT,USDT,20.0,4.0,0.0001,2026-05-31 22:09:58.767635,20260531,KAIO
MEXC,AGLD_USDT,AGLD,USDT,USDT,50.0,8.0,0.0001,2026-05-31 22:09:58.767635,20260531,AGLD
MEXC,GLM_USDT,GLM,USDT,USDT,50.0,4.0,0.0001,2026-05-31 22:09:58.767635,20260531,GLM
MEXC,SAFE_USDT,SAFE,USDT,USDT,100.0,4.0,0.0001,2026-05-31 22:09:58.767635,20260531,SAFE
MEXC,AWE_USDT,AWE,USDT,USDT,20.0,4.0,1e-05,2026-05-31 22:09:58.767635,20260531,AWE
MEXC,TREE_USDT,TREE,USDT,USDT,20.0,4.0,1e-05,2026-05-31 22:09:58.767635,20260531,TREE
MEXC,BDX_USDT,BDX,USDT,USDT,20.0,4.0,0.0001,2026-05-31 22:09:58.767635,20260531,BDX
MEXC,ELIZAOS_USDT,ELIZAOS,USDT,USDT,20.0,4.0,1e-06,2026-05-31 22:09:58.767635,20260531,ELIZAOS
MEXC,ASMLSTOCK_USDT,ASMLSTOCK,USDT,USDT,50.0,8.0,0.01,2026-05-31 22:09:58.767635,20260531,ASMLSTOCK
MEXC,GAS_USDT,GAS,USDT,USDT,50.0,4.0,0.001,2026-05-31 22:09:58.767635,20260531,GAS
MEXC,MOCA_USDT,MOCA,USDT,USDT,50.0,4.0,1e-05,2026-05-31 22:09:58.767635,20260531,MOCA
MEXC,NPC_USDT,NPC,USDT,USDT,20.0,4.0,1e-05,2026-05-31 22:09:58.767635,20260531,NPC
MEXC,KMNO_USDT,KMNO,USDT,USDT,125.0,4.0,1e-05,2026-05-31 22:09:58.767635,20260531,KMNO
MEXC,INJ_USDC,INJ,USDC,USDC,50.0,8.0,0.001,2026-05-31 22:09:58.767635,20260531,INJ
MEXC,MAMO_USDT,MAMO,USDT,USDT,20.0,4.0,1e-05,2026-05-31 22:09:58.767635,20260531,MAMO
MEXC,NFLXSTOCK_USDT,NFLXSTOCK,USDT,USDT,100.0,8.0,0.01,2026-05-31 22:09:58.767635,20260531,NFLXSTOCK
MEXC,WMTSTOCK_USDT,WMTSTOCK,USDT,USDT,100.0,8.0,0.01,2026-05-31 22:09:58.767635,20260531,WMTSTOCK
MEXC,ELSA_USDT,ELSA,USDT,USDT,50.0,4.0,0.0001,2026-05-31 22:09:58.767635,20260531,ELSA
MEXC,SHLD_USDT,SHLD,USDT,USDT,20.0,8.0,0.01,2026-05-31 22:09:58.767635,20260531,SHLD
MEXC,TFUEL_USDT,TFUEL,USDT,USDT,20.0,8.0,1e-05,2026-05-31 22:09:58.767635,20260531,TFUEL
MEXC,SCR_USDT,SCR,USDT,USDT,125.0,4.0,1e-05,2026-05-31 22:09:58.767635,20260531,SCR
MEXC,VELODROME_USDT,VELODROME,USDT,USDT,50.0,4.0,1e-05,2026-05-31 22:09:58.767635,20260531,VELODROME
MEXC,AVAX_USDC,AVAX,USDC,USDC,125.0,8.0,0.001,2026-05-31 22:09:58.767635,20260531,AVAX
MEXC,ORDI_USDC,ORDI,USDC,USDC,125.0,4.0,0.001,2026-05-31 22:09:58.767635,20260531,ORDI
MEXC,ASP_USDT,ASP,USDT,USDT,50.0,4.0,1e-05,2026-05-31 22:09:58.767635,20260531,ASP
MEXC,RDDTSTOCK_USDT,RDDTSTOCK,USDT,USDT,50.0,8.0,0.01,2026-05-31 22:09:58.767635,20260531,RDDTSTOCK
MEXC,INTUSTOCK_USDT,INTUSTOCK,USDT,USDT,50.0,8.0,0.01,2026-05-31 22:09:58.767635,20260531,INTUSTOCK
MEXC,TESTICLE_USDT,TESTICLE,USDT,USDT,20.0,4.0,1e-06,2026-05-31 22:09:58.767635,20260531,TESTICLE
MEXC,XLE_USDT,XLE,USDT,USDT,20.0,8.0,0.01,2026-05-31 22:09:58.767635,20260531,XLE
MEXC,ORBS_USDT,ORBS,USDT,USDT,20.0,4.0,1e-06,2026-05-31 22:09:58.767635,20260531,ORBS
MEXC,UNI_USDC,UNI,USDC,USDC,125.0,8.0,0.001,2026-05-31 22:09:58.767635,20260531,UNI
MEXC,TAO_USDC,TAO,USDC,USDC,125.0,4.0,0.1,2026-05-31 22:09:58.767635,20260531,TAO
MEXC,ZKP_USDT,ZKP,USDT,USDT,20.0,4.0,1e-05,2026-05-31 22:09:58.767635,20260531,ZKP
MEXC,XOMSTOCK_USDT,XOMSTOCK,USDT,USDT,100.0,8.0,0.01,2026-05-31 22:09:58.767635,20260531,XOMSTOCK
MEXC,LRCXSTOCK_USDT,LRCXSTOCK,USDT,USDT,50.0,8.0,0.01,2026-05-31 22:09:58.767635,20260531,LRCXSTOCK
MEXC,PENGUIN_USDT,PENGUIN,USDT,USDT,20.0,4.0,1e-06,2026-05-31 22:09:58.767635,20260531,PENGUIN
MEXC,PAYPSTOCK_USDT,PAYPSTOCK,USDT,USDT,50.0,8.0,0.01,2026-05-31 22:09:58.767635,20260531,PAYPSTOCK
MEXC,ETH_USD1,ETH,USD1,USD1,100.0,8.0,0.01,2026-05-31 22:09:58.767635,20260531,ETH_USD1
MEXC,WAXP_USDT,WAXP,USDT,USDT,20.0,4.0,1e-06,2026-05-31 22:09:58.767635,20260531,WAXP
MEXC,BANANA_USDT,BANANA,USDT,USDT,20.0,4.0,0.001,2026-05-31 22:09:58.768631,20260531,BANANA
MEXC,DIA_USDT,DIA,USDT,USDT,100.0,4.0,0.0001,2026-05-31 22:09:58.768631,20260531,DIA
MEXC,LTC_USDC,LTC,USDC,USDC,125.0,8.0,0.01,2026-05-31 22:09:58.768631,20260531,LTC
MEXC,BRL_USDT,BRL,USDT,USDT,100.0,4.0,0.0001,2026-05-31 22:09:58.768631,20260531,BRL
MEXC,JPY_USDT,JPY,USDT,USDT,100.0,4.0,1e-06,2026-05-31 22:09:58.768631,20260531,JPY
MEXC,MCDSTOCK_USDT,MCDSTOCK,USDT,USDT,100.0,8.0,0.01,2026-05-31 22:09:58.768631,20260531,MCDSTOCK
MEXC,APPSTOCK_USDT,APPSTOCK,USDT,USDT,50.0,8.0,0.01,2026-05-31 22:09:58.768631,20260531,APPSTOCK
MEXC,EWJ_USDT,EWJ,USDT,USDT,20.0,8.0,0.01,2026-05-31 22:09:58.768631,20260531,EWJ
MEXC,COHRSTOCK_USDT,COHRSTOCK,USDT,USDT,20.0,8.0,0.01,2026-05-31 22:09:58.768631,20260531,COHRSTOCK
MEXC,TAIKO_USDT,TAIKO,USDT,USDT,50.0,4.0,0.0001,2026-05-31 22:09:58.768631,20260531,TAIKO
MEXC,ORDER_USDT,ORDER,USDT,USDT,20.0,4.0,1e-05,2026-05-31 22:09:58.768631,20260531,ORDER
MEXC,DBR_USDT,DBR,USDT,USDT,100.0,4.0,1e-05,2026-05-31 22:09:58.768631,20260531,DBR
MEXC,PEPE_USDC,PEPE,USDC,USDC,125.0,8.0,1e-09,2026-05-31 22:09:58.768631,20260531,PEPE
MEXC,1000BONK_USDC,1000BONK,USDC,USDC,125.0,4.0,1e-06,2026-05-31 22:09:58.768631,20260531,1000BONK
MEXC,LINK_USDC,LINK,USDC,USDC,125.0,8.0,0.001,2026-05-31 22:09:58.768631,20260531,LINK
MEXC,WIF_USDC,WIF,USDC,USDC,125.0,4.0,0.0001,2026-05-31 22:09:58.768631,20260531,WIF
MEXC,FIGSTOCK_USDT,FIGSTOCK,USDT,USDT,100.0,8.0,0.01,2026-05-31 22:09:58.768631,20260531,FIGSTOCK
MEXC,BASTOCK_USDT,BASTOCK,USDT,USDT,100.0,8.0,0.01,2026-05-31 22:09:58.768631,20260531,BASTOCK
MEXC,HK50_USDT,HK50,USDT,USDT,20.0,8.0,0.01,2026-05-31 22:09:58.768631,20260531,HK50
MEXC,LMTSTOCK_USDT,LMTSTOCK,USDT,USDT,50.0,8.0,0.01,2026-05-31 22:09:58.768631,20260531,LMTSTOCK
MEXC,PGSTOCK_USDT,PGSTOCK,USDT,USDT,100.0,8.0,0.01,2026-05-31 22:09:58.768631,20260531,PGSTOCK
MEXC,ADI_USDT,ADI,USDT,USDT,20.0,4.0,0.001,2026-05-31 22:09:58.768631,20260531,ADI
MEXC,SOL_USD1,SOL,USD1,USD1,100.0,8.0,0.01,2026-05-31 22:09:58.768631,20260531,SOL_USD1
MEXC,TAO_USD1,TAO,USD1,USD1,50.0,4.0,0.1,2026-05-31 22:09:58.768631,20260531,TAO_USD1
MEXC,BNB_USD1,BNB,USD1,USD1,50.0,8.0,0.1,2026-05-31 22:09:58.768631,20260531,BNB_USD1
MEXC,DISSTOCK_USDT,DISSTOCK,USDT,USDT,20.0,8.0,0.01,2026-05-31 22:09:58.768631,20260531,DISSTOCK
MEXC,CTC_USDT,CTC,USDT,USDT,20.0,4.0,0.0001,2026-05-31 22:09:58.768631,20260531,CTC
MEXC,GNO_USDT,GNO,USDT,USDT,50.0,8.0,0.01,2026-05-31 22:09:58.768631,20260531,GNO
MEXC,AUD_USDT,AUD,USDT,USDT,100.0,4.0,0.0001,2026-05-31 22:09:58.768631,20260531,AUD
MEXC,OP_USDC,OP,USDC,USDC,125.0,8.0,0.0001,2026-05-31 22:09:58.768631,20260531,OP
MEXC,POL_USDC,POL,USDC,USDC,125.0,8.0,0.0001,2026-05-31 22:09:58.768631,20260531,POL
MEXC,PENGU_USDC,PENGU,USDC,USDC,125.0,4.0,1e-06,2026-05-31 22:09:58.768631,20260531,PENGU
MEXC,VIRTUAL_USDC,VIRTUAL,USDC,USDC,125.0,4.0,0.0001,2026-05-31 22:09:58.768631,20260531,VIRTUAL
MEXC,ICNT_USDC,ICNT,USDC,USDC,50.0,4.0,0.0001,2026-05-31 22:09:58.768631,20260531,ICNT
MEXC,MASTOCK_USDT,MASTOCK,USDT,USDT,50.0,8.0,0.01,2026-05-31 22:09:58.768631,20260531,MASTOCK
MEXC,BACSTOCK_USDT,BACSTOCK,USDT,USDT,100.0,24.0,0.01,2026-05-31 22:09:58.768631,20260531,BACSTOCK
MEXC,ICP_USDC,ICP,USDC,USDC,50.0,8.0,0.001,2026-05-31 22:09:58.768631,20260531,ICP
MEXC,SPOTSTOCK_USDT,SPOTSTOCK,USDT,USDT,50.0,8.0,0.01,2026-05-31 22:09:58.768631,20260531,SPOTSTOCK
MEXC,KOSTOCK_USDT,KOSTOCK,USDT,USDT,50.0,8.0,0.01,2026-05-31 22:09:58.768631,20260531,KOSTOCK
MEXC,PYPLSTOCK_USDT,PYPLSTOCK,USDT,USDT,50.0,8.0,0.01,2026-05-31 22:09:58.768631,20260531,PYPLSTOCK
MEXC,ABBVSTOCK_USDT,ABBVSTOCK,USDT,USDT,50.0,8.0,0.01,2026-05-31 22:09:58.768631,20260531,ABBVSTOCK
MEXC,PDDSTOCK_USDT,PDDSTOCK,USDT,USDT,100.0,8.0,0.01,2026-05-31 22:09:58.768631,20260531,PDDSTOCK
MEXC,ZEC_USD1,ZEC,USD1,USD1,50.0,8.0,0.01,2026-05-31 22:09:58.768631,20260531,ZEC_USD1
MEXC,TXNSTOCK_USDT,TXNSTOCK,USDT,USDT,50.0,8.0,0.01,2026-05-31 22:09:58.768631,20260531,TXNSTOCK
MEXC,XIONGMAOTOU_USDT,XIONGMAOTOU,USDT,USDT,20.0,4.0,1e-06,2026-05-31 22:09:58.768631,20260531,XIONGMAOTOU
MEXC,GODS_USDT,GODS,USDT,USDT,20.0,4.0,1e-05,2026-05-31 22:09:58.768631,20260531,GODS
MEXC,BNT_USDT,BNT,USDT,USDT,50.0,8.0,0.0001,2026-05-31 22:09:58.768631,20260531,BNT
MEXC,ARB_USDC,ARB,USDC,USDC,125.0,8.0,0.0001,2026-05-31 22:09:58.768631,20260531,ARB
MEXC,SHIB_USDC,SHIB,USDC,USDC,125.0,8.0,1e-09,2026-05-31 22:09:58.768631,20260531,SHIB
MEXC,CRV_USDC,CRV,USDC,USDC,125.0,8.0,0.0001,2026-05-31 22:09:58.768631,20260531,CRV
MEXC,BCH_USDC,BCH,USDC,USDC,125.0,8.0,0.01,2026-05-31 22:09:58.768631,20260531,BCH
MEXC,APT_USDC,APT,USDC,USDC,125.0,8.0,0.0001,2026-05-31 22:09:58.768631,20260531,APT
MEXC,SEI_USDC,SEI,USDC,USDC,125.0,8.0,1e-05,2026-05-31 22:09:58.768631,20260531,SEI
MEXC,SILVER_USDC,SILVER,USDC,USDC,200.0,4.0,0.01,2026-05-31 22:09:58.768631,20260531,SILVER
MEXC,SHOPSTOCK_USDT,SHOPSTOCK,USDT,USDT,50.0,8.0,0.01,2026-05-31 22:09:58.768631,20260531,SHOPSTOCK
MEXC,RTXSTOCK_USDT,RTXSTOCK,USDT,USDT,50.0,8.0,0.01,2026-05-31 22:09:58.768631,20260531,RTXSTOCK
MEXC,OXYSTOCK_USDT,OXYSTOCK,USDT,USDT,50.0,8.0,0.01,2026-05-31 22:09:58.768631,20260531,OXYSTOCK
MEXC,KLACSTOCK_USDT,KLACSTOCK,USDT,USDT,100.0,8.0,0.01,2026-05-31 22:09:58.768631,20260531,KLACSTOCK
MEXC,RPL_USDT,RPL,USDT,USDT,20.0,4.0,0.001,2026-05-31 22:09:58.768631,20260531,RPL
MEXC,BOME_USDC,BOME,USDC,USDC,125.0,4.0,1e-07,2026-05-31 22:09:58.768631,20260531,BOME
MEXC,ETHFI_USDC,ETHFI,USDC,USDC,50.0,4.0,0.0001,2026-05-31 22:09:58.768631,20260531,ETHFI
MEXC,FIL_USDC,FIL,USDC,USDC,50.0,8.0,0.001,2026-05-31 22:09:58.768631,20260531,FIL
MEXC,ETC_USDC,ETC,USDC,USDC,125.0,8.0,0.001,2026-05-31 22:09:58.768631,20260531,ETC
MEXC,DOT_USDC,DOT,USDC,USDC,125.0,8.0,0.001,2026-05-31 22:09:58.768631,20260531,DOT
MEXC,GBP_USDT,GBP,USDT,USDT,100.0,4.0,0.0001,2026-05-31 22:09:58.768631,20260531,GBP
MEXC,CHF_USDT,CHF,USDT,USDT,100.0,4.0,0.0001,2026-05-31 22:09:58.768631,20260531,CHF
MEXC,AAVE_USDC,AAVE,USDC,USDC,125.0,8.0,0.01,2026-05-31 22:09:58.768631,20260531,AAVE
MEXC,NOT_USDC,NOT,USDC,USDC,125.0,4.0,1e-07,2026-05-31 22:09:58.768631,20260531,NOT
MEXC,AEVO_USDC,AEVO,USDC,USDC,125.0,4.0,1e-05,2026-05-31 22:09:58.768631,20260531,AEVO
MEXC,MNT_USDC,MNT,USDC,USDC,125.0,8.0,0.0001,2026-05-31 22:09:58.768631,20260531,MNT
MEXC,TRX_USDC,TRX,USDC,USDC,125.0,8.0,1e-05,2026-05-31 22:09:58.768631,20260531,TRX
MEXC,BIO_USDC,BIO,USDC,USDC,20.0,4.0,1e-05,2026-05-31 22:09:58.768631,20260531,BIO
MEXC,UNHSTOCK_USDT,UNHSTOCK,USDT,USDT,100.0,8.0,0.01,2026-05-31 22:09:58.768631,20260531,UNHSTOCK
MEXC,CVXSTOCK_USDT,CVXSTOCK,USDT,USDT,50.0,8.0,0.01,2026-05-31 22:09:58.768631,20260531,CVXSTOCK
MEXC,SBUXSTOCK_USDT,SBUXSTOCK,USDT,USDT,20.0,8.0,0.01,2026-05-31 22:09:58.768631,20260531,SBUXSTOCK
MEXC,BESTOCK_USDT,BESTOCK,USDT,USDT,20.0,8.0,0.01,2026-05-31 22:09:58.768631,20260531,BESTOCK
MEXC,BAR_USDT,BAR,USDT,USDT,100.0,8.0,0.001,2026-05-31 22:09:58.768631,20260531,BAR
MEXC,TRUMP_USDC,TRUMP,USDC,USDC,125.0,4.0,0.001,2026-05-31 22:09:58.768631,20260531,TRUMP
MEXC,PNUT_USDC,PNUT,USDC,USDC,125.0,4.0,1e-05,2026-05-31 22:09:58.768631,20260531,PNUT
MEXC,CVNASTOCK_USDT,CVNASTOCK,USDT,USDT,50.0,8.0,0.01,2026-05-31 22:09:58.768631,20260531,CVNASTOCK
MEXC,SPX_USDC,SPX,USDC,USDC,125.0,4.0,0.0001,2026-05-31 22:09:58.768631,20260531,SPX
MEXC,SAHARA_USDC,SAHARA,USDC,USDC,50.0,4.0,1e-05,2026-05-31 22:09:58.768631,20260531,SAHARA
MEXC,PUMPFUN_USDC,PUMPFUN,USDC,USDC,125.0,4.0,1e-06,2026-05-31 22:09:58.768631,20260531,PUMPFUN
MEXC,WLFI_USDC,WLFI,USDC,USDC,125.0,4.0,0.0001,2026-05-31 22:09:58.768631,20260531,WLFI
MEXC,GESTOCK_USDT,GESTOCK,USDT,USDT,50.0,8.0,0.01,2026-05-31 22:09:58.768631,20260531,GESTOCK
MEXC,VZSTOCK_USDT,VZSTOCK,USDT,USDT,50.0,8.0,0.01,2026-05-31 22:09:58.768631,20260531,VZSTOCK
MEXC,CSTOCK_USDT,CSTOCK,USDT,USDT,50.0,8.0,0.01,2026-05-31 22:09:58.768631,20260531,CSTOCK
MEXC,WFCSTOCK_USDT,WFCSTOCK,USDT,USDT,50.0,8.0,0.01,2026-05-31 22:09:58.768631,20260531,WFCSTOCK
MEXC,USOIL_USD1,USOIL,USD1,USD1,100.0,4.0,0.01,2026-05-31 22:09:58.768631,20260531,USOIL_USD1
MEXC,TRX_USD1,TRX,USD1,USD1,50.0,8.0,0.0001,2026-05-31 22:09:58.768631,20260531,TRX_USD1
MEXC,ADA_USD1,ADA,USD1,USD1,50.0,8.0,0.0001,2026-05-31 22:09:58.768631,20260531,ADA_USD1
MEXC,LTC_USD1,LTC,USD1,USD1,50.0,8.0,0.01,2026-05-31 22:09:58.768631,20260531,LTC_USD1
MEXC,NEAR_USD1,NEAR,USD1,USD1,50.0,8.0,0.001,2026-05-31 22:09:58.768631,20260531,NEAR_USD1
MEXC,TON_USD1,TON,USD1,USD1,50.0,4.0,0.0001,2026-05-31 22:09:58.768631,20260531,TON_USD1
MEXC,LFI_USDT,LFI,USDT,USDT,20.0,4.0,1e-08,2026-05-31 22:09:58.768631,20260531,LFI
MEXC,MAXXING_USDT,MAXXING,USDT,USDT,20.0,4.0,1e-06,2026-05-31 22:09:58.768631,20260531,MAXXING
MEXC,NEO_USDC,NEO,USDC,USDC,50.0,8.0,0.001,2026-05-31 22:09:58.768631,20260531,NEO
MEXC,KAITO_USDC,KAITO,USDC,USDC,50.0,4.0,0.0001,2026-05-31 22:09:58.768631,20260531,KAITO
MEXC,EIGEN_USDC,EIGEN,USDC,USDC,125.0,8.0,0.0001,2026-05-31 22:09:58.768631,20260531,EIGEN
MEXC,MOODENG_USDC,MOODENG,USDC,USDC,50.0,4.0,1e-05,2026-05-31 22:09:58.768631,20260531,MOODENG
MEXC,RESOLV_USDC,RESOLV,USDC,USDC,50.0,4.0,1e-05,2026-05-31 22:09:58.768631,20260531,RESOLV
MEXC,USDUC_USDT,USDUC,USDT,USDT,20.0,4.0,1e-05,2026-05-31 22:09:58.768631,20260531,USDUC
MEXC,PAXG_USDC,PAXG,USDC,USDC,100.0,4.0,0.01,2026-05-31 22:09:58.768631,20260531,PAXG
MEXC,SUI_USD1,SUI,USD1,USD1,50.0,8.0,0.0001,2026-05-31 22:09:58.768631,20260531,SUI_USD1
MEXC,XRP_USD1,XRP,USD1,USD1,100.0,8.0,0.0001,2026-05-31 22:09:58.768631,20260531,XRP_USD1
MEXC,DOGE_USD1,DOGE,USD1,USD1,50.0,8.0,1e-05,2026-05-31 22:09:58.768631,20260531,DOGE_USD1
MEXC,AAVE_USD1,AAVE,USD1,USD1,50.0,8.0,0.01,2026-05-31 22:09:58.768631,20260531,AAVE_USD1
MEXC,PEPE_USD1,PEPE,USD1,USD1,50.0,8.0,1e-08,2026-05-31 22:09:58.768631,20260531,PEPE_USD1
MEXC,ASTER_USD1,ASTER,USD1,USD1,50.0,8.0,0.001,2026-05-31 22:09:58.768631,20260531,ASTER_USD1
MEXC,UKOIL_USD1,UKOIL,USD1,USD1,100.0,4.0,0.01,2026-05-31 22:09:58.768631,20260531,UKOIL_USD1
MEXC,AVAX_USD1,AVAX,USD1,USD1,50.0,8.0,0.001,2026-05-31 22:09:58.768631,20260531,AVAX_USD1
MEXC,WLFI_USD1,WLFI,USD1,USD1,50.0,8.0,0.0001,2026-05-31 22:09:58.768631,20260531,WLFI_USD1
MEXC,ARB_USD1,ARB,USD1,USD1,50.0,8.0,0.0001,2026-05-31 22:09:58.768631,20260531,ARB_USD1
MEXC,ENA_USD1,ENA,USD1,USD1,50.0,4.0,1e-05,2026-05-31 22:09:58.768631,20260531,ENA_USD1
MEXC,DOT_USD1,DOT,USD1,USD1,50.0,8.0,0.001,2026-05-31 22:09:58.768631,20260531,DOT_USD1
MEXC,IP_USDC,IP,USDC,USDC,50.0,4.0,0.0001,2026-05-31 22:09:58.768631,20260531,IP
MEXC,NEIROCTO_USDC,NEIROCTO,USDC,USDC,125.0,4.0,1e-08,2026-05-31 22:09:58.768631,20260531,NEIROCTO
MEXC,LINK_USD1,LINK,USD1,USD1,50.0,8.0,0.001,2026-05-31 22:09:58.768631,20260531,LINK_USD1
MEXC,POPCAT_USDC,POPCAT,USDC,USDC,125.0,8.0,0.0001,2026-05-31 22:09:58.768631,20260531,POPCAT
MEXC,CAD_USDT,CAD,USDT,USDT,100.0,4.0,0.0001,2026-05-31 22:09:58.768631,20260531,CAD
MEXC,BCH_USD1,BCH,USD1,USD1,50.0,8.0,0.1,2026-05-31 22:09:58.768631,20260531,BCH_USD1
MEXC,UNI_USD1,UNI,USD1,USD1,50.0,8.0,0.001,2026-05-31 22:09:58.768631,20260531,UNI_USD1
MEXC,SILVER_USD1,SILVER,USD1,USD1,100.0,4.0,0.01,2026-05-31 22:09:58.768631,20260531,SILVER_USD1
OKX,BTC-USD-SWAP,BTC,USD,BTC,100.0,8.0,0.1,2026-05-31 22:09:58.768631,20260531,BTC-USD
OKX,ETH-USD-SWAP,ETH,USD,ETH,100.0,8.0,0.01,2026-05-31 22:09:58.768631,20260531,ETH-USD
OKX,SOL-USD-SWAP,SOL,USD,SOL,50.0,8.0,0.01,2026-05-31 22:09:58.768631,20260531,SOL-USD
OKX,DOGE-USD-SWAP,DOGE,USD,DOGE,50.0,8.0,1e-05,2026-05-31 22:09:58.768631,20260531,DOGE-USD
OKX,XRP-USD-SWAP,XRP,USD,XRP,50.0,8.0,0.0001,2026-05-31 22:09:58.768631,20260531,XRP-USD
OKX,BCH-USD-SWAP,BCH,USD,BCH,20.0,8.0,0.1,2026-05-31 22:09:58.768631,20260531,BCH-USD
OKX,ADA-USD-SWAP,ADA,USD,ADA,20.0,8.0,0.0001,2026-05-31 22:09:58.768631,20260531,ADA-USD
OKX,AVAX-USD-SWAP,AVAX,USD,AVAX,20.0,8.0,0.001,2026-05-31 22:09:58.768631,20260531,AVAX-USD
OKX,DOT-USD-SWAP,DOT,USD,DOT,20.0,8.0,0.001,2026-05-31 22:09:58.768631,20260531,DOT-USD
OKX,ETC-USD-SWAP,ETC,USD,ETC,20.0,8.0,0.001,2026-05-31 22:09:58.768631,20260531,ETC-USD
OKX,FIL-USD-SWAP,FIL,USD,FIL,50.0,8.0,0.0001,2026-05-31 22:09:58.768631,20260531,FIL-USD
OKX,LINK-USD-SWAP,LINK,USD,LINK,50.0,8.0,0.001,2026-05-31 22:09:58.768631,20260531,LINK-USD
OKX,LTC-USD-SWAP,LTC,USD,LTC,50.0,8.0,0.01,2026-05-31 22:09:58.768631,20260531,LTC-USD
OKX,SUI-USD-SWAP,SUI,USD,SUI,20.0,8.0,0.0001,2026-05-31 22:09:58.768631,20260531,SUI-USD
OKX,UNI-USD-SWAP,UNI,USD,UNI,20.0,8.0,0.001,2026-05-31 22:09:58.768631,20260531,UNI-USD
OKX,BTC-USDT-SWAP,BTC,USDT,USDT,100.0,8.0,0.1,2026-05-31 22:09:58.768631,20260531,BTC-USDT
OKX,ETH-USDT-SWAP,ETH,USDT,USDT,100.0,8.0,0.01,2026-05-31 22:09:58.768631,20260531,ETH-USDT
OKX,OKB-USDT-SWAP,OKB,USDT,USDT,20.0,4.0,0.01,2026-05-31 22:09:58.768631,20260531,OKB-USDT
OKX,SOL-USDT-SWAP,SOL,USDT,USDT,50.0,8.0,0.01,2026-05-31 22:09:58.768631,20260531,SOL-USDT
OKX,DOGE-USDT-SWAP,DOGE,USDT,USDT,50.0,8.0,1e-05,2026-05-31 22:09:58.768631,20260531,DOGE-USDT
OKX,XRP-USDT-SWAP,XRP,USDT,USDT,50.0,8.0,0.001,2026-05-31 22:09:58.768631,20260531,XRP-USDT
OKX,BCH-USDT-SWAP,BCH,USDT,USDT,50.0,8.0,0.1,2026-05-31 22:09:58.768631,20260531,BCH-USDT
OKX,PUMP-USDT-SWAP,PUMP,USDT,USDT,50.0,4.0,1e-06,2026-05-31 22:09:58.768631,20260531,PUMP-USDT
OKX,WLFI-USDT-SWAP,WLFI,USDT,USDT,50.0,4.0,1e-05,2026-05-31 22:09:58.768631,20260531,WLFI-USDT
OKX,LINEA-USDT-SWAP,LINEA,USDT,USDT,50.0,4.0,1e-06,2026-05-31 22:09:58.768631,20260531,LINEA-USDT
OKX,0G-USDT-SWAP,0G,USDT,USDT,20.0,4.0,0.0001,2026-05-31 22:09:58.768631,20260531,0G-USDT
OKX,1INCH-USDT-SWAP,1INCH,USDT,USDT,20.0,8.0,1e-05,2026-05-31 22:09:58.768631,20260531,1INCH-USDT
OKX,2Z-USDT-SWAP,2Z,USDT,USDT,20.0,4.0,1e-05,2026-05-31 22:09:58.768631,20260531,2Z-USDT
OKX,A-USDT-SWAP,A,USDT,USDT,20.0,4.0,1e-05,2026-05-31 22:09:58.768631,20260531,A-USDT
OKX,AAOI-USDT-SWAP,AAOI,USDT,USDT,10.0,8.0,0.1,2026-05-31 22:09:58.768631,20260531,AAOI-USDT
OKX,AAPL-USDT-SWAP,AAPL,USDT,USDT,20.0,8.0,0.01,2026-05-31 22:09:58.768631,20260531,AAPL-USDT
OKX,AAVE-USDT-SWAP,AAVE,USDT,USDT,50.0,8.0,0.01,2026-05-31 22:09:58.768631,20260531,AAVE-USDT
OKX,ACH-USDT-SWAP,ACH,USDT,USDT,20.0,4.0,1e-06,2026-05-31 22:09:58.768631,20260531,ACH-USDT
OKX,ACT-USDT-SWAP,ACT,USDT,USDT,10.0,4.0,1e-05,2026-05-31 22:09:58.768631,20260531,ACT-USDT
OKX,ACU-USDT-SWAP,ACU,USDT,USDT,10.0,4.0,1e-05,2026-05-31 22:09:58.768631,20260531,ACU-USDT
OKX,ADA-USDT-SWAP,ADA,USDT,USDT,50.0,8.0,0.0001,2026-05-31 22:09:58.768631,20260531,ADA-USDT
OKX,AERO-USDT-SWAP,AERO,USDT,USDT,20.0,4.0,0.0001,2026-05-31 22:09:58.768631,20260531,AERO-USDT
OKX,AEVO-USDT-SWAP,AEVO,USDT,USDT,10.0,4.0,1e-05,2026-05-31 22:09:58.768631,20260531,AEVO-USDT
OKX,AGLD-USDT-SWAP,AGLD,USDT,USDT,20.0,8.0,0.0001,2026-05-31 22:09:58.768631,20260531,AGLD-USDT
OKX,AI-USDT-SWAP,AI,USDT,USDT,10.0,4.0,1e-05,2026-05-31 22:09:58.768631,20260531,AI-USDT
OKX,AIXBT-USDT-SWAP,AIXBT,USDT,USDT,20.0,4.0,1e-05,2026-05-31 22:09:58.768631,20260531,AIXBT-USDT
OKX,ALGO-USDT-SWAP,ALGO,USDT,USDT,50.0,8.0,1e-05,2026-05-31 22:09:58.768631,20260531,ALGO-USDT
OKX,ALLO-USDT-SWAP,ALLO,USDT,USDT,10.0,4.0,1e-05,2026-05-31 22:09:58.768631,20260531,ALLO-USDT
OKX,AMAT-USDT-SWAP,AMAT,USDT,USDT,10.0,8.0,0.1,2026-05-31 22:09:58.768631,20260531,AMAT-USDT
OKX,AMD-USDT-SWAP,AMD,USDT,USDT,20.0,8.0,0.01,2026-05-31 22:09:58.768631,20260531,AMD-USDT
OKX,AMZN-USDT-SWAP,AMZN,USDT,USDT,20.0,8.0,0.01,2026-05-31 22:09:58.768631,20260531,AMZN-USDT
OKX,ANIME-USDT-SWAP,ANIME,USDT,USDT,20.0,4.0,1e-06,2026-05-31 22:09:58.768631,20260531,ANIME-USDT
OKX,ANTHROPIC-USDT-SWAP,ANTHROPIC,USDT,USDT,5.0,8.0,0.1,2026-05-31 22:09:58.768631,20260531,ANTHROPIC-USDT
OKX,APE-USDT-SWAP,APE,USDT,USDT,20.0,8.0,1e-05,2026-05-31 22:09:58.768631,20260531,APE-USDT
OKX,API3-USDT-SWAP,API3,USDT,USDT,10.0,4.0,0.0001,2026-05-31 22:09:58.768631,20260531,API3-USDT
OKX,APR-USDT-SWAP,APR,USDT,USDT,20.0,4.0,0.0001,2026-05-31 22:09:58.768631,20260531,APR-USDT
OKX,APT-USDT-SWAP,APT,USDT,USDT,50.0,8.0,0.0001,2026-05-31 22:09:58.768631,20260531,APT-USDT
OKX,AR-USDT-SWAP,AR,USDT,USDT,20.0,8.0,0.001,2026-05-31 22:09:58.768631,20260531,AR-USDT
OKX,ARB-USDT-SWAP,ARB,USDT,USDT,50.0,8.0,1e-05,2026-05-31 22:09:58.768631,20260531,ARB-USDT
OKX,ARKM-USDT-SWAP,ARKM,USDT,USDT,20.0,8.0,1e-05,2026-05-31 22:09:58.768631,20260531,ARKM-USDT
OKX,ARM-USDT-SWAP,ARM,USDT,USDT,5.0,8.0,0.1,2026-05-31 22:09:58.768631,20260531,ARM-USDT
OKX,ASTER-USDT-SWAP,ASTER,USDT,USDT,50.0,4.0,0.0001,2026-05-31 22:09:58.768631,20260531,ASTER-USDT
OKX,AT-USDT-SWAP,AT,USDT,USDT,20.0,4.0,0.0001,2026-05-31 22:09:58.768631,20260531,AT-USDT
OKX,ATH-USDT-SWAP,ATH,USDT,USDT,20.0,4.0,1e-06,2026-05-31 22:09:58.768631,20260531,ATH-USDT
OKX,ATOM-USDT-SWAP,ATOM,USDT,USDT,50.0,8.0,0.001,2026-05-31 22:09:58.768631,20260531,ATOM-USDT
OKX,AUCTION-USDT-SWAP,AUCTION,USDT,USDT,20.0,4.0,0.001,2026-05-31 22:09:58.768631,20260531,AUCTION-USDT
OKX,AVAX-USDT-SWAP,AVAX,USDT,USDT,50.0,8.0,0.001,2026-05-31 22:09:58.768631,20260531,AVAX-USDT
OKX,AVGO-USDT-SWAP,AVGO,USDT,USDT,20.0,8.0,0.1,2026-05-31 22:09:58.768631,20260531,AVGO-USDT
OKX,AVNT-USDT-SWAP,AVNT,USDT,USDT,50.0,4.0,0.0001,2026-05-31 22:09:58.768631,20260531,AVNT-USDT
OKX,AXS-USDT-SWAP,AXS,USDT,USDT,20.0,4.0,0.0001,2026-05-31 22:09:58.768631,20260531,AXS-USDT
OKX,AZTEC-USDT-SWAP,AZTEC,USDT,USDT,20.0,4.0,1e-05,2026-05-31 22:09:58.768631,20260531,AZTEC-USDT
OKX,BABY-USDT-SWAP,BABY,USDT,USDT,20.0,4.0,1e-05,2026-05-31 22:09:58.768631,20260531,BABY-USDT
OKX,BAND-USDT-SWAP,BAND,USDT,USDT,20.0,8.0,0.0001,2026-05-31 22:09:58.768631,20260531,BAND-USDT
OKX,BARD-USDT-SWAP,BARD,USDT,USDT,20.0,4.0,0.0001,2026-05-31 22:09:58.768631,20260531,BARD-USDT
OKX,BASED-USDT-SWAP,BASED,USDT,USDT,50.0,4.0,1e-05,2026-05-31 22:09:58.768631,20260531,BASED-USDT
OKX,BAT-USDT-SWAP,BAT,USDT,USDT,20.0,8.0,1e-05,2026-05-31 22:09:58.768631,20260531,BAT-USDT
OKX,BE-USDT-SWAP,BE,USDT,USDT,10.0,8.0,0.1,2026-05-31 22:09:58.768631,20260531,BE-USDT
OKX,BEAT-USDT-SWAP,BEAT,USDT,USDT,20.0,4.0,0.0001,2026-05-31 22:09:58.768631,20260531,BEAT-USDT
OKX,BERA-USDT-SWAP,BERA,USDT,USDT,20.0,4.0,0.0001,2026-05-31 22:09:58.768631,20260531,BERA-USDT
OKX,BICO-USDT-SWAP,BICO,USDT,USDT,10.0,8.0,1e-05,2026-05-31 22:09:58.768631,20260531,BICO-USDT
OKX,BIGTIME-USDT-SWAP,BIGTIME,USDT,USDT,20.0,4.0,1e-05,2026-05-31 22:09:58.768631,20260531,BIGTIME-USDT
OKX,BILL-USDT-SWAP,BILL,USDT,USDT,20.0,4.0,1e-05,2026-05-31 22:09:58.768631,20260531,BILL-USDT
OKX,BIO-USDT-SWAP,BIO,USDT,USDT,20.0,4.0,1e-05,2026-05-31 22:09:58.768631,20260531,BIO-USDT
OKX,BLEND-USDT-SWAP,BLEND,USDT,USDT,20.0,4.0,1e-05,2026-05-31 22:09:58.768631,20260531,BLEND-USDT
OKX,BLUR-USDT-SWAP,BLUR,USDT,USDT,20.0,4.0,1e-05,2026-05-31 22:09:58.768631,20260531,BLUR-USDT
OKX,BMNR-USDT-SWAP,BMNR,USDT,USDT,10.0,8.0,0.01,2026-05-31 22:09:58.768631,20260531,BMNR-USDT
OKX,BNB-USDT-SWAP,BNB,USDT,USDT,50.0,8.0,0.1,2026-05-31 22:09:58.768631,20260531,BNB-USDT
OKX,BOME-USDT-SWAP,BOME,USDT,USDT,20.0,4.0,1e-07,2026-05-31 22:09:58.768631,20260531,BOME-USDT
OKX,BONK-USDT-SWAP,BONK,USDT,USDT,20.0,8.0,1e-09,2026-05-31 22:09:58.768631,20260531,BONK-USDT
OKX,BRETT-USDT-SWAP,BRETT,USDT,USDT,10.0,4.0,1e-06,2026-05-31 22:09:58.768631,20260531,BRETT-USDT
OKX,BREV-USDT-SWAP,BREV,USDT,USDT,20.0,4.0,0.0001,2026-05-31 22:09:58.768631,20260531,BREV-USDT
OKX,BSB-USDT-SWAP,BSB,USDT,USDT,20.0,4.0,0.0001,2026-05-31 22:09:58.768631,20260531,BSB-USDT
OKX,BZ-USDT-SWAP,BZ,USDT,USDT,50.0,4.0,0.01,2026-05-31 22:09:58.768631,20260531,BZ-USDT
OKX,CBRS-USDT-SWAP,CBRS,USDT,USDT,20.0,8.0,0.1,2026-05-31 22:09:58.768631,20260531,CBRS-USDT
OKX,CC-USDT-SWAP,CC,USDT,USDT,20.0,4.0,0.0001,2026-05-31 22:09:58.768631,20260531,CC-USDT
OKX,CELO-USDT-SWAP,CELO,USDT,USDT,20.0,8.0,1e-05,2026-05-31 22:09:58.768631,20260531,CELO-USDT
OKX,CFX-USDT-SWAP,CFX,USDT,USDT,20.0,8.0,1e-05,2026-05-31 22:09:58.768631,20260531,CFX-USDT
OKX,CHIP-USDT-SWAP,CHIP,USDT,USDT,20.0,4.0,1e-05,2026-05-31 22:09:58.768631,20260531,CHIP-USDT
OKX,CHZ-USDT-SWAP,CHZ,USDT,USDT,50.0,8.0,1e-05,2026-05-31 22:09:58.768631,20260531,CHZ-USDT
OKX,CL-USDT-SWAP,CL,USDT,USDT,50.0,4.0,0.01,2026-05-31 22:09:58.768631,20260531,CL-USDT
OKX,COAI-USDT-SWAP,COAI,USDT,USDT,10.0,4.0,0.0001,2026-05-31 22:09:58.768631,20260531,COAI-USDT
OKX,COHR-USDT-SWAP,COHR,USDT,USDT,10.0,8.0,0.1,2026-05-31 22:09:58.768631,20260531,COHR-USDT
OKX,COIN-USDT-SWAP,COIN,USDT,USDT,20.0,8.0,0.01,2026-05-31 22:09:58.768631,20260531,COIN-USDT
OKX,COMP-USDT-SWAP,COMP,USDT,USDT,20.0,8.0,0.01,2026-05-31 22:09:58.768631,20260531,COMP-USDT
OKX,CORE-USDT-SWAP,CORE,USDT,USDT,20.0,8.0,1e-05,2026-05-31 22:09:58.768631,20260531,CORE-USDT
OKX,COST-USDT-SWAP,COST,USDT,USDT,20.0,8.0,0.1,2026-05-31 22:09:58.768631,20260531,COST-USDT
OKX,CRCL-USDT-SWAP,CRCL,USDT,USDT,20.0,8.0,0.01,2026-05-31 22:09:58.768631,20260531,CRCL-USDT
OKX,CRO-USDT-SWAP,CRO,USDT,USDT,20.0,8.0,1e-05,2026-05-31 22:09:58.768631,20260531,CRO-USDT
OKX,CRV-USDT-SWAP,CRV,USDT,USDT,50.0,8.0,0.0001,2026-05-31 22:09:58.768631,20260531,CRV-USDT
OKX,CRWV-USDT-SWAP,CRWV,USDT,USDT,20.0,8.0,0.01,2026-05-31 22:09:58.768631,20260531,CRWV-USDT
OKX,CRWD-USDT-SWAP,CRWD,USDT,USDT,5.0,8.0,0.1,2026-05-31 22:09:58.768631,20260531,CRWD-USDT
OKX,CSCO-USDT-SWAP,CSCO,USDT,USDT,20.0,8.0,0.1,2026-05-31 22:09:58.768631,20260531,CSCO-USDT
OKX,CVX-USDT-SWAP,CVX,USDT,USDT,10.0,4.0,0.001,2026-05-31 22:09:58.769629,20260531,CVX-USDT
OKX,DASH-USDT-SWAP,DASH,USDT,USDT,50.0,4.0,0.01,2026-05-31 22:09:58.769629,20260531,DASH-USDT
OKX,DELL-USDT-SWAP,DELL,USDT,USDT,10.0,8.0,0.1,2026-05-31 22:09:58.769629,20260531,DELL-USDT
OKX,DOOD-USDT-SWAP,DOOD,USDT,USDT,20.0,4.0,1e-06,2026-05-31 22:09:58.769629,20260531,DOOD-USDT
OKX,DOT-USDT-SWAP,DOT,USDT,USDT,50.0,8.0,0.001,2026-05-31 22:09:58.769629,20260531,DOT-USDT
OKX,DRAM-USDT-SWAP,DRAM,USDT,USDT,20.0,8.0,0.01,2026-05-31 22:09:58.769629,20260531,DRAM-USDT
OKX,DYDX-USDT-SWAP,DYDX,USDT,USDT,20.0,8.0,1e-05,2026-05-31 22:09:58.769629,20260531,DYDX-USDT
OKX,EDEN-USDT-SWAP,EDEN,USDT,USDT,10.0,4.0,1e-05,2026-05-31 22:09:58.769629,20260531,EDEN-USDT
OKX,EDGE-USDT-SWAP,EDGE,USDT,USDT,20.0,4.0,0.0001,2026-05-31 22:09:58.769629,20260531,EDGE-USDT
OKX,EGLD-USDT-SWAP,EGLD,USDT,USDT,20.0,8.0,0.001,2026-05-31 22:09:58.769629,20260531,EGLD-USDT
OKX,EIGEN-USDT-SWAP,EIGEN,USDT,USDT,20.0,4.0,0.0001,2026-05-31 22:09:58.769629,20260531,EIGEN-USDT
OKX,ENA-USDT-SWAP,ENA,USDT,USDT,50.0,4.0,1e-05,2026-05-31 22:09:58.769629,20260531,ENA-USDT
OKX,ENJ-USDT-SWAP,ENJ,USDT,USDT,10.0,4.0,1e-05,2026-05-31 22:09:58.769629,20260531,ENJ-USDT
OKX,ENS-USDT-SWAP,ENS,USDT,USDT,20.0,8.0,0.001,2026-05-31 22:09:58.769629,20260531,ENS-USDT
OKX,ENSO-USDT-SWAP,ENSO,USDT,USDT,50.0,4.0,0.0001,2026-05-31 22:09:58.769629,20260531,ENSO-USDT
OKX,ESP-USDT-SWAP,ESP,USDT,USDT,20.0,4.0,1e-05,2026-05-31 22:09:58.769629,20260531,ESP-USDT
OKX,ETC-USDT-SWAP,ETC,USDT,USDT,50.0,8.0,0.001,2026-05-31 22:09:58.769629,20260531,ETC-USDT
OKX,ETHW-USDT-SWAP,ETHW,USDT,USDT,10.0,4.0,0.0001,2026-05-31 22:09:58.769629,20260531,ETHW-USDT
OKX,ETHFI-USDT-SWAP,ETHFI,USDT,USDT,20.0,4.0,0.0001,2026-05-31 22:09:58.769629,20260531,ETHFI-USDT
OKX,EWJ-USDT-SWAP,EWJ,USDT,USDT,20.0,8.0,0.01,2026-05-31 22:09:58.769629,20260531,EWJ-USDT
OKX,EWY-USDT-SWAP,EWY,USDT,USDT,20.0,8.0,0.01,2026-05-31 22:09:58.769629,20260531,EWY-USDT
OKX,F-USDT-SWAP,F,USDT,USDT,20.0,4.0,1e-06,2026-05-31 22:09:58.769629,20260531,F-USDT
OKX,FARTCOIN-USDT-SWAP,FARTCOIN,USDT,USDT,20.0,4.0,0.0001,2026-05-31 22:09:58.769629,20260531,FARTCOIN-USDT
OKX,FIL-USDT-SWAP,FIL,USDT,USDT,50.0,8.0,0.0001,2026-05-31 22:09:58.769629,20260531,FIL-USDT
OKX,FLOKI-USDT-SWAP,FLOKI,USDT,USDT,20.0,8.0,1e-08,2026-05-31 22:09:58.769629,20260531,FLOKI-USDT
OKX,FLOW-USDT-SWAP,FLOW,USDT,USDT,10.0,4.0,1e-05,2026-05-31 22:09:58.769629,20260531,FLOW-USDT
OKX,FOGO-USDT-SWAP,FOGO,USDT,USDT,20.0,4.0,1e-05,2026-05-31 22:09:58.769629,20260531,FOGO-USDT
OKX,GALA-USDT-SWAP,GALA,USDT,USDT,50.0,8.0,1e-06,2026-05-31 22:09:58.769629,20260531,GALA-USDT
OKX,GAS-USDT-SWAP,GAS,USDT,USDT,20.0,4.0,0.001,2026-05-31 22:09:58.769629,20260531,GAS-USDT
OKX,GEV-USDT-SWAP,GEV,USDT,USDT,5.0,8.0,1.0,2026-05-31 22:09:58.769629,20260531,GEV-USDT
OKX,GIGGLE-USDT-SWAP,GIGGLE,USDT,USDT,50.0,4.0,0.01,2026-05-31 22:09:58.769629,20260531,GIGGLE-USDT
OKX,GLM-USDT-SWAP,GLM,USDT,USDT,20.0,4.0,0.0001,2026-05-31 22:09:58.769629,20260531,GLM-USDT
OKX,GLW-USDT-SWAP,GLW,USDT,USDT,10.0,8.0,0.1,2026-05-31 22:09:58.769629,20260531,GLW-USDT
OKX,GME-USDT-SWAP,GME,USDT,USDT,20.0,8.0,0.01,2026-05-31 22:09:58.769629,20260531,GME-USDT
OKX,GMT-USDT-SWAP,GMT,USDT,USDT,20.0,4.0,1e-06,2026-05-31 22:09:58.769629,20260531,GMT-USDT
OKX,GMX-USDT-SWAP,GMX,USDT,USDT,20.0,8.0,0.001,2026-05-31 22:09:58.769629,20260531,GMX-USDT
OKX,GOOGL-USDT-SWAP,GOOGL,USDT,USDT,20.0,8.0,0.01,2026-05-31 22:09:58.769629,20260531,GOOGL-USDT
OKX,GPS-USDT-SWAP,GPS,USDT,USDT,20.0,4.0,1e-06,2026-05-31 22:09:58.769629,20260531,GPS-USDT
OKX,GRASS-USDT-SWAP,GRASS,USDT,USDT,20.0,4.0,0.0001,2026-05-31 22:09:58.769629,20260531,GRASS-USDT
OKX,GRT-USDT-SWAP,GRT,USDT,USDT,20.0,8.0,1e-05,2026-05-31 22:09:58.769629,20260531,GRT-USDT
OKX,H-USDT-SWAP,H,USDT,USDT,20.0,4.0,1e-05,2026-05-31 22:09:58.769629,20260531,H-USDT
OKX,HBAR-USDT-SWAP,HBAR,USDT,USDT,50.0,8.0,1e-05,2026-05-31 22:09:58.769629,20260531,HBAR-USDT
OKX,HIMS-USDT-SWAP,HIMS,USDT,USDT,10.0,8.0,0.01,2026-05-31 22:09:58.769629,20260531,HIMS-USDT
OKX,HMSTR-USDT-SWAP,HMSTR,USDT,USDT,10.0,4.0,1e-07,2026-05-31 22:09:58.769629,20260531,HMSTR-USDT
OKX,HOME-USDT-SWAP,HOME,USDT,USDT,20.0,4.0,1e-05,2026-05-31 22:09:58.769629,20260531,HOME-USDT
OKX,HOOD-USDT-SWAP,HOOD,USDT,USDT,20.0,8.0,0.01,2026-05-31 22:09:58.769629,20260531,HOOD-USDT
OKX,HUMA-USDT-SWAP,HUMA,USDT,USDT,20.0,4.0,1e-05,2026-05-31 22:09:58.769629,20260531,HUMA-USDT
OKX,HYPE-USDT-SWAP,HYPE,USDT,USDT,50.0,8.0,0.01,2026-05-31 22:09:58.769629,20260531,HYPE-USDT
OKX,IBM-USDT-SWAP,IBM,USDT,USDT,10.0,8.0,0.1,2026-05-31 22:09:58.769629,20260531,IBM-USDT
OKX,ICP-USDT-SWAP,ICP,USDT,USDT,50.0,8.0,0.001,2026-05-31 22:09:58.769629,20260531,ICP-USDT
OKX,ICX-USDT-SWAP,ICX,USDT,USDT,10.0,4.0,1e-05,2026-05-31 22:09:58.769629,20260531,ICX-USDT
OKX,IMX-USDT-SWAP,IMX,USDT,USDT,20.0,4.0,0.0001,2026-05-31 22:09:58.769629,20260531,IMX-USDT
OKX,INFQ-USDT-SWAP,INFQ,USDT,USDT,10.0,8.0,0.01,2026-05-31 22:09:58.769629,20260531,INFQ-USDT
OKX,INIT-USDT-SWAP,INIT,USDT,USDT,10.0,4.0,1e-05,2026-05-31 22:09:58.769629,20260531,INIT-USDT
OKX,INJ-USDT-SWAP,INJ,USDT,USDT,50.0,8.0,0.001,2026-05-31 22:09:58.769629,20260531,INJ-USDT
OKX,INTC-USDT-SWAP,INTC,USDT,USDT,20.0,8.0,0.01,2026-05-31 22:09:58.769629,20260531,INTC-USDT
OKX,IOST-USDT-SWAP,IOST,USDT,USDT,10.0,8.0,1e-06,2026-05-31 22:09:58.769629,20260531,IOST-USDT
OKX,IOTA-USDT-SWAP,IOTA,USDT,USDT,20.0,8.0,1e-05,2026-05-31 22:09:58.769629,20260531,IOTA-USDT
OKX,IP-USDT-SWAP,IP,USDT,USDT,20.0,4.0,0.0001,2026-05-31 22:09:58.769629,20260531,IP-USDT
OKX,IRYS-USDT-SWAP,IRYS,USDT,USDT,20.0,4.0,1e-05,2026-05-31 22:09:58.769629,20260531,IRYS-USDT
OKX,IWM-USDT-SWAP,IWM,USDT,USDT,20.0,8.0,0.01,2026-05-31 22:09:58.769629,20260531,IWM-USDT
OKX,JELLYJELLY-USDT-SWAP,JELLYJELLY,USDT,USDT,20.0,4.0,1e-05,2026-05-31 22:09:58.769629,20260531,JELLYJELLY-USDT
OKX,JTO-USDT-SWAP,JTO,USDT,USDT,50.0,4.0,0.0001,2026-05-31 22:09:58.769629,20260531,JTO-USDT
OKX,JUP-USDT-SWAP,JUP,USDT,USDT,50.0,4.0,0.0001,2026-05-31 22:09:58.769629,20260531,JUP-USDT
OKX,KAITO-USDT-SWAP,KAITO,USDT,USDT,50.0,4.0,0.0001,2026-05-31 22:09:58.769629,20260531,KAITO-USDT
OKX,KAT-USDT-SWAP,KAT,USDT,USDT,20.0,4.0,1e-06,2026-05-31 22:09:58.769629,20260531,KAT-USDT
OKX,KGEN-USDT-SWAP,KGEN,USDT,USDT,10.0,4.0,0.0001,2026-05-31 22:09:58.769629,20260531,KGEN-USDT
OKX,KITE-USDT-SWAP,KITE,USDT,USDT,20.0,4.0,0.0001,2026-05-31 22:09:58.769629,20260531,KITE-USDT
OKX,KMNO-USDT-SWAP,KMNO,USDT,USDT,20.0,4.0,1e-05,2026-05-31 22:09:58.769629,20260531,KMNO-USDT
OKX,KSM-USDT-SWAP,KSM,USDT,USDT,20.0,4.0,0.001,2026-05-31 22:09:58.769629,20260531,KSM-USDT
OKX,LA-USDT-SWAP,LA,USDT,USDT,20.0,4.0,0.0001,2026-05-31 22:09:58.769629,20260531,LA-USDT
OKX,LAB-USDT-SWAP,LAB,USDT,USDT,20.0,4.0,0.0001,2026-05-31 22:09:58.769629,20260531,LAB-USDT
OKX,LAYER-USDT-SWAP,LAYER,USDT,USDT,20.0,4.0,1e-05,2026-05-31 22:09:58.769629,20260531,LAYER-USDT
OKX,LDO-USDT-SWAP,LDO,USDT,USDT,50.0,8.0,0.0001,2026-05-31 22:09:58.769629,20260531,LDO-USDT
OKX,LIGHT-USDT-SWAP,LIGHT,USDT,USDT,20.0,4.0,0.0001,2026-05-31 22:09:58.769629,20260531,LIGHT-USDT
OKX,LINK-USDT-SWAP,LINK,USDT,USDT,50.0,8.0,0.001,2026-05-31 22:09:58.769629,20260531,LINK-USDT
OKX,LIT-USDT-SWAP,LIT,USDT,USDT,50.0,4.0,0.0001,2026-05-31 22:09:58.769629,20260531,LIT-USDT
OKX,LITE-USDT-SWAP,LITE,USDT,USDT,20.0,8.0,0.1,2026-05-31 22:09:58.769629,20260531,LITE-USDT
OKX,LLY-USDT-SWAP,LLY,USDT,USDT,20.0,8.0,0.1,2026-05-31 22:09:58.769629,20260531,LLY-USDT
OKX,LPT-USDT-SWAP,LPT,USDT,USDT,20.0,4.0,0.001,2026-05-31 22:09:58.769629,20260531,LPT-USDT
OKX,LQTY-USDT-SWAP,LQTY,USDT,USDT,10.0,8.0,0.0001,2026-05-31 22:09:58.769629,20260531,LQTY-USDT
OKX,LRC-USDT-SWAP,LRC,USDT,USDT,20.0,4.0,1e-05,2026-05-31 22:09:58.769629,20260531,LRC-USDT
OKX,LTC-USDT-SWAP,LTC,USDT,USDT,50.0,8.0,0.01,2026-05-31 22:09:58.769629,20260531,LTC-USDT
OKX,LUNA-USDT-SWAP,LUNA,USDT,USDT,10.0,4.0,1e-05,2026-05-31 22:09:58.769629,20260531,LUNA-USDT
OKX,MAGIC-USDT-SWAP,MAGIC,USDT,USDT,20.0,4.0,1e-05,2026-05-31 22:09:58.769629,20260531,MAGIC-USDT
OKX,MANA-USDT-SWAP,MANA,USDT,USDT,20.0,8.0,1e-05,2026-05-31 22:09:58.769629,20260531,MANA-USDT
OKX,MASK-USDT-SWAP,MASK,USDT,USDT,20.0,8.0,0.0001,2026-05-31 22:09:58.769629,20260531,MASK-USDT
OKX,ME-USDT-SWAP,ME,USDT,USDT,20.0,4.0,1e-05,2026-05-31 22:09:58.769629,20260531,ME-USDT
OKX,MEGA-USDT-SWAP,MEGA,USDT,USDT,20.0,4.0,1e-05,2026-05-31 22:09:58.769629,20260531,MEGA-USDT
OKX,MEME-USDT-SWAP,MEME,USDT,USDT,20.0,4.0,1e-07,2026-05-31 22:09:58.769629,20260531,MEME-USDT
OKX,MERL-USDT-SWAP,MERL,USDT,USDT,20.0,4.0,1e-05,2026-05-31 22:09:58.769629,20260531,MERL-USDT
OKX,METIS-USDT-SWAP,METIS,USDT,USDT,10.0,4.0,0.001,2026-05-31 22:09:58.769629,20260531,METIS-USDT
OKX,MET-USDT-SWAP,MET,USDT,USDT,20.0,4.0,0.0001,2026-05-31 22:09:58.769629,20260531,MET-USDT
OKX,META-USDT-SWAP,META,USDT,USDT,20.0,8.0,0.01,2026-05-31 22:09:58.769629,20260531,META-USDT
OKX,MEW-USDT-SWAP,MEW,USDT,USDT,20.0,4.0,1e-07,2026-05-31 22:09:58.769629,20260531,MEW-USDT
OKX,MINA-USDT-SWAP,MINA,USDT,USDT,20.0,4.0,1e-05,2026-05-31 22:09:58.769629,20260531,MINA-USDT
OKX,MMT-USDT-SWAP,MMT,USDT,USDT,20.0,4.0,0.0001,2026-05-31 22:09:58.769629,20260531,MMT-USDT
OKX,MON-USDT-SWAP,MON,USDT,USDT,50.0,4.0,1e-05,2026-05-31 22:09:58.769629,20260531,MON-USDT
OKX,MOODENG-USDT-SWAP,MOODENG,USDT,USDT,20.0,4.0,1e-05,2026-05-31 22:09:58.769629,20260531,MOODENG-USDT
OKX,MORPHO-USDT-SWAP,MORPHO,USDT,USDT,20.0,4.0,0.001,2026-05-31 22:09:58.769629,20260531,MORPHO-USDT
OKX,MOVE-USDT-SWAP,MOVE,USDT,USDT,20.0,4.0,1e-05,2026-05-31 22:09:58.769629,20260531,MOVE-USDT
OKX,MRVL-USDT-SWAP,MRVL,USDT,USDT,20.0,8.0,0.1,2026-05-31 22:09:58.769629,20260531,MRVL-USDT
OKX,MSFT-USDT-SWAP,MSFT,USDT,USDT,20.0,8.0,0.01,2026-05-31 22:09:58.769629,20260531,MSFT-USDT
OKX,MSTR-USDT-SWAP,MSTR,USDT,USDT,20.0,8.0,0.01,2026-05-31 22:09:58.769629,20260531,MSTR-USDT
OKX,MU-USDT-SWAP,MU,USDT,USDT,20.0,8.0,0.01,2026-05-31 22:09:58.769629,20260531,MU-USDT
OKX,MUBARAK-USDT-SWAP,MUBARAK,USDT,USDT,10.0,4.0,1e-05,2026-05-31 22:09:58.769629,20260531,MUBARAK-USDT
OKX,NBIS-USDT-SWAP,NBIS,USDT,USDT,10.0,8.0,0.1,2026-05-31 22:09:58.769629,20260531,NBIS-USDT
OKX,NEAR-USDT-SWAP,NEAR,USDT,USDT,50.0,8.0,0.001,2026-05-31 22:09:58.769629,20260531,NEAR-USDT
OKX,NEIRO-USDT-SWAP,NEIRO,USDT,USDT,20.0,4.0,1e-08,2026-05-31 22:09:58.769629,20260531,NEIRO-USDT
OKX,NEO-USDT-SWAP,NEO,USDT,USDT,20.0,8.0,0.001,2026-05-31 22:09:58.769629,20260531,NEO-USDT
OKX,NFLX-USDT-SWAP,NFLX,USDT,USDT,20.0,8.0,0.01,2026-05-31 22:09:58.769629,20260531,NFLX-USDT
OKX,NG-USDT-SWAP,NG,USDT,USDT,50.0,8.0,0.001,2026-05-31 22:09:58.769629,20260531,NG-USDT
OKX,NIGHT-USDT-SWAP,NIGHT,USDT,USDT,20.0,4.0,1e-05,2026-05-31 22:09:58.769629,20260531,NIGHT-USDT
OKX,NMR-USDT-SWAP,NMR,USDT,USDT,20.0,4.0,0.001,2026-05-31 22:09:58.769629,20260531,NMR-USDT
OKX,NOK-USDT-SWAP,NOK,USDT,USDT,10.0,8.0,0.01,2026-05-31 22:09:58.769629,20260531,NOK-USDT
OKX,NOT-USDT-SWAP,NOT,USDT,USDT,20.0,4.0,1e-07,2026-05-31 22:09:58.769629,20260531,NOT-USDT
OKX,NVDA-USDT-SWAP,NVDA,USDT,USDT,20.0,8.0,0.01,2026-05-31 22:09:58.769629,20260531,NVDA-USDT
OKX,OFC-USDT-SWAP,OFC,USDT,USDT,20.0,4.0,1e-05,2026-05-31 22:09:58.769629,20260531,OFC-USDT
OKX,OL-USDT-SWAP,OL,USDT,USDT,10.0,4.0,1e-06,2026-05-31 22:09:58.769629,20260531,OL-USDT
OKX,ONDO-USDT-SWAP,ONDO,USDT,USDT,50.0,4.0,0.0001,2026-05-31 22:09:58.769629,20260531,ONDO-USDT
OKX,ONE-USDT-SWAP,ONE,USDT,USDT,10.0,8.0,1e-06,2026-05-31 22:09:58.769629,20260531,ONE-USDT
OKX,ONT-USDT-SWAP,ONT,USDT,USDT,20.0,4.0,1e-05,2026-05-31 22:09:58.769629,20260531,ONT-USDT
OKX,OP-USDT-SWAP,OP,USDT,USDT,50.0,8.0,0.0001,2026-05-31 22:09:58.769629,20260531,OP-USDT
OKX,OPENAI-USDT-SWAP,OPENAI,USDT,USDT,5.0,8.0,0.1,2026-05-31 22:09:58.769629,20260531,OPENAI-USDT
OKX,OPG-USDT-SWAP,OPG,USDT,USDT,20.0,4.0,0.0001,2026-05-31 22:09:58.769629,20260531,OPG-USDT
OKX,OPN-USDT-SWAP,OPN,USDT,USDT,50.0,4.0,0.0001,2026-05-31 22:09:58.769629,20260531,OPN-USDT
OKX,ORCL-USDT-SWAP,ORCL,USDT,USDT,20.0,8.0,0.01,2026-05-31 22:09:58.769629,20260531,ORCL-USDT
OKX,ORDI-USDT-SWAP,ORDI,USDT,USDT,20.0,4.0,0.001,2026-05-31 22:09:58.769629,20260531,ORDI-USDT
OKX,ORDER-USDT-SWAP,ORDER,USDT,USDT,20.0,4.0,1e-05,2026-05-31 22:09:58.769629,20260531,ORDER-USDT
OKX,PARTI-USDT-SWAP,PARTI,USDT,USDT,10.0,4.0,1e-05,2026-05-31 22:09:58.769629,20260531,PARTI-USDT
OKX,PENGU-USDT-SWAP,PENGU,USDT,USDT,50.0,4.0,1e-06,2026-05-31 22:09:58.769629,20260531,PENGU-USDT
OKX,PENDLE-USDT-SWAP,PENDLE,USDT,USDT,50.0,4.0,0.001,2026-05-31 22:09:58.769629,20260531,PENDLE-USDT
OKX,PEOPLE-USDT-SWAP,PEOPLE,USDT,USDT,20.0,8.0,1e-06,2026-05-31 22:09:58.769629,20260531,PEOPLE-USDT
OKX,PEPE-USDT-SWAP,PEPE,USDT,USDT,50.0,8.0,1e-09,2026-05-31 22:09:58.769629,20260531,PEPE-USDT
OKX,PIEVERSE-USDT-SWAP,PIEVERSE,USDT,USDT,20.0,4.0,0.0001,2026-05-31 22:09:58.769629,20260531,PIEVERSE-USDT
OKX,PIPPIN-USDT-SWAP,PIPPIN,USDT,USDT,20.0,4.0,1e-05,2026-05-31 22:09:58.769629,20260531,PIPPIN-USDT
OKX,PLTR-USDT-SWAP,PLTR,USDT,USDT,20.0,8.0,0.01,2026-05-31 22:09:58.769629,20260531,PLTR-USDT
OKX,PLUME-USDT-SWAP,PLUME,USDT,USDT,20.0,4.0,1e-06,2026-05-31 22:09:58.769629,20260531,PLUME-USDT
OKX,PNUT-USDT-SWAP,PNUT,USDT,USDT,20.0,4.0,1e-05,2026-05-31 22:09:58.769629,20260531,PNUT-USDT
OKX,POL-USDT-SWAP,POL,USDT,USDT,50.0,4.0,1e-05,2026-05-31 22:09:58.769629,20260531,POL-USDT
OKX,POPCAT-USDT-SWAP,POPCAT,USDT,USDT,20.0,4.0,1e-05,2026-05-31 22:09:58.769629,20260531,POPCAT-USDT
OKX,PROVE-USDT-SWAP,PROVE,USDT,USDT,20.0,4.0,0.0001,2026-05-31 22:09:58.769629,20260531,PROVE-USDT
OKX,PROS-USDT-SWAP,PROS,USDT,USDT,20.0,4.0,0.0001,2026-05-31 22:09:58.769629,20260531,PROS-USDT
OKX,PYTH-USDT-SWAP,PYTH,USDT,USDT,50.0,4.0,1e-05,2026-05-31 22:09:58.769629,20260531,PYTH-USDT
OKX,QCOM-USDT-SWAP,QCOM,USDT,USDT,20.0,8.0,0.1,2026-05-31 22:09:58.769629,20260531,QCOM-USDT
OKX,QQQ-USDT-SWAP,QQQ,USDT,USDT,20.0,8.0,0.01,2026-05-31 22:09:58.769629,20260531,QQQ-USDT
OKX,QTUM-USDT-SWAP,QTUM,USDT,USDT,20.0,4.0,0.0001,2026-05-31 22:09:58.769629,20260531,QTUM-USDT
OKX,RAVE-USDT-SWAP,RAVE,USDT,USDT,20.0,4.0,0.0001,2026-05-31 22:09:58.769629,20260531,RAVE-USDT
OKX,RAY-USDT-SWAP,RAY,USDT,USDT,20.0,8.0,0.0001,2026-05-31 22:09:58.769629,20260531,RAY-USDT
OKX,RECALL-USDT-SWAP,RECALL,USDT,USDT,10.0,4.0,1e-05,2026-05-31 22:09:58.769629,20260531,RECALL-USDT
OKX,RENDER-USDT-SWAP,RENDER,USDT,USDT,20.0,4.0,0.001,2026-05-31 22:09:58.769629,20260531,RENDER-USDT
OKX,RESOLV-USDT-SWAP,RESOLV,USDT,USDT,20.0,4.0,1e-05,2026-05-31 22:09:58.769629,20260531,RESOLV-USDT
OKX,RIVER-USDT-SWAP,RIVER,USDT,USDT,20.0,4.0,0.001,2026-05-31 22:09:58.769629,20260531,RIVER-USDT
OKX,RKLB-USDT-SWAP,RKLB,USDT,USDT,20.0,8.0,0.1,2026-05-31 22:09:58.769629,20260531,RKLB-USDT
OKX,RLS-USDT-SWAP,RLS,USDT,USDT,10.0,4.0,1e-06,2026-05-31 22:09:58.769629,20260531,RLS-USDT
OKX,ROBO-USDT-SWAP,ROBO,USDT,USDT,20.0,4.0,1e-05,2026-05-31 22:09:58.769629,20260531,ROBO-USDT
OKX,RSR-USDT-SWAP,RSR,USDT,USDT,20.0,8.0,1e-06,2026-05-31 22:09:58.769629,20260531,RSR-USDT
OKX,RVN-USDT-SWAP,RVN,USDT,USDT,20.0,8.0,1e-06,2026-05-31 22:09:58.769629,20260531,RVN-USDT
OKX,S-USDT-SWAP,S,USDT,USDT,20.0,4.0,1e-05,2026-05-31 22:09:58.769629,20260531,S-USDT
OKX,SAHARA-USDT-SWAP,SAHARA,USDT,USDT,20.0,4.0,1e-05,2026-05-31 22:09:58.769629,20260531,SAHARA-USDT
OKX,SAND-USDT-SWAP,SAND,USDT,USDT,50.0,8.0,1e-05,2026-05-31 22:09:58.769629,20260531,SAND-USDT
OKX,SAPIEN-USDT-SWAP,SAPIEN,USDT,USDT,10.0,4.0,1e-05,2026-05-31 22:09:58.769629,20260531,SAPIEN-USDT
OKX,SATS-USDT-SWAP,SATS,USDT,USDT,10.0,8.0,1e-11,2026-05-31 22:09:58.769629,20260531,SATS-USDT
OKX,SEI-USDT-SWAP,SEI,USDT,USDT,50.0,4.0,1e-05,2026-05-31 22:09:58.769629,20260531,SEI-USDT
OKX,SENT-USDT-SWAP,SENT,USDT,USDT,50.0,4.0,1e-05,2026-05-31 22:09:58.769629,20260531,SENT-USDT
OKX,SHELL-USDT-SWAP,SHELL,USDT,USDT,10.0,4.0,1e-05,2026-05-31 22:09:58.769629,20260531,SHELL-USDT
OKX,SHIB-USDT-SWAP,SHIB,USDT,USDT,50.0,8.0,1e-09,2026-05-31 22:09:58.769629,20260531,SHIB-USDT
OKX,SHLD-USDT-SWAP,SHLD,USDT,USDT,10.0,8.0,0.01,2026-05-31 22:09:58.769629,20260531,SHLD-USDT
OKX,SIGN-USDT-SWAP,SIGN,USDT,USDT,20.0,4.0,1e-05,2026-05-31 22:09:58.769629,20260531,SIGN-USDT
OKX,SKY-USDT-SWAP,SKY,USDT,USDT,20.0,4.0,1e-05,2026-05-31 22:09:58.769629,20260531,SKY-USDT
OKX,SNDK-USDT-SWAP,SNDK,USDT,USDT,20.0,8.0,0.1,2026-05-31 22:09:58.769629,20260531,SNDK-USDT
OKX,SNX-USDT-SWAP,SNX,USDT,USDT,20.0,8.0,0.0001,2026-05-31 22:09:58.769629,20260531,SNX-USDT
OKX,SOON-USDT-SWAP,SOON,USDT,USDT,20.0,4.0,0.0001,2026-05-31 22:09:58.769629,20260531,SOON-USDT
OKX,SOPH-USDT-SWAP,SOPH,USDT,USDT,20.0,4.0,1e-06,2026-05-31 22:09:58.769629,20260531,SOPH-USDT
OKX,SOXL-USDT-SWAP,SOXL,USDT,USDT,10.0,8.0,0.1,2026-05-31 22:09:58.769629,20260531,SOXL-USDT
OKX,SPACE-USDT-SWAP,SPACE,USDT,USDT,20.0,4.0,1e-06,2026-05-31 22:09:58.769629,20260531,SPACE-USDT
OKX,SPACEX-USDT-SWAP,SPACEX,USDT,USDT,20.0,8.0,0.1,2026-05-31 22:09:58.769629,20260531,SPACEX-USDT
OKX,SPK-USDT-SWAP,SPK,USDT,USDT,20.0,4.0,1e-05,2026-05-31 22:09:58.769629,20260531,SPK-USDT
OKX,SPX-USDT-SWAP,SPX,USDT,USDT,20.0,4.0,0.0001,2026-05-31 22:09:58.769629,20260531,SPX-USDT
OKX,SPY-USDT-SWAP,SPY,USDT,USDT,20.0,8.0,0.01,2026-05-31 22:09:58.769629,20260531,SPY-USDT
OKX,SSV-USDT-SWAP,SSV,USDT,USDT,20.0,8.0,0.001,2026-05-31 22:09:58.769629,20260531,SSV-USDT
OKX,STABLE-USDT-SWAP,STABLE,USDT,USDT,20.0,4.0,1e-05,2026-05-31 22:09:58.769629,20260531,STABLE-USDT
OKX,STRK-USDT-SWAP,STRK,USDT,USDT,50.0,4.0,1e-05,2026-05-31 22:09:58.769629,20260531,STRK-USDT
OKX,STX-USDT-SWAP,STX,USDT,USDT,20.0,8.0,0.0001,2026-05-31 22:09:58.769629,20260531,STX-USDT
OKX,SUI-USDT-SWAP,SUI,USDT,USDT,50.0,8.0,0.0001,2026-05-31 22:09:58.769629,20260531,SUI-USDT
OKX,SUSHI-USDT-SWAP,SUSHI,USDT,USDT,50.0,8.0,0.0001,2026-05-31 22:09:58.769629,20260531,SUSHI-USDT
OKX,SYRUP-USDT-SWAP,SYRUP,USDT,USDT,20.0,4.0,0.0001,2026-05-31 22:09:58.769629,20260531,SYRUP-USDT
OKX,TAO-USDT-SWAP,TAO,USDT,USDT,50.0,8.0,0.1,2026-05-31 22:09:58.769629,20260531,TAO-USDT
OKX,THETA-USDT-SWAP,THETA,USDT,USDT,20.0,8.0,0.0001,2026-05-31 22:09:58.769629,20260531,THETA-USDT
OKX,TIA-USDT-SWAP,TIA,USDT,USDT,50.0,4.0,0.0001,2026-05-31 22:09:58.769629,20260531,TIA-USDT
OKX,TON-USDT-SWAP,TON,USDT,USDT,50.0,8.0,0.001,2026-05-31 22:09:58.769629,20260531,TON-USDT
OKX,TRB-USDT-SWAP,TRB,USDT,USDT,20.0,4.0,0.01,2026-05-31 22:09:58.769629,20260531,TRB-USDT
OKX,TRIA-USDT-SWAP,TRIA,USDT,USDT,20.0,4.0,1e-05,2026-05-31 22:09:58.769629,20260531,TRIA-USDT
OKX,TRUMP-USDT-SWAP,TRUMP,USDT,USDT,50.0,4.0,0.001,2026-05-31 22:09:58.769629,20260531,TRUMP-USDT
OKX,TRUST-USDT-SWAP,TRUST,USDT,USDT,10.0,4.0,1e-05,2026-05-31 22:09:58.769629,20260531,TRUST-USDT
OKX,TRUTH-USDT-SWAP,TRUTH,USDT,USDT,10.0,4.0,1e-06,2026-05-31 22:09:58.769629,20260531,TRUTH-USDT
OKX,TRX-USDT-SWAP,TRX,USDT,USDT,50.0,8.0,0.0001,2026-05-31 22:09:58.769629,20260531,TRX-USDT
OKX,TSLA-USDT-SWAP,TSLA,USDT,USDT,20.0,8.0,0.01,2026-05-31 22:09:58.769629,20260531,TSLA-USDT
OKX,TSM-USDT-SWAP,TSM,USDT,USDT,20.0,8.0,0.01,2026-05-31 22:09:58.769629,20260531,TSM-USDT
OKX,TURBO-USDT-SWAP,TURBO,USDT,USDT,20.0,4.0,1e-07,2026-05-31 22:09:58.769629,20260531,TURBO-USDT
OKX,UB-USDT-SWAP,UB,USDT,USDT,20.0,4.0,1e-05,2026-05-31 22:09:58.769629,20260531,UB-USDT
OKX,UMA-USDT-SWAP,UMA,USDT,USDT,20.0,4.0,0.0001,2026-05-31 22:09:58.769629,20260531,UMA-USDT
OKX,UNI-USDT-SWAP,UNI,USDT,USDT,50.0,8.0,0.001,2026-05-31 22:09:58.769629,20260531,UNI-USDT
OKX,UP-USDT-SWAP,UP,USDT,USDT,20.0,4.0,0.0001,2026-05-31 22:09:58.769629,20260531,UP-USDT
OKX,URNM-USDT-SWAP,URNM,USDT,USDT,10.0,8.0,0.01,2026-05-31 22:09:58.769629,20260531,URNM-USDT
OKX,USAR-USDT-SWAP,USAR,USDT,USDT,20.0,8.0,0.01,2026-05-31 22:09:58.769629,20260531,USAR-USDT
OKX,USDC-USDT-SWAP,USDC,USDT,USDT,50.0,8.0,1e-06,2026-05-31 22:09:58.769629,20260531,USDC-USDT
OKX,USELESS-USDT-SWAP,USELESS,USDT,USDT,20.0,4.0,1e-05,2026-05-31 22:09:58.769629,20260531,USELESS-USDT
OKX,USO-USDT-SWAP,USO,USDT,USDT,20.0,8.0,0.1,2026-05-31 22:09:58.769629,20260531,USO-USDT
OKX,VANA-USDT-SWAP,VANA,USDT,USDT,20.0,4.0,0.001,2026-05-31 22:09:58.769629,20260531,VANA-USDT
OKX,VIRTUAL-USDT-SWAP,VIRTUAL,USDT,USDT,20.0,4.0,0.0001,2026-05-31 22:09:58.769629,20260531,VIRTUAL-USDT
OKX,VRT-USDT-SWAP,VRT,USDT,USDT,10.0,8.0,0.1,2026-05-31 22:09:58.769629,20260531,VRT-USDT
OKX,W-USDT-SWAP,W,USDT,USDT,20.0,4.0,1e-05,2026-05-31 22:09:58.769629,20260531,W-USDT
OKX,WAL-USDT-SWAP,WAL,USDT,USDT,10.0,4.0,1e-05,2026-05-31 22:09:58.769629,20260531,WAL-USDT
OKX,WCT-USDT-SWAP,WCT,USDT,USDT,20.0,4.0,1e-05,2026-05-31 22:09:58.769629,20260531,WCT-USDT
OKX,WDC-USDT-SWAP,WDC,USDT,USDT,10.0,8.0,0.1,2026-05-31 22:09:58.769629,20260531,WDC-USDT
OKX,WET-USDT-SWAP,WET,USDT,USDT,20.0,4.0,1e-05,2026-05-31 22:09:58.769629,20260531,WET-USDT
OKX,WIF-USDT-SWAP,WIF,USDT,USDT,50.0,4.0,0.0001,2026-05-31 22:09:58.769629,20260531,WIF-USDT
OKX,WLD-USDT-SWAP,WLD,USDT,USDT,50.0,8.0,0.0001,2026-05-31 22:09:58.769629,20260531,WLD-USDT
OKX,WOO-USDT-SWAP,WOO,USDT,USDT,10.0,8.0,1e-05,2026-05-31 22:09:58.769629,20260531,WOO-USDT
OKX,XAG-USDT-SWAP,XAG,USDT,USDT,50.0,8.0,0.01,2026-05-31 22:09:58.769629,20260531,XAG-USDT
OKX,XAU-USDT-SWAP,XAU,USDT,USDT,100.0,8.0,0.1,2026-05-31 22:09:58.769629,20260531,XAU-USDT
OKX,XCU-USDT-SWAP,XCU,USDT,USDT,50.0,8.0,0.0001,2026-05-31 22:09:58.769629,20260531,XCU-USDT
OKX,XLE-USDT-SWAP,XLE,USDT,USDT,20.0,8.0,0.01,2026-05-31 22:09:58.769629,20260531,XLE-USDT
OKX,XLM-USDT-SWAP,XLM,USDT,USDT,50.0,8.0,0.0001,2026-05-31 22:09:58.769629,20260531,XLM-USDT
OKX,XPL-USDT-SWAP,XPL,USDT,USDT,50.0,4.0,1e-05,2026-05-31 22:09:58.769629,20260531,XPL-USDT
OKX,XPT-USDT-SWAP,XPT,USDT,USDT,50.0,8.0,0.1,2026-05-31 22:09:58.769629,20260531,XPT-USDT
OKX,XTZ-USDT-SWAP,XTZ,USDT,USDT,50.0,8.0,0.0001,2026-05-31 22:09:58.769629,20260531,XTZ-USDT
OKX,YB-USDT-SWAP,YB,USDT,USDT,20.0,4.0,1e-05,2026-05-31 22:09:58.769629,20260531,YB-USDT
OKX,YFI-USDT-SWAP,YFI,USDT,USDT,20.0,8.0,1.0,2026-05-31 22:09:58.769629,20260531,YFI-USDT
OKX,YGG-USDT-SWAP,YGG,USDT,USDT,50.0,4.0,1e-05,2026-05-31 22:09:58.769629,20260531,YGG-USDT
OKX,ZAMA-USDT-SWAP,ZAMA,USDT,USDT,20.0,4.0,1e-05,2026-05-31 22:09:58.770626,20260531,ZAMA-USDT
OKX,ZBT-USDT-SWAP,ZBT,USDT,USDT,10.0,4.0,1e-05,2026-05-31 22:09:58.770626,20260531,ZBT-USDT
OKX,ZEC-USDT-SWAP,ZEC,USDT,USDT,50.0,8.0,0.01,2026-05-31 22:09:58.770626,20260531,ZEC-USDT
OKX,ZEN-USDT-SWAP,ZEN,USDT,USDT,50.0,4.0,0.001,2026-05-31 22:09:58.770626,20260531,ZEN-USDT
OKX,ZETA-USDT-SWAP,ZETA,USDT,USDT,20.0,4.0,1e-05,2026-05-31 22:09:58.770626,20260531,ZETA-USDT
OKX,ZIL-USDT-SWAP,ZIL,USDT,USDT,20.0,4.0,1e-06,2026-05-31 22:09:58.770626,20260531,ZIL-USDT
OKX,ZK-USDT-SWAP,ZK,USDT,USDT,20.0,4.0,1e-05,2026-05-31 22:09:58.770626,20260531,ZK-USDT
OKX,ZKP-USDT-SWAP,ZKP,USDT,USDT,20.0,4.0,1e-05,2026-05-31 22:09:58.770626,20260531,ZKP-USDT
OKX,ZORA-USDT-SWAP,ZORA,USDT,USDT,10.0,4.0,1e-05,2026-05-31 22:09:58.770626,20260531,ZORA-USDT
OKX,ZRO-USDT-SWAP,ZRO,USDT,USDT,20.0,4.0,0.001,2026-05-31 22:09:58.770626,20260531,ZRO-USDT
OKX,ZRX-USDT-SWAP,ZRX,USDT,USDT,20.0,4.0,1e-05,2026-05-31 22:09:58.770626,20260531,ZRX-USDT
OKX,XPD-USDT-SWAP,XPD,USDT,USDT,50.0,8.0,0.1,2026-05-31 22:09:58.770626,20260531,XPD-USDT
OKX,BTC-USD-260605,BTC,USD,BTC,20.0,,0.1,2026-05-31 22:09:58.770626,20260531,BTC-USD-260605
OKX,BTC-USD-260612,BTC,USD,BTC,20.0,,0.1,2026-05-31 22:09:58.770626,20260531,BTC-USD-260612
OKX,BTC-USD-260626,BTC,USD,BTC,20.0,,0.1,2026-05-31 22:09:58.770626,20260531,BTC-USD-260626
OKX,BTC-USD-260731,BTC,USD,BTC,20.0,,0.1,2026-05-31 22:09:58.770626,20260531,BTC-USD-260731
OKX,BTC-USD-260925,BTC,USD,BTC,20.0,,0.1,2026-05-31 22:09:58.770626,20260531,BTC-USD-260925
OKX,BTC-USD-261225,BTC,USD,BTC,20.0,,0.1,2026-05-31 22:09:58.770626,20260531,BTC-USD-261225
OKX,BTC-USD_UM-260605,BTC,USD_UM,USD,20.0,,0.1,2026-05-31 22:09:58.770626,20260531,BTC-USD_UM-260605
OKX,BTC-USD_UM-260612,BTC,USD_UM,USD,20.0,,0.1,2026-05-31 22:09:58.770626,20260531,BTC-USD_UM-260612
OKX,BTC-USD_UM-260626,BTC,USD_UM,USD,20.0,,0.1,2026-05-31 22:09:58.770626,20260531,BTC-USD_UM-260626
OKX,BTC-USD_UM-260925,BTC,USD_UM,USD,20.0,,0.1,2026-05-31 22:09:58.770626,20260531,BTC-USD_UM-260925
OKX,ETH-USD-260605,ETH,USD,ETH,20.0,,0.01,2026-05-31 22:09:58.770626,20260531,ETH-USD-260605
OKX,ETH-USD-260612,ETH,USD,ETH,20.0,,0.01,2026-05-31 22:09:58.770626,20260531,ETH-USD-260612
OKX,ETH-USD-260626,ETH,USD,ETH,20.0,,0.01,2026-05-31 22:09:58.770626,20260531,ETH-USD-260626
OKX,ETH-USD-260731,ETH,USD,ETH,20.0,,0.01,2026-05-31 22:09:58.770626,20260531,ETH-USD-260731
OKX,ETH-USD-260925,ETH,USD,ETH,20.0,,0.01,2026-05-31 22:09:58.770626,20260531,ETH-USD-260925
OKX,ETH-USD-261225,ETH,USD,ETH,20.0,,0.01,2026-05-31 22:09:58.770626,20260531,ETH-USD-261225
OKX,XAU-USD_UM-260605,XAU,USD_UM,USD,10.0,,0.1,2026-05-31 22:09:58.770626,20260531,XAU-USD_UM-260605
OKX,XAU-USD_UM-260612,XAU,USD_UM,USD,10.0,,0.1,2026-05-31 22:09:58.770626,20260531,XAU-USD_UM-260612
OKX,XAU-USD_UM-260626,XAU,USD_UM,USD,10.0,,0.1,2026-05-31 22:09:58.770626,20260531,XAU-USD_UM-260626
OKX,XAU-USD_UM-260925,XAU,USD_UM,USD,10.0,,0.1,2026-05-31 22:09:58.770626,20260531,XAU-USD_UM-260925
OKX,BTC-USDT-260626,BTC,USDT,USDT,20.0,,0.1,2026-05-31 22:09:58.770626,20260531,BTC-USDT-260626
OKX,ETH-USDT-260626,ETH,USDT,USDT,20.0,,0.01,2026-05-31 22:09:58.770626,20260531,ETH-USDT-260626
Paradex,BZ-USD-PERP,BZ,USD,USDC,,8.0,0.01,2026-05-31 22:09:58.770626,20260531,BZ-USD
Paradex,TRX-USD-PERP,TRX,USD,USDC,,8.0,1e-05,2026-05-31 22:09:58.770626,20260531,TRX-USD
Paradex,XLM-USD-PERP,XLM,USD,USDC,,8.0,1e-05,2026-05-31 22:09:58.770626,20260531,XLM-USD
Paradex,TON-USD-PERP,TON,USD,USDC,,8.0,0.0001,2026-05-31 22:09:58.770626,20260531,TON-USD
Paradex,TRUMP-USD-PERP,TRUMP,USD,USDC,,8.0,0.001,2026-05-31 22:09:58.770626,20260531,TRUMP-USD
Paradex,WLD-USD-PERP,WLD,USD,USDC,,8.0,0.0001,2026-05-31 22:09:58.770626,20260531,WLD-USD
Paradex,BCH-USD-PERP,BCH,USD,USDC,,8.0,0.01,2026-05-31 22:09:58.770626,20260531,BCH-USD
Paradex,ADA-USD-PERP,ADA,USD,USDC,,8.0,0.0001,2026-05-31 22:09:58.770626,20260531,ADA-USD
Paradex,PENDLE-USD-PERP,PENDLE,USD,USDC,,8.0,0.0001,2026-05-31 22:09:58.770626,20260531,PENDLE-USD
Paradex,MON-USD-PERP,MON,USD,USDC,,8.0,1e-06,2026-05-31 22:09:58.770626,20260531,MON-USD
Paradex,SEI-USD-PERP,SEI,USD,USDC,,8.0,0.0001,2026-05-31 22:09:58.770626,20260531,SEI-USD
Paradex,XPT-USD-PERP,XPT,USD,USDC,,8.0,0.1,2026-05-31 22:09:58.770626,20260531,XPT-USD
Paradex,WLFI-USD-PERP,WLFI,USD,USDC,,8.0,0.0001,2026-05-31 22:09:58.770626,20260531,WLFI-USD
Paradex,MORPHO-USD-PERP,MORPHO,USD,USDC,,8.0,0.0001,2026-05-31 22:09:58.770626,20260531,MORPHO-USD
Paradex,XCU-USD-PERP,XCU,USD,USDC,,8.0,0.0001,2026-05-31 22:09:58.770626,20260531,XCU-USD
Paradex,NG-USD-PERP,NG,USD,USDC,,8.0,0.0001,2026-05-31 22:09:58.770626,20260531,NG-USD
Paradex,AVAX-USD-PERP,AVAX,USD,USDC,,8.0,0.001,2026-05-31 22:09:58.770626,20260531,AVAX-USD
Paradex,PENGU-USD-PERP,PENGU,USD,USDC,,8.0,1e-06,2026-05-31 22:09:58.770626,20260531,PENGU-USD
Paradex,ARB-USD-PERP,ARB,USD,USDC,,8.0,0.0001,2026-05-31 22:09:58.770626,20260531,ARB-USD
Paradex,kBONK-USD-PERP,kBONK,USD,USDC,,8.0,1e-06,2026-05-31 22:09:58.770626,20260531,kBONK-USD
Paradex,PYTH-USD-PERP,PYTH,USD,USDC,,8.0,1e-05,2026-05-31 22:09:58.770626,20260531,PYTH-USD
Paradex,ZRO-USD-PERP,ZRO,USD,USDC,,8.0,0.0001,2026-05-31 22:09:58.770626,20260531,ZRO-USD
Paradex,RESOLV-USD-PERP,RESOLV,USD,USDC,,8.0,1e-05,2026-05-31 22:09:58.770626,20260531,RESOLV-USD
Paradex,AXS-USD-PERP,AXS,USD,USDC,,8.0,0.0001,2026-05-31 22:09:58.770626,20260531,AXS-USD
Paradex,ORDI-USD-PERP,ORDI,USD,USDC,,8.0,0.001,2026-05-31 22:09:58.770626,20260531,ORDI-USD
Paradex,DOGE-USD-PERP,DOGE,USD,USDC,,8.0,1e-05,2026-05-31 22:09:58.770626,20260531,DOGE-USD
Paradex,UNI-USD-PERP,UNI,USD,USDC,,8.0,0.001,2026-05-31 22:09:58.770626,20260531,UNI-USD
Paradex,IP-USD-PERP,IP,USD,USDC,,8.0,0.001,2026-05-31 22:09:58.770626,20260531,IP-USD
Paradex,VIRTUAL-USD-PERP,VIRTUAL,USD,USDC,,8.0,0.0001,2026-05-31 22:09:58.770626,20260531,VIRTUAL-USD
Paradex,kPEPE-USD-PERP,kPEPE,USD,USDC,,8.0,1e-06,2026-05-31 22:09:58.770626,20260531,kPEPE-USD
Paradex,DOT-USD-PERP,DOT,USD,USDC,,8.0,0.0001,2026-05-31 22:09:58.770626,20260531,DOT-USD
Paradex,INJ-USD-PERP,INJ,USD,USDC,,8.0,0.001,2026-05-31 22:09:58.770626,20260531,INJ-USD
Paradex,BNB-USD-PERP,BNB,USD,USDC,,8.0,0.01,2026-05-31 22:09:58.770626,20260531,BNB-USD
Paradex,TAO-USD-PERP,TAO,USD,USDC,,8.0,0.01,2026-05-31 22:09:58.770626,20260531,TAO-USD
Paradex,FARTCOIN-USD-PERP,FARTCOIN,USD,USDC,,8.0,0.0001,2026-05-31 22:09:58.770626,20260531,FARTCOIN-USD
Paradex,TIA-USD-PERP,TIA,USD,USDC,,8.0,0.0001,2026-05-31 22:09:58.770626,20260531,TIA-USD
Paradex,HYPE-USD-PERP,HYPE,USD,USDC,,8.0,0.001,2026-05-31 22:09:58.770626,20260531,HYPE-USD
Paradex,CC-USD-PERP,CC,USD,USDC,,8.0,1e-05,2026-05-31 22:09:58.770626,20260531,CC-USD
Paradex,APT-USD-PERP,APT,USD,USDC,,8.0,0.0001,2026-05-31 22:09:58.770626,20260531,APT-USD
Paradex,LTC-USD-PERP,LTC,USD,USDC,,8.0,0.01,2026-05-31 22:09:58.770626,20260531,LTC-USD
Paradex,XPL-USD-PERP,XPL,USD,USDC,,8.0,1e-05,2026-05-31 22:09:58.770626,20260531,XPL-USD
Paradex,AAVE-USD-PERP,AAVE,USD,USDC,,8.0,0.01,2026-05-31 22:09:58.770626,20260531,AAVE-USD
Paradex,ZEC-USD-PERP,ZEC,USD,USDC,,8.0,0.001,2026-05-31 22:09:58.770626,20260531,ZEC-USD
Paradex,HYPER-USD-PERP,HYPER,USD,USDC,,8.0,0.0001,2026-05-31 22:09:58.770626,20260531,HYPER-USD
Paradex,ASTER-USD-PERP,ASTER,USD,USDC,,8.0,1e-05,2026-05-31 22:09:58.770626,20260531,ASTER-USD
Paradex,ONDO-USD-PERP,ONDO,USD,USDC,,8.0,0.0001,2026-05-31 22:09:58.770626,20260531,ONDO-USD
Paradex,OP-USD-PERP,OP,USD,USDC,,8.0,0.0001,2026-05-31 22:09:58.770626,20260531,OP-USD
Paradex,WIF-USD-PERP,WIF,USD,USDC,,8.0,0.0001,2026-05-31 22:09:58.770626,20260531,WIF-USD
Paradex,SOL-USD-PERP,SOL,USD,USDC,,8.0,0.001,2026-05-31 22:09:58.770626,20260531,SOL-USD
Paradex,XRP-USD-PERP,XRP,USD,USDC,,8.0,0.0001,2026-05-31 22:09:58.770626,20260531,XRP-USD
Paradex,XMR-USD-PERP,XMR,USD,USDC,,8.0,0.01,2026-05-31 22:09:58.770626,20260531,XMR-USD
Paradex,STRK-USD-PERP,STRK,USD,USDC,,8.0,0.0001,2026-05-31 22:09:58.770626,20260531,STRK-USD
Paradex,LINK-USD-PERP,LINK,USD,USDC,,8.0,0.001,2026-05-31 22:09:58.770626,20260531,LINK-USD
Paradex,LIT-USD-PERP,LIT,USD,USDC,,8.0,1e-05,2026-05-31 22:09:58.770626,20260531,LIT-USD
Paradex,BERA-USD-PERP,BERA,USD,USDC,,8.0,0.001,2026-05-31 22:09:58.770626,20260531,BERA-USD
Paradex,PUMP-USD-PERP,PUMP,USD,USDC,,8.0,1e-06,2026-05-31 22:09:58.770626,20260531,PUMP-USD
Paradex,AVNT-USD-PERP,AVNT,USD,USDC,,8.0,1e-05,2026-05-31 22:09:58.770626,20260531,AVNT-USD
Paradex,JUP-USD-PERP,JUP,USD,USDC,,8.0,0.0001,2026-05-31 22:09:58.770626,20260531,JUP-USD
Paradex,KAITO-USD-PERP,KAITO,USD,USDC,,8.0,0.0001,2026-05-31 22:09:58.770626,20260531,KAITO-USD
Paradex,SUI-USD-PERP,SUI,USD,USDC,,8.0,0.0001,2026-05-31 22:09:58.770626,20260531,SUI-USD
Paradex,ENA-USD-PERP,ENA,USD,USDC,,8.0,0.0001,2026-05-31 22:09:58.770626,20260531,ENA-USD
Paradex,LDO-USD-PERP,LDO,USD,USDC,,8.0,0.0001,2026-05-31 22:09:58.770626,20260531,LDO-USD
Paradex,FIL-USD-PERP,FIL,USD,USDC,,8.0,0.001,2026-05-31 22:09:58.770626,20260531,FIL-USD
Paradex,CL-USD-PERP,CL,USD,USDC,,8.0,0.01,2026-05-31 22:09:58.770626,20260531,CL-USD
Paradex,ETHFI-USD-PERP,ETHFI,USD,USDC,,8.0,0.0001,2026-05-31 22:09:58.770626,20260531,ETHFI-USD
Paradex,kSHIB-USD-PERP,kSHIB,USD,USDC,,8.0,1e-06,2026-05-31 22:09:58.770626,20260531,kSHIB-USD
Paradex,PAXG-USD-PERP,PAXG,USD,USDC,,8.0,0.01,2026-05-31 22:09:58.770626,20260531,PAXG-USD
Paradex,BTC-USD-PERP,BTC,USD,USDC,,8.0,0.1,2026-05-31 22:09:58.770626,20260531,BTC-USD
Paradex,NEAR-USD-PERP,NEAR,USD,USDC,,8.0,0.001,2026-05-31 22:09:58.770626,20260531,NEAR-USD
Paradex,ETH-USD-PERP,ETH,USD,USDC,,8.0,0.01,2026-05-31 22:09:58.770626,20260531,ETH-USD
Paradex,XAG-USD-PERP,XAG,USD,USDC,,8.0,0.001,2026-05-31 22:09:58.770626,20260531,XAG-USD
WhiteBIT,BTC_PERP,BTC,USDT,USDT,100.0,8.0,0.1,2026-05-31 22:09:58.770626,20260531,BTC
WhiteBIT,ADA_PERP,ADA,USDT,USDT,100.0,8.0,1e-06,2026-05-31 22:09:58.770626,20260531,ADA
WhiteBIT,SOL_PERP,SOL,USDT,USDT,100.0,8.0,0.0001,2026-05-31 22:09:58.770626,20260531,SOL
WhiteBIT,ETH_PERP,ETH,USDT,USDT,100.0,8.0,0.01,2026-05-31 22:09:58.770626,20260531,ETH
WhiteBIT,XRP_PERP,XRP,USDT,USDT,100.0,8.0,1e-05,2026-05-31 22:09:58.770626,20260531,XRP
WhiteBIT,DOT_PERP,DOT,USDT,USDT,100.0,8.0,0.0001,2026-05-31 22:09:58.770626,20260531,DOT
WhiteBIT,APE_PERP,APE,USDT,USDT,100.0,8.0,0.0001,2026-05-31 22:09:58.770626,20260531,APE
WhiteBIT,ETC_PERP,ETC,USDT,USDT,100.0,8.0,0.0001,2026-05-31 22:09:58.770626,20260531,ETC
WhiteBIT,DOGE_PERP,DOGE,USDT,USDT,100.0,8.0,1e-06,2026-05-31 22:09:58.770626,20260531,DOGE
WhiteBIT,TRX_PERP,TRX,USDT,USDT,100.0,8.0,1e-06,2026-05-31 22:09:58.770626,20260531,TRX
WhiteBIT,LTC_PERP,LTC,USDT,USDT,100.0,8.0,0.01,2026-05-31 22:09:58.770626,20260531,LTC
WhiteBIT,AVAX_PERP,AVAX,USDT,USDT,100.0,8.0,0.0001,2026-05-31 22:09:58.770626,20260531,AVAX
WhiteBIT,SHIB_PERP,SHIB,USDT,USDT,50.0,8.0,1e-09,2026-05-31 22:09:58.770626,20260531,SHIB
WhiteBIT,EGLD_PERP,EGLD,USDT,USDT,50.0,8.0,0.001,2026-05-31 22:09:58.770626,20260531,EGLD
WhiteBIT,LINK_PERP,LINK,USDT,USDT,100.0,8.0,0.0001,2026-05-31 22:09:58.770626,20260531,LINK
WhiteBIT,APT_PERP,APT,USDT,USDT,100.0,8.0,0.0001,2026-05-31 22:09:58.770626,20260531,APT
WhiteBIT,BCH_PERP,BCH,USDT,USDT,100.0,8.0,0.01,2026-05-31 22:09:58.770626,20260531,BCH
WhiteBIT,NEAR_PERP,NEAR,USDT,USDT,100.0,8.0,0.001,2026-05-31 22:09:58.770626,20260531,NEAR
WhiteBIT,ATOM_PERP,ATOM,USDT,USDT,100.0,8.0,0.0001,2026-05-31 22:09:58.770626,20260531,ATOM
WhiteBIT,FIL_PERP,FIL,USDT,USDT,100.0,8.0,0.001,2026-05-31 22:09:58.770626,20260531,FIL
WhiteBIT,XMR_PERP,XMR,USDT,USDT,100.0,8.0,0.01,2026-05-31 22:09:58.770626,20260531,XMR
WhiteBIT,XLM_PERP,XLM,USDT,USDT,50.0,8.0,1e-05,2026-05-31 22:09:58.770626,20260531,XLM
WhiteBIT,OP_PERP,OP,USDT,USDT,100.0,8.0,0.0001,2026-05-31 22:09:58.770626,20260531,OP
WhiteBIT,ARB_PERP,ARB,USDT,USDT,100.0,8.0,0.0001,2026-05-31 22:09:58.770626,20260531,ARB
WhiteBIT,TRB_PERP,TRB,USDT,USDT,50.0,4.0,0.001,2026-05-31 22:09:58.770626,20260531,TRB
WhiteBIT,FET_PERP,FET,USDT,USDT,50.0,8.0,0.0001,2026-05-31 22:09:58.770626,20260531,FET
WhiteBIT,BLUR_PERP,BLUR,USDT,USDT,50.0,4.0,1e-05,2026-05-31 22:09:58.770626,20260531,BLUR
WhiteBIT,UNI_PERP,UNI,USDT,USDT,50.0,8.0,0.0001,2026-05-31 22:09:58.770626,20260531,UNI
WhiteBIT,AXS_PERP,AXS,USDT,USDT,50.0,4.0,0.0001,2026-05-31 22:09:58.770626,20260531,AXS
WhiteBIT,GRT_PERP,GRT,USDT,USDT,50.0,8.0,1e-05,2026-05-31 22:09:58.770626,20260531,GRT
WhiteBIT,SNX_PERP,SNX,USDT,USDT,50.0,8.0,0.0001,2026-05-31 22:09:58.770626,20260531,SNX
WhiteBIT,MANTA_PERP,MANTA,USDT,USDT,50.0,4.0,1e-05,2026-05-31 22:09:58.770626,20260531,MANTA
WhiteBIT,TIA_PERP,TIA,USDT,USDT,50.0,4.0,0.0001,2026-05-31 22:09:58.770626,20260531,TIA
WhiteBIT,JUP_PERP,JUP,USDT,USDT,50.0,4.0,0.0001,2026-05-31 22:09:58.770626,20260531,JUP
WhiteBIT,ZETA_PERP,ZETA,USDT,USDT,50.0,4.0,1e-05,2026-05-31 22:09:58.770626,20260531,ZETA
WhiteBIT,SUI_PERP,SUI,USDT,USDT,50.0,8.0,0.0001,2026-05-31 22:09:58.770626,20260531,SUI
WhiteBIT,STRK_PERP,STRK,USDT,USDT,50.0,4.0,1e-05,2026-05-31 22:09:58.770626,20260531,STRK
WhiteBIT,PIXEL_PERP,PIXEL,USDT,USDT,50.0,4.0,1e-06,2026-05-31 22:09:58.770626,20260531,PIXEL
WhiteBIT,ARKM_PERP,ARKM,USDT,USDT,50.0,4.0,0.0001,2026-05-31 22:09:58.770626,20260531,ARKM
WhiteBIT,DYM_PERP,DYM,USDT,USDT,50.0,4.0,1e-05,2026-05-31 22:09:58.770626,20260531,DYM
WhiteBIT,ACE_PERP,ACE,USDT,USDT,50.0,4.0,0.0001,2026-05-31 22:09:58.770626,20260531,ACE
WhiteBIT,SEI_PERP,SEI,USDT,USDT,50.0,8.0,1e-05,2026-05-31 22:09:58.770626,20260531,SEI
WhiteBIT,PORTAL_PERP,PORTAL,USDT,USDT,50.0,4.0,1e-05,2026-05-31 22:09:58.770626,20260531,PORTAL
WhiteBIT,WIF_PERP,WIF,USDT,USDT,50.0,4.0,0.0001,2026-05-31 22:09:58.770626,20260531,WIF
WhiteBIT,CYBER_PERP,CYBER,USDT,USDT,50.0,4.0,0.0001,2026-05-31 22:09:58.770626,20260531,CYBER
WhiteBIT,MEME_PERP,MEME,USDT,USDT,50.0,4.0,1e-07,2026-05-31 22:09:58.770626,20260531,MEME
WhiteBIT,WLD_PERP,WLD,USDT,USDT,50.0,8.0,0.0001,2026-05-31 22:09:58.770626,20260531,WLD
WhiteBIT,INJ_PERP,INJ,USDT,USDT,50.0,8.0,0.001,2026-05-31 22:09:58.770626,20260531,INJ
WhiteBIT,AEVO_PERP,AEVO,USDT,USDT,50.0,4.0,1e-05,2026-05-31 22:09:58.770626,20260531,AEVO
WhiteBIT,TON_PERP,TON,USDT,USDT,50.0,4.0,0.0001,2026-05-31 22:09:58.770626,20260531,TON
WhiteBIT,ORDI_PERP,ORDI,USDT,USDT,50.0,4.0,0.001,2026-05-31 22:09:58.770626,20260531,ORDI
WhiteBIT,ETHFI_PERP,ETHFI,USDT,USDT,50.0,4.0,0.0001,2026-05-31 22:09:58.770626,20260531,ETHFI
WhiteBIT,BOME_PERP,BOME,USDT,USDT,50.0,4.0,1e-07,2026-05-31 22:09:58.770626,20260531,BOME
WhiteBIT,ICP_PERP,ICP,USDT,USDT,50.0,8.0,0.001,2026-05-31 22:09:58.770626,20260531,ICP
WhiteBIT,YGG_PERP,YGG,USDT,USDT,50.0,4.0,1e-05,2026-05-31 22:09:58.770626,20260531,YGG
WhiteBIT,ENA_PERP,ENA,USDT,USDT,50.0,4.0,0.0001,2026-05-31 22:09:58.770626,20260531,ENA
WhiteBIT,W_PERP,W,USDT,USDT,50.0,4.0,1e-05,2026-05-31 22:09:58.770626,20260531,W
WhiteBIT,T_PERP,T,USDT,USDT,50.0,4.0,1e-06,2026-05-31 22:09:58.770626,20260531,T
WhiteBIT,TNSR_PERP,TNSR,USDT,USDT,50.0,4.0,1e-05,2026-05-31 22:09:58.770626,20260531,TNSR
WhiteBIT,SAGA_PERP,SAGA,USDT,USDT,50.0,4.0,1e-05,2026-05-31 22:09:58.770626,20260531,SAGA
WhiteBIT,GLM_PERP,GLM,USDT,USDT,50.0,4.0,1e-05,2026-05-31 22:09:58.770626,20260531,GLM
WhiteBIT,REZ_PERP,REZ,USDT,USDT,50.0,4.0,1e-06,2026-05-31 22:09:58.770626,20260531,REZ
WhiteBIT,HBAR_PERP,HBAR,USDT,USDT,50.0,8.0,1e-05,2026-05-31 22:09:58.770626,20260531,HBAR
WhiteBIT,DYDX_PERP,DYDX,USDT,USDT,50.0,8.0,0.0001,2026-05-31 22:09:58.770626,20260531,DYDX
WhiteBIT,UMA_PERP,UMA,USDT,USDT,50.0,4.0,0.0001,2026-05-31 22:09:58.770626,20260531,UMA
WhiteBIT,BB_PERP,BB,USDT,USDT,50.0,4.0,1e-05,2026-05-31 22:09:58.770626,20260531,BB
WhiteBIT,NOT_PERP,NOT,USDT,USDT,50.0,4.0,1e-07,2026-05-31 22:09:58.770626,20260531,NOT
WhiteBIT,PEOPLE_PERP,PEOPLE,USDT,USDT,50.0,8.0,1e-05,2026-05-31 22:09:58.770626,20260531,PEOPLE
WhiteBIT,LDO_PERP,LDO,USDT,USDT,50.0,8.0,0.0001,2026-05-31 22:09:58.770626,20260531,LDO
WhiteBIT,CKB_PERP,CKB,USDT,USDT,50.0,8.0,1e-06,2026-05-31 22:09:58.770626,20260531,CKB
WhiteBIT,JASMY_PERP,JASMY,USDT,USDT,50.0,8.0,1e-06,2026-05-31 22:09:58.770626,20260531,JASMY
WhiteBIT,IO_PERP,IO,USDT,USDT,50.0,4.0,0.0001,2026-05-31 22:09:58.770626,20260531,IO
WhiteBIT,ZK_PERP,ZK,USDT,USDT,50.0,4.0,1e-05,2026-05-31 22:09:58.770626,20260531,ZK
WhiteBIT,ZRO_PERP,ZRO,USDT,USDT,50.0,4.0,0.0001,2026-05-31 22:09:58.770626,20260531,ZRO
WhiteBIT,TAO_PERP,TAO,USDT,USDT,50.0,4.0,0.01,2026-05-31 22:09:58.770626,20260531,TAO
WhiteBIT,PYTH_PERP,PYTH,USDT,USDT,50.0,4.0,1e-05,2026-05-31 22:09:58.770626,20260531,PYTH
WhiteBIT,PENDLE_PERP,PENDLE,USDT,USDT,50.0,8.0,0.0001,2026-05-31 22:09:58.770626,20260531,PENDLE
WhiteBIT,AAVE_PERP,AAVE,USDT,USDT,50.0,8.0,0.01,2026-05-31 22:09:58.770626,20260531,AAVE
WhiteBIT,RENDER_PERP,RENDER,USDT,USDT,50.0,4.0,0.001,2026-05-31 22:09:58.770626,20260531,RENDER
WhiteBIT,CRV_PERP,CRV,USDT,USDT,50.0,8.0,0.0001,2026-05-31 22:09:58.770626,20260531,CRV
WhiteBIT,ENS_PERP,ENS,USDT,USDT,50.0,8.0,0.001,2026-05-31 22:09:58.770626,20260531,ENS
WhiteBIT,STORJ_PERP,STORJ,USDT,USDT,50.0,4.0,0.0001,2026-05-31 22:09:58.770626,20260531,STORJ
WhiteBIT,MEW_PERP,MEW,USDT,USDT,50.0,4.0,1e-07,2026-05-31 22:09:58.770626,20260531,MEW
WhiteBIT,JTO_PERP,JTO,USDT,USDT,50.0,4.0,0.0001,2026-05-31 22:09:58.770626,20260531,JTO
WhiteBIT,GALA_PERP,GALA,USDT,USDT,50.0,8.0,1e-06,2026-05-31 22:09:58.770626,20260531,GALA
WhiteBIT,RUNE_PERP,RUNE,USDT,USDT,50.0,8.0,0.0001,2026-05-31 22:09:58.770626,20260531,RUNE
WhiteBIT,ZEC_PERP,ZEC,USDT,USDT,50.0,8.0,0.01,2026-05-31 22:09:58.770626,20260531,ZEC
WhiteBIT,AR_PERP,AR,USDT,USDT,50.0,8.0,0.001,2026-05-31 22:09:58.770626,20260531,AR
WhiteBIT,NMR_PERP,NMR,USDT,USDT,50.0,4.0,0.001,2026-05-31 22:09:58.770626,20260531,NMR
WhiteBIT,BANANA_PERP,BANANA,USDT,USDT,50.0,4.0,0.001,2026-05-31 22:09:58.770626,20260531,BANANA
WhiteBIT,RARE_PERP,RARE,USDT,USDT,50.0,4.0,1e-05,2026-05-31 22:09:58.770626,20260531,RARE
WhiteBIT,SUN_PERP,SUN,USDT,USDT,50.0,4.0,1e-06,2026-05-31 22:09:58.770626,20260531,SUN
WhiteBIT,GMT_PERP,GMT,USDT,USDT,50.0,4.0,1e-05,2026-05-31 22:09:58.770626,20260531,GMT
WhiteBIT,POPCAT_PERP,POPCAT,USDT,USDT,50.0,4.0,1e-05,2026-05-31 22:09:58.770626,20260531,POPCAT
WhiteBIT,GMX_PERP,GMX,USDT,USDT,50.0,8.0,0.001,2026-05-31 22:09:58.770626,20260531,GMX
WhiteBIT,ALGO_PERP,ALGO,USDT,USDT,50.0,8.0,0.0001,2026-05-31 22:09:58.770626,20260531,ALGO
WhiteBIT,STX_PERP,STX,USDT,USDT,50.0,8.0,0.0001,2026-05-31 22:09:58.770626,20260531,STX
WhiteBIT,MASK_PERP,MASK,USDT,USDT,50.0,4.0,0.0001,2026-05-31 22:09:58.770626,20260531,MASK
WhiteBIT,LPT_PERP,LPT,USDT,USDT,50.0,4.0,0.001,2026-05-31 22:09:58.770626,20260531,LPT
WhiteBIT,FLUX_PERP,FLUX,USDT,USDT,50.0,4.0,1e-05,2026-05-31 22:09:58.770626,20260531,FLUX
WhiteBIT,KAS_PERP,KAS,USDT,USDT,50.0,4.0,1e-05,2026-05-31 22:09:58.770626,20260531,KAS
WhiteBIT,1INCH_PERP,1INCH,USDT,USDT,50.0,8.0,0.0001,2026-05-31 22:09:58.770626,20260531,1INCH
WhiteBIT,IMX_PERP,IMX,USDT,USDT,50.0,4.0,0.0001,2026-05-31 22:09:58.770626,20260531,IMX
WhiteBIT,SUPER_PERP,SUPER,USDT,USDT,50.0,4.0,0.0001,2026-05-31 22:09:58.770626,20260531,SUPER
WhiteBIT,AUCTION_PERP,AUCTION,USDT,USDT,50.0,4.0,0.001,2026-05-31 22:09:58.770626,20260531,AUCTION
WhiteBIT,THETA_PERP,THETA,USDT,USDT,50.0,8.0,0.0001,2026-05-31 22:09:58.770626,20260531,THETA
WhiteBIT,KSM_PERP,KSM,USDT,USDT,50.0,8.0,0.001,2026-05-31 22:09:58.770626,20260531,KSM
WhiteBIT,BRETT_PERP,BRETT,USDT,USDT,50.0,4.0,1e-06,2026-05-31 22:09:58.770626,20260531,BRETT
WhiteBIT,SUSHI_PERP,SUSHI,USDT,USDT,50.0,8.0,0.0001,2026-05-31 22:09:58.770626,20260531,SUSHI
WhiteBIT,ARPA_PERP,ARPA,USDT,USDT,50.0,8.0,1e-05,2026-05-31 22:09:58.770626,20260531,ARPA
WhiteBIT,XTZ_PERP,XTZ,USDT,USDT,50.0,4.0,0.0001,2026-05-31 22:09:58.770626,20260531,XTZ
WhiteBIT,AERGO_PERP,AERGO,USDT,USDT,50.0,4.0,1e-05,2026-05-31 22:09:58.770626,20260531,AERGO
WhiteBIT,SSV_PERP,SSV,USDT,USDT,50.0,8.0,0.001,2026-05-31 22:09:58.770626,20260531,SSV
WhiteBIT,NEO_PERP,NEO,USDT,USDT,50.0,8.0,0.001,2026-05-31 22:09:58.770626,20260531,NEO
WhiteBIT,POL_PERP,POL,USDT,USDT,50.0,4.0,1e-05,2026-05-31 22:09:58.770626,20260531,POL
WhiteBIT,RPL_PERP,RPL,USDT,USDT,50.0,4.0,0.001,2026-05-31 22:09:58.770626,20260531,RPL
WhiteBIT,FLOW_PERP,FLOW,USDT,USDT,50.0,4.0,1e-05,2026-05-31 22:09:58.770626,20260531,FLOW
WhiteBIT,MANA_PERP,MANA,USDT,USDT,50.0,8.0,0.0001,2026-05-31 22:09:58.770626,20260531,MANA
WhiteBIT,SAND_PERP,SAND,USDT,USDT,50.0,8.0,1e-05,2026-05-31 22:09:58.770626,20260531,SAND
WhiteBIT,API3_PERP,API3,USDT,USDT,50.0,4.0,0.0001,2026-05-31 22:09:58.770626,20260531,API3
WhiteBIT,KAVA_PERP,KAVA,USDT,USDT,50.0,4.0,0.0001,2026-05-31 22:09:58.770626,20260531,KAVA
WhiteBIT,PEPE_PERP,PEPE,USDT,USDT,50.0,8.0,1e-09,2026-05-31 22:09:58.770626,20260531,PEPE
WhiteBIT,ARK_PERP,ARK,USDT,USDT,50.0,4.0,0.0001,2026-05-31 22:09:58.770626,20260531,ARK
WhiteBIT,CATI_PERP,CATI,USDT,USDT,50.0,4.0,1e-05,2026-05-31 22:09:58.770626,20260531,CATI
WhiteBIT,BONK_PERP,BONK,USDT,USDT,50.0,4.0,1e-09,2026-05-31 22:09:58.770626,20260531,BONK
WhiteBIT,CHZ_PERP,CHZ,USDT,USDT,50.0,8.0,1e-05,2026-05-31 22:09:58.770626,20260531,CHZ
WhiteBIT,NEIRO_PERP,NEIRO,USDT,USDT,50.0,4.0,1e-08,2026-05-31 22:09:58.770626,20260531,NEIRO
WhiteBIT,ATH_PERP,ATH,USDT,USDT,50.0,4.0,1e-06,2026-05-31 22:09:58.771623,20260531,ATH
WhiteBIT,EIGEN_PERP,EIGEN,USDT,USDT,50.0,4.0,0.0001,2026-05-31 22:09:58.771623,20260531,EIGEN
WhiteBIT,BIGTIME_PERP,BIGTIME,USDT,USDT,50.0,4.0,1e-05,2026-05-31 22:09:58.771623,20260531,BIGTIME
WhiteBIT,MOODENG_PERP,MOODENG,USDT,USDT,50.0,4.0,1e-05,2026-05-31 22:09:58.771623,20260531,MOODENG
WhiteBIT,SCR_PERP,SCR,USDT,USDT,50.0,4.0,1e-05,2026-05-31 22:09:58.771623,20260531,SCR
WhiteBIT,TURBO_PERP,TURBO,USDT,USDT,50.0,4.0,1e-07,2026-05-31 22:09:58.771623,20260531,TURBO
WhiteBIT,GRASS_PERP,GRASS,USDT,USDT,50.0,4.0,0.0001,2026-05-31 22:09:58.771623,20260531,GRASS
WhiteBIT,SAFE_PERP,SAFE,USDT,USDT,50.0,4.0,0.0001,2026-05-31 22:09:58.771623,20260531,SAFE
WhiteBIT,GOAT_PERP,GOAT,USDT,USDT,50.0,4.0,1e-05,2026-05-31 22:09:58.771623,20260531,GOAT
WhiteBIT,CETUS_PERP,CETUS,USDT,USDT,50.0,4.0,1e-05,2026-05-31 22:09:58.771623,20260531,CETUS
WhiteBIT,DRIFT_PERP,DRIFT,USDT,USDT,50.0,4.0,1e-05,2026-05-31 22:09:58.771623,20260531,DRIFT
WhiteBIT,ACT_PERP,ACT,USDT,USDT,50.0,4.0,1e-05,2026-05-31 22:09:58.771623,20260531,ACT
WhiteBIT,PNUT_PERP,PNUT,USDT,USDT,50.0,4.0,1e-05,2026-05-31 22:09:58.771623,20260531,PNUT
WhiteBIT,METIS_PERP,METIS,USDT,USDT,50.0,4.0,0.001,2026-05-31 22:09:58.771623,20260531,METIS
WhiteBIT,VET_PERP,VET,USDT,USDT,50.0,8.0,1e-06,2026-05-31 22:09:58.771623,20260531,VET
WhiteBIT,RSR_PERP,RSR,USDT,USDT,50.0,8.0,1e-06,2026-05-31 22:09:58.771623,20260531,RSR
WhiteBIT,MOVE_PERP,MOVE,USDT,USDT,50.0,4.0,1e-05,2026-05-31 22:09:58.771623,20260531,MOVE
WhiteBIT,ME_PERP,ME,USDT,USDT,50.0,4.0,0.0001,2026-05-31 22:09:58.771623,20260531,ME
WhiteBIT,VANA_PERP,VANA,USDT,USDT,50.0,4.0,0.001,2026-05-31 22:09:58.771623,20260531,VANA
WhiteBIT,MOCA_PERP,MOCA,USDT,USDT,50.0,4.0,1e-05,2026-05-31 22:09:58.771623,20260531,MOCA
WhiteBIT,PENGU_PERP,PENGU,USDT,USDT,50.0,4.0,1e-06,2026-05-31 22:09:58.771623,20260531,PENGU
WhiteBIT,USUAL_PERP,USUAL,USDT,USDT,50.0,4.0,1e-05,2026-05-31 22:09:58.771623,20260531,USUAL
WhiteBIT,DEXE_PERP,DEXE,USDT,USDT,50.0,4.0,0.001,2026-05-31 22:09:58.771623,20260531,DEXE
WhiteBIT,ACX_PERP,ACX,USDT,USDT,50.0,4.0,1e-05,2026-05-31 22:09:58.771623,20260531,ACX
WhiteBIT,ORCA_PERP,ORCA,USDT,USDT,50.0,4.0,0.001,2026-05-31 22:09:58.771623,20260531,ORCA
WhiteBIT,BIO_PERP,BIO,USDT,USDT,50.0,4.0,1e-05,2026-05-31 22:09:58.771623,20260531,BIO
WhiteBIT,SONIC_PERP,SONIC,USDT,USDT,50.0,4.0,1e-05,2026-05-31 22:09:58.771623,20260531,SONIC
WhiteBIT,S_PERP,S,USDT,USDT,50.0,4.0,1e-05,2026-05-31 22:09:58.771623,20260531,S
WhiteBIT,TRUMP_PERP,TRUMP,USDT,USDT,50.0,4.0,0.001,2026-05-31 22:09:58.771623,20260531,TRUMP
WhiteBIT,MELANIA_PERP,MELANIA,USDT,USDT,50.0,4.0,0.0001,2026-05-31 22:09:58.771623,20260531,MELANIA
WhiteBIT,ANIME_PERP,ANIME,USDT,USDT,50.0,4.0,1e-06,2026-05-31 22:09:58.771623,20260531,ANIME
WhiteBIT,AIXBT_PERP,AIXBT,USDT,USDT,50.0,4.0,1e-05,2026-05-31 22:09:58.771623,20260531,AIXBT
WhiteBIT,CGPT_PERP,CGPT,USDT,USDT,50.0,4.0,1e-05,2026-05-31 22:09:58.771623,20260531,CGPT
WhiteBIT,BERA_PERP,BERA,USDT,USDT,50.0,4.0,0.0001,2026-05-31 22:09:58.771623,20260531,BERA
WhiteBIT,LAYER_PERP,LAYER,USDT,USDT,50.0,4.0,1e-05,2026-05-31 22:09:58.771623,20260531,LAYER
WhiteBIT,KAITO_PERP,KAITO,USDT,USDT,50.0,4.0,0.0001,2026-05-31 22:09:58.771623,20260531,KAITO
WhiteBIT,SHELL_PERP,SHELL,USDT,USDT,50.0,4.0,1e-05,2026-05-31 22:09:58.771623,20260531,SHELL
WhiteBIT,RED_PERP,RED,USDT,USDT,50.0,4.0,0.0001,2026-05-31 22:09:58.771623,20260531,RED
WhiteBIT,ONDO_PERP,ONDO,USDT,USDT,50.0,4.0,0.0001,2026-05-31 22:09:58.771623,20260531,ONDO
WhiteBIT,MINA_PERP,MINA,USDT,USDT,50.0,8.0,1e-05,2026-05-31 22:09:58.771623,20260531,MINA
WhiteBIT,NIL_PERP,NIL,USDT,USDT,50.0,4.0,1e-05,2026-05-31 22:09:58.771623,20260531,NIL
WhiteBIT,PARTI_PERP,PARTI,USDT,USDT,50.0,4.0,1e-05,2026-05-31 22:09:58.771623,20260531,PARTI
WhiteBIT,BABY_PERP,BABY,USDT,USDT,50.0,4.0,1e-05,2026-05-31 22:09:58.771623,20260531,BABY
WhiteBIT,KERNEL_PERP,KERNEL,USDT,USDT,50.0,4.0,1e-05,2026-05-31 22:09:58.771623,20260531,KERNEL
WhiteBIT,WCT_PERP,WCT,USDT,USDT,50.0,4.0,1e-05,2026-05-31 22:09:58.771623,20260531,WCT
WhiteBIT,HYPER_PERP,HYPER,USDT,USDT,50.0,4.0,1e-05,2026-05-31 22:09:58.771623,20260531,HYPER
WhiteBIT,INIT_PERP,INIT,USDT,USDT,50.0,4.0,1e-05,2026-05-31 22:09:58.771623,20260531,INIT
WhiteBIT,SIGN_PERP,SIGN,USDT,USDT,50.0,4.0,1e-05,2026-05-31 22:09:58.771623,20260531,SIGN
WhiteBIT,SXT_PERP,SXT,USDT,USDT,50.0,4.0,1e-05,2026-05-31 22:09:58.771623,20260531,SXT
WhiteBIT,VIRTUAL_PERP,VIRTUAL,USDT,USDT,50.0,4.0,0.0001,2026-05-31 22:09:58.771623,20260531,VIRTUAL
WhiteBIT,NXPC_PERP,NXPC,USDT,USDT,50.0,4.0,1e-05,2026-05-31 22:09:58.771623,20260531,NXPC
WhiteBIT,SYRUP_PERP,SYRUP,USDT,USDT,50.0,4.0,1e-05,2026-05-31 22:09:58.771623,20260531,SYRUP
WhiteBIT,HUMA_PERP,HUMA,USDT,USDT,50.0,4.0,1e-06,2026-05-31 22:09:58.771623,20260531,HUMA
WhiteBIT,A_PERP,A,USDT,USDT,50.0,4.0,1e-05,2026-05-31 22:09:58.771623,20260531,A
WhiteBIT,SOPH_PERP,SOPH,USDT,USDT,50.0,4.0,1e-06,2026-05-31 22:09:58.771623,20260531,SOPH
WhiteBIT,HYPE_PERP,HYPE,USDT,USDT,50.0,4.0,0.001,2026-05-31 22:09:58.771623,20260531,HYPE
WhiteBIT,HAEDAL_PERP,HAEDAL,USDT,USDT,50.0,4.0,1e-06,2026-05-31 22:09:58.771623,20260531,HAEDAL
WhiteBIT,FLOKI_PERP,FLOKI,USDT,USDT,50.0,8.0,1e-08,2026-05-31 22:09:58.771623,20260531,FLOKI
WhiteBIT,AXL_PERP,AXL,USDT,USDT,50.0,4.0,1e-05,2026-05-31 22:09:58.771623,20260531,AXL
WhiteBIT,HOME_PERP,HOME,USDT,USDT,50.0,4.0,1e-06,2026-05-31 22:09:58.771623,20260531,HOME
WhiteBIT,SAHARA_PERP,SAHARA,USDT,USDT,50.0,4.0,1e-05,2026-05-31 22:09:58.771623,20260531,SAHARA
WhiteBIT,NEWT_PERP,NEWT,USDT,USDT,50.0,4.0,1e-05,2026-05-31 22:09:58.771623,20260531,NEWT
WhiteBIT,LA_PERP,LA,USDT,USDT,50.0,4.0,0.0001,2026-05-31 22:09:58.771623,20260531,LA
WhiteBIT,ERA_PERP,ERA,USDT,USDT,50.0,4.0,0.0001,2026-05-31 22:09:58.771623,20260531,ERA
WhiteBIT,PUMP_PERP,PUMP,USDT,USDT,50.0,4.0,1e-06,2026-05-31 22:09:58.771623,20260531,PUMP
WhiteBIT,TREE_PERP,TREE,USDT,USDT,50.0,4.0,1e-05,2026-05-31 22:09:58.771623,20260531,TREE
WhiteBIT,MAGIC_PERP,MAGIC,USDT,USDT,50.0,4.0,1e-05,2026-05-31 22:09:58.771623,20260531,MAGIC
WhiteBIT,JST_PERP,JST,USDT,USDT,50.0,4.0,1e-06,2026-05-31 22:09:58.771623,20260531,JST
WhiteBIT,COMP_PERP,COMP,USDT,USDT,50.0,8.0,0.01,2026-05-31 22:09:58.771623,20260531,COMP
WhiteBIT,TOWNS_PERP,TOWNS,USDT,USDT,50.0,4.0,1e-06,2026-05-31 22:09:58.771623,20260531,TOWNS
WhiteBIT,QTUM_PERP,QTUM,USDT,USDT,50.0,8.0,0.001,2026-05-31 22:09:58.771623,20260531,QTUM
WhiteBIT,BAT_PERP,BAT,USDT,USDT,50.0,8.0,0.0001,2026-05-31 22:09:58.771623,20260531,BAT
WhiteBIT,ZIL_PERP,ZIL,USDT,USDT,50.0,4.0,1e-05,2026-05-31 22:09:58.771623,20260531,ZIL
WhiteBIT,PROVE_PERP,PROVE,USDT,USDT,50.0,4.0,0.0001,2026-05-31 22:09:58.771623,20260531,PROVE
WhiteBIT,RVN_PERP,RVN,USDT,USDT,50.0,4.0,1e-05,2026-05-31 22:09:58.771623,20260531,RVN
WhiteBIT,ZRX_PERP,ZRX,USDT,USDT,50.0,4.0,0.0001,2026-05-31 22:09:58.771623,20260531,ZRX
WhiteBIT,WLFI_PERP,WLFI,USDT,USDT,50.0,4.0,0.0001,2026-05-31 22:09:58.771623,20260531,WLFI
WhiteBIT,IP_PERP,IP,USDT,USDT,50.0,4.0,0.0001,2026-05-31 22:09:58.771623,20260531,IP
WhiteBIT,LRC_PERP,LRC,USDT,USDT,50.0,4.0,1e-05,2026-05-31 22:09:58.771623,20260531,LRC
WhiteBIT,YFI_PERP,YFI,USDT,USDT,50.0,8.0,0.1,2026-05-31 22:09:58.771623,20260531,YFI
WhiteBIT,CELO_PERP,CELO,USDT,USDT,50.0,8.0,0.0001,2026-05-31 22:09:58.771623,20260531,CELO
WhiteBIT,FARTCOIN_PERP,FARTCOIN,USDT,USDT,50.0,4.0,0.0001,2026-05-31 22:09:58.771623,20260531,FARTCOIN
WhiteBIT,ICX_PERP,ICX,USDT,USDT,50.0,8.0,1e-05,2026-05-31 22:09:58.771623,20260531,ICX
WhiteBIT,CAKE_PERP,CAKE,USDT,USDT,50.0,4.0,0.0001,2026-05-31 22:09:58.771623,20260531,CAKE
WhiteBIT,LINEA_PERP,LINEA,USDT,USDT,50.0,4.0,1e-06,2026-05-31 22:09:58.771623,20260531,LINEA
WhiteBIT,ETHW_PERP,ETHW,USDT,USDT,50.0,4.0,0.0001,2026-05-31 22:09:58.771623,20260531,ETHW
WhiteBIT,OPEN_PERP,OPEN,USDT,USDT,50.0,4.0,0.0001,2026-05-31 22:09:58.771623,20260531,OPEN
WhiteBIT,WOO_PERP,WOO,USDT,USDT,50.0,8.0,1e-05,2026-05-31 22:09:58.771623,20260531,WOO
WhiteBIT,ENJ_PERP,ENJ,USDT,USDT,50.0,4.0,1e-05,2026-05-31 22:09:58.771623,20260531,ENJ
WhiteBIT,ZKC_PERP,ZKC,USDT,USDT,50.0,4.0,0.0001,2026-05-31 22:09:58.771623,20260531,ZKC
WhiteBIT,ONT_PERP,ONT,USDT,USDT,50.0,4.0,0.0001,2026-05-31 22:09:58.771623,20260531,ONT
WhiteBIT,SKY_PERP,SKY,USDT,USDT,50.0,4.0,1e-05,2026-05-31 22:09:58.771623,20260531,SKY
WhiteBIT,BAND_PERP,BAND,USDT,USDT,50.0,8.0,0.0001,2026-05-31 22:09:58.771623,20260531,BAND
WhiteBIT,BICO_PERP,BICO,USDT,USDT,50.0,8.0,1e-05,2026-05-31 22:09:58.771623,20260531,BICO
WhiteBIT,IOST_PERP,IOST,USDT,USDT,50.0,8.0,1e-06,2026-05-31 22:09:58.771623,20260531,IOST
WhiteBIT,LQTY_PERP,LQTY,USDT,USDT,50.0,8.0,0.0001,2026-05-31 22:09:58.771623,20260531,LQTY
WhiteBIT,AVNT_PERP,AVNT,USDT,USDT,50.0,4.0,0.0001,2026-05-31 22:09:58.771623,20260531,AVNT
WhiteBIT,BNT_PERP,BNT,USDT,USDT,50.0,8.0,1e-05,2026-05-31 22:09:58.771623,20260531,BNT
WhiteBIT,AGLD_PERP,AGLD,USDT,USDT,50.0,8.0,0.0001,2026-05-31 22:09:58.771623,20260531,AGLD
WhiteBIT,XPL_PERP,XPL,USDT,USDT,50.0,4.0,0.0001,2026-05-31 22:09:58.771623,20260531,XPL
WhiteBIT,CVC_PERP,CVC,USDT,USDT,50.0,4.0,1e-05,2026-05-31 22:09:58.771623,20260531,CVC
WhiteBIT,MIRA_PERP,MIRA,USDT,USDT,50.0,4.0,0.0001,2026-05-31 22:09:58.771623,20260531,MIRA
WhiteBIT,0G_PERP,0G,USDT,USDT,50.0,4.0,0.0001,2026-05-31 22:09:58.771623,20260531,0G
WhiteBIT,ASTER_PERP,ASTER,USDT,USDT,50.0,4.0,0.0001,2026-05-31 22:09:58.771623,20260531,ASTER
WhiteBIT,PLUME_PERP,PLUME,USDT,USDT,50.0,4.0,1e-05,2026-05-31 22:09:58.771623,20260531,PLUME
WhiteBIT,EDEN_PERP,EDEN,USDT,USDT,50.0,4.0,0.0001,2026-05-31 22:09:58.771623,20260531,EDEN
WhiteBIT,FF_PERP,FF,USDT,USDT,50.0,4.0,1e-05,2026-05-31 22:09:58.771623,20260531,FF
WhiteBIT,CVX_PERP,CVX,USDT,USDT,50.0,4.0,0.001,2026-05-31 22:09:58.771623,20260531,CVX
WhiteBIT,NOM_PERP,NOM,USDT,USDT,50.0,4.0,1e-06,2026-05-31 22:09:58.771623,20260531,NOM
WhiteBIT,KMNO_PERP,KMNO,USDT,USDT,50.0,4.0,1e-05,2026-05-31 22:09:58.771623,20260531,KMNO
WhiteBIT,XAN_PERP,XAN,USDT,USDT,50.0,4.0,1e-06,2026-05-31 22:09:58.771623,20260531,XAN
WhiteBIT,M_PERP,M,USDT,USDT,50.0,4.0,0.0001,2026-05-31 22:09:58.771623,20260531,M
WhiteBIT,SOMI_PERP,SOMI,USDT,USDT,50.0,4.0,0.0001,2026-05-31 22:09:58.771623,20260531,SOMI
WhiteBIT,2Z_PERP,2Z,USDT,USDT,50.0,4.0,1e-05,2026-05-31 22:09:58.771623,20260531,2Z
WhiteBIT,MORPHO_PERP,MORPHO,USDT,USDT,50.0,4.0,0.0001,2026-05-31 22:09:58.771623,20260531,MORPHO
WhiteBIT,WAL_PERP,WAL,USDT,USDT,50.0,4.0,1e-05,2026-05-31 22:09:58.771623,20260531,WAL
WhiteBIT,COAI_PERP,COAI,USDT,USDT,10.0,4.0,0.0001,2026-05-31 22:09:58.771623,20260531,COAI
WhiteBIT,ZORA_PERP,ZORA,USDT,USDT,50.0,4.0,1e-05,2026-05-31 22:09:58.771623,20260531,ZORA
WhiteBIT,MET_PERP,MET,USDT,USDT,50.0,4.0,0.0001,2026-05-31 22:09:58.771623,20260531,MET
WhiteBIT,ZBT_PERP,ZBT,USDT,USDT,50.0,4.0,1e-05,2026-05-31 22:09:58.771623,20260531,ZBT
WhiteBIT,MERL_PERP,MERL,USDT,USDT,50.0,4.0,1e-05,2026-05-31 22:09:58.771623,20260531,MERL
WhiteBIT,DOOD_PERP,DOOD,USDT,USDT,50.0,4.0,1e-06,2026-05-31 22:09:58.771623,20260531,DOOD
WhiteBIT,KITE_PERP,KITE,USDT,USDT,50.0,4.0,1e-05,2026-05-31 22:09:58.771623,20260531,KITE
WhiteBIT,MMT_PERP,MMT,USDT,USDT,50.0,4.0,0.0001,2026-05-31 22:09:58.771623,20260531,MMT
WhiteBIT,KAIA_PERP,KAIA,USDT,USDT,50.0,4.0,1e-05,2026-05-31 22:09:58.771623,20260531,KAIA
WhiteBIT,GIGGLE_PERP,GIGGLE,USDT,USDT,50.0,4.0,0.01,2026-05-31 22:09:58.771623,20260531,GIGGLE
WhiteBIT,PAXG_PERP,PAXG,USDT,USDT,50.0,4.0,0.01,2026-05-31 22:09:58.771623,20260531,PAXG
WhiteBIT,DASH_PERP,DASH,USDT,USDT,50.0,8.0,0.01,2026-05-31 22:09:58.771623,20260531,DASH
WhiteBIT,WBT_PERP,WBT,USDT,USDT,100.0,8.0,0.001,2026-05-31 22:09:58.771623,20260531,WBT
WhiteBIT,ZEN_PERP,ZEN,USDT,USDT,50.0,8.0,0.001,2026-05-31 22:09:58.771623,20260531,ZEN
WhiteBIT,NIGHT_PERP,NIGHT,USDT,USDT,50.0,4.0,1e-05,2026-05-31 22:09:58.771623,20260531,NIGHT
WhiteBIT,BARD_PERP,BARD,USDT,USDT,50.0,4.0,0.0001,2026-05-31 22:09:58.771623,20260531,BARD
WhiteBIT,QNT_PERP,QNT,USDT,USDT,50.0,8.0,0.01,2026-05-31 22:09:58.771623,20260531,QNT
WhiteBIT,ID_PERP,ID,USDT,USDT,50.0,1.0,1e-05,2026-05-31 22:09:58.771623,20260531,ID
WhiteBIT,ROSE_PERP,ROSE,USDT,USDT,50.0,8.0,1e-05,2026-05-31 22:09:58.771623,20260531,ROSE
WhiteBIT,ZKP_PERP,ZKP,USDT,USDT,50.0,4.0,1e-05,2026-05-31 22:09:58.771623,20260531,ZKP
WhiteBIT,ASTR_PERP,ASTR,USDT,USDT,50.0,8.0,1e-06,2026-05-31 22:09:58.771623,20260531,ASTR
WhiteBIT,ANKR_PERP,ANKR,USDT,USDT,50.0,4.0,1e-06,2026-05-31 22:09:58.771623,20260531,ANKR
WhiteBIT,BREV_PERP,BREV,USDT,USDT,50.0,4.0,0.0001,2026-05-31 22:09:58.771623,20260531,BREV
WhiteBIT,RON_PERP,RON,USDT,USDT,50.0,4.0,0.0001,2026-05-31 22:09:58.771623,20260531,RON
WhiteBIT,FOGO_PERP,FOGO,USDT,USDT,50.0,4.0,1e-05,2026-05-31 22:09:58.771623,20260531,FOGO
WhiteBIT,SKL_PERP,SKL,USDT,USDT,50.0,4.0,1e-05,2026-05-31 22:09:58.771623,20260531,SKL
WhiteBIT,XAUT_PERP,XAUT,USDT,USDT,50.0,4.0,0.01,2026-05-31 22:09:58.771623,20260531,XAUT
WhiteBIT,BEAM_PERP,BEAM,USDT,USDT,50.0,4.0,1e-06,2026-05-31 22:09:58.771623,20260531,BEAM
WhiteBIT,GAS_PERP,GAS,USDT,USDT,50.0,4.0,0.001,2026-05-31 22:09:58.771623,20260531,GAS
WhiteBIT,ALT_PERP,ALT,USDT,USDT,50.0,4.0,1e-06,2026-05-31 22:09:58.771623,20260531,ALT
WhiteBIT,KNC_PERP,KNC,USDT,USDT,50.0,8.0,0.0001,2026-05-31 22:09:58.771623,20260531,KNC
WhiteBIT,SENT_PERP,SENT,USDT,USDT,50.0,4.0,1e-05,2026-05-31 22:09:58.771623,20260531,SENT
WhiteBIT,WAXP_PERP,WAXP,USDT,USDT,50.0,4.0,1e-06,2026-05-31 22:09:58.771623,20260531,WAXP
WhiteBIT,LIT_PERP,LIT,USDT,USDT,50.0,4.0,0.0001,2026-05-31 22:09:58.771623,20260531,LIT
WhiteBIT,PHA_PERP,PHA,USDT,USDT,50.0,4.0,1e-05,2026-05-31 22:09:58.771623,20260531,PHA
WhiteBIT,ENSO_PERP,ENSO,USDT,USDT,50.0,4.0,0.0001,2026-05-31 22:09:58.771623,20260531,ENSO
WhiteBIT,ZAMA_PERP,ZAMA,USDT,USDT,50.0,4.0,1e-05,2026-05-31 22:09:58.771623,20260531,ZAMA
WhiteBIT,BNB_PERP,BNB,USDT,USDT,100.0,8.0,0.01,2026-05-31 22:09:58.771623,20260531,BNB
WhiteBIT,C98_PERP,C98,USDT,USDT,50.0,8.0,1e-05,2026-05-31 22:09:58.771623,20260531,C98
WhiteBIT,STG_PERP,STG,USDT,USDT,50.0,8.0,0.0001,2026-05-31 22:09:58.771623,20260531,STG
WhiteBIT,ESP_PERP,ESP,USDT,USDT,50.0,4.0,1e-05,2026-05-31 22:09:58.771623,20260531,ESP
WhiteBIT,TRIA_PERP,TRIA,USDT,USDT,50.0,4.0,1e-05,2026-05-31 22:09:58.771623,20260531,TRIA
WhiteBIT,ALLO_PERP,ALLO,USDT,USDT,50.0,4.0,1e-05,2026-05-31 22:09:58.771623,20260531,ALLO
WhiteBIT,MANTRA_PERP,MANTRA,USDT,USDT,50.0,4.0,1e-05,2026-05-31 22:09:58.771623,20260531,MANTRA
WhiteBIT,OPN_PERP,OPN,USDT,USDT,50.0,4.0,0.0001,2026-05-31 22:09:58.771623,20260531,OPN
WhiteBIT,CFG_PERP,CFG,USDT,USDT,50.0,4.0,0.0001,2026-05-31 22:09:58.771623,20260531,CFG
WhiteBIT,ROBO_PERP,ROBO,USDT,USDT,50.0,4.0,1e-05,2026-05-31 22:09:58.771623,20260531,ROBO
WhiteBIT,KAT_PERP,KAT,USDT,USDT,50.0,4.0,1e-05,2026-05-31 22:09:58.771623,20260531,KAT
WhiteBIT,MON_PERP,MON,USDT,USDT,50.0,4.0,1e-05,2026-05-31 22:09:58.771623,20260531,MON
WhiteBIT,BASED_PERP,BASED,USDT,USDT,50.0,4.0,0.0001,2026-05-31 22:09:58.771623,20260531,BASED
WhiteBIT,CFX_PERP,CFX,USDT,USDT,50.0,8.0,1e-05,2026-05-31 22:09:58.771623,20260531,CFX
WhiteBIT,GPS_PERP,GPS,USDT,USDT,50.0,4.0,1e-06,2026-05-31 22:09:58.771623,20260531,GPS
WhiteBIT,FLUID_PERP,FLUID,USDT,USDT,50.0,4.0,0.001,2026-05-31 22:09:58.771623,20260531,FLUID
WhiteBIT,CHIP_PERP,CHIP,USDT,USDT,50.0,4.0,1e-05,2026-05-31 22:09:58.771623,20260531,CHIP
WhiteBIT,MEGA_PERP,MEGA,USDT,USDT,50.0,4.0,1e-05,2026-05-31 22:09:58.771623,20260531,MEGA
WhiteBIT,EDGE_PERP,EDGE,USDT,USDT,50.0,4.0,0.0001,2026-05-31 22:09:58.771623,20260531,EDGE
WhiteBIT,PHAROS_PERP,PHAROS,USDT,USDT,50.0,4.0,0.0001,2026-05-31 22:09:58.771623,20260531,PHAROS
WhiteBIT,OPG_PERP,OPG,USDT,USDT,50.0,4.0,0.0001,2026-05-31 22:09:58.771623,20260531,OPG
WhiteBIT,CORE_PERP,CORE,USDT,USDT,20.0,8.0,1e-05,2026-05-31 22:09:58.771623,20260531,CORE
dYdX,ENA-USD,ENA,USD,USDC,,1.0,1e-05,2026-05-31 22:09:58.771623,20260531,ENA
dYdX,CHZ-USD,CHZ,USD,USDC,,1.0,1e-05,2026-05-31 22:09:58.771623,20260531,CHZ
dYdX,AVNT-USD,AVNT,USD,USDC,,1.0,1e-05,2026-05-31 22:09:58.771623,20260531,AVNT
dYdX,ZEN-USD,ZEN,USD,USDC,,1.0,0.001,2026-05-31 22:09:58.771623,20260531,ZEN
dYdX,CAKE-USD,CAKE,USD,USDC,,1.0,0.001,2026-05-31 22:09:58.771623,20260531,CAKE
dYdX,TSLAX-USD,TSLAX,USD,USDC,,1.0,0.1,2026-05-31 22:09:58.771623,20260531,TSLAX
dYdX,AVAX-USD,AVAX,USD,USDC,,1.0,0.001,2026-05-31 22:09:58.771623,20260531,AVAX
dYdX,PYTH-USD,PYTH,USD,USDC,,1.0,1e-05,2026-05-31 22:09:58.771623,20260531,PYTH
dYdX,HYPE-USD,HYPE,USD,USDC,,1.0,0.001,2026-05-31 22:09:58.771623,20260531,HYPE
dYdX,AEVO-USD,AEVO,USD,USDC,,1.0,1e-05,2026-05-31 22:09:58.771623,20260531,AEVO
dYdX,GRT-USD,GRT,USD,USDC,,1.0,1e-05,2026-05-31 22:09:58.771623,20260531,GRT
dYdX,SYRUP-USD,SYRUP,USD,USDC,,1.0,0.0001,2026-05-31 22:09:58.771623,20260531,SYRUP
dYdX,XRP-USD,XRP,USD,USDC,,1.0,0.0001,2026-05-31 22:09:58.771623,20260531,XRP
dYdX,SPX-USD,SPX,USD,USDC,,1.0,0.0001,2026-05-31 22:09:58.771623,20260531,SPX
dYdX,AAVE-USD,AAVE,USD,USDC,,1.0,0.01,2026-05-31 22:09:58.771623,20260531,AAVE
dYdX,ENS-USD,ENS,USD,USDC,,1.0,0.001,2026-05-31 22:09:58.771623,20260531,ENS
dYdX,W-USD,W,USD,USDC,,1.0,1e-06,2026-05-31 22:09:58.771623,20260531,W
dYdX,APT-USD,APT,USD,USDC,,1.0,0.0001,2026-05-31 22:09:58.771623,20260531,APT
dYdX,PUMP-USD,PUMP,USD,USDC,,1.0,1e-07,2026-05-31 22:09:58.771623,20260531,PUMP
dYdX,SOL-USD,SOL,USD,USDC,,1.0,0.01,2026-05-31 22:09:58.771623,20260531,SOL
dYdX,OP-USD,OP,USD,USDC,,1.0,1e-05,2026-05-31 22:09:58.771623,20260531,OP
dYdX,ATOM-USD,ATOM,USD,USDC,,1.0,0.001,2026-05-31 22:09:58.771623,20260531,ATOM
dYdX,IMX-USD,IMX,USD,USDC,,1.0,1e-05,2026-05-31 22:09:58.771623,20260531,IMX
dYdX,1INCH-USD,1INCH,USD,USDC,,1.0,1e-05,2026-05-31 22:09:58.771623,20260531,1INCH
dYdX,PAXG-USD,PAXG,USD,USDC,,1.0,1.0,2026-05-31 22:09:58.771623,20260531,PAXG
dYdX,VVV-USD,VVV,USD,USDC,,1.0,0.001,2026-05-31 22:09:58.771623,20260531,VVV
dYdX,FIL-USD,FIL,USD,USDC,,1.0,0.0001,2026-05-31 22:09:58.771623,20260531,FIL
dYdX,S-USD,S,USD,USDC,,1.0,1e-05,2026-05-31 22:09:58.771623,20260531,S
dYdX,SHIB-USD,SHIB,USD,USDC,,1.0,1e-09,2026-05-31 22:09:58.771623,20260531,SHIB
dYdX,PEOPLE-USD,PEOPLE,USD,USDC,,1.0,1e-06,2026-05-31 22:09:58.771623,20260531,PEOPLE
dYdX,KAS-USD,KAS,USD,USDC,,1.0,1e-05,2026-05-31 22:09:58.771623,20260531,KAS
dYdX,AXS-USD,AXS,USD,USDC,,1.0,0.001,2026-05-31 22:09:58.771623,20260531,AXS
dYdX,XLM-USD,XLM,USD,USDC,,1.0,0.0001,2026-05-31 22:09:58.771623,20260531,XLM
dYdX,STX-USD,STX,USD,USDC,,1.0,0.0001,2026-05-31 22:09:58.771623,20260531,STX
dYdX,SNX-USD,SNX,USD,USDC,,1.0,0.0001,2026-05-31 22:09:58.771623,20260531,SNX
dYdX,ETH-USD,ETH,USD,USDC,,1.0,0.1,2026-05-31 22:09:58.771623,20260531,ETH
dYdX,MNT-USD,MNT,USD,USDC,,1.0,0.0001,2026-05-31 22:09:58.771623,20260531,MNT
dYdX,MET-USD,MET,USD,USDC,,1.0,1e-05,2026-05-31 22:09:58.771623,20260531,MET
dYdX,AXL-USD,AXL,USD,USDC,,1.0,1e-05,2026-05-31 22:09:58.771623,20260531,AXL
dYdX,WOO-USD,WOO,USD,USDC,,1.0,1e-06,2026-05-31 22:09:58.771623,20260531,WOO
dYdX,NEAR-USD,NEAR,USD,USDC,,1.0,0.001,2026-05-31 22:09:58.771623,20260531,NEAR
dYdX,ASTER-USD,ASTER,USD,USDC,,1.0,1e-05,2026-05-31 22:09:58.771623,20260531,ASTER
dYdX,DOT-USD,DOT,USD,USDC,,1.0,0.001,2026-05-31 22:09:58.771623,20260531,DOT
dYdX,TRUMP-USD,TRUMP,USD,USDC,,1.0,0.0001,2026-05-31 22:09:58.771623,20260531,TRUMP
dYdX,TAO-USD,TAO,USD,USDC,,1.0,0.01,2026-05-31 22:09:58.771623,20260531,TAO
dYdX,ASTR-USD,ASTR,USD,USDC,,1.0,1e-06,2026-05-31 22:09:58.771623,20260531,ASTR
dYdX,WTI-USD,WTI,USD,USDC,,1.0,1e-05,2026-05-31 22:09:58.771623,20260531,WTI
dYdX,USUAL-USD,USUAL,USD,USDC,,1.0,1e-06,2026-05-31 22:09:58.771623,20260531,USUAL
dYdX,LDO-USD,LDO,USD,USDC,,1.0,0.0001,2026-05-31 22:09:58.771623,20260531,LDO
dYdX,BNB-USD,BNB,USD,USDC,,1.0,0.01,2026-05-31 22:09:58.771623,20260531,BNB
dYdX,ETC-USD,ETC,USD,USDC,,1.0,0.001,2026-05-31 22:09:58.771623,20260531,ETC
dYdX,SEI-USD,SEI,USD,USDC,,1.0,1e-05,2026-05-31 22:09:58.771623,20260531,SEI
dYdX,LIT-USD,LIT,USD,USDC,,1.0,0.0001,2026-05-31 22:09:58.771623,20260531,LIT
dYdX,FLOKI-USD,FLOKI,USD,USDC,,1.0,1e-08,2026-05-31 22:09:58.771623,20260531,FLOKI
dYdX,XMR-USD,XMR,USD,USDC,,1.0,0.01,2026-05-31 22:09:58.772621,20260531,XMR
dYdX,ETHFI-USD,ETHFI,USD,USDC,,1.0,0.0001,2026-05-31 22:09:58.772621,20260531,ETHFI
dYdX,BLAST-USD,BLAST,USD,USDC,,1.0,1e-07,2026-05-31 22:09:58.772621,20260531,BLAST
dYdX,RENDER-USD,RENDER,USD,USDC,,1.0,0.001,2026-05-31 22:09:58.772621,20260531,RENDER
dYdX,POL-USD,POL,USD,USDC,,1.0,1e-05,2026-05-31 22:09:58.772621,20260531,POL
dYdX,STRK-USD,STRK,USD,USDC,,1.0,1e-05,2026-05-31 22:09:58.772621,20260531,STRK
dYdX,LINK-USD,LINK,USD,USDC,,1.0,0.001,2026-05-31 22:09:58.772621,20260531,LINK
dYdX,TRX-USD,TRX,USD,USDC,,1.0,1e-05,2026-05-31 22:09:58.772621,20260531,TRX
dYdX,ONDO-USD,ONDO,USD,USDC,,1.0,0.0001,2026-05-31 22:09:58.772621,20260531,ONDO
dYdX,2Z-USD,2Z,USD,USDC,,1.0,1e-05,2026-05-31 22:09:58.772621,20260531,2Z
dYdX,ZEC-USD,ZEC,USD,USDC,,1.0,0.01,2026-05-31 22:09:58.772621,20260531,ZEC
dYdX,ALGO-USD,ALGO,USD,USDC,,1.0,1e-05,2026-05-31 22:09:58.772621,20260531,ALGO
dYdX,USELESS-USD,USELESS,USD,USDC,,1.0,1e-05,2026-05-31 22:09:58.772621,20260531,USELESS
dYdX,XAUT-USD,XAUT,USD,USDC,,1.0,1.0,2026-05-31 22:09:58.772621,20260531,XAUT
dYdX,ZK-USD,ZK,USD,USDC,,1.0,1e-06,2026-05-31 22:09:58.772621,20260531,ZK
dYdX,MOVE-USD,MOVE,USD,USDC,,1.0,1e-05,2026-05-31 22:09:58.772621,20260531,MOVE
dYdX,SKY-USD,SKY,USD,USDC,,1.0,1e-05,2026-05-31 22:09:58.772621,20260531,SKY
dYdX,EUR-USD,EUR,USD,USDC,,1.0,0.001,2026-05-31 22:09:58.772621,20260531,EUR
dYdX,SUI-USD,SUI,USD,USDC,,1.0,0.0001,2026-05-31 22:09:58.772621,20260531,SUI
dYdX,BLUR-USD,BLUR,USD,USDC,,1.0,1e-06,2026-05-31 22:09:58.772621,20260531,BLUR
dYdX,WIF-USD,WIF,USD,USDC,,1.0,1e-05,2026-05-31 22:09:58.772621,20260531,WIF
dYdX,BEAM-USD,BEAM,USD,USDC,,1.0,1e-07,2026-05-31 22:09:58.772621,20260531,BEAM
dYdX,PEPE-USD,PEPE,USD,USDC,,1.0,1e-10,2026-05-31 22:09:58.772621,20260531,PEPE
dYdX,MANA-USD,MANA,USD,USDC,,1.0,1e-05,2026-05-31 22:09:58.772621,20260531,MANA
dYdX,WLFI-USD,WLFI,USD,USDC,,1.0,1e-05,2026-05-31 22:09:58.772621,20260531,WLFI
dYdX,LTC-USD,LTC,USD,USDC,,1.0,0.01,2026-05-31 22:09:58.772621,20260531,LTC
dYdX,KAITO-USD,KAITO,USD,USDC,,1.0,1e-05,2026-05-31 22:09:58.772621,20260531,KAITO
dYdX,DYM-USD,DYM,USD,USDC,,1.0,1e-05,2026-05-31 22:09:58.772621,20260531,DYM
dYdX,POPCAT-USD,POPCAT,USD,USDC,,1.0,1e-05,2026-05-31 22:09:58.772621,20260531,POPCAT
dYdX,IO-USD,IO,USD,USDC,,1.0,1e-05,2026-05-31 22:09:58.772621,20260531,IO
dYdX,DRIFT-USD,DRIFT,USD,USDC,,1.0,1e-05,2026-05-31 22:09:58.772621,20260531,DRIFT
dYdX,TIA-USD,TIA,USD,USDC,,1.0,0.0001,2026-05-31 22:09:58.772621,20260531,TIA
dYdX,CRO-USD,CRO,USD,USDC,,1.0,1e-05,2026-05-31 22:09:58.772621,20260531,CRO
dYdX,UNI-USD,UNI,USD,USDC,,1.0,0.0001,2026-05-31 22:09:58.772621,20260531,UNI
dYdX,DYDX-USD,DYDX,USD,USDC,,1.0,1e-05,2026-05-31 22:09:58.772621,20260531,DYDX
dYdX,CRV-USD,CRV,USD,USDC,,1.0,0.0001,2026-05-31 22:09:58.772621,20260531,CRV
dYdX,PENGU-USD,PENGU,USD,USDC,,1.0,1e-06,2026-05-31 22:09:58.772621,20260531,PENGU
dYdX,WLD-USD,WLD,USD,USDC,,1.0,0.0001,2026-05-31 22:09:58.772621,20260531,WLD
dYdX,MON-USD,MON,USD,USDC,,1.0,1e-06,2026-05-31 22:09:58.772621,20260531,MON
dYdX,HBAR-USD,HBAR,USD,USDC,,1.0,1e-05,2026-05-31 22:09:58.772621,20260531,HBAR
dYdX,COMP-USD,COMP,USD,USDC,,1.0,0.01,2026-05-31 22:09:58.772621,20260531,COMP
dYdX,TON-USD,TON,USD,USDC,,1.0,0.001,2026-05-31 22:09:58.772621,20260531,TON
dYdX,BERA-USD,BERA,USD,USDC,,1.0,0.0001,2026-05-31 22:09:58.772621,20260531,BERA
dYdX,BCH-USD,BCH,USD,USDC,,1.0,0.1,2026-05-31 22:09:58.772621,20260531,BCH
dYdX,XPL-USD,XPL,USD,USDC,,1.0,1e-05,2026-05-31 22:09:58.772621,20260531,XPL
dYdX,XDC-USD,XDC,USD,USDC,,1.0,1e-05,2026-05-31 22:09:58.772621,20260531,XDC
dYdX,EIGEN-USD,EIGEN,USD,USDC,,1.0,1e-05,2026-05-31 22:09:58.772621,20260531,EIGEN
dYdX,PENDLE-USD,PENDLE,USD,USDC,,1.0,0.001,2026-05-31 22:09:58.772621,20260531,PENDLE
dYdX,BONK-USD,BONK,USD,USDC,,1.0,1e-09,2026-05-31 22:09:58.772621,20260531,BONK
dYdX,JTO-USD,JTO,USD,USDC,,1.0,0.0001,2026-05-31 22:09:58.772621,20260531,JTO
dYdX,MORPHO-USD,MORPHO,USD,USDC,,1.0,0.001,2026-05-31 22:09:58.772621,20260531,MORPHO
dYdX,XAG-USD,XAG,USD,USDC,,1.0,0.01,2026-05-31 22:09:58.772621,20260531,XAG
dYdX,ORDI-USD,ORDI,USD,USDC,,1.0,0.001,2026-05-31 22:09:58.772621,20260531,ORDI
dYdX,DOGE-USD,DOGE,USD,USDC,,1.0,1e-05,2026-05-31 22:09:58.772621,20260531,DOGE
dYdX,BTC-USD,BTC,USD,USDC,,1.0,1.0,2026-05-31 22:09:58.772621,20260531,BTC
dYdX,INJ-USD,INJ,USD,USDC,,1.0,0.001,2026-05-31 22:09:58.772621,20260531,INJ
dYdX,ADA-USD,ADA,USD,USDC,,1.0,0.0001,2026-05-31 22:09:58.772621,20260531,ADA
dYdX,ARB-USD,ARB,USD,USDC,,1.0,1e-05,2026-05-31 22:09:58.772621,20260531,ARB
dYdX,APE-USD,APE,USD,USDC,,1.0,1e-05,2026-05-31 22:09:58.772621,20260531,APE
dYdX,ARKM-USD,ARKM,USD,USDC,,1.0,0.0001,2026-05-31 22:09:58.772621,20260531,ARKM
dYdX,ATH-USD,ATH,USD,USDC,,1.0,1e-06,2026-05-31 22:09:58.772621,20260531,ATH
dYdX,RUNE-USD,RUNE,USD,USDC,,1.0,0.0001,2026-05-31 22:09:58.772621,20260531,RUNE
dYdX,JUP-USD,JUP,USD,USDC,,1.0,0.0001,2026-05-31 22:09:58.772621,20260531,JUP
dYdX,ZORA-USD,ZORA,USD,USDC,,1.0,1e-06,2026-05-31 22:09:58.772621,20260531,ZORA
dYdX,ICP-USD,ICP,USD,USDC,,1.0,0.0001,2026-05-31 22:09:58.772621,20260531,ICP
dYdX,ZRO-USD,ZRO,USD,USDC,,1.0,0.001,2026-05-31 22:09:58.772621,20260531,ZRO
tradeXYZ,XYZ100-USD,XYZ100,USD,USDC,30.0,1.0,0.1,2026-05-31 22:09:58.772621,20260531,XYZ100
tradeXYZ,TSLA-USD,TSLA,USD,USDC,10.0,1.0,0.01,2026-05-31 22:09:58.772621,20260531,TSLA
tradeXYZ,NVDA-USD,NVDA,USD,USDC,20.0,1.0,0.01,2026-05-31 22:09:58.772621,20260531,NVDA
tradeXYZ,GOLD-USD,GOLD,USD,USDC,25.0,1.0,0.1,2026-05-31 22:09:58.772621,20260531,GOLD
tradeXYZ,HOOD-USD,HOOD,USD,USDC,10.0,1.0,0.001,2026-05-31 22:09:58.772621,20260531,HOOD
tradeXYZ,INTC-USD,INTC,USD,USDC,10.0,1.0,0.01,2026-05-31 22:09:58.772621,20260531,INTC
tradeXYZ,PLTR-USD,PLTR,USD,USDC,10.0,1.0,0.01,2026-05-31 22:09:58.772621,20260531,PLTR
tradeXYZ,COIN-USD,COIN,USD,USDC,10.0,1.0,0.01,2026-05-31 22:09:58.772621,20260531,COIN
tradeXYZ,META-USD,META,USD,USDC,10.0,1.0,0.01,2026-05-31 22:09:58.772621,20260531,META
tradeXYZ,AAPL-USD,AAPL,USD,USDC,20.0,1.0,0.01,2026-05-31 22:09:58.772621,20260531,AAPL
tradeXYZ,MSFT-USD,MSFT,USD,USDC,10.0,1.0,0.01,2026-05-31 22:09:58.772621,20260531,MSFT
tradeXYZ,ORCL-USD,ORCL,USD,USDC,10.0,1.0,0.01,2026-05-31 22:09:58.772621,20260531,ORCL
tradeXYZ,GOOGL-USD,GOOGL,USD,USDC,10.0,1.0,0.01,2026-05-31 22:09:58.772621,20260531,GOOGL
tradeXYZ,AMZN-USD,AMZN,USD,USDC,10.0,1.0,0.01,2026-05-31 22:09:58.772621,20260531,AMZN
tradeXYZ,AMD-USD,AMD,USD,USDC,10.0,1.0,0.01,2026-05-31 22:09:58.772621,20260531,AMD
tradeXYZ,MU-USD,MU,USD,USDC,10.0,1.0,0.01,2026-05-31 22:09:58.772621,20260531,MU
tradeXYZ,SNDK-USD,SNDK,USD,USDC,10.0,1.0,0.1,2026-05-31 22:09:58.772621,20260531,SNDK
tradeXYZ,MSTR-USD,MSTR,USD,USDC,10.0,1.0,0.01,2026-05-31 22:09:58.772621,20260531,MSTR
tradeXYZ,CRCL-USD,CRCL,USD,USDC,10.0,1.0,0.1,2026-05-31 22:09:58.772621,20260531,CRCL
tradeXYZ,NFLX-USD,NFLX,USD,USDC,10.0,1.0,0.001,2026-05-31 22:09:58.772621,20260531,NFLX
tradeXYZ,COST-USD,COST,USD,USDC,20.0,1.0,0.01,2026-05-31 22:09:58.772621,20260531,COST
tradeXYZ,LLY-USD,LLY,USD,USDC,10.0,1.0,0.1,2026-05-31 22:09:58.772621,20260531,LLY
tradeXYZ,SKHX-USD,SKHX,USD,USDC,10.0,1.0,0.1,2026-05-31 22:09:58.772621,20260531,SKHX
tradeXYZ,TSM-USD,TSM,USD,USDC,10.0,1.0,0.01,2026-05-31 22:09:58.772621,20260531,TSM
tradeXYZ,JPY-USD,JPY,USD,USDC,50.0,1.0,0.01,2026-05-31 22:09:58.772621,20260531,JPY
tradeXYZ,EUR-USD,EUR,USD,USDC,50.0,1.0,0.0001,2026-05-31 22:09:58.772621,20260531,EUR
tradeXYZ,SILVER-USD,SILVER,USD,USDC,25.0,1.0,0.001,2026-05-31 22:09:58.772621,20260531,SILVER
tradeXYZ,RIVN-USD,RIVN,USD,USDC,10.0,1.0,0.001,2026-05-31 22:09:58.772621,20260531,RIVN
tradeXYZ,BABA-USD,BABA,USD,USDC,10.0,1.0,0.01,2026-05-31 22:09:58.772621,20260531,BABA
tradeXYZ,CL-USD,CL,USD,USDC,20.0,1.0,0.001,2026-05-31 22:09:58.772621,20260531,CL
tradeXYZ,COPPER-USD,COPPER,USD,USDC,20.0,1.0,0.0001,2026-05-31 22:09:58.772621,20260531,COPPER
tradeXYZ,NATGAS-USD,NATGAS,USD,USDC,10.0,1.0,0.0001,2026-05-31 22:09:58.772621,20260531,NATGAS
tradeXYZ,URANIUM-USD,URANIUM,USD,USDC,10.0,1.0,0.1,2026-05-31 22:09:58.772621,20260531,URANIUM
tradeXYZ,ALUMINIUM-USD,ALUMINIUM,USD,USDC,20.0,1.0,0.1,2026-05-31 22:09:58.772621,20260531,ALUMINIUM
tradeXYZ,SMSN-USD,SMSN,USD,USDC,10.0,1.0,0.01,2026-05-31 22:09:58.772621,20260531,SMSN
tradeXYZ,PLATINUM-USD,PLATINUM,USD,USDC,20.0,1.0,0.1,2026-05-31 22:09:58.772621,20260531,PLATINUM
tradeXYZ,USAR-USD,USAR,USD,USDC,10.0,1.0,0.001,2026-05-31 22:09:58.772621,20260531,USAR
tradeXYZ,CRWV-USD,CRWV,USD,USDC,10.0,1.0,0.01,2026-05-31 22:09:58.772621,20260531,CRWV
tradeXYZ,URNM-USD,URNM,USD,USDC,10.0,1.0,0.001,2026-05-31 22:09:58.772621,20260531,URNM
tradeXYZ,PALLADIUM-USD,PALLADIUM,USD,USDC,20.0,1.0,0.1,2026-05-31 22:09:58.772621,20260531,PALLADIUM
tradeXYZ,DXY-USD,DXY,USD,USDC,20.0,1.0,0.01,2026-05-31 22:09:58.772621,20260531,DXY
tradeXYZ,GME-USD,GME,USD,USDC,10.0,1.0,0.001,2026-05-31 22:09:58.772621,20260531,GME
tradeXYZ,KR200-USD,KR200,USD,USDC,20.0,1.0,0.1,2026-05-31 22:09:58.772621,20260531,KR200
tradeXYZ,SOFTBANK-USD,SOFTBANK,USD,USDC,10.0,1.0,0.1,2026-05-31 22:09:58.772621,20260531,SOFTBANK
tradeXYZ,JP225-USD,JP225,USD,USDC,20.0,1.0,0.1,2026-05-31 22:09:58.772621,20260531,JP225
tradeXYZ,HYUNDAI-USD,HYUNDAI,USD,USDC,10.0,1.0,0.01,2026-05-31 22:09:58.772621,20260531,HYUNDAI
tradeXYZ,KIOXIA-USD,KIOXIA,USD,USDC,10.0,1.0,0.1,2026-05-31 22:09:58.772621,20260531,KIOXIA
tradeXYZ,EWY-USD,EWY,USD,USDC,20.0,1.0,0.01,2026-05-31 22:09:58.772621,20260531,EWY
tradeXYZ,EWJ-USD,EWJ,USD,USDC,20.0,1.0,0.001,2026-05-31 22:09:58.772621,20260531,EWJ
tradeXYZ,BRENTOIL-USD,BRENTOIL,USD,USDC,20.0,1.0,0.001,2026-05-31 22:09:58.772621,20260531,BRENTOIL
tradeXYZ,VIX-USD,VIX,USD,USDC,3.0,1.0,0.1,2026-05-31 22:09:58.772621,20260531,VIX
tradeXYZ,HIMS-USD,HIMS,USD,USDC,10.0,1.0,0.001,2026-05-31 22:09:58.772621,20260531,HIMS
tradeXYZ,SP500-USD,SP500,USD,USDC,50.0,1.0,0.1,2026-05-31 22:09:58.772621,20260531,SP500
tradeXYZ,DKNG-USD,DKNG,USD,USDC,10.0,1.0,0.001,2026-05-31 22:09:58.772621,20260531,DKNG
tradeXYZ,LITE-USD,LITE,USD,USDC,10.0,1.0,0.01,2026-05-31 22:09:58.772621,20260531,LITE
tradeXYZ,CORN-USD,CORN,USD,USDC,20.0,1.0,0.01,2026-05-31 22:09:58.772621,20260531,CORN
tradeXYZ,XLE-USD,XLE,USD,USDC,20.0,1.0,0.001,2026-05-31 22:09:58.772621,20260531,XLE
tradeXYZ,WHEAT-USD,WHEAT,USD,USDC,20.0,1.0,0.1,2026-05-31 22:09:58.772621,20260531,WHEAT
tradeXYZ,TTF-USD,TTF,USD,USDC,20.0,1.0,0.1,2026-05-31 22:09:58.772621,20260531,TTF
tradeXYZ,BX-USD,BX,USD,USDC,10.0,1.0,0.01,2026-05-31 22:09:58.772621,20260531,BX
tradeXYZ,PURRDAT-USD,PURRDAT,USD,USDC,10.0,1.0,0.001,2026-05-31 22:09:58.772621,20260531,PURRDAT
tradeXYZ,MRVL-USD,MRVL,USD,USDC,10.0,1.0,0.01,2026-05-31 22:09:58.772621,20260531,MRVL
tradeXYZ,RKLB-USD,RKLB,USD,USDC,10.0,1.0,0.01,2026-05-31 22:09:58.772621,20260531,RKLB
tradeXYZ,BIRD-USD,BIRD,USD,USDC,10.0,1.0,0.0001,2026-05-31 22:09:58.772621,20260531,BIRD
tradeXYZ,VOL-USD,VOL,USD,USDC,10.0,1.0,0.1,2026-05-31 22:09:58.772621,20260531,VOL
tradeXYZ,DRAM-USD,DRAM,USD,USDC,20.0,1.0,0.001,2026-05-31 22:09:58.772621,20260531,DRAM
tradeXYZ,CBRS-USD,CBRS,USD,USDC,10.0,1.0,0.01,2026-05-31 22:09:58.772621,20260531,CBRS
tradeXYZ,EWZ-USD,EWZ,USD,USDC,20.0,1.0,0.001,2026-05-31 22:09:58.772621,20260531,EWZ
tradeXYZ,KRW-USD,KRW,USD,USDC,50.0,1.0,0.1,2026-05-31 22:09:58.772621,20260531,KRW
tradeXYZ,ZM-USD,ZM,USD,USDC,10.0,1.0,0.01,2026-05-31 22:09:58.772621,20260531,ZM
tradeXYZ,EBAY-USD,EBAY,USD,USDC,10.0,1.0,0.01,2026-05-31 22:09:58.772621,20260531,EBAY
tradeXYZ,H100-USD,H100,USD,USDC,10.0,1.0,0.1,2026-05-31 22:09:58.772621,20260531,H100
tradeXYZ,NIFTY-USD,NIFTY,USD,USDC,20.0,1.0,0.1,2026-05-31 22:09:58.772621,20260531,NIFTY
tradeXYZ,ARM-USD,ARM,USD,USDC,10.0,1.0,0.01,2026-05-31 22:09:58.772621,20260531,ARM
tradeXYZ,EWT-USD,EWT,USD,USDC,20.0,1.0,0.01,2026-05-31 22:09:58.772621,20260531,EWT
tradeXYZ,GBP-USD,GBP,USD,USDC,50.0,1.0,0.0001,2026-05-31 22:09:58.772621,20260531,GBP
tradeXYZ,SPCX-USD,SPCX,USD,USDC,5.0,1.0,0.1,2026-05-31 22:09:58.772621,20260531,SPCX
tradeXYZ,IBOV-USD,IBOV,USD,USDC,20.0,1.0,0.1,2026-05-31 22:09:58.772621,20260531,IBOV
tradeXYZ,ASML-USD,ASML,USD,USDC,10.0,1.0,0.1,2026-05-31 22:09:58.772621,20260531,ASML
tradeXYZ,MINIMAX-USD,MINIMAX,USD,USDC,10.0,1.0,0.1,2026-05-31 22:09:58.772621,20260531,MINIMAX
tradeXYZ,BB-USD,BB,USD,USDC,10.0,1.0,0.0001,2026-05-31 22:09:58.772621,20260531,BB
tradeXYZ,QNT-USD,QNT,USD,USDC,5.0,1.0,0.01,2026-05-31 22:09:58.772621,20260531,QNT
tradeXYZ,DELL-USD,DELL,USD,USDC,10.0,1.0,0.1,2026-05-31 22:09:58.772621,20260531,DELL
