instrument,exchange,symbol,price,index_price,price_change_24h_pct,volume_24h_usd,volume_usd_change_percent_24h,long_volume_usd,short_volume_usd,long_volume_quantity,short_volume_quantity,open_interest_quantity,open_interest_usd,open_interest_change_percent_24h,funding_rate,next_funding_timestamp,open_interest_volume_radio,oi_vol_ratio_change_percent_24h,requested_instrument,long_liquidation_usd,short_liquidation_usd,funding_rate_pct,fetch_timestamp
BTC_PERP,WhiteBIT,BTC/USDT,73869.5,73850.34,-0.1,14846025137.6275,218.63,8396946841.9342,6449078295.6933,26953,20038,25921.176,1914576941.124,0.57,0.000286,1780243200000.0,0.129,-68.43,BTC,,,0.0286,2026-05-31 22:11:46.810970
BTC_USDT,MEXC,BTC/USDT,73835.1,73853.7,-0.09,5234770740.96208,6.29,2596230455.51955,2638540285.43293,207409,210225,74094.7526,5469993244.36818,3.45,0.01,1780243200000.0,1.0449,-2.66,BTC,,,1.0,2026-05-31 22:11:46.810970
BTCUSDT,Binance,BTC/USDT,73835.2,73858.79434783,-0.09,3630845430.3573,-59.15,1805040534.2293,1825804896.078,595304,586251,105358.146,7777991377.7478,0.69,0.01,1780243200000.0,2.1422,146.51,BTC,1536570.69,1633802.63,1.0,2026-05-31 22:11:46.810970
BTC-USDT-SWAP,OKX,BTC/USDT,73832.6,73855.9,-0.07,2024209228.85857,-62.06,1032025379.06485,992183849.83382,223483,216128,34260.26440000024,2528828913.9721375,0.79,0.00135110078085,1780243200000.0,1.2493,165.64,BTC,316822.92,73100.99,0.1351,2026-05-31 22:11:46.810970
BTC-PERP,Coinbase,BTC/USDC,73768.2,73751.7,-0.09,1897889588.05231,-45.08,939520912.1523,958368675.91001,143660,150591,2812.4104,207463077.9768,3.19,0.0005,,0.1093,87.8,BTC,,,0.05,2026-05-31 22:11:46.810970
BTCUSDT,ApeX Omni,BTC/USDT,73833.6,73864.36,-0.07,1774977483.2318,126.43,970764384.4108,804213098.821,114532,95492,1516.446,111964667.3856,-0.18,0.000818,,0.0631,-55.9,BTC,,,0.0818,2026-05-31 22:11:46.810970
BTCUSDT,Bybit,BTC/USDT,73840.1,73856.28,-0.07,1633560519.5471,-63.21,838665865.4345,794894654.1126,287614,300568,54969.943,4058628783.48,0.4,0.009152,1780243200000.0,2.4845,172.93,BTC,406665.18,99206.12,0.9152,2026-05-31 22:11:46.810970
BTC_USDT,Gate,BTC/USDT,73835.9,73856.55,-0.07,1561061466.62302,-55.14,790638483.16088,770422983.45314,128547,130101,65511.9762,4836657486.07932,2.85,0.0049,1780243200000.0,3.0983,129.27,BTC,564470.99,164855.14,0.49,2026-05-31 22:11:46.810970
BTCUSDC,Binance,BTC/USDC,73755.9,73778.22774311,-0.09,1088057864.6954,-56.8,541084977.8892,546972886.7962,160312,165250,17326.484,1277826462.3516,1.02,0.007035,1780243200000.0,1.1744,133.85,BTC,83976.64,4058.29,0.7035,2026-05-31 22:11:46.810970
BTCUSDT_UMCBL,Bitget,BTC/USDT,73833.9,73856.39977144744,-0.07,1035115312.78339,-63.4,502795326.74769,532319986.0459,158199,165863,18860.023444,1392320484.7275116,1.52,0.0072,1780243200000.0,1.3451,177.34,BTC,426908.91,209200.54,0.72,2026-05-31 22:11:46.810970
BTC-USD,Hyperliquid,BTC/USD,73832.0,73857.0,-0.09,972212451.86885,-53.22,473429468.90419,498782982.96506,87802,89900,29769.02278,2197727875.75628,0.75,0.00073985,1780239600000.0,2.2605,115.37,BTC,324716.21,158591.3,0.074,2026-05-31 22:11:46.810970
BTCUSDT,Bitunix,BTC/USDT,73835.1,73841.9,-0.09,617394709.78981,-59.08,289274050.22457,328120659.55574,76259,78124,12522.4693,924305999.47774,-5.38,0.01,1780243200000.0,1.4971,131.25,BTC,,,1.0,2026-05-31 22:11:46.810970
BTC-USDT,BingX,BTC/USDT,73835.7,73857.4,-0.07,564577318.76683,-44.36,274038387.74857,290538930.96856,214793,218617,6536.4067,482516234.43,-44.05,0.01,1780243200000.0,0.8547,0.55,BTC,,,1.0,2026-05-31 22:11:46.810970
BTCUSDT,LBank,BTC/USDT,73835.1,,-0.09,327209582.72942,-34.12,153505504.36312,173704078.4068,317724,317965,7791.8311,575310628.45161,-3.13,0.01,1780243200000.0,1.7582,47.03,BTC,,,1.0,2026-05-31 22:11:46.810970
BTCUSDT,Aster,BTC/USDT,73832.8,73845.04608696,-0.09,277061687.1112,-56.8,134511338.118,142550348.9932,29644,30705,5498.609,405861128.0644,-0.3,0.00163,1780243200000.0,1.4649,130.8,BTC,61373.32,26758.67,0.163,2026-05-31 22:11:46.810970
BTCUSD-PERP,Crypto.com,BTC/USD,73774.8,73754.06,-0.09,223829816.59676,-58.65,110637013.39006,113192803.2067,64400,66793,6397.2598,471879795.17544,-0.81,0.0011432,1780239600000.0,2.1082,139.9,BTC,,,0.1143,2026-05-31 22:11:46.810970
BTCUSD_PERP,Binance,BTC/USD,73730.9,73765.48919351,-0.08,222963200.0,-66.94,112256200.0,110707000.0,52631,56778,15623.74,1151764700.0,-0.44,0.008153,1780243200000.0,5.1657,201.14,BTC,6000.0,400.0,0.8153,2026-05-31 22:11:46.810970
BTC-PERPETUAL,Deribit,BTC/USD,73776.5,73756.09,-0.09,161661600.0,-34.74,82499590.0,79162010.0,24259,15571,14405.94,1062546120.0,0.86,0.000135,1780243200000.0,6.5727,54.56,BTC,,,0.0135,2026-05-31 22:11:46.810970
BTCUSDT,CoinEx,BTC/USDT,73897.0,73857.49,0.01,160565047.6935,-31.85,80782025.6595,79783022.024,16176,19056,1792.5485,132442445.9225,3.91,0.027097,1780243176639.0,0.8249,52.48,BTC,10487.08,1860.71,2.7097,2026-05-31 22:11:46.810970
BTCUSD,EdgeX,BTC/USD,73835.9,73836.17580234,-0.09,156969862.7257,-55.01,75295129.1069,81674733.6188,16193,17832,4122.935,304376088.6685,-0.07,0.005,1780243200000.0,1.9391,122.14,BTC,,,0.5,2026-05-31 22:11:46.810970
XBTUSD,Bitmex,BTC/USD,73746.0,73767.09,-0.09,136519000.0,-13.88,70593700.0,65925300.0,14452,11776,2036.4,150123233.36398125,0.44,-0.0176,1780286400000.0,1.0997,16.63,BTC,0.0,19300.0,-1.76,2026-05-31 22:11:46.810970
XBTUSDTM,KuCoin,BTC/USDT,73865.4,73856.26,-0.09,119456912.5867,-67.1,52805838.8983,66651073.6984,27756,27913,28854.977,2131243028.7085,-8.95,0.0087,1780243185076.0,17.8411,176.73,BTC,,,0.87,2026-05-31 22:11:46.810970
BTC-USDT,HTX,BTC/USDT,73881.6,73852.26571428572,-0.08,96793370.5605,-63.45,46254251.5043,50539119.0562,22156,26350,33752.317,2493503046.8505,-0.16,0.01,1780243200000.0,25.7611,173.18,BTC,29205.74,39018.71,1.0,2026-05-31 22:11:46.810970
BTC-USD-SWAP,OKX,BTC/USD,73725.1,73752.8,-0.1,96013540.0,-64.74,51317090.0,44696450.0,17543,13456,6301.855937685192,464709570.0000001,-0.38,0.00730861008614,1780243200000.0,4.84,182.56,BTC,0.0,20.0,0.7309,2026-05-31 22:11:46.810970
PF_XBTUSD,Kraken,BTC/USDT,73761.0,73764.26,-0.11,95912041.9078,-63.91,45218838.1734,50693203.7344,13992,13992,1796.4046,132504599.7006,-0.6,0.0003321590277778,1780239600000.0,1.3815,175.42,BTC,,,0.0332,2026-05-31 22:11:46.810970
BTC-USD,Extended,BTC/USD,73756.0,73744.8384189,-0.1,92965274.16,-36.22,44427309.25,48537964.91,22520,25350,1302.66014,95979147.167327,1.52,0.0013,,1.0324,59.2,BTC,0.0,2506.28,0.13,2026-05-31 22:11:46.810970
BTCUSD,Bybit,BTC/USD,73727.8,73759.98,-0.1,47536527.0,-73.27,29593089.0,17943438.0,11492,8684,6329.04,466632216.0,-1.72,0.008477,1780243200000.0,9.8163,267.71,BTC,6.0,1297.0,0.8477,2026-05-31 22:11:46.810970
BTC-USD,BingX,BTC/USD,73729.7,73753.2,-0.09,37977800.0,-27.67,19196100.0,18781700.0,43990,42906,433.6298,31966321.5964,-32.95,0.0086,1780243200000.0,0.8417,-7.29,BTC,,,0.86,2026-05-31 22:11:46.810970
BTCUSDC,Bitunix,BTC/USDC,73759.0,73771.1,-0.08,36465137.4197,-44.51,17986203.8402,18478933.5795,10386,10552,586.876,43279111.9324,-2.58,-0.00701,1780243200000.0,1.1869,75.55,BTC,,,-0.701,2026-05-31 22:11:46.810970
BTC_USDC,MEXC,BTC/USDC,73759.0,73774.4,-0.09,34163919.99023,-33.21,16583849.81323,17580070.1775,4717,4802,905.0896,66745742.04304,-2.15,0.007,1780243200000.0,1.9537,46.5,BTC,,,0.7,2026-05-31 22:11:46.810970
BTC-USDC,BingX,BTC/USDC,73760.5,73766.5,-0.08,31439526.1258,-55.51,15673993.9773,15765532.1184,87138,87308,364.9654,26916050.17,-55.22,0.011,1780243200000.0,0.8561,0.65,BTC,,,1.1,2026-05-31 22:11:46.810970
BTCPERP,Bybit,BTC/USDC,73749.3,73778.92,-0.1,23576226.1289,-37.53,12149410.8005,11426815.3284,6275,6036,1737.842,128168263.1,0.49,0.01,1780243200000.0,5.4363,60.86,BTC,3640.66,293.79,1.0,2026-05-31 22:11:46.810970
BTCUSD,Bitunix,BTC/USD,73719.0,73739.1,-0.1,17246638.0,-61.67,7308346.9,9938291.1,9670,9692,631.437,46542652.9767,-29.74,0.008168,1780243200000.0,2.6987,83.32,BTC,,,0.8168,2026-05-31 22:11:46.810970
tBTCF0:USTF0,Bitfinex,BTC/USDT,73908.0,73900.079637145,-0.11,16056077.53545545,-75.59,8616143.58465545,7439933.951,6048,10057,8838.31924651,653222498.8710611,-0.12,0.008661,1780243200000.0,40.6838,309.21,BTC,,,0.8661,2026-05-31 22:11:46.810970
BTCUSD-260626,Crypto.com,BTC/USD,73681.5,73759.3,-0.02,13678453.16946,-0.42,51.7768,13678401.39276,1,17188,638.3704,47027342.95312,-22.63,,,3.4381,-22.3,BTC,,,,2026-05-31 22:11:46.810970
BTCUSD-261225,Crypto.com,BTC/USD,74942.8,73754.05,-0.1,12393634.18302,1.1,12393634.18302,0.0,10618,0,4337.1243,324965543.86395,3.82,,,26.2204,2.69,BTC,,,,2026-05-31 22:11:46.810970
BTC-USD,dYdX,BTC/USD,73795.0,,-0.07,9641764.9866,-67.05,5181037.9928,4460726.9838,6432,4607,364.811,26905481.53184274,-1.18,0.00080125,1780239600000.0,2.7905,199.96,BTC,,,0.0801,2026-05-31 22:11:46.810970
BTCUSD_DMCBL,Bitget,BTC/USD,73763.8,73754.6215,-0.1,5405212.5833,-76.16,2453094.3276,2952118.2559,791,731,5076.4559,374268818.26576,1.55,0.01,1780243200000.0,69.2422,325.92,BTC,5096.65,440.37,1.0,2026-05-31 22:11:46.810970
BTC_USD,MEXC,BTC/USD,73716.1,73741.4,-0.11,4023200.0,-33.38,2039300.0,1983900.0,4338,4267,706.9705,52112000.0,3.37,0.0081,1780243200000.0,12.9529,55.17,BTC,,,0.81,2026-05-31 22:11:46.810970
BTCUSDT_260626,Binance,BTC/USDT,74012.3,73858.79434783,-0.05,3783005.9947,-77.01,1921360.6025,1861645.3922,3419,2718,601.744,44536457.4512,0.08,,,11.7728,335.37,BTC,0.0,74.08,,2026-05-31 22:11:46.810970
BTC-USD-260925,OKX,BTC/USD,74385.3,73752.8,-0.05,3509580.0,-23.95,430380.0,3079200.0,1115,672,750.161984331796,55318220.00000001,4.19,,,15.7621,36.99,BTC,,,,2026-05-31 22:11:46.810970
BTCUSD_260626,Binance,BTC/USD,73877.0,73765.48919351,-0.12,3415900.0,-67.67,1934100.0,1481800.0,1278,1209,887.93,65597800.0,-0.1,,,19.2037,208.97,BTC,,,,2026-05-31 22:11:46.810970
XBTUSDT,Bitmex,BTC/USDT,73817.0,73855.45,-0.11,3124665.1405,-74.84,1569227.8388,1555437.3016,1468,2107,212.1397,15667168.113879,-0.16,-0.0044,1780286400000.0,5.014,296.87,BTC,0.0,1786.39,-0.44,2026-05-31 22:11:46.810970
BTCUSD_260925,Binance,BTC/USD,74374.0,73765.48919351,-0.14,2998900.0,-55.98,1607300.0,1391600.0,1782,1540,575.54,42805400.0,0.42,,,14.2737,128.13,BTC,,,,2026-05-31 22:11:46.810970
BTCUSDT_260925,Binance,BTC/USDT,74399.4,73858.79434783,-0.1,2754145.8729,-65.63,1035720.9764,1718424.8965,1526,2021,638.943,47536975.8342,1.17,,,17.2602,194.39,BTC,0.0,1776.77,,2026-05-31 22:11:46.810970
BTC-26JUN26,Deribit,BTC/USD,73880.0,73756.09,-0.12,2742430.0,-75.18,920970.0,1821460.0,640,728,8082.68,597148180.0,-0.11,,,217.7442,302.49,BTC,,,,2026-05-31 22:11:46.810970
BTC-25DEC26,Deribit,BTC/USD,75052.5,73756.09,-0.19,1583650.0,-65.8,1275630.0,308020.0,358,256,1734.99,130215370.0,0.05,,,82.2248,192.59,BTC,,,,2026-05-31 22:11:46.810970
BTCUSD,CoinEx,BTC/USD,73786.09,73780.71,-0.11,1198190.0,-70.31,670962.0,527228.0,5158,4508,187.9229,13866095.0,-0.59,0.0,1780243176544.0,11.5725,234.77,BTC,278.0,0.0,0.0,2026-05-31 22:11:46.810970
BTC-USD-PERP,Paradex,BTC/USD,73730.2,73744.7488853,-0.07,1177584.327456,-55.4,652025.476956,525558.8505,611,533,71.31964,5258411.321128,0.62,0.009999998702,,4.4654,125.63,BTC,0.0,755.36,1.0,2026-05-31 22:11:46.810970
BTC-5JUN26,Deribit,BTC/USD,73765.0,73756.09,-0.1,1100000.0,-73.5,532560.0,567440.0,446,983,216.9,15993480.0,-0.4,,,14.5395,275.84,BTC,,,,2026-05-31 22:11:46.810970
BTC-25SEP26,Deribit,BTC/USD,74357.5,73756.09,-0.18,1010100.0,-82.12,543730.0,466370.0,438,429,3957.51,294270890.0,0.02,,,291.3285,459.32,BTC,,,,2026-05-31 22:11:46.810970
BTC-26MAR27,Deribit,BTC/USD,75692.5,73756.09,-0.06,991880.0,-31.47,654860.0,337020.0,387,257,233.93,17706940.0,0.08,,,17.8519,46.03,BTC,,,,2026-05-31 22:11:46.810970
XBTUSDCM,KuCoin,BTC/USDC,73706.7,73760.82,-0.15,899608.4691,-59.9,301108.7178,598499.7613,722,861,549.7925,40523390.85975,19.22,-0.012,1780243185452.0,45.0456,197.28,BTC,,,-1.2,2026-05-31 22:11:46.810970
BTC-USD-260626,OKX,BTC/USD,73841.9,73752.8,-0.19,850790.0,-67.87,568590.0,282200.0,841,645,2279.390222899662,168086110.0,0.09,,,197.5647,211.51,BTC,,,,2026-05-31 22:11:46.810970
BTC-USD,HTX,BTC/USD,73770.4,73747.29666666666,-0.13,823100.0,-65.54,661200.0,161900.0,401,521,268.16582260635704,19782700.0,-1.92,0.0121164095309514,,24.0344,184.6,BTC,0.0,6400.0,1.2116,2026-05-31 22:11:46.810970
BTC-USD-260605,OKX,BTC/USD,73701.4,73752.8,-0.2,647470.0,-69.07,424650.0,222820.0,664,283,22.838773719618615,1684170.0,-12.41,,,2.6012,183.17,BTC,,,,2026-05-31 22:11:46.810970
BTC-12JUN26,Deribit,BTC/USD,73767.5,73756.09,-0.14,587400.0,-89.25,216810.0,370590.0,399,261,129.77,9572840.0,0.52,,,16.297,835.05,BTC,,,,2026-05-31 22:11:46.810970
BTCUSDM26_DMCBL,Bitget,BTC/USD,73902.6,73754.6215,-0.07,552498.1246,-78.88,233651.6403,318846.4943,1315,1360,15.112,1116816.0912,11.78,0.0,,2.0214,429.3,BTC,,,0.0,2026-05-31 22:11:46.810970
XBTUSDM,KuCoin,BTC/USD,73696.4,73753.57,-0.16,463975.0,-42.35,248202.0,215773.0,291,362,1827.3,134665419.0,-0.1,0.0238,1780243185453.0,290.2428,73.28,BTC,,,2.38,2026-05-31 22:11:46.810970
BTCUSDC,CoinEx,BTC/USDC,73732.0,73763.01,-0.13,458264.121,-81.57,256242.5702,202021.5508,5066,6453,21.747,1603471.551,0.81,0.0,1780243176637.0,3.499,447.06,BTC,12463.61,0.0,0.0,2026-05-31 22:11:46.810970
BTCUSDU26_DMCBL,Bitget,BTC/USD,74420.7,73754.6215,-0.04,396585.5299,-71.6,170743.4174,225842.1025,2120,2020,47.789,3555621.0725,7.35,0.0,,8.9656,277.99,BTC,,,0.0,2026-05-31 22:11:46.810970
BTC-19JUN26,Deribit,BTC/USD,73797.5,73756.09,-0.12,336710.0,-72.86,223810.0,112900.0,78,44,22.47,1658250.0,12.84,,,4.9249,315.74,BTC,,,,2026-05-31 22:11:46.810970
BTC-28AUG26,Deribit,BTC/USD,74380.0,73756.09,0.14,278490.0,-32.17,50630.0,227860.0,39,82,29.37,2184730.0,7.39,,,7.8449,58.32,BTC,,,,2026-05-31 22:11:46.810970
BTC260612,HTX,BTC/USD,73822.75,73747.29666666666,-0.11,252000.0,0.18,132700.0,119300.0,900,808,0.134105001506988,9900.0,0.0,,,0.0393,-0.25,BTC,,,,2026-05-31 22:11:46.810970
BTC260626,HTX,BTC/USD,73842.73,73747.29666666666,-0.17,250400.0,-1.13,122300.0,128100.0,832,877,0.3019386628531227,22300.0,1.83,,,0.0891,3.01,BTC,,,,2026-05-31 22:11:46.810970
BTC260605,HTX,BTC/USD,73779.55,73747.29666666666,0.16,247000.0,1.21,125700.0,121300.0,846,810,0.1612913063308193,11900.0,1.71,,,0.0482,0.63,BTC,,,,2026-05-31 22:11:46.810970
BTCUSDM26,Bybit,BTC/USD,73834.0,73759.81,-0.18,198591.0,-73.5,97432.0,101159.0,117,102,196.84,14547636.0,0.35,,0.0,73.2543,278.64,BTC,,,,2026-05-31 22:11:46.810970
BTC-31JUL26,Deribit,BTC/USD,74037.5,73756.09,-0.07,190460.0,-80.39,150080.0,40380.0,118,93,153.49,11363860.0,-1.19,,,59.6653,403.89,BTC,,,,2026-05-31 22:11:46.810970
BTC-USD-261225,OKX,BTC/USD,75067.9,73752.8,0.06,177560.0,-68.3,146900.0,30660.0,126,50,281.03678108858355,20724130.0,0.02,,,116.7162,215.54,BTC,,,,2026-05-31 22:11:46.810970
BTC-USDT-260626,OKX,BTC/USDT,73941.4,73855.9,-0.19,150190.7222,-83.67,81151.3903,69039.3319,218,222,332.1435,24559155.390900005,-0.17,,,163.5198,511.43,BTC,,,,2026-05-31 22:11:46.810970
BTC-USD-260731,OKX,BTC/USD,74004.7,73752.8,-0.15,144630.0,-72.08,9690.0,134940.0,169,296,20.377208553640614,1502650.0,-0.18,,,10.3896,257.56,BTC,,,,2026-05-31 22:11:46.810970
BTCUSDT-19JUN26,Bybit,BTC/USDT,73995.6,73856.3,-0.03,131692.4329,-34.29,33385.4969,98306.926,87,101,20.084,1485336.32,-0.61,,0.0,11.2788,51.26,BTC,,,,2026-05-31 22:11:46.810970
BTCUSDT-26JUN26,Bybit,BTC/USDT,74029.5,73856.28,-0.05,129599.9952,-60.92,83530.7636,46069.2316,254,206,341.256,25254165.7,-0.2,,0.0,194.8624,155.37,BTC,,,,2026-05-31 22:11:46.810970
BTCUSDT-12JUN26,Bybit,BTC/USDT,73948.2,73856.3,0.07,111433.5612,-73.29,106991.32,4442.2412,132,43,56.644,4187317.07,-2.1,,0.0,37.5768,266.53,BTC,,,,2026-05-31 22:11:46.810970
BTCUSDT-05JUN26,Bybit,BTC/USDT,73937.9,73856.3,0.08,97798.1328,-71.85,72209.265,25588.8678,129,131,130.242,9623320.9,-1.58,,0.0,98.3998,249.61,BTC,,,,2026-05-31 22:11:46.810970
BTC-1JUN26,Deribit,BTC/USD,73695.0,73756.09,-0.01,94450.0,-40.33,46640.0,47810.0,10,31,23.81,1754330.0,2.38,,,18.5742,71.6,BTC,,,,2026-05-31 22:11:46.810970
XBTM26,Bitmex,BTC/USD,73833.0,73767.09,0.14,80800.0,-55.05,32800.0,48000.0,76,65,131.78,9729492.16948514,-0.17,,,120.4145,122.09,BTC,,,,2026-05-31 22:11:46.810970
BTCUSDU26,Bybit,BTC/USD,74361.0,73759.81,-0.15,79317.0,-55.89,26351.0,52966.0,64,56,119.01,8855042.0,0.93,,0.0,111.6412,128.81,BTC,,,,2026-05-31 22:11:46.810970
BTC-2JUN26,Deribit,BTC/USD,73705.0,73756.09,-0.12,76700.0,-47.3,35560.0,41140.0,28,22,1.36,100380.0,90.55,,,1.3087,261.62,BTC,,,,2026-05-31 22:11:46.810970
BTCUSDT-25SEP26,Bybit,BTC/USDT,74532.1,73856.28,0.07,57272.55,-43.46,18745.9,38526.65,40,75,217.586,16210694.44,0.1,,0.0,283.0447,77.05,BTC,,,,2026-05-31 22:11:46.810970
XBTU26,Bitmex,BTC/USD,74625.0,73767.09,0.65,56600.0,-66.45,48600.0,8000.0,15,5,108.03,8061595.673364224,0.39,,,142.431,199.2,BTC,,,,2026-05-31 22:11:46.810970
BTCUSDT-31JUL26,Bybit,BTC/USDT,74233.1,73856.3,0.09,48893.9555,-82.66,26455.7087,22438.2468,24,25,17.97,1332861.86,5.37,,0.0,27.2603,507.51,BTC,,,,2026-05-31 22:11:46.810970
BTCUSDT-25DEC26,Bybit,BTC/USDT,75204.1,73856.28,0.01,43610.195,-90.95,40221.8727,3388.3223,30,22,130.36,9801237.83,-0.22,,0.0,224.7465,1002.01,BTC,,,,2026-05-31 22:11:46.810970
XBTMM26,KuCoin,BTC/USD,74063.8,73753.57,1.6,39384.0,-90.94,19379.0,20005.0,786,803,0.8,59360.0,-19.16,,,1.5072,792.36,BTC,,,,2026-05-31 22:11:46.810970
BTC-USD-260612,OKX,BTC/USD,73785.8,73752.8,0.14,21410.0,-94.2,8480.0,12930.0,44,66,12.775810701407751,942110.0,0.46,,,44.0033,1631.32,BTC,,,,2026-05-31 22:11:46.810970
PI_XBTUSD,Kraken,BTC/USD,73698.0,73765.88,-0.08,12519.0,-91.43,219.0,12300.0,16,30,53.08,3912065.0,0.0,-0.0001798743055556,1780239600000.0,312.4902,1067.01,BTC,,,-0.018,2026-05-31 22:11:46.810970
XBTZ26,Bitmex,BTC/USD,75340.0,73767.09,0.38,5800.0,-84.52,2800.0,3000.0,1,1,12.47,939132.425987568,0.26,,,161.9194,547.56,BTC,,,,2026-05-31 22:11:46.810970
BTC-3JUN26,Deribit,BTC/USD,73727.5,73756.09,-0.04,1080.0,2060.0,960.0,120.0,3,7,0.01,960.0,1820.0,,,0.8889,-11.11,BTC,,,,2026-05-31 22:11:46.810970
BTCUSDT-26MAR27,Bybit,BTC/USDT,75818.5,73856.3,0.14,988.518,-95.76,685.098,303.42,8,4,72.588,5507258.82,-0.11,,0.0,5571.2277,2253.28,BTC,,,,2026-05-31 22:11:46.810970
BTC-4JUN26,Deribit,BTC/USD,73937.5,73756.09,-0.34,230.0,,10.0,220.0,1,2,0.0,220.0,,,,0.9565,,BTC,,,,2026-05-31 22:11:46.810970
FF_XBTUSD_260925,Kraken,BTC/USDT,73957.0,74063.42,0.0,88.75,-99.98,88.75,0.0,2,0,16.6277,1229734.8089,0.0,,,13856.1669,611840.42,BTC,,,,2026-05-31 22:11:46.810970
FF_XBTUSD_260626,Kraken,BTC/USDT,74033.0,73765.88,0.94,51.82,-99.41,51.82,0.0,1,0,11.2018,829302.8594,0.94,,,16003.5287,17143.04,BTC,,,,2026-05-31 22:11:46.810970
FF_XBTUSD_261225,Kraken,BTC/USDT,75090.0,73767.97,0.75,45.05,-99.97,0.0,45.05,0,2,4.5559,342102.531,0.74,,,7593.8409,316679.61,BTC,,,,2026-05-31 22:11:46.810970
ETH_PERP,WhiteBIT,ETH/USDT,2021.89,2021.3,-0.07,6336894547.3314,118.27,4239376802.6063,2097517744.7451,56427,27150,558985.61,1130207415.0029,0.39,0.005427,1780243200000.0,0.1784,-54.0,ETH,,,0.5427,2026-05-31 22:11:46.810970
ETHUSDT,Binance,ETH/USDT,2020.27,2021.18232558,-0.07,2783332970.15494,-62.48,1375563975.09794,1407768995.0371,802012,802664,2211382.471,4467567550.86246,-0.05,0.005072,1780243200000.0,1.6051,166.45,ETH,988886.04,1925268.78,0.5072,2026-05-31 22:11:46.810970
ETH-USDT-SWAP,OKX,ETH/USDT,2020.08,2021.24,-0.08,2473477171.71862,-60.07,1236226916.7896,1237250254.96942,209210,200830,796561.8690000009,1609015147.2865517,1.34,0.0026438404074,1780243200000.0,0.6505,153.8,ETH,353449.71,158704.57,0.2644,2026-05-31 22:11:46.810970
ETH-PERP,Coinbase,ETH/USDC,2018.58,2018.3,-0.08,2021687214.2826,-13.5,1020389724.4109,1001297489.8619,165342,170586,28781.7483,58102578.745659,-0.62,0.0009,,0.0287,14.8,ETH,,,0.09,2026-05-31 22:11:46.810970
ETH_USDT,Gate,ETH/USDT,2020.3,2021.2,-0.06,1673693569.168,-53.21,822700969.5736,850992599.5844,126548,202723,2260331.38,4566185833.9932,2.27,0.003,1780243200000.0,2.7282,118.57,ETH,645403.04,1003526.12,0.3,2026-05-31 22:11:46.810970
ETH_USDT,MEXC,ETH/USDT,2020.27,2021.29,-0.07,1132454165.346,-3.15,565795962.0092,566658203.3568,116720,115337,1749415.2,3534500975.928,3.06,0.005,1780243200000.0,3.1211,6.41,ETH,,,0.5,2026-05-31 22:11:46.810970
ETHUSDC,Binance,ETH/USDC,2018.21,2019.10383842,-0.08,933892788.44912,-58.33,469550215.15985,464342573.31017,227197,226573,722137.871,1457440315.38833,1.34,0.004003,1780243200000.0,1.5606,143.16,ETH,133778.13,33236.96,0.4003,2026-05-31 22:11:46.810970
ETHUSDT,Bybit,ETH/USDT,2020.16,2021.18,-0.08,813063840.8029,-65.38,419573645.5947,393490195.1982,325323,354002,874189.47,1766011341.61,5.57,0.000789,1780243200000.0,2.172,204.97,ETH,241258.47,191808.47,0.0789,2026-05-31 22:11:46.810970
ETHUSDT_UMCBL,Bitget,ETH/USDT,2020.29,2021.2116128727118,-0.08,664401352.5777,-62.24,328242683.0697,336158669.518,146205,162820,907298.19,1832905657.4742,0.56,0.0031,1780243200000.0,2.7587,166.34,ETH,237883.38,159104.18,0.31,2026-05-31 22:11:46.810970
ETHUSDT,Bitunix,ETH/USDT,2020.26,2020.8,-0.07,606162420.85234,-55.19,297781998.33686,308380422.53618,54488,54055,408082.858,824282484.04562,13.85,0.005103,1780243200000.0,1.3598,154.07,ETH,,,0.5103,2026-05-31 22:11:46.810970
ETH-USD,Hyperliquid,ETH/USD,2020.5,2021.2,-0.07,330243553.32481,-62.19,158126934.25606,172116619.07925,31023,35724,634118.6850000002,1281173391.1740005,1.63,0.00125,1780239600000.0,3.8795,168.81,ETH,108823.4,21155.96,0.125,2026-05-31 22:11:46.810970
ETH-USDT,BingX,ETH/USDT,2020.2,2021.18,-0.08,299524302.0144,-52.63,143649566.4894,155874735.555,218193,222083,126978.3433,256514030.5,-52.39,0.0051,1780243200000.0,0.8564,0.52,ETH,,,0.51,2026-05-31 22:11:46.810970
ETH-USDT,HTX,ETH/USDT,2023.14,2021.2692858371433,0.0,190198557.2131,-46.83,95439407.283,94759149.9201,37448,41250,690050.0,1395964249.5,0.05,0.0124165033918351,1780243200000.0,7.3395,88.17,ETH,675225.03,489682.36,1.2417,2026-05-31 22:11:46.810970
ETHUSDT,Aster,ETH/USDT,2020.18,2021.12744186,-0.07,164444112.36707,-62.86,80923989.04929,83520123.32748,23563,22729,100678.659,203373911.53977,0.9,0.00897,1780243200000.0,1.2367,171.62,ETH,34817.92,307927.99,0.897,2026-05-31 22:11:46.810970
ETHUSDT,CoinEx,ETH/USDT,2021.29,2021.21,-0.09,148833334.57913,-8.98,68512358.325,80320976.25403,9530,10647,19417.96,39250105.0868,-5.73,0.0,1780243176556.0,0.2637,3.57,ETH,1732.2,1325.05,0.0,2026-05-31 22:11:46.810970
ETHUSD_PERP,Binance,ETH/USD,2017.4,2018.51891347,-0.08,128693760.0,-71.73,62348560.0,66345200.0,65075,62440,185992.05,375220370.0,-2.01,-0.000498,1780243200000.0,2.9156,246.68,ETH,10.0,690.0,-0.0498,2026-05-31 22:11:46.810970
ETHUSD,EdgeX,ETH/USD,2020.35,2020.655595881,-0.06,125580045.7698,-58.91,59030429.5821,66549616.1877,16582,18715,67973.15,137328873.871,-0.25,0.005,1780243200000.0,1.0936,142.75,ETH,,,0.5,2026-05-31 22:11:46.810970
ETHUSD,Bitmex,ETH/USD,2018.3,2018.66,-0.16,125168102.085,293.01,69507942.959,55660159.136,3966,3155,8945.23,18054165.610249255,-3.43,0.01,1780286400000.0,0.1442,-75.43,ETH,150.03,0.0,1.0,2026-05-31 22:11:46.810970
ETHUSD-PERP,Crypto.com,ETH/USD,2018.79,2018.53,-0.09,105495964.124611,-59.23,52682958.813961,52813005.31105,93457,93727,182747.8057,368942235.015502,-0.23,0.0022578,1780239600000.0,3.4972,144.7,ETH,,,0.2258,2026-05-31 22:11:46.810970
ETHUSDT,LBank,ETH/USDT,2020.0,,-0.08,93997082.35322,-35.53,47711652.8702,46285429.48252,315353,315041,186344.452,376415793.04,0.12,0.005072,1780243200000.0,4.0045,55.29,ETH,,,0.5072,2026-05-31 22:11:46.810970
ETH-USD-SWAP,OKX,ETH/USD,2017.26,2018.28,-0.09,85633290.0,-48.31,49546870.0,36086420.0,18169,15780,103526.9701113886,208933990.0,-3.25,0.01,1780243200000.0,2.4399,87.18,ETH,0.0,490.0,1.0,2026-05-31 22:11:46.810970
ETHUSDTM,KuCoin,ETH/USDT,2021.06,2021.19,-0.08,65779143.6476,-79.94,34681939.1625,31097204.4951,44436,43564,317548.64,641784854.3584,-2.35,0.0052,1780243185077.0,9.7567,386.79,ETH,,,0.52,2026-05-31 22:11:46.810970
ETHUSDT,ApeX Omni,ETH/USDT,2020.15,2021.02,-0.08,48205176.6487,72.34,21965244.14,26239932.5087,56620,65924,1924.4199999999996,3887597.818799999,0.01,0.00125,,0.0806,-42.01,ETH,,,0.125,2026-05-31 22:11:46.810970
ETH-PERPETUAL,Deribit,ETH/USD,2018.75,2018.45,-0.1,34611188.0,-44.24,17973836.0,16637352.0,10351,7826,149000.01,300793769.0,0.46,0.0054,1780243200000.0,8.6907,80.18,ETH,,,0.54,2026-05-31 22:11:46.810970
ETH-USDC,BingX,ETH/USDC,2018.32,2018.93,-0.07,29119426.1844,-55.17,14737006.8598,14382419.3646,43317,43139,12360.7274,24946914.47,-54.89,0.0057,1780243200000.0,0.8567,0.61,ETH,,,0.57,2026-05-31 22:11:46.810970
PF_ETHUSD,Kraken,ETH/USDT,2018.7,2018.24,-0.09,26633501.0642,-64.73,14171331.1623,12462169.9019,5408,5476,24799.038,50061818.0106,1.56,0.0008426754166667,1780239600000.0,1.8797,187.99,ETH,,,0.0843,2026-05-31 22:11:46.810970
ETH-USD,Extended,ETH/USD,2018.0,2018.205073499999,-0.07,17165765.39,-74.94,8683611.82,8482153.57,9274,6440,29139.307,58736502.570311,-0.35,0.0013,,3.4217,297.64,ETH,1256.06,0.0,0.13,2026-05-31 22:11:46.810970
ETHUSD-261225,Crypto.com,ETH/USD,2043.47,2018.54,-0.06,13774502.961595,0.38,13774495.001595,7.96,17217,1,159976.8679,326879134.411391,4.3,,,23.7307,3.91,ETH,,,,2026-05-31 22:11:46.810970
ETHUSD-260626,Crypto.com,ETH/USD,2016.24,2018.57,-0.07,13718873.645077,-0.04,1592.14,13717281.505077,4,17174,6628.9769,13364680.32809,-50.65,,,0.9742,-50.63,ETH,,,,2026-05-31 22:11:46.810970
ETH_USDC,MEXC,ETH/USDC,2018.2,2019.25,-0.08,10624754.4708,-50.66,4211833.1835,6412921.2973,4202,4255,14528.83,29324699.8954,-0.05,0.0039,1780243200000.0,2.76,102.55,ETH,,,0.39,2026-05-31 22:11:46.810970
ETHUSD,Bybit,ETH/USD,2017.21,2018.27,-0.1,9929146.0,-75.1,5109211.0,4819935.0,6232,6241,57113.0,115221476.0,-0.68,0.01,1780243200000.0,11.6044,298.85,ETH,65.0,0.0,1.0,2026-05-31 22:11:46.810970
ETH-USD,BingX,ETH/USD,2017.39,2018.35,-0.09,7199850.0,-61.34,3567480.0,3632370.0,42974,43795,2996.2333,6044361.360756,-62.67,0.01,1780243200000.0,0.8395,-3.44,ETH,,,1.0,2026-05-31 22:11:46.810970
ETHUSD,Bitunix,ETH/USD,2017.4,2017.98,-0.09,6829562.52,-76.28,3295835.42,3533727.1,9431,9531,7274.6609,14675246.180179,-47.48,0.000495,1780243200000.0,2.1488,121.43,ETH,,,0.0495,2026-05-31 22:11:46.810970
ETHUSDC,Bitunix,ETH/USDC,2018.33,2019.12,-0.08,5634835.10242,-59.08,2730901.16842,2903933.9339,11300,11947,4049.023,8171373.80653,-28.13,0.003934,1780243200000.0,1.4502,75.63,ETH,,,0.3934,2026-05-31 22:11:46.810970
ETHPERP,Bybit,ETH/USDC,2018.47,2019.13,-0.05,5209879.1532,-53.81,2608889.5133,2600989.6399,5261,4897,20535.55,41450802.32,-2.16,0.008913,1780243200000.0,7.9562,111.84,ETH,0.0,899.7,0.8913,2026-05-31 22:11:46.810970
ETH_USD,MEXC,ETH/USD,2017.39,2018.26,-0.09,4742080.0,-48.25,1717760.0,3024320.0,4238,4341,30643.127,61816380.0,4.89,-0.0004,1780243200000.0,13.0357,102.68,ETH,,,-0.04,2026-05-31 22:11:46.810970
tETHF0:USTF0,Bitfinex,ETH/USDT,2022.2,2022.3,-0.09,4615551.415920448,-65.46,2749144.618120448,1866406.7977,1434,1253,13287.98533618,26870963.946823195,0.38,0.0,1780243200000.0,5.8218,190.63,ETH,500.78,0.0,0.0,2026-05-31 22:11:46.810970
ETH-USD,dYdX,ETH/USD,2017.0,,-0.19,4248726.5262,-57.43,2781539.0578,1467187.4684,1559,1197,6963.818,14056537.55948633,-9.96,-0.00056625,1780239600000.0,3.3084,111.51,ETH,,,-0.0566,2026-05-31 22:11:46.810970
ETHBTC,Binance,ETH/BTC,2019.6142256,0.02736877,-0.01,4144786.21578507,-44.77,2016966.12048507,2127820.0953,2837,3005,40030.31,80729937.91963224,-0.6,0.0,1780243200000.0,19.4775,79.98,ETH,256595.12,0.0,0.0,2026-05-31 22:11:46.810970
ETHUSD_260626,Binance,ETH/USD,2022.91,2018.51891347,-0.06,3439870.0,-16.13,1269890.0,2169980.0,2218,2368,8370.18,16932130.0,-1.66,,,4.9223,17.25,ETH,0.0,210.0,,2026-05-31 22:11:46.810970
ETHUSDT,Bitmex,ETH/USDT,2019.5,2021.202,-0.11,2322768.4355,-56.1,1345689.1406,977079.2949,784,555,3863.41,7809303.8035,2.36,0.01,1780286400000.0,3.3621,133.16,ETH,2010.86,0.0,1.0,2026-05-31 22:11:46.810970
ETHUSD_DMCBL,Bitget,ETH/USD,2014.33,2018.3946383073112,-0.29,2054692.2958,-55.66,260500.1725,1794192.1233,283,693,44805.9,90253868.547,1.13,-0.0405,1780243200000.0,43.9257,128.08,ETH,0.0,20.06,-4.05,2026-05-31 22:11:46.810970
ETHUSDT_260626,Binance,ETH/USDT,2024.83,2021.18232558,-0.08,1880804.39763,-52.36,999490.07866,881314.32897,6283,3776,11249.352,22778025.41016,0.03,,,12.1108,109.98,ETH,449.81,0.0,,2026-05-31 22:11:46.810970
ETH-USD-260925,OKX,ETH/USD,2034.28,2018.28,-0.03,1575860.0,44.47,1024900.0,550960.0,2583,3093,10699.751258572165,21593810.0,-1.97,,,13.7029,-32.15,ETH,,,,2026-05-31 22:11:46.810970
ETHUSD_260925,Binance,ETH/USD,2032.51,2018.51891347,-0.08,1573900.0,96.7,1336700.0,237200.0,2738,704,11746.4,23874680.0,-2.89,,,15.1691,-50.63,ETH,15280.0,0.0,,2026-05-31 22:11:46.810970
ETH-19JUN26,Deribit,ETH/USD,2019.5,2018.45,-0.14,983771.0,-35.19,663503.0,320268.0,266,292,1180.52,2384060.0,52.26,,,2.4234,134.94,ETH,,,,2026-05-31 22:11:46.810970
ETH-26JUN26,Deribit,ETH/USD,2020.0,2018.45,-0.15,868252.0,-73.77,482973.0,385279.0,261,549,47618.46,96189289.0,-0.14,,,110.785,280.69,ETH,,,,2026-05-31 22:11:46.810970
ETH-25SEP26,Deribit,ETH/USD,2034.0,2018.45,-0.2,830459.0,-63.29,307858.0,522601.0,278,1631,31187.46,63435291.0,0.15,,,76.3858,172.8,ETH,,,,2026-05-31 22:11:46.810970
ETH-12JUN26,Deribit,ETH/USD,2017.75,2018.45,-0.21,754785.0,-27.98,641360.0,113425.0,315,181,2248.27,4536439.0,-8.94,,,6.0102,26.44,ETH,,,,2026-05-31 22:11:46.810970
ETH-5JUN26,Deribit,ETH/USD,2018.75,2018.45,-0.11,752312.0,-37.77,596274.0,156038.0,367,349,5037.87,10170192.0,5.01,,,13.5186,68.74,ETH,,,,2026-05-31 22:11:46.810970
ETHUSDT_260925,Binance,ETH/USDT,2037.0,2021.18232558,-0.05,718885.15545,-70.98,428171.40365,290713.7518,4386,2220,7410.129,15094432.773,-0.09,,,20.997,244.31,ETH,98.1,0.0,,2026-05-31 22:11:46.810970
ETHUSDU26_DMCBL,Bitget,ETH/USD,2033.14,2018.3946383073112,-0.11,707037.4342,-33.34,343895.5705,363141.8637,2997,3100,93.72,190545.8808,-12.18,0.0,,0.2695,31.72,ETH,,,0.0,2026-05-31 22:11:46.810970
ETHUSDM26_DMCBL,Bitget,ETH/USD,2023.56,2018.3946383073112,-0.06,606221.995,-44.15,299656.6746,306565.3204,1428,1467,3335.24,6749058.2544,0.51,0.0,,11.133,79.97,ETH,,,0.0,2026-05-31 22:11:46.810970
ETH-28AUG26,Deribit,ETH/USD,2028.5,2018.45,-0.18,590780.0,51.87,337343.0,253437.0,132,54,469.45,952270.0,146.53,,,1.6119,62.33,ETH,,,,2026-05-31 22:11:46.810970
ETH-USD-PERP,Paradex,ETH/USD,2017.2,2018.16367916,-0.18,566610.67168,-49.53,244489.4395,322121.23228,331,408,1018.7432,2055008.78304,-5.54,0.00999999979,,3.6268,87.16,ETH,294.71,0.0,1.0,2026-05-31 22:11:46.810970
ETH-26MAR27,Deribit,ETH/USD,2069.25,2018.45,-0.28,551941.0,-45.04,278528.0,273413.0,145,251,3580.94,7409858.0,-1.15,,,13.4251,79.86,ETH,,,,2026-05-31 22:11:46.810970
ETHUSDC,CoinEx,ETH/USDC,2020.17,2018.91,-0.12,537680.53105,-15.15,215985.65055,321694.9112,1991,7086,429.67,868032.2241,111.52,0.063351,1780243176554.0,1.6144,149.29,ETH,,,6.3351,2026-05-31 22:11:46.810970
ETH-31JUL26,Deribit,ETH/USD,2025.0,2018.45,-0.14,532997.0,-45.91,301078.0,231919.0,155,383,3040.09,6156186.0,-2.42,,,11.5501,80.4,ETH,,,,2026-05-31 22:11:46.810970
ETH-USD-260626,OKX,ETH/USD,2023.48,2018.28,-0.06,511650.0,-46.83,442130.0,69520.0,5954,530,12970.819954810322,26177190.0,-0.57,,,51.1623,87.02,ETH,,,,2026-05-31 22:11:46.810970
ETH-USD,HTX,ETH/USD,2017.53,2019.0554039066667,-0.2,354820.0,-39.18,202170.0,152650.0,1028,1111,2024.9166059488582,4085330.0,-1.07,0.01,,11.5138,62.67,ETH,58470.0,1410.0,1.0,2026-05-31 22:11:46.810970
ETH-USD-261225,OKX,ETH/USD,2049.31,2018.28,-0.13,296520.0,121.18,15140.0,281380.0,36,3587,3564.989891782614,7194720.0,3.92,,,24.2639,-53.02,ETH,,,,2026-05-31 22:11:46.810970
ETH-25DEC26,Deribit,ETH/USD,2052.0,2018.45,-0.16,230887.0,-74.68,102990.0,127897.0,87,164,14305.21,29354298.0,-0.14,,,127.1371,294.4,ETH,,,,2026-05-31 22:11:46.810970
ETHUSDM26,Bitmex,ETH/USD,2031.75,2018.66,-3.68,222738.02,,222738.02,0.0,2,0,44.08,89562.34410475,-0.17,,,0.4021,,ETH,,,,2026-05-31 22:11:46.810970
ETHUSD,CoinEx,ETH/USD,2019.82,2019.21,-0.04,188802.0,-88.18,53403.0,135399.0,2294,6534,2425.8994,4900050.0,-0.74,0.010522,1780243176639.0,25.9534,739.64,ETH,,,1.0522,2026-05-31 22:11:46.810970
ETH-1JUN26,Deribit,ETH/USD,2018.5,2018.45,0.21,175800.0,10.15,152600.0,23200.0,49,51,436.94,881968.0,18.29,,,5.0169,7.39,ETH,,,,2026-05-31 22:11:46.810970
ETH-USDT-260626,OKX,ETH/USDT,2023.68,2021.24,-0.11,155412.9707,-75.98,83606.1977,71806.7631,283,396,3361.6620000000003,6802928.15616,-0.25,,,43.7732,315.33,ETH,,,,2026-05-31 22:11:46.810970
ETH-2JUN26,Deribit,ETH/USD,2017.75,2018.45,0.16,127255.0,-19.67,104155.0,23100.0,19,24,447.86,903668.0,15.2,,,7.1012,43.39,ETH,,,,2026-05-31 22:11:46.810970
PI_ETHUSD,Kraken,ETH/USD,2018.1,2018.24,-0.25,122276.0,10.04,24370.0,97906.0,157,128,1161.69,2344411.0,-0.04,0.0016038109722222,1780239600000.0,19.1731,-9.17,ETH,,,0.1604,2026-05-31 22:11:46.810970
ETHUSDM,KuCoin,ETH/USD,2015.16,2018.33,-0.34,113428.0,-38.3,56977.0,56451.0,38,105,20954.09,42225843.0,-0.53,0.0056,1780243185201.0,372.27,61.23,ETH,,,0.56,2026-05-31 22:11:46.810970
ETHUSDT-25SEP26,Bybit,ETH/USDT,2036.52,2021.18,-0.13,89927.014,-63.28,18305.698,71621.326,61,122,11066.1,22556584.94,0.16,,0.0,250.8321,172.78,ETH,,,,2026-05-31 22:11:46.810970
ETHUSDT-26JUN26,Bybit,ETH/USDT,2024.1,2021.18,-0.16,89604.394,-81.1,37277.1991,52327.1949,339,455,11269.12,22830335.59,-0.33,,0.0,254.7904,427.36,ETH,270.29,0.0,,2026-05-31 22:11:46.810970
ETHUSDU26,Bybit,ETH/USD,2034.1,2018.27,-0.25,87496.0,-34.36,42404.0,45092.0,96,105,3075.23,6259596.0,0.3,,0.0,71.5415,52.79,ETH,,,,2026-05-31 22:11:46.810970
ETHUSDT-19JUN26,Bybit,ETH/USDT,2024.42,2021.18,0.01,84990.1278,-64.94,66528.5996,18461.5282,123,90,267.18,540871.18,21.51,,0.0,6.3639,246.62,ETH,,,,2026-05-31 22:11:46.810970
ETHUSDT-05JUN26,Bybit,ETH/USDT,2021.62,2021.18,-0.06,70287.9579,-71.08,53443.22,16844.7279,70,69,4216.84,8526872.16,8.28,,0.0,121.3134,274.39,ETH,,,,2026-05-31 22:11:46.810970
ETHUSDM26,Bybit,ETH/USD,2026.9,2018.27,0.08,68461.0,-77.76,34016.0,34445.0,186,101,14335.15,29011054.0,-0.05,,0.0,423.7603,349.52,ETH,,,,2026-05-31 22:11:46.810970
ETHUSDT-12JUN26,Bybit,ETH/USDT,2020.14,2021.18,-0.19,66619.189,-74.03,53278.4359,13340.7431,125,120,678.94,1373665.36,4.07,,0.0,20.6197,300.65,ETH,,,,2026-05-31 22:11:46.810970
ETH-USDC,Lighter,ETH/USDC,2018.52,2021.86,0.0,52300.1126,-99.98,51298.5227,1001.5899,12,4,55296.27,111742153.899038,-1.01,0.0007,,2136.5567,453232.63,ETH,0.0,1.21,0.07,2026-05-31 22:11:46.810970
ETH-USD-260605,OKX,ETH/USD,2022.1,2018.28,-0.04,41420.0,-84.13,15180.0,26240.0,114,139,1792.0036072462044,3616550.0,-0.28,,,87.3141,528.47,ETH,,,,2026-05-31 22:11:46.810970
ETH260605,HTX,ETH/USD,2019.54,2019.0554039066667,-0.08,33360.0,0.03,17540.0,15820.0,881,792,0.9903833774053936,2000.0,0.0,,,0.06,0.0,ETH,,,,2026-05-31 22:11:46.810970
ETH260626,HTX,ETH/USD,2022.905,2019.0554039066667,-0.07,32820.0,-0.32,16470.0,16350.0,841,836,5.645346667292829,11420.0,0.09,,,0.348,0.43,ETH,,,,2026-05-31 22:11:46.810970
ETH-USD-260731,OKX,ETH/USD,2023.09,2018.28,-0.15,25060.0,-92.41,24570.0,490.0,18,14,975.9137035715702,1969550.0,0.04,,,78.5934,1217.93,ETH,,,,2026-05-31 22:11:46.810970
ETHUSDCM,KuCoin,ETH/USDC,2022.29,2019.71,-0.03,20502.9394,-94.01,14180.7094,6322.23,174,171,3431.948,6940394.12092,0.86,-0.0259,1780243185200.0,338.5073,1584.84,ETH,,,-2.59,2026-05-31 22:11:46.810970
FF_ETHUSD_261225,Kraken,ETH/USDT,2057.0,2018.3,0.69,16348.47,-70.29,0.0,16348.47,0,10,148.143,304730.151,-4.44,,,18.6397,221.61,ETH,,,,2026-05-31 22:11:46.810970
ETH-USD-260612,OKX,ETH/USD,2018.79,2018.28,-0.14,12060.0,-93.2,1960.0,10100.0,130,118,378.9194117413882,764720.0,0.88,,,63.4096,1382.75,ETH,,,,2026-05-31 22:11:46.810970
ETH260612,HTX,ETH/USD,2020.555,2019.0554039066667,-0.06,11660.0,66.41,5710.0,5950.0,345,365,2.415542630862517,4880.0,34.07,,,0.4185,-19.44,ETH,,,,2026-05-31 22:11:46.810970
FF_ETHUSD_260626,Kraken,ETH/USDT,2025.7,2018.29,0.29,5341.7709,-91.7,5341.7709,0.0,1,0,155.697,315395.4129,-0.85,,,59.0432,1094.24,ETH,,,,2026-05-31 22:11:46.810970
ETHUSDT-25DEC26,Bybit,ETH/USDT,2060.13,2021.18,0.11,3787.8535,-82.86,2553.2513,1234.6022,34,24,3133.4,6441487.05,-0.13,,0.0,1700.5639,482.53,ETH,0.0,363.37,,2026-05-31 22:11:46.810970
ETHUSDT-31JUL26,Bybit,ETH/USDT,2028.76,2021.18,-0.21,2359.2014,-98.89,1038.8314,1320.37,25,11,1294.74,2627920.83,-0.07,,0.0,1113.9027,8926.11,ETH,,,,2026-05-31 22:11:46.810970
ETHUSDT-26MAR27,Bybit,ETH/USDT,2078.15,2021.18,0.44,852.4752,-48.42,478.4952,373.98,12,9,2915.12,6048290.98,-0.1,,0.0,7094.9759,93.67,ETH,,,,2026-05-31 22:11:46.810970
FF_ETHUSD_260925,Kraken,ETH/USDT,2033.7,2018.3,-0.22,620.18,-88.99,310.86,309.33,2,9,181.7,369523.29,-0.3,,,595.8323,805.51,ETH,,,,2026-05-31 22:11:46.810970
ETHM26,Bitmex,ETH/BTC,2030.468,2017.699978,0.11,0.04,,0.0,0.04,0,1,59.35,120322.60046994,-0.21,,,3008065.0117,,ETH,,,,2026-05-31 22:11:46.810970
JUPUSDT,ApeX Omni,JUP/USDT,0.184,0.1845,-0.11,12781839.588,29.91,6063958.938,6717880.65,28030,30948,516848.0,95100.032,3.38,0.00125,,0.0074,-20.43,JUP,,,0.125,2026-05-31 22:11:46.810970
JUPUSDT,LBank,JUP/USDT,0.1842,,-0.11,11492542.5194,2.1,5762438.921,5730103.6084,60748,60946,745739.0,137365.1238,197.53,-0.006733,1780243200000.0,0.012,192.68,JUP,,,-0.6733,2026-05-31 22:11:46.810970
JUP-USDT,BingX,JUP/USDT,0.1842,0.1844,0.0,7899182.388677,-16.82,3341156.569588,4558025.858989,432349,432217,36487383.9935,6724624.87,-16.69,-0.0006,1780243200000.0,0.8513,0.16,JUP,,,-0.06,2026-05-31 22:11:46.810970
JUP_PERP,WhiteBIT,JUP/USDT,0.1844,0.1846,-0.05,6274890.1625,-10.96,2909318.5679,3365571.6046,19625,26628,12573355.0,2316011.991,-1.36,0.005,1780243200000.0,0.3691,10.81,JUP,,,0.5,2026-05-31 22:11:46.810970
JUPUSDT,Binance,JUP/USDT,0.1843,0.18448472,-0.05,5476813.161,-50.6,2466261.5346,3010551.6264,28799,31871,56057668.0,10331428.2124,-0.69,-0.006753,1780243200000.0,1.8864,101.0,JUP,797.88,29235.71,-0.6753,2026-05-31 22:11:46.810970
JUPUSDT,Bybit,JUP/USDT,0.18431,0.18448,-0.05,2556944.74105,-63.77,1129069.12171,1427875.61944,21849,23685,39588624.0,7295787.52,-0.23,-0.001011,1780243200000.0,2.8533,175.42,JUP,101.84,213.23,-0.1011,2026-05-31 22:11:46.810970
JUP_USDT,MEXC,JUP/USDT,0.1843,0.1845,0.0,1287433.676,-31.99,665276.069,622157.617,4343,4327,9319550.0,1716661.11,10.91,-0.0067,1780243200000.0,1.3334,63.07,JUP,,,-0.67,2026-05-31 22:11:46.810970
JUP-USDT-SWAP,OKX,JUP/USDT,0.1842,0.1844,-0.05,1285895.497,-68.93,593255.258,692640.239,2972,3773,11700530.0,2155237.626,-4.4,-0.00117307826792,1780243200000.0,1.6761,207.77,JUP,139.27,0.0,-0.1173,2026-05-31 22:11:46.810970
JUP-USD,Hyperliquid,JUP/USD,0.18419,0.18455,-0.1,1271714.17523,9.72,716349.54232,555364.63301,2996,2245,20820726.0,3837051.59454,1.73,-0.0034016,1780239600000.0,3.0172,-7.28,JUP,106.1,0.0,-0.3402,2026-05-31 22:11:46.810970
JUPUSDT_UMCBL,Bitget,JUP/USDT,0.1842,0.1844812645526414,0.0,937223.6019,-58.23,366371.9317,570851.6602,1409,1539,11777149.0,2169350.8458,4.11,-0.0037,1780243200000.0,2.3147,149.24,JUP,0.0,88.11,-0.37,2026-05-31 22:11:46.810970
JUPUSDTM,KuCoin,JUP/USDT,0.1845,0.1845,-0.05,704482.4881,-74.82,343508.1443,360974.3438,3064,3275,17370242.0,3204809.649,2.63,-0.005,1780243185244.0,4.5492,307.67,JUP,,,-0.5,2026-05-31 22:11:46.810970
JUP-USD,Extended,JUP/USD,0.1846,0.1842829461,0.0,366694.11,-33.47,299060.22,67633.89,770,72,2324486.0,427216.280668,-17.84,0.0013,,1.165,23.49,JUP,,,0.13,2026-05-31 22:11:46.810970
JUPUSDT,Bitunix,JUP/USDT,0.1842,0.1844,-0.05,359347.9144,-48.4,178739.1569,180608.7475,3408,3974,2621084.0,482803.6728,5.57,-0.007124,1780243200000.0,1.3436,104.6,JUP,,,-0.7124,2026-05-31 22:11:46.810970
JUP_USDT,Gate,JUP/USDT,0.1842,0.18446,0.0,195182.8593,-66.08,87661.5436,107521.3057,804,674,1950306.0,359246.3652,-2.84,-0.0128,1780243200000.0,1.8406,186.43,JUP,9.24,140.72,-1.28,2026-05-31 22:11:46.810970
JUPUSDT,CoinEx,JUP/USDT,0.184517,0.184493,-0.06,190951.390488,39.57,108848.995401,82102.395387,4914,3889,1096610.0,202343.18737,32.88,0.0,1780243176576.0,1.0597,-4.79,JUP,,,0.0,2026-05-31 22:11:46.810970
JUP-PERP,Coinbase,JUP/USDC,0.1841,0.18426,-0.37,67602.3055,14.9,15672.9555,51929.35,90,68,513605.2,94554.71732,12.86,0.0002,,1.3987,-1.78,JUP,,,0.02,2026-05-31 22:11:46.810970
JUP-USDT,HTX,JUP/USDT,0.1825,0.184476,0.0,32923.4908,-9.55,23761.1394,9162.3514,605,1753,637428.0,116330.61,25.29,0.005,1780243200000.0,3.5334,38.52,JUP,,,0.5,2026-05-31 22:11:46.810970
PF_JUPUSD,Kraken,JUP/USDT,0.1841,0.184262,-0.43,12237.4886,-84.64,3889.6076,8347.881,62,49,994800.0,183142.68,-0.75,-0.0040310830555556,1780239600000.0,14.9657,545.99,JUP,,,-0.4031,2026-05-31 22:11:46.810970
JUPUSDT,Aster,JUP/USDT,0.1848,0.18449251,0.54,1563.62,-33.64,1388.45,175.16,15,5,219851.0,40628.4648,1.69,0.00125,1780239600000.0,25.9836,53.23,JUP,,,0.125,2026-05-31 22:11:46.810970
JUPUSD-PERP,Crypto.com,JUP/USD,0.18424,0.18429,-0.39,514.1848,-76.11,6.2948,507.89,34,31,108663.0,20020.07112,0.25,-0.0022917,1780239600000.0,38.9356,319.59,JUP,,,-0.2292,2026-05-31 22:11:46.810970
JUP-USD-PERP,Paradex,JUP/USD,0.1857,0.18396871,0.32,342.36,-92.79,0.0,342.36,0,3,176807.0,32833.0599,1.5,-0.105288124024,,95.9021,1307.04,JUP,0.0,0.37,-10.5288,2026-05-31 22:11:46.810970
JUPUSDT,Bitmex,JUP/USDT,0.18,0.1864,0.0,82.8,63.5,82.8,0.0,2,0,521920.0,97285.888,2.08,0.01,1780228800000.0,1174.9503,-37.57,JUP,,,1.0,2026-05-31 22:11:46.810970
JUP-USDC,Lighter,JUP/USDC,0.18539,0.18428,5.94,0.02,-100.0,0.02,0.0,1,0,5371284.4,988423.755288,-1.57,0.0012,,49421187.7644,722130701.08,JUP,,,0.12,2026-05-31 22:11:46.810970
HYPEUSDT,Binance,HYPE/USDT,68.243,68.22221429,0.51,1356214312.08857,-37.32,678107271.10339,678107041.04558,1541295,1529648,7455216.7,508669435.441,-0.25,0.005,1780243200000.0,0.3751,59.14,HYPE,2087577.05,705992.1,0.5,2026-05-31 22:11:46.810970
HYPE-USD,Hyperliquid,HYPE/USD,68.261,68.168,0.57,862994450.30481,-36.25,445406236.07999,417588214.24502,324930,210305,22272679.240000032,1519442177.7528021,-2.28,0.00399948,1780239600000.0,1.7607,53.29,HYPE,1438172.77,13035.52,0.3999,2026-05-31 22:11:46.810970
HYPE-USDT-SWAP,OKX,HYPE/USDT,68.22,68.28,0.49,635453559.226,-39.65,315973240.727,319480318.489,95705,100608,1673721.1,114013881.332,-4.49,0.01,1780243200000.0,0.1794,58.2,HYPE,267739.11,772843.65,1.0,2026-05-31 22:11:46.810970
HYPEUSDT,Bybit,HYPE/USDT,68.227,68.248,0.5,470105017.36996,-35.21,236211359.07568,233893658.31368,522012,531440,3964746.94,270443318.27,6.97,0.01,1780243200000.0,0.5753,65.13,HYPE,302461.65,141721.85,1.0,2026-05-31 22:11:46.810970
HYPE_USDT,MEXC,HYPE/USDT,68.217,68.158,0.48,380220989.5227,-13.18,193525608.3451,186695381.1776,130496,125402,1175835.8,80086176.338,-6.4,-0.0063,1780243200000.0,0.2106,7.78,HYPE,,,-0.63,2026-05-31 22:11:46.810970
HYPEUSDT_UMCBL,Bitget,HYPE/USDT,68.203,68.18850987651878,0.48,162896572.08485,-41.41,77351017.72704,85545554.35781,150545,148504,2262560.63,154155043.40379,1.95,-0.01,1780243200000.0,0.9463,73.98,HYPE,191090.05,141060.59,-1.0,2026-05-31 22:11:46.810970
HYPEUSDT,Bitunix,HYPE/USDT,68.25,68.085,0.53,124124768.8092,-27.67,62971231.43283,61153537.37697,129432,126437,551161.4,37533540.1786,14.81,0.00495,1780243200000.0,0.3024,58.74,HYPE,,,0.495,2026-05-31 22:11:46.810970
HYPE-USDT,BingX,HYPE/USDT,68.236,68.228,0.51,120071275.6470142,-20.12,58704285.210212,61366990.4466022,472936,469186,1502833.9841,102479752.21,-19.95,-0.01,1780243200000.0,0.8535,0.21,HYPE,,,-1.0,2026-05-31 22:11:46.810970
HYPE_PERP,WhiteBIT,HYPE/USDT,68.149,68.066,0.55,115145927.10689,-19.26,56993645.60922,58152281.50777,18011,19142,1694638.77,115448960.84502,-1.04,0.005,1780243200000.0,1.0026,22.55,HYPE,,,0.5,2026-05-31 22:11:46.810970
HYPE_USDT,Gate,HYPE/USDT,68.246,68.211,0.55,95553796.8308,-10.63,49623562.7678,45930234.063,66091,65032,601063.2,41005132.5672,-6.05,0.005,1780243200000.0,0.4291,5.12,HYPE,117454.98,35314.59,0.5,2026-05-31 22:11:46.810970
HYPE-USD,Extended,HYPE/USD,68.195,68.195516495406,0.56,88672350.74,-50.38,43492151.08,45180199.68,58616,61466,565849.18,38440763.520497,15.62,0.0013,,0.4335,133.06,HYPE,8482.51,1393.82,0.13,2026-05-31 22:11:46.810970
HYPEUSDT,Aster,HYPE/USDT,68.205,68.2725,0.44,72997736.89817,-34.48,38041777.1787,34955959.71967,41197,35601,198425.72,13530054.56964,1.82,-0.031588,1780243200000.0,0.1853,55.32,HYPE,167582.45,230465.25,-3.1588,2026-05-31 22:11:46.810970
HYPEUSDT,LBank,HYPE/USDT,68.264,,0.54,37474882.1802,-31.14,15698609.4132,21776272.757,316598,314937,492570.4,33600689.836,0.66,0.005,1780243200000.0,0.8966,46.17,HYPE,,,0.5,2026-05-31 22:11:46.810970
HYPE-USD,BingX,HYPE/USD,68.259,68.145,0.55,35245260.0,-0.08,17643650.0,17601610.0,444207,443545,192725.1701,13147903.8293921,-1.93,0.015,1780243200000.0,0.373,-1.87,HYPE,,,1.5,2026-05-31 22:11:46.810970
HYPEUSDTM,KuCoin,HYPE/USDT,68.299,68.211,0.55,31134529.113,-64.42,15332175.0147,15802354.0983,61950,63110,1915662.8,130675022.2392,0.36,0.0033,1780243185231.0,4.1971,182.08,HYPE,,,0.33,2026-05-31 22:11:46.810970
HYPEUSD,EdgeX,HYPE/USD,68.264,68.175,0.49,24256711.58365,-37.02,11845686.00654,12411025.58791,10644,11402,1012592.12,69018278.8992,0.57,0.005426,1780243200000.0,2.8453,59.68,HYPE,,,0.5426,2026-05-31 22:11:46.810970
HYPEUSDT,CoinEx,HYPE/USDT,68.24,68.17,0.43,22206626.3169,20.1,11443856.6461,10762769.6808,10616,8939,81294.3,5540206.545,-16.11,-0.00974,1780243176535.0,0.2495,-30.15,HYPE,6322.46,0.0,-0.974,2026-05-31 22:11:46.810970
PF_HYPEUSD,Kraken,HYPE/USDT,67.979,68.1598,0.18,11913507.2522,-55.52,5696605.1356,6216902.1166,7648,8444,82365.6,5599131.1224,-0.52,-0.0010703581944444,1780239600000.0,0.47,123.7,HYPE,,,-0.107,2026-05-31 22:11:46.810970
HYPE-PERP,Coinbase,HYPE/USDC,68.19,68.14,0.46,10253150.9752,-27.81,4006543.8562,6246607.119,2825,5449,72615.0,4948712.25,30.47,0.0016,,0.4827,80.72,HYPE,,,0.16,2026-05-31 22:11:46.810970
HYPEUSDT,ApeX Omni,HYPE/USDT,68.151,68.248,0.52,3430199.16,-53.14,1501494.4,1928704.76,18512,17634,30027.8,2047235.3484,24.02,-0.013257,,0.5968,164.66,HYPE,,,-1.3257,2026-05-31 22:11:46.810970
HYPE-USDT,HTX,HYPE/USDT,68.049,68.287,0.6,1594531.1056,-46.08,987505.2491,607025.8465,7234,6444,12250.6,833641.0794,9.39,-0.0280915766117097,1780243200000.0,0.5228,102.87,HYPE,1264.02,70.22,-2.8092,2026-05-31 22:11:46.810970
HYPE_USDC,MEXC,HYPE/USDC,68.182,68.169,0.49,1288564.0982,3.42,698375.4339,590188.6643,4484,4610,11559.3,786910.9068,19.58,0.005,1780243200000.0,0.6107,15.64,HYPE,,,0.5,2026-05-31 22:11:46.810970
HYPEUSDT,Bitmex,HYPE/USDT,68.212,68.2477,0.45,863193.966,-47.57,367550.6065,495643.3595,1668,1436,11026.2,752567.92074,4.34,0.01,1780286400000.0,0.8718,99.0,HYPE,3.11,0.0,1.0,2026-05-31 22:11:46.810970
HYPE-USD-PERP,Paradex,HYPE/USD,68.119,68.24632541,0.24,824171.6278,14.59,437424.3631,386747.2648,1446,850,43738.06,2979392.90914,-0.51,0.058798776834,,3.615,-13.17,HYPE,2.1,0.0,5.8799,2026-05-31 22:11:46.810970
HYPEPERP,Bybit,HYPE/USDC,68.03,68.175,0.29,518426.2608,-54.53,239616.8292,278809.4317,1524,1476,23625.32,1610136.43,5.57,0.005,1780243200000.0,3.1058,132.19,HYPE,169.04,196.08,0.5,2026-05-31 22:11:46.810970
HYPE-USD,dYdX,HYPE/USD,68.12,,-0.04,127771.697,-71.35,67015.256,60756.441,94,153,3004.1,204713.0156181,-11.21,0.0,1780239600000.0,1.6022,209.9,HYPE,,,0.0,2026-05-31 22:11:46.810970
HYPEUSD-PERP,Crypto.com,HYPE/USD,68.019,68.074,0.19,11628.2676,-82.76,5717.1672,5911.0904,836,861,301.8,20528.1342,-0.23,-0.0067316,1780239600000.0,1.7654,478.63,HYPE,,,-0.6732,2026-05-31 22:11:46.810970
ADAUSD,Bitmex,ADA/USD,0.2364,0.2365,0.25,84490572.194,23825.44,24808560.77,59682011.424,292,463,3186298.11,753240.87408097,-8.66,0.01,1780286400000.0,0.0089,-99.62,ADA,,,1.0,2026-05-31 22:11:46.810970
ADAUSDT,Binance,ADA/USDT,0.2367,0.23680242,0.42,84429899.9117,-52.84,41175304.9054,43254595.0063,114088,95708,359446859.0,85081071.5253,1.32,0.01,1780243200000.0,1.0077,114.82,ADA,31472.26,30811.48,1.0,2026-05-31 22:11:46.810970
ADA_PERP,WhiteBIT,ADA/USDT,0.236491,0.2369,0.29,49617775.12997,-36.54,18334111.56902,31283663.56105,31861,52448,89163770.0,21104261.88507,0.31,0.01,1780243200000.0,0.4253,58.05,ADA,,,1.0,2026-05-31 22:11:46.810970
ADAUSDT,Bybit,ADA/USDT,0.2366,0.2368,0.38,36029692.5065,-44.36,17103824.9891,18925867.5174,35573,35830,269533851.0,63798662.53,3.86,0.01,1780243200000.0,1.7707,86.66,ADA,589.77,11413.95,1.0,2026-05-31 22:11:46.810970
ADA-USDT-SWAP,OKX,ADA/USDT,0.2366,0.2368,0.42,25312959.665,-60.26,11584063.469,13728896.196,10633,8449,121015899.99999996,28632361.93999999,-2.94,0.01,1780243200000.0,1.1311,144.25,ADA,24.04,4200.92,1.0,2026-05-31 22:11:46.810970
ADAUSDT,LBank,ADA/USDT,0.2367,,0.38,18146074.4764,,9002806.2714,9143268.205,312864,312664,0.0,0.0,,,,0.0,,ADA,,,,2026-05-31 22:11:46.810970
ADA_USDT,Gate,ADA/USDT,0.2366,0.2368,0.38,15368689.936,-54.65,6938376.262,8430313.674,18800,21046,232924900.0,55110031.34,-3.76,0.0007,1780243200000.0,3.5859,112.23,ADA,279.31,2003.2,0.07,2026-05-31 22:11:46.810970
ADA_USDT,MEXC,ADA/USDT,0.2368,0.2368,0.51,13171936.1216,-38.99,5651028.8644,7520907.2672,7122,6783,109280339.0,25855728.2074,-11.52,0.01,1780243200000.0,1.9629,45.02,ADA,,,1.0,2026-05-31 22:11:46.810970
ADAUSDT_UMCBL,Bitget,ADA/USDT,0.2367,0.2367922901157326,0.38,12500442.8175,-56.96,6107396.8475,6393045.97,9364,9504,174544360.0,41297195.576,-0.68,0.01,1780243200000.0,3.3037,130.79,ADA,60.5,104911.55,1.0,2026-05-31 22:11:46.810970
ADA-USDT,BingX,ADA/USDT,0.2367,0.2367,0.47,9780440.4223,-29.66,3746345.2225,6034095.1898,131253,134834,35043635.4607,8291324.15,-30.05,0.01,1780243200000.0,0.8477,-0.56,ADA,,,1.0,2026-05-31 22:11:46.810970
ADAUSD_PERP,Binance,ADA/USD,0.2364,0.23656361,0.38,9578460.0,-47.01,4540730.0,5037730.0,6046,6356,34440482.23,8141730.0,1.26,0.01,1780243200000.0,0.85,91.1,ADA,0.0,790.0,1.0,2026-05-31 22:11:46.810970
ADAUSDT,Bitunix,ADA/USDT,0.2367,0.2368,0.38,6521570.0975,-50.9,3395261.7844,3126308.3131,10835,7382,28347149.0,6706935.4534,8.03,0.015,1780243200000.0,1.0284,120.03,ADA,,,1.5,2026-05-31 22:11:46.810970
ADA-USDC,BingX,ADA/USDC,0.2366,0.2367,0.34,6512106.770524,-0.69,3266689.984515,3245416.746409,432582,431845,13565414.7929,3209577.14,0.82,0.011,1780243200000.0,0.4929,1.55,ADA,,,1.1,2026-05-31 22:11:46.810970
ADAUSDT,CoinEx,ADA/USDT,0.236796,0.23677,0.39,5863667.198076,47.77,2651927.777041,3211739.410735,4714,5760,16664955.0,3946178.019225,-3.34,0.0,1780243176617.0,0.673,-34.59,ADA,833.88,932.84,0.0,2026-05-31 22:11:46.810970
ADA-USD,BingX,ADA/USD,0.2362,0.2365,0.38,5096320.0,5.31,2347560.0,2748760.0,43376,43351,5243839.4157,1238594.86998834,-0.47,0.01,1780243200000.0,0.243,-5.52,ADA,,,1.0,2026-05-31 22:11:46.810970
ADA-USD,Hyperliquid,ADA/USD,0.23676,0.23675,0.44,4741682.35573,-12.18,3430314.6266,1311367.71893,4284,3789,70612822.0,16718291.73672,-9.64,0.00125,1780239600000.0,3.5258,2.89,ADA,0.0,187.71,0.125,2026-05-31 22:11:46.810970
ADAUSDC,Binance,ADA/USDC,0.2364,0.23646123,0.38,4457857.59528,-65.87,2174576.58829,2283281.00719,12055,11801,13651678.3,3227256.75012,1.0,-0.00221,1780243200000.0,0.7239,195.95,ADA,9366.81,6.56,-0.221,2026-05-31 22:11:46.810970
ADAUSDT,ApeX Omni,ADA/USDT,0.2368,0.2368,0.34,2873682.16,17.87,929086.44,1944595.72,6036,10834,311066.0,73660.4288,-8.52,0.00125,,0.0256,-22.42,ADA,,,0.125,2026-05-31 22:11:46.810970
PF_ADAUSD,Kraken,ADA/USDT,0.23663,0.236594,0.4,2081694.51383,-54.0,956570.75757,1125123.76616,3370,5242,19314991.0,4570506.32033,1.16,0.0016356456944444,1780239600000.0,2.1956,119.93,ADA,,,0.1636,2026-05-31 22:11:46.810970
ADA-USD,Extended,ADA/USD,0.2363,0.236515449374,0.25,1634040.07,30.33,898482.19,735557.88,722,724,2632398.0,621809.521777,5.38,0.0013,,0.3805,-19.15,ADA,,,0.13,2026-05-31 22:11:46.810970
ADAUSDTM,KuCoin,ADA/USDT,0.23683,0.23679,0.37,1502079.5858,-82.1,656189.0753,845890.5105,4275,4741,191007870.0,45232573.6947,-3.43,0.0219,1780243185090.0,30.1133,439.48,ADA,,,2.19,2026-05-31 22:11:46.810970
ADA-PERP,Coinbase,ADA/USDC,0.2364,0.2364,0.34,1482122.8644,-57.36,730545.92,751576.9444,598,812,3463917.0,818869.9788,-1.89,0.0017,,0.5525,130.11,ADA,,,0.17,2026-05-31 22:11:46.810970
ADAUSD,Bybit,ADA/USD,0.2361,0.2364,0.38,895173.0,-48.82,319946.0,575227.0,587,914,16080431.84,3798198.0,-8.14,-0.03472,1780243200000.0,4.243,79.48,ADA,0.0,36.0,-3.472,2026-05-31 22:11:46.810970
ADA-USD-SWAP,OKX,ADA/USD,0.2362,0.2364,0.34,766230.0,-66.53,393150.0,373080.0,669,749,13914763.113367174,3289450.0,0.68,0.01,1780243200000.0,4.293,200.8,ADA,,,1.0,2026-05-31 22:11:46.810970
ADAUSD,Bitunix,ADA/USD,0.2364,0.2364,0.34,644719.1786,-40.83,301577.0977,343142.0809,7316,7279,2836367.0,670517.1588,-17.99,0.01,1780243200000.0,1.04,38.61,ADA,,,1.0,2026-05-31 22:11:46.810970
ADAUSD,EdgeX,ADA/USD,0.2367,0.236739692,0.38,572088.3052,-1.08,283051.4406,289036.8646,1492,1533,300822.0,71174.4852,-1.42,0.000315,1780243200000.0,0.1244,-0.32,ADA,,,0.0315,2026-05-31 22:11:46.810970
ADA-USDT,HTX,ADA/USDT,0.237,0.23678,0.5,453391.71369,-51.74,116799.67672,336592.02727,1943,3563,7532530.0,1783718.16906,-6.3,0.01,1780243200000.0,3.9342,94.16,ADA,2.36,1529.38,1.0,2026-05-31 22:11:46.810970
ADAUSD-PERP,Crypto.com,ADA/USD,0.2365,0.23648,0.42,329763.47395,-44.91,152866.32168,176897.16227,682,1327,1267425.0,299606.59575,4.3,0.00455,1780239600000.0,0.9085,89.31,ADA,,,0.455,2026-05-31 22:11:46.810970
ADAUSD_DMCBL,Bitget,ADA/USD,0.2362,0.2364195789033739,0.25,312728.9591,-58.07,186904.5691,125824.39,454,130,13941088.0,3292884.9856,-0.7,0.01,1780243200000.0,10.5295,136.79,ADA,,,1.0,2026-05-31 22:11:46.810970
ADA_USD,MEXC,ADA/USD,0.2364,0.2362,0.34,251350.0,-30.62,116340.0,135010.0,4127,4140,9878976.3113,2335390.0,0.09,0.01,1780243200000.0,9.2914,44.28,ADA,,,1.0,2026-05-31 22:11:46.810970
ADA_USDC,MEXC,ADA/USDC,0.2364,0.2363,0.38,163176.7375,17.54,74779.2972,88397.4403,3956,3936,2057401.0,486369.5964,13.84,-0.0021,1780243200000.0,2.9806,-3.15,ADA,,,-0.21,2026-05-31 22:11:46.810970
ADAUSDC,Bitunix,ADA/USDC,0.2364,0.2363,0.38,136191.7334,-7.62,38766.4147,97425.3187,3063,2934,507772.0,120037.3008,48.35,-0.000493,1780243200000.0,0.8814,60.58,ADA,,,-0.0493,2026-05-31 22:11:46.810970
ADAUSDC,CoinEx,ADA/USDC,0.236598,0.236545,0.42,116716.183432,0.41,55304.35862,61411.824512,4097,4548,81025.0,19162.493525,0.33,0.0,1780243176619.0,0.1642,-0.06,ADA,,,0.0,2026-05-31 22:11:46.810970
ADAUSDT,Aster,ADA/USDT,0.2367,0.23682563,0.34,74957.3611,-44.7,44012.3252,30945.0459,161,100,3122943.0,739200.6081,0.82,0.01,1780243200000.0,9.8616,82.31,ADA,0.0,87.06,1.0,2026-05-31 22:11:46.810970
ADAUSDT,Bitmex,ADA/USDT,0.2363,0.23675,0.21,61800.469,-97.08,36307.002,25493.467,90,129,3016840.0,714297.2068,0.37,0.01,1780286400000.0,11.5581,3335.82,ADA,,,1.0,2026-05-31 22:11:46.810970
ADA-USD,HTX,ADA/USD,0.239069,0.23652352245066402,-0.25,46940.0,415.63,21920.0,25020.0,423,384,1541479.656500843,368520.0,-0.89,0.01,,7.8509,-80.78,ADA,0.0,2870.0,1.0,2026-05-31 22:11:46.810970
ADA-USDC,Lighter,ADA/USDC,0.23629,0.23646,1.23,12967.2,-98.92,6461.35,6505.85,42,34,7883359.6,1863074.374268,1.08,0.0012,,143.6759,9247.21,ADA,,,0.12,2026-05-31 22:11:46.810970
ADA-USD-PERP,Paradex,ADA/USD,0.2376,0.23661131,1.41,2395.99,-14.38,1035.88,1360.11,3,4,85600.0,20338.56,4.77,0.010000024287,,8.4886,22.36,ADA,,,1.0,2026-05-31 22:11:46.810970
ADAM26,Bitmex,ADA/BTC,0.24379905,0.236858838,3.13,2.4360798e-06,-100.0,0.0,2.4360798e-06,0,1,1964.91,478.45485276,1.25,,,196403604.1676,97713135.9,ADA,,,,2026-05-31 22:11:46.810970
TIAUSDT,Binance,TIA/USDT,0.3995,0.40026286,-3.83,19347974.3431,-39.01,8703486.7584,10644487.5947,103556,120856,31811867.0,12718384.4266,4.37,-0.010014,1780243200000.0,0.6573,71.13,TIA,1465.52,62394.04,-1.0014,2026-05-31 22:11:46.810970
TIAUSDT,ApeX Omni,TIA/USDT,0.3993,0.4001,-3.9,17894863.0596,88.77,8915312.7496,8979550.31,40928,41342,83565.8,33367.82394,206.19,0.00125,,0.0019,72.73,TIA,,,0.125,2026-05-31 22:11:46.810970
TIA_USDT,MEXC,TIA/USDT,0.3995,0.4002,-3.85,6756484.7688,27.21,3233012.1105,3523472.6583,6145,6633,11343120.0,4533845.064,8.02,-0.01,1780243200000.0,0.671,-15.08,TIA,,,-1.0,2026-05-31 22:11:46.810970
TIAUSDT,Bybit,TIA/USDT,0.3996,0.4004,-3.83,6500353.14592,-55.11,3039949.6224,3460403.52362,37870,37875,21532420.8,8615121.56,0.38,0.005,1780243200000.0,1.3253,123.64,TIA,2767.32,11832.69,0.5,2026-05-31 22:11:46.810970
TIA-USDC,BingX,TIA/USDC,0.3996,0.4001,-3.78,6495748.2687052,-0.26,3248048.5024721,3247699.6461331,432359,432562,3406148.2621,1362118.69,-2.24,0.0055,1780243200000.0,0.2097,-1.96,TIA,,,0.55,2026-05-31 22:11:46.810970
TIA_PERP,WhiteBIT,TIA/USDT,0.4004,0.4004,-3.8,5997183.0927,-32.11,4679749.5061,1317433.5866,72824,22555,7254441.0,2906129.0646,5.06,0.005,1780243200000.0,0.4846,54.77,TIA,,,0.5,2026-05-31 22:11:46.810970
TIA-USDT-SWAP,OKX,TIA/USDT,0.3996,0.4002,-3.8,5784674.7944,-37.25,2590387.7038,3194287.0906,11915,12900,7102130.0,2838011.148,7.22,-0.0032112918235,1780243200000.0,0.4906,70.88,TIA,7083.71,9166.97,-0.3211,2026-05-31 22:11:46.810970
TIAUSDT_UMCBL,Bitget,TIA/USDT,0.3993,0.4002762880506618,-3.88,4831756.7526,-12.5,2465639.6833,2366117.0697,7142,7161,9425241.2,3764441.33528,8.14,0.0002,1780243200000.0,0.7791,23.59,TIA,0.0,9518.47,0.02,2026-05-31 22:11:46.810970
TIA-USDT,BingX,TIA/USDT,0.3996,0.4001,-3.8,4649335.8818,-13.63,1449473.7557,3199862.146,130316,130675,9920538.5693,3966231.32,-13.43,0.005,1780243200000.0,0.8531,0.25,TIA,,,0.5,2026-05-31 22:11:46.810970
TIAUSDT,LBank,TIA/USDT,0.3996,,-3.78,2436276.7946,-19.86,1240312.04442,1195964.77028,31627,31520,10680854.2,4270205.50916,-2.01,-0.0084,1780243200000.0,1.7528,22.28,TIA,,,-0.84,2026-05-31 22:11:46.810970
TIAUSDC,Binance,TIA/USDC,0.3989,0.3997302,-3.79,1390057.8987,-47.09,656682.1171,733375.7716,14006,11243,3420016.0,1365612.3888,-2.08,-0.003484,1780243200000.0,0.9824,85.08,TIA,0.0,745.48,-0.3484,2026-05-31 22:11:46.810970
TIAUSDT,Bitunix,TIA/USDT,0.3997,0.3997,-3.78,1343308.4895,-30.86,610647.7161,732660.7734,6967,9644,1788409.0,714111.7137,2.0,0.004999,1780243200000.0,0.5316,47.54,TIA,,,0.4999,2026-05-31 22:11:46.810970
TIAUSDTM,KuCoin,TIA/USDT,0.4002,0.4002,-3.71,972479.4984,-64.81,466401.8972,506077.5912,6142,5826,13067919.0,5232394.7676,5.06,-0.0051,1780243185419.0,5.3805,198.54,TIA,,,-0.51,2026-05-31 22:11:46.810970
TIA-USD,Hyperliquid,TIA/USD,0.3999,0.4004,-3.84,704663.602884,-19.8,317680.97894,386982.633944,1845,1981,8591600.4,3436382.4119880004,-0.93,0.00125,1780239600000.0,4.8766,23.52,TIA,,,0.125,2026-05-31 22:11:46.810970
TIA_USDT,Gate,TIA/USDT,0.3999,0.4001,-3.71,681077.5793,-57.77,328468.1771,352609.4022,3020,2744,2940660.0,1175969.934,0.51,0.005,1780243200000.0,1.7266,138.02,TIA,0.0,124.98,0.5,2026-05-31 22:11:46.810970
TIAUSDT,CoinEx,TIA/USDT,0.4003,0.4002,-3.68,358998.2603,22.02,275215.30588,83782.96422,6936,2612,1141877.5,457207.751,-8.39,0.038117,1780243176577.0,1.2736,-24.92,TIA,,,3.8117,2026-05-31 22:11:46.810970
TIA_USDC,MEXC,TIA/USDC,0.3988,0.3997,-3.83,219691.263,-3.14,107080.3113,112610.9517,4118,4014,225712.0,90104.2304,-16.2,-0.0032,1780243200000.0,0.4101,-13.48,TIA,,,-0.32,2026-05-31 22:11:46.810970
PF_TIAUSD,Kraken,TIA/USDT,0.3985,0.39975,-4.09,162449.8933,-84.88,79796.78,82653.1133,150,337,1077414.8,429349.7978,7.53,-0.0013791075,1780239600000.0,2.643,611.25,TIA,,,-0.1379,2026-05-31 22:11:46.810970
TIA-USD,Extended,TIA/USD,0.3994,0.399659682187,-3.99,51735.26,-40.53,18951.41,32783.85,16,36,370530.0,147965.649887,-9.85,-0.0008,,2.8601,51.59,TIA,70.78,0.0,-0.08,2026-05-31 22:11:46.810970
TIA-USDT,HTX,TIA/USDT,0.4016,0.40028,-3.83,26661.09376,33.56,7191.32086,19469.7927,693,2272,186391.4,74854.78624,-0.84,0.005,1780243200000.0,2.8076,-25.76,TIA,,,0.5,2026-05-31 22:11:46.810970
TIAUSD-PERP,Crypto.com,TIA/USD,0.40023,0.39978,-3.6,23008.6397,-18.7,8479.7297,14528.9,957,405,210379.4,84200.147262,7.19,-0.024709,1780239600000.0,3.6595,31.84,TIA,,,-2.4709,2026-05-31 22:11:46.810970
TIA-PERP,Coinbase,TIA/USDC,0.398,0.3997,-4.17,19749.1876,-92.03,10007.66,9741.5276,46,25,57187.45,22760.6051,9.78,-0.0034,,1.1525,1276.94,TIA,,,-0.34,2026-05-31 22:11:46.810970
TIAPERP,Bybit,TIA/USDC,0.3995,0.4,-3.36,18100.13,-87.22,11302.77,6797.37,43,39,425321.26,169915.84,-12.73,0.01,1780243200000.0,9.3875,582.68,TIA,,,1.0,2026-05-31 22:11:46.810970
TIA-USDC,Lighter,TIA/USDC,0.39798,0.39978,-4.06,9203.68,-95.07,5013.22,4190.46,16,10,931151.6,372060.244812,24.91,0.0012,,40.4252,2435.77,TIA,,,0.12,2026-05-31 22:11:46.810970
TIAUSDT,Aster,TIA/USDT,0.3997,0.40020571,-3.73,3284.42,-98.1,1638.29,1646.13,20,34,79007.0,31579.0979,-5.08,0.00125,1780239600000.0,9.6148,4894.7,TIA,,,0.125,2026-05-31 22:11:46.810970
TIA-USD-PERP,Paradex,TIA/USD,0.41,0.39922258,-4.09,287.0,13.24,287.0,0.0,2,0,21069.8,8638.618,-10.07,-0.085907047606,,30.0997,-20.59,TIA,,,-8.5907,2026-05-31 22:11:46.810970
SOL_USDT,MEXC,SOL/USDT,82.66,82.71,0.25,896559971.58,-11.35,445309823.574,451250148.016,42495,40962,2983688.6,246661536.562,-9.68,0.0054,1780243200000.0,0.2751,1.89,SOL,,,0.54,2026-05-31 22:11:46.810970
SOL-PERP,Coinbase,SOL/USDC,82.598,82.592,0.25,756843465.417572,-27.25,378135489.299,378707976.108572,147929,150977,322015.668,26602680.380484,-0.57,0.0009,,0.0351,36.58,SOL,,,0.09,2026-05-31 22:11:46.810970
SOLUSDT,Binance,SOL/USDT,82.65,82.71676082,0.24,618482868.3848,-51.5,322269884.776,296212983.6288,375013,318711,9382857.57,775680835.3119,1.9,0.005383,1780243200000.0,1.2542,110.12,SOL,362739.27,724501.62,0.5383,2026-05-31 22:11:46.810970
SOL_PERP,WhiteBIT,SOL/USDT,82.6281,82.72,0.21,274870317.774991,0.4,91413621.356077,183456696.419114,23962,50253,2308966.84,190831722.289004,1.63,0.01,1780243200000.0,0.6943,1.22,SOL,,,1.0,2026-05-31 22:11:46.810970
SOL-USDT-SWAP,OKX,SOL/USDT,82.66,82.71,0.24,208728424.4529,-47.35,104790496.013,103937928.4399,49311,40058,2783085.130000003,230021985.99450025,1.0,0.00374001346711,1780243200000.0,1.102,91.85,SOL,11058.08,4094.8,0.374,2026-05-31 22:11:46.810970
SOLUSDT,Bybit,SOL/USDT,82.67,82.714,0.27,198485518.582,-62.27,100704849.154,97780669.428,91232,96611,7004287.0,579051410.58,4.3,0.01,1780243200000.0,2.9173,176.42,SOL,105033.74,127687.53,1.0,2026-05-31 22:11:46.810970
SOL_USDT,Gate,SOL/USDT,82.66,82.714,0.25,156298521.58,-48.3,77071146.83,79227374.75,32189,62184,6255784.0,517228221.12,1.09,0.0068,1780243200000.0,3.3092,95.53,SOL,44986.35,14908.97,0.68,2026-05-31 22:11:46.810970
SOL-USDT,BingX,SOL/USDT,82.668,82.716,0.26,149015814.00026,-21.04,71340120.36917,77675693.76109,135460,135181,1538335.0299,127140313.55,-20.66,0.01,1780243200000.0,0.8532,0.47,SOL,,,1.0,2026-05-31 22:11:46.810970
SOLUSDT,LBank,SOL/USDT,82.68,,0.25,100610512.88,-40.45,50391890.7202,50218622.1598,33860,33750,2658912.46,219812293.0682,-0.02,0.0055,1780243200000.0,2.1848,67.91,SOL,,,0.55,2026-05-31 22:11:46.810970
SOLUSDT_UMCBL,Bitget,SOL/USDT,82.663,82.71090009416663,0.25,100018269.5499,-60.73,49393946.9434,50624322.6065,79003,80241,4273962.3,353354107.1148,2.67,0.0094,1780243200000.0,3.5329,161.44,SOL,77319.4,47201.21,0.94,2026-05-31 22:11:46.810970
SOLUSDC,Binance,SOL/USDC,82.58,82.6202517,0.24,88683376.5658,-57.09,44367088.289,44316288.2868,94010,91880,1202896.26,99347202.1134,2.61,0.01,1780243200000.0,1.1202,139.15,SOL,10733.11,18939.07,1.0,2026-05-31 22:11:46.810970
SOLUSDT,Bitunix,SOL/USDT,82.66,82.68,0.24,88106583.4653,-48.83,46141098.2331,41965485.2422,33659,23644,1244420.72,102826484.0936,-0.97,0.005491,1780243200000.0,1.1671,93.52,SOL,,,0.5491,2026-05-31 22:11:46.810970
SOL-USD,Hyperliquid,SOL/USD,82.693,82.715,0.28,72633464.24717,-48.79,44723826.65591,27909637.61136,23442,19884,4029997.1200000006,333256581.84128004,5.54,0.00125,1780239600000.0,4.5882,106.08,SOL,30770.55,11699.43,0.125,2026-05-31 22:11:46.810970
SOLUSD,EdgeX,SOL/USD,82.67,82.691407718,0.28,27265432.202,-49.68,13824541.377,13440890.825,14339,13584,816648.3,67495981.995,0.25,0.005,1780243200000.0,2.4755,99.24,SOL,,,0.5,2026-05-31 22:11:46.810970
SOL_USDC,MEXC,SOL/USDC,82.57,82.61,0.25,26726043.539,-5.08,13643785.869,13082257.67,7965,7963,56256.0,4645620.48,7.27,0.01,1780243200000.0,0.1738,13.0,SOL,,,1.0,2026-05-31 22:11:46.810970
SOLUSDT,Aster,SOL/USDT,82.66,82.71402598,0.25,26346679.5689,-41.0,13192710.0333,13153969.5356,18000,17765,1608341.65,132961604.2055,0.27,0.01,1780243200000.0,5.0466,69.96,SOL,702.12,36527.29,1.0,2026-05-31 22:11:46.810970
PF_SOLUSD,Kraken,SOL/USDT,82.62,82.62,0.23,20364410.8807,-27.44,9676618.2001,10687792.6806,8807,9364,187813.16,15520879.5424,5.15,0.0009729526388889,1780239600000.0,0.7622,44.93,SOL,,,0.0973,2026-05-31 22:11:46.810970
SOLUSD_PERP,Binance,SOL/USD,82.58,82.60563155,0.25,17528630.0,-59.71,8908890.0,8619740.0,14577,11953,622771.86,51428500.0,-0.74,0.01,1780243200000.0,2.934,146.39,SOL,30.0,0.0,1.0,2026-05-31 22:11:46.810970
SOLUSDTM,KuCoin,SOL/USDT,82.718,82.716,0.27,16493647.0615,-79.6,8238057.8331,8255589.2284,23153,21024,5782248.2,478267095.3666,0.43,0.0099,1780243185078.0,28.997,392.29,SOL,,,0.99,2026-05-31 22:11:46.810970
SOLUSDT,CoinEx,SOL/USDT,82.75,82.72,0.29,14031526.8099,-20.91,6394802.6013,7636724.2086,6085,7199,123153.5,10188489.055,4.26,0.0,1780243176546.0,0.7261,31.8,SOL,0.0,6918.55,0.0,2026-05-31 22:11:46.810970
SOL-USD,Extended,SOL/USD,82.54,82.5981650625,0.23,8872065.3,-36.21,4945115.86,3926949.44,7698,6714,144487.82,11919910.906326,8.69,0.001,,1.3435,70.39,SOL,179.54,0.0,0.1,2026-05-31 22:11:46.810970
SOL-USDC,BingX,SOL/USDC,82.583,82.596,0.25,8038192.4199,-22.98,4032657.4669,4005534.923,65170,64965,82952.0334,6849930.06,-22.81,0.011,1780243200000.0,0.8522,0.24,SOL,,,1.1,2026-05-31 22:11:46.810970
SOLUSD-PERP,Crypto.com,SOL/USD,82.59,82.6,0.23,5619436.1324,-63.28,2898801.1285,2720635.0139,30068,28301,37962.22,3136058.9942,2.35,0.0016632,1780239600000.0,0.5581,178.77,SOL,,,0.1663,2026-05-31 22:11:46.810970
SOL-USD,BingX,SOL/USD,82.572,82.591,0.25,3912650.0,-22.01,1929360.0,1983290.0,43172,43597,39304.973,3244782.741042,-26.2,0.01,1780243200000.0,0.8293,-5.37,SOL,,,1.0,2026-05-31 22:11:46.810970
SOL-USD-SWAP,OKX,SOL/USD,82.54,82.6,0.21,3481710.0,-67.7,1789550.0,1692160.0,2293,2022,310327.9641516289,25623780.0,-0.71,0.01,1780243200000.0,7.3595,207.43,SOL,0.0,16540.0,1.0,2026-05-31 22:11:46.810970
SOL-USDT,HTX,SOL/USDT,82.789,82.712,0.24,3300712.0803,-74.52,1650639.1196,1650072.9507,2463,2029,2340896.0,193800438.944,0.25,0.0218067562166904,1780243200000.0,58.7147,293.51,SOL,251.83,416.0,2.1807,2026-05-31 22:11:46.810970
SOLUSDC,Bitunix,SOL/USDC,82.59,82.59,0.24,3272168.3383,81.84,2589898.258,682270.0903,4119,4542,46401.64,3831847.4312,222.79,0.01,1780243200000.0,1.171,77.5,SOL,,,1.0,2026-05-31 22:11:46.810970
SOL_USD,MEXC,SOL/USD,82.57,82.62,0.28,2993190.0,-4.11,1573540.0,1419650.0,4250,4245,63325.6631,5228800.0,1.47,0.01,1780243200000.0,1.7469,5.82,SOL,,,1.0,2026-05-31 22:11:46.810970
SOLUSD,Bitunix,SOL/USD,82.58,82.57,0.25,2053985.08,-37.72,1066739.11,987245.97,7978,7135,54342.37,4487049.4909,24.68,-0.01,1780243200000.0,2.1846,100.22,SOL,,,-1.0,2026-05-31 22:11:46.810970
SOLUSDT,ApeX Omni,SOL/USDT,82.63,82.704,0.22,1932369.16,32.61,683368.91,1249000.25,8590,10794,11974.799999999997,989477.7239999997,2.22,-0.00088,,0.5121,-22.91,SOL,,,-0.088,2026-05-31 22:11:46.810970
SOLPERP,Bybit,SOL/USDC,82.56,82.628,0.23,1097330.855,-37.47,571745.887,525584.968,1553,1244,145518.2,12015728.81,-0.67,0.01,1780243200000.0,10.95,58.84,SOL,25.06,0.0,1.0,2026-05-31 22:11:46.810970
SOLUSD_DMCBL,Bitget,SOL/USD,82.562,82.59662765441293,0.24,1089890.54739,-57.51,677105.47249,412785.0849,1559,338,153283.92,12656806.55832,0.13,0.01,1780243200000.0,11.6129,135.68,SOL,,,1.0,2026-05-31 22:11:46.810970
SOLUSDT,Bitmex,SOL/USDT,82.53,82.709,0.12,933299.4511,-61.0,435943.7945,497355.6466,318,323,38912.45,3218215.2648,-2.0,-0.0077,1780286400000.0,3.4482,151.33,SOL,161.07,0.0,-0.77,2026-05-31 22:11:46.810970
SOLUSD,Bybit,SOL/USD,82.56,82.6,0.29,837728.0,-61.95,497028.0,340700.0,1030,1074,141408.33,11676086.0,0.92,0.01,1780243200000.0,13.9378,165.23,SOL,0.0,3430.0,1.0,2026-05-31 22:11:46.810970
SOL-USD,dYdX,SOL/USD,82.49,,0.15,659979.538,-60.06,552518.163,107461.375,470,369,58631.6,4844676.807440168,1.29,0.0,1780239600000.0,7.3406,153.61,SOL,,,0.0,2026-05-31 22:11:46.810970
FF_SOLUSD_260925,Kraken,SOL/USDT,82.59,82.61,0.13,137269.379,1131.32,15601.159,121668.23,52,80,1527.96,126194.2164,1022.44,,,0.9193,-8.84,SOL,,,,2026-05-31 22:11:46.810970
FF_SOLUSD_260626,Kraken,SOL/USDT,82.69,82.6,0.53,128242.15,404.45,123741.11,4501.04,84,17,2332.63,192885.1747,-39.26,,,1.5041,-87.96,SOL,,,,2026-05-31 22:11:46.810970
SOL-USD-PERP,Paradex,SOL/USD,82.56,82.58788635,0.22,114067.5106,-54.61,61215.8062,52851.7045,438,456,8944.32,738443.0592,-1.53,0.009999998702,,6.4737,116.95,SOL,,,1.0,2026-05-31 22:11:46.810970
SOLUSDC,CoinEx,SOL/USDC,82.67,82.6,0.24,96087.8591,12.66,25820.2985,70267.5606,2517,6145,480.4,39714.668,53.5,0.034404,1780243176539.0,0.4133,36.27,SOL,,,3.4404,2026-05-31 22:11:46.810970
SOLUSD_260626,Binance,SOL/USD,82.49,82.60563155,0.27,74280.0,-68.11,22450.0,51830.0,298,661,20548.07,1695010.0,-0.61,,,22.8192,211.61,SOL,,,,2026-05-31 22:11:46.810970
SOLUSDT-12JUN26,Bybit,SOL/USDT,82.99,82.71,0.42,37993.9282,-64.9,37803.5196,190.4186,17,5,136.72,11306.74,-85.82,,0.0,0.2976,-59.61,SOL,,,,2026-05-31 22:11:46.810970
SOLUSD_260925,Binance,SOL/USD,82.48,82.60563155,0.23,32440.0,-83.49,19680.0,12760.0,179,119,14672.77,1210210.0,0.05,,,37.3061,506.12,SOL,,,,2026-05-31 22:11:46.810970
SOL-USDC,Lighter,SOL/USDC,82.385,82.824,-0.02,19999.7753,-99.94,5305.0118,14694.7635,2,15,239110.45,19794280.216784,6.6,0.0009,,989.7251,165738.66,SOL,0.49,0.0,0.09,2026-05-31 22:11:46.810970
SOLUSDT-19JUN26,Bybit,SOL/USDT,82.66,82.71,0.07,17789.56,168.72,8423.74,9365.82,85,96,60.5,5006.98,380.5,,0.0,0.2815,78.84,SOL,0.0,150.16,,2026-05-31 22:11:46.810970
SOLUSDCM,KuCoin,SOL/USDC,83.32,82.61,1.02,8908.7171,68.75,8141.04,767.6771,33,29,11119.26,926456.7432,-11.72,0.0201,1780243185395.0,103.9944,-47.68,SOL,,,2.01,2026-05-31 22:11:46.810970
SOLUSDM,KuCoin,SOL/USD,82.599,82.606,0.73,8402.0,-90.51,954.0,7448.0,13,22,376031.62,31059836.0,0.46,0.01,1780243185395.0,3696.7194,958.35,SOL,,,1.0,2026-05-31 22:11:46.810970
SOLUSDT-26JUN26,Bybit,SOL/USDT,82.67,82.71,0.25,3559.0092,-98.04,900.2592,2658.75,7,3,17272.78,1430704.37,0.44,,0.0,401.9951,5026.51,SOL,,,,2026-05-31 22:11:46.810970
SOLUSDT-05JUN26,Bybit,SOL/USDT,82.75,82.71,0.57,164.898,-99.81,8.298,156.6,1,4,1261.78,104437.53,0.02,,0.0,633.3463,51958.71,SOL,,,,2026-05-31 22:11:46.810970
SEIUSDT,Binance,SEI/USDT,0.06779,0.06786444,-0.09,31209488.0192,-34.13,14636308.12359,16573179.89581,164911,179772,216193656.0,14655767.94024,3.13,0.000345,1780243200000.0,0.4696,56.59,SEI,1078.56,22223.25,0.0345,2026-05-31 22:11:46.810970
SEI_USDT,MEXC,SEI/USDT,0.06779,0.06787,-0.09,18043638.6412,75.4,8602853.4683,9440785.1729,7241,7270,74406010.0,5043983.4179,4.12,0.0004,1780243200000.0,0.2795,-40.65,SEI,,,0.04,2026-05-31 22:11:46.810970
SEIUSDT,LBank,SEI/USDT,0.0678,,-0.15,12026948.4177,-6.27,5997490.30288,6029458.11492,60802,61067,3688440.0,249928.6944,-27.92,0.000345,1780243200000.0,0.0208,-22.96,SEI,,,0.0345,2026-05-31 22:11:46.810970
SEIUSDT,ApeX Omni,SEI/USDT,0.0676,0.0679,-0.15,11736257.9608,80.73,7093805.19,4642452.7708,32914,21680,1877736.0,126934.9536,-1.36,0.00125,,0.0108,-45.45,SEI,,,0.125,2026-05-31 22:11:46.810970
SEIUSDT,Bybit,SEI/USDT,0.06778,0.06789,-0.13,11189748.79952,-39.74,5449210.462,5740538.33792,85366,87488,235116447.0,15945597.44,4.39,0.01,1780243200000.0,1.425,73.23,SEI,4680.98,8796.89,1.0,2026-05-31 22:11:46.810970
SEI_PERP,WhiteBIT,SEI/USDT,0.06767,0.06788,-0.07,8315709.17287,-33.63,1300618.93217,7015090.2402,4404,55999,49711636.0,3363986.40812,1.99,-0.006382,1780243200000.0,0.4045,53.63,SEI,,,-0.6382,2026-05-31 22:11:46.810970
SEI-USDT-SWAP,OKX,SEI/USDT,0.06778,0.06784,-0.13,5870365.2802,-44.57,2868585.4201,3001779.8601,21172,21025,40009900.0,2708670.23,-3.59,0.005,1780243200000.0,0.4614,73.92,SEI,430.88,15581.34,0.5,2026-05-31 22:11:46.810970
SEIUSDT_UMCBL,Bitget,SEI/USDT,0.06781,0.0678939298964113,-0.06,4694158.96836,-28.13,2357226.55406,2336932.4145,12075,11007,121642453.0,8244925.46434,-1.39,0.01,1780243200000.0,1.7564,37.2,SEI,391.79,2506.69,1.0,2026-05-31 22:11:46.810970
SEI-USDT,BingX,SEI/USDT,0.0677,0.0678,-0.15,4285276.1386,7.56,1589337.0697,2695939.0489,129772,130263,54031175.4801,3657910.58,8.11,0.01,1780243200000.0,0.8536,0.51,SEI,,,1.0,2026-05-31 22:11:46.810970
SEI_USDT,Gate,SEI/USDT,0.06782,0.06777,-0.18,2148401.7994,96.62,1227172.9622,921228.8372,4767,4350,12320540.0,834346.9688,-4.72,0.0,1780243200000.0,0.3884,-51.53,SEI,0.0,204.72,0.0,2026-05-31 22:11:46.810970
SEI-USD,Hyperliquid,SEI/USD,0.067786,0.067885,-0.12,2125029.09135,-18.78,894685.802989,1230343.308161,3095,4059,32255822.0,2187106.01071,-20.79,-0.00056921,1780239600000.0,1.0292,-2.47,SEI,0.0,21680.73,-0.0569,2026-05-31 22:11:46.810970
SEIUSDT,Bitunix,SEI/USDT,0.06782,0.06769,-0.15,1898882.45033,-45.61,904479.86198,994402.59915,9507,12401,15843094.0,1072102.17098,-30.69,0.000633,1780243200000.0,0.5646,27.45,SEI,,,0.0633,2026-05-31 22:11:46.810970
SEIUSDTM,KuCoin,SEI/USDT,0.06782,0.06787,-0.19,1846439.0613,-67.39,912645.674,933793.3973,11062,10372,138128880.0,9369281.9304,-1.35,-0.0177,1780243140471.0,5.0742,202.5,SEI,,,-1.77,2026-05-31 22:11:46.810970
SEIUSDT,CoinEx,SEI/USDT,0.067842,0.067787,-0.14,669505.665181,-31.63,114921.825033,554583.830248,2517,6678,3695875.0,250362.268375,5.09,0.0,1780243176550.0,0.374,53.72,SEI,0.0,8.53,0.0,2026-05-31 22:11:46.810970
PF_SEIUSD,Kraken,SEI/USDT,0.0673,0.067762,-0.91,295949.131,-56.54,146297.2765,149651.8545,426,428,4801910.0,323168.543,-3.92,-0.0018382345833333,1780239600000.0,1.092,121.1,SEI,,,-0.1838,2026-05-31 22:11:46.810970
SEI-PERP,Coinbase,SEI/USDC,0.0678,0.0677,0.0,120025.1802,-4.13,58903.1699,61122.0103,345,152,630377.0,42739.5606,-4.6,0.0042,,0.3561,-0.48,SEI,,,0.42,2026-05-31 22:11:46.810970
SEI_USDC,MEXC,SEI/USDC,0.06773,0.06774,-0.16,101503.5866,22.61,49927.1477,51576.4289,3884,3977,397790.0,26898.5598,-3.55,0.0004,1780243200000.0,0.265,-21.34,SEI,,,0.04,2026-05-31 22:11:46.810970
SEI-USD,Extended,SEI/USD,0.06776,0.067779126562,0.8,22564.28,-56.91,16858.39,5705.89,56,52,2041518.0,137637.364783,4.53,0.0002,,6.0998,142.61,SEI,0.0,53.34,0.02,2026-05-31 22:11:46.810970
SEI-USDT,HTX,SEI/USDT,0.0674,0.06745878,0.06,18775.58232,-12.86,6232.6508,12542.94182,746,2002,2497518.0,168332.7132,-1.89,0.01,1780243200000.0,8.9655,12.58,SEI,16.88,0.0,1.0,2026-05-31 22:11:46.810970
SEIPERP,Bybit,SEI/USDC,0.06752,0.06777,-0.38,9644.74688,-74.62,5087.75138,4556.9856,369,361,2039842.0,137872.92,-0.65,-0.050054,1780243200000.0,14.2951,291.52,SEI,,,-5.0054,2026-05-31 22:11:46.810970
SEIUSDT,Aster,SEI/USDT,0.0674,0.06783212,-0.28,7756.2003,-94.55,3762.556,3993.6443,53,75,1369675.0,92316.095,1.62,0.01,1780243200000.0,11.9022,1765.55,SEI,,,1.0,2026-05-31 22:11:46.810970
SEIUSD-PERP,Crypto.com,SEI/USD,0.06761,0.06771,0.06,5290.7333,941.32,2799.96,2490.7833,97,232,251780.0,17022.8458,4.04,0.0080215,1780239600000.0,3.2175,-90.01,SEI,,,0.8022,2026-05-31 22:11:46.810970
SEI-USD-PERP,Paradex,SEI/USD,0.0683,0.0677507,1.34,303.55,-38.54,36.4,267.15,3,6,322552.0,22030.3016,0.67,-0.019293362804,,72.5755,63.8,SEI,,,-1.9293,2026-05-31 22:11:46.810970
SEIUSDT,Bitmex,SEI/USDT,0.0673,0.0678,-0.15,21.576,-92.68,0.0,21.576,0,2,562400.0,38130.72,-0.15,-0.0438,1780286400000.0,1767.2747,1263.73,SEI,,,-4.38,2026-05-31 22:11:46.810970
SEI-USDC,Lighter,SEI/USDC,0.06603,0.06826,0.0,0.0166,-100.0,0.0166,0.0,2,0,8492237.6,579000.759568,-9.73,-0.0037,,34879563.8294,1121637480.13,SEI,0.0,413.96,-0.37,2026-05-31 22:11:46.810970
PENGUUSDT,Binance,PENGU/USDT,0.007988,0.00799374,-0.47,25683559.710733,-60.14,11598367.152558,14085192.557775,115554,114333,2574370761.0,20566648.009629,2.85,-0.002233,1780243200000.0,0.8008,158.07,PENGU,5356.77,74190.01,-0.2233,2026-05-31 22:11:46.810970
PENGU_USDT,MEXC,PENGU/USDT,0.007988,0.00799,-0.46,18825187.52521,4.32,9325782.177,9499405.36761,11132,11377,1006202400.0,8038550.9736,-1.28,-0.0023,1780243200000.0,0.427,-5.36,PENGU,,,-0.23,2026-05-31 22:11:46.810970
PENGUUSDT,ApeX Omni,PENGU/USDT,0.007991,0.007993,-0.5,16512990.25,68.1,8441162.02,8071828.23,38836,37200,9919380.0,79265.76558,-0.47,0.001093,,0.0048,-40.74,PENGU,,,0.1093,2026-05-31 22:11:46.810970
PENGU-USDT-SWAP,OKX,PENGU/USDT,0.007989,0.007993,-0.45,8906205.0234,-61.15,4235111.5878,4671093.4356,12172,13503,522236000.0,4171621.168,-6.26,0.00354110424899,1780243200000.0,0.4684,141.32,PENGU,657.64,2230.5,0.3541,2026-05-31 22:11:46.810970
PENGU_PERP,WhiteBIT,PENGU/USDT,0.007988,0.008,-0.44,8749808.9647,-2.95,3893733.31317,4856075.66183,34279,86709,574774730.0,4591300.54324,1.19,0.005,1780243200000.0,0.5247,4.25,PENGU,,,0.5,2026-05-31 22:11:46.810970
PENGUUSDT,Bybit,PENGU/USDT,0.007988,0.007993,-0.47,8542154.779,-59.82,4143474.2306,4398680.5585,41891,41910,1576330060.0,12591724.52,-0.43,0.000759,1780243200000.0,1.4741,147.83,PENGU,132.17,4028.08,0.0759,2026-05-31 22:11:46.810970
PENGU-USDC,BingX,PENGU/USDC,0.007975,0.007978,-0.46,6482625.920013,-0.39,3240820.61629,3241805.334623,432065,432018,176656249.0594,1408656.93,-2.04,0.004,1780243200000.0,0.2173,-1.63,PENGU,,,0.4,2026-05-31 22:11:46.810970
PENGUUSDT_UMCBL,Bitget,PENGU/USDT,0.007989,0.007993271444656,-0.46,2398707.740298,-72.8,1092615.0307,1306092.709698,6165,6842,1050385936.0,8391533.242704,2.52,0.0043,1780243200000.0,3.4984,276.9,PENGU,8878.47,7267.41,0.43,2026-05-31 22:11:46.810970
PENGUUSDTM,KuCoin,PENGU/USDT,0.007988,0.007993,-0.46,2122694.49504,-75.6,1019740.02768,1102954.47756,9951,11329,1357465110.0,10840716.36846,-1.15,0.0046,1780243140440.0,5.1071,305.2,PENGU,,,0.46,2026-05-31 22:11:46.810970
PENGUUSDT,Bitunix,PENGU/USDT,0.007988,0.007989,-0.47,1572565.565367,-51.84,750559.707093,822005.867974,8819,8685,155492759.0,1242231.651651,39.1,-0.002306,1780243200000.0,0.7899,188.81,PENGU,,,-0.2306,2026-05-31 22:11:46.810970
PENGUUSDC,Binance,PENGU/USDC,0.007975,0.00798521,-0.45,1483511.727307,-63.87,705119.517257,778392.21945,16022,18068,176895507.0,1410741.668325,-2.18,0.002137,1780243200000.0,0.9509,170.76,PENGU,0.0,2463.04,0.2137,2026-05-31 22:11:46.810970
PENGU-USD,Hyperliquid,PENGU/USD,0.007992,0.007994,-0.54,1349482.302687,-59.1,825190.793587,524291.5094,2782,1666,665431992.0,5318132.480064,4.9,0.00125,1780239600000.0,3.9409,156.49,PENGU,0.0,92.28,0.125,2026-05-31 22:11:46.810970
PENGU-USDT,BingX,PENGU/USDT,0.00799,0.007993,-0.45,1349058.7460067,-50.88,617109.5790783,731949.1470284,17260,17128,144158929.7784,1151685.69,-50.72,0.0036,1780243200000.0,0.8537,0.33,PENGU,,,0.36,2026-05-31 22:11:46.810970
PENGU_USDT,Gate,PENGU/USDT,0.007989,0.007991,-0.6,610148.4203,-75.56,273268.6307,336879.7896,1570,1961,171463400.0,1369821.1026,-0.04,-0.0009,1780243200000.0,2.2451,309.02,PENGU,1.61,0.0,-0.09,2026-05-31 22:11:46.810970
PENGU-USD,Extended,PENGU/USD,0.007997,0.007984206356,0.0,122891.08,-69.44,61682.87,61208.21,42,104,37509050.0,299292.715056,-6.51,0.0013,,2.4354,205.88,PENGU,,,0.13,2026-05-31 22:11:46.810970
PENGU_USDC,MEXC,PENGU/USDC,0.007971,0.007983,-0.5,109655.53861,19.03,52895.74296,56759.80575,3939,3966,8237020.0,65657.28642,-14.12,0.002,1780243200000.0,0.5988,-27.85,PENGU,,,0.2,2026-05-31 22:11:46.810970
PENGUUSDT,CoinEx,PENGU/USDT,0.007992,0.007991,-0.47,99611.29218,-63.78,64831.46388,34779.8285,5721,3023,15798065.0,126289.73161,-1.11,0.0,1780243200482.0,1.2678,173.0,PENGU,,,0.0,2026-05-31 22:11:46.810970
PF_PENGUUSD,Kraken,PENGU/USDT,0.007982,0.0079865,-0.66,87817.622,-86.67,46292.802,41524.81,196,229,39005100.0,311338.7082,2.82,0.0008718151388889,1780239600000.0,3.5453,671.22,PENGU,,,0.0872,2026-05-31 22:11:46.810970
PENGU-PERP,Coinbase,PENGU/USDC,0.007989,0.007983,-0.65,74573.559528,-57.27,56467.134028,18106.4255,71,34,15898536.0,127013.404104,44.45,0.0024,,1.7032,238.07,PENGU,,,0.24,2026-05-31 22:11:46.810970
PENGUUSDT,Aster,PENGU/USDT,0.007995,0.00799371,-0.29,27222.22941,-91.93,11376.45,15845.77941,126,144,11769892.0,93900.198376,0.64,0.005,1780243200000.0,3.4494,1147.07,PENGU,,,0.5,2026-05-31 22:11:46.810970
PENGU-USDT,HTX,PENGU/USDT,0.007972,0.0079945,-0.33,19211.6347,-76.52,7374.4601,11837.1746,430,2266,7000800.0,55810.3776,0.75,0.005,1780243200000.0,2.905,329.16,PENGU,,,0.5,2026-05-31 22:11:46.810970
PENGUPERP,Bybit,PENGU/USDC,0.007965,0.007986,-0.38,9638.065,-91.26,5117.1219,4520.9431,30,57,16374380.0,130667.55,-6.68,0.005,1780243200000.0,13.5574,967.51,PENGU,,,0.5,2026-05-31 22:11:46.810970
PENGUUSD-PERP,Crypto.com,PENGU/USD,0.007979,0.007984,-0.15,1527.2908,-97.15,275.65,1251.6408,14,30,2724500.0,21738.7855,-5.26,-0.0003697,1780239600000.0,14.2336,3222.5,PENGU,,,-0.037,2026-05-31 22:11:46.810970
PENGU-USD-PERP,Paradex,PENGU/USD,0.008462,0.00797936,5.47,14.39,-99.22,14.39,0.0,1,0,2105614.0,17817.705668,5.64,-0.054914272126,,1238.2005,13496.29,PENGU,,,-5.4914,2026-05-31 22:11:46.810970
OPUSDT,Binance,OP/USDT,0.1189,0.11897395,-1.49,13059801.74276,-53.25,6667122.15097,6392679.59159,38686,39062,116530262.3,13855448.18747,-0.91,0.01,1780243200000.0,1.0609,111.97,OP,83.89,17595.32,1.0,2026-05-31 22:11:46.810970
OPUSDT,LBank,OP/USDT,0.119,,-1.49,11930455.23526,5.76,5925904.7101,6004550.52466,61034,61196,1647344.9,195869.30861,90.06,0.01,1780243200000.0,0.0164,80.22,OP,,,1.0,2026-05-31 22:11:46.810970
OP_PERP,WhiteBIT,OP/USDT,0.1181,0.1189,-1.5,10026924.21366,-7.86,4154822.17505,5872102.02841,19989,34255,31475188.9,3717219.80909,-0.67,0.01,1780243200000.0,0.3707,7.79,OP,,,1.0,2026-05-31 22:11:46.810970
OPUSDT,Bybit,OP/USDT,0.11891,0.11896,-1.58,7779254.467657,-38.28,3801406.91367,3977847.544387,58772,60770,101143819.5,12029034.45,-3.83,0.01,1780243200000.0,1.5463,55.81,OP,0.0,2646.27,1.0,2026-05-31 22:11:46.810970
OPUSDT,ApeX Omni,OP/USDT,0.1191,0.119,-1.57,6753350.32,58.01,3631975.44,3121374.88,16770,14448,454419.60000000003,54121.37436,-2.54,0.00125,,0.008,-38.46,OP,,,0.125,2026-05-31 22:11:46.810970
OP-USDT-SWAP,OKX,OP/USDT,0.1189,0.1189,-1.41,4616943.5301,-51.88,2312020.7199,2304922.8202,3729,3975,38736081.0,4605720.0309,0.68,0.01,1780243200000.0,0.9976,109.23,OP,232.28,2263.15,1.0,2026-05-31 22:11:46.810970
OP-USDT,BingX,OP/USDT,0.119,0.119,-1.57,3522386.2151,-29.35,1207321.394,2315064.7911,129937,129987,25234483.7679,3000380.12,-29.17,0.01,1780243200000.0,0.8518,0.26,OP,,,1.0,2026-05-31 22:11:46.810970
OP-USDC,BingX,OP/USDC,0.1189,0.119,-1.49,1644319.091787,-1.35,820510.906346,823808.175241,71925,72300,8356759.3434,992783.01,1.85,0.011,1780243200000.0,0.6038,3.25,OP,,,1.1,2026-05-31 22:11:46.810970
OP_USDT,MEXC,OP/USDT,0.1189,0.119,-1.57,1632482.1466,-17.41,722647.4018,909834.7548,4371,4471,30998697.0,3688844.943,1.31,0.01,1780243200000.0,2.2597,22.67,OP,,,1.0,2026-05-31 22:11:46.810970
OPUSDT_UMCBL,Bitget,OP/USDT,0.1188,0.1189550237851186,-1.74,1299083.6938,-49.89,581121.1509,717962.5527,1499,1822,33463922.3,3975513.96924,-2.32,0.0084,1780243200000.0,3.0602,94.9,OP,0.0,55.02,0.84,2026-05-31 22:11:46.810970
OPUSDTM,KuCoin,OP/USDT,0.119,0.119,-1.57,988528.5091,-66.88,454206.4369,534322.0822,2659,2815,37041726.0,4407965.394,-13.35,0.0573,1780243140433.0,4.4591,161.62,OP,,,5.73,2026-05-31 22:11:46.810970
OPUSDT,Bitunix,OP/USDT,0.1189,0.119,-1.57,792687.08026,-14.35,386644.65669,406042.42307,4349,5666,7289815.0,866759.0035,58.56,-0.01,1780243200000.0,1.0934,85.1,OP,,,-1.0,2026-05-31 22:11:46.810970
OPUSDT,CoinEx,OP/USDT,0.119055,0.118974,-1.53,284471.040555,1.32,110695.966205,173775.08395,3438,5559,1733730.0,206409.22515,20.09,0.0,1780243200467.0,0.7256,18.52,OP,0.0,8.35,0.0,2026-05-31 22:11:46.810970
OP-USD,Hyperliquid,OP/USD,0.1188,0.11898,-1.53,277948.176968,-22.53,140051.3675,137896.809368,1780,1761,28813462.2,3423615.5786039997,-0.41,-0.00120166,1780239600000.0,12.3175,28.56,OP,0.0,38250.23,-0.1202,2026-05-31 22:11:46.810970
OP_USDT,Gate,OP/USDT,0.11888,0.119,-1.61,229279.7181,-49.43,110491.7313,118787.9868,1748,1264,9921974.0,1179524.26912,-3.52,0.0099,1780243200000.0,5.1445,90.79,OP,0.0,0.6,0.99,2026-05-31 22:11:46.810970
OP_USDC,MEXC,OP/USDC,0.1189,0.1189,-1.41,126665.5934,28.6,64061.5414,62604.052,3975,3920,783024.0,92944.9488,-9.05,0.01,1780243200000.0,0.7338,-29.27,OP,,,1.0,2026-05-31 22:11:46.810970
OP-PERP,Coinbase,OP/USDC,0.1185,0.1186,-1.82,122069.2751,-63.35,50798.9208,71270.3543,339,413,757781.0,89797.0485,-7.41,-0.0004,,0.7356,152.61,OP,,,-0.04,2026-05-31 22:11:46.810970
OP-USDC,Lighter,OP/USDC,0.11941,0.11878,-1.09,57093.409,-29.67,47593.9062,9499.5028,804,468,3364521.6,399604.230432,21.35,0.0012,,6.9991,72.54,OP,,,0.12,2026-05-31 22:11:46.810970
PF_OPUSD,Kraken,OP/USDT,0.119,0.11881,-1.41,46433.5567,-39.74,19811.1167,26622.44,175,180,2725987.0,324392.453,-1.53,0.0022092872222222,1780239600000.0,6.9862,63.42,OP,,,0.2209,2026-05-31 22:11:46.810970
OPUSD,Bybit,OP/USD,0.11846,0.11843,-1.95,10119.0,-83.11,6192.0,3927.0,108,81,1181546.51,139966.0,0.51,0.01,1780243200000.0,13.832,495.03,OP,,,1.0,2026-05-31 22:11:46.810970
OP-USD,Extended,OP/USD,0.1193,0.118881841874,-1.32,9466.31,-69.31,5401.69,4064.62,42,160,565255.0,67071.049051,-3.45,0.0013,,7.0852,214.59,OP,0.0,450.43,0.13,2026-05-31 22:11:46.810970
OP-USDT,HTX,OP/USDT,0.1195,0.118934,-2.13,8639.72832,-88.71,2533.6365,6106.09182,680,1719,2979397.3,356633.85681,-1.03,0.01,1780243200000.0,41.2784,776.44,OP,0.0,6.94,1.0,2026-05-31 22:11:46.810970
OPPERP,Bybit,OP/USDC,0.11898,0.11884,-1.3,1075.9056,-89.5,557.2174,518.6882,18,27,363560.0,43205.47,-0.16,0.01,1780243200000.0,40.1573,850.76,OP,,,1.0,2026-05-31 22:11:46.810970
OPUSDT,Aster,OP/USDT,0.1187,0.11897395,-2.06,863.16,-94.86,112.25,750.91,4,4,196892.3,23371.11601,0.99,0.01,1780243200000.0,27.0762,1864.18,OP,,,1.0,2026-05-31 22:11:46.810970
OP-USD,dYdX,OP/USD,0.12039,,0.56,713.07,-84.62,0.0,713.07,0,1,410515.0,48787.447864925,-1.67,0.0,1780239600000.0,68.4189,539.42,OP,,,0.0,2026-05-31 22:11:46.810970
OPUSD-PERP,Crypto.com,OP/USD,0.1192,0.1189,-0.91,421.02,-36.46,420.78,0.24,10,2,333265.0,39725.188,-0.21,0.0194328,1780239600000.0,94.3546,57.04,OP,,,1.9433,2026-05-31 22:11:46.810970
OPUSDT,Bitmex,OP/USDT,0.12,0.119,1.1,75.24,-89.62,48.6,26.64,2,1,310135.0,36906.065,-1.53,0.01,1780286400000.0,490.5112,848.75,OP,,,1.0,2026-05-31 22:11:46.810970
OP-USD-PERP,Paradex,OP/USD,0.1215,0.1211023,0.0,37.908,-94.43,0.0,37.908,0,1,84838.8,10307.9142,0.0,-0.047785518824,,271.9192,1694.18,OP,,,-4.7786,2026-05-31 22:11:46.810970
AVAX-USD,BingX,AVAX/USD,8.988,8.991,0.62,71826700.0,12.6,34571120.0,37255580.0,441944,440522,67496.6631,606660.0079428,-2.52,0.01,1780243200000.0,0.0084,-14.29,AVAX,,,1.0,2026-05-31 22:11:46.810970
AVAXUSDT,Binance,AVAX/USDT,9.0,9.00562156,0.6,53216500.473,-49.55,26336274.424,26880226.059,129774,116301,8039458.0,72379240.374,0.7,0.005165,1780243200000.0,1.3601,99.6,AVAX,12813.68,8352.19,0.5165,2026-05-31 22:11:46.810970
AVAX_USDT,MEXC,AVAX/USDT,9.001,9.005,0.63,41393924.3651,-15.75,20066638.0475,21327286.3276,12953,13021,1347757.7,12131167.0577,-11.01,0.0051,1780243200000.0,0.2931,5.66,AVAX,,,0.51,2026-05-31 22:11:46.810970
AVAX_PERP,WhiteBIT,AVAX/USDT,8.9923,9.005,0.56,38677943.617,-8.63,15455144.814,23222798.793,53464,88094,1828921.0,16453887.7765,0.36,0.01,1780243200000.0,0.4254,9.84,AVAX,,,1.0,2026-05-31 22:11:46.810970
AVAXUSDT,LBank,AVAX/USDT,9.0,,0.59,26656026.13,13.26,13425849.752,13230176.388,312696,312351,5074290.0,45673684.29,1.15,0.005165,1780243200000.0,1.7134,-10.7,AVAX,,,0.5165,2026-05-31 22:11:46.810970
AVAX-USDT,BingX,AVAX/USDT,8.999,9.005,0.58,19538395.309,-22.75,8983665.892,10554729.437,130384,130682,1851004.1994,16657186.79,-22.55,0.0073,1780243200000.0,0.8525,0.26,AVAX,,,0.73,2026-05-31 22:11:46.810970
AVAXUSDT,ApeX Omni,AVAX/USDT,9.003,9.005,0.66,12805666.25,65.3,6503374.45,6302291.8,30018,29150,18164.999999999996,163539.49499999997,0.09,0.00125,,0.0128,-39.34,AVAX,,,0.125,2026-05-31 22:11:46.810970
AVAX-USDT-SWAP,OKX,AVAX/USDT,9.0,9.006,0.59,12485079.8336,-52.26,6408059.4508,6077020.3928,14428,10595,1547775.6999999997,13926885.748599997,-1.25,0.00708674700248,1780243200000.0,1.1155,106.88,AVAX,0.0,8469.35,0.7087,2026-05-31 22:11:46.810970
AVAXUSDT,Bybit,AVAX/USDT,9.0,9.005,0.59,11084981.513,-64.37,4874109.6463,6210871.8767,37094,38142,5890528.4,53014755.6,2.33,0.002719,1780243200000.0,4.7826,187.17,AVAX,4144.36,23158.19,0.2719,2026-05-31 22:11:46.810970
AVAX-USDC,BingX,AVAX/USDC,9.001,9.005,0.6,6480699.6293028,-0.77,3243078.1698913,3237621.4493115,432115,431799,498554.5256,4486990.73,4.71,0.008,1780243200000.0,0.6924,5.52,AVAX,,,0.8,2026-05-31 22:11:46.810970
AVAX_USDT,Gate,AVAX/USDT,8.999,9.0048,0.6,5951726.636,-34.87,3104518.635,2847207.991,16213,11558,853144.0,7677442.856,-3.65,-0.0095,1780243200000.0,1.29,47.94,AVAX,0.0,1088.12,-0.95,2026-05-31 22:11:46.810970
AVAXUSDT,Bitunix,AVAX/USDT,9.001,9.005,0.61,4938302.203,-38.59,2700214.128,2238088.075,10962,7278,478528.0,4307230.528,21.36,0.004863,1780243200000.0,0.8722,97.64,AVAX,,,0.4863,2026-05-31 22:11:46.810970
AVAXUSDC,Binance,AVAX/USDC,8.988,8.9959278,0.59,4186537.7615,-63.27,2074352.5116,2112185.2503,14983,18464,500524.06,4500712.34752,4.93,0.000804,1780243200000.0,1.075,185.68,AVAX,0.0,4950.26,0.0804,2026-05-31 22:11:46.810970
AVAXUSDT_UMCBL,Bitget,AVAX/USDT,8.998,9.005641693939415,0.57,4110497.9757,-64.76,1917356.4642,2193141.5215,5096,6361,2254806.1,20288745.2878,4.33,0.0069,1780243200000.0,4.9358,196.07,AVAX,3258.76,480.22,0.69,2026-05-31 22:11:46.810970
AVAX-USD,Hyperliquid,AVAX/USD,8.9996,9.0055,0.59,3192638.644467,-12.84,1559621.649123,1633016.995444,2840,3467,4751813.14,42764417.534743994,0.65,0.00108051,1780239600000.0,13.3947,15.48,AVAX,99.32,0.0,0.1081,2026-05-31 22:11:46.810970
AVAXUSDTM,KuCoin,AVAX/USDT,9.004,9.006,0.54,1543982.939,-77.57,870287.9646,673694.9744,4627,4249,2856448.6,25719463.1944,-15.98,-0.0103,1780243140125.0,16.6579,274.52,AVAX,,,-1.03,2026-05-31 22:11:46.810970
AVAXUSD_PERP,Binance,AVAX/USD,8.99,8.99106296,0.56,890480.0,-53.27,448810.0,441670.0,1062,1069,337200.22,3031430.0,1.47,0.01,1780243200000.0,3.4043,117.15,AVAX,0.0,330.0,1.0,2026-05-31 22:11:46.810970
AVAXUSDT,CoinEx,AVAX/USDT,9.0047,9.0056,0.6,883141.58685,-40.72,316459.50477,566682.08228,4289,4988,137423.0,1237741.4764,1.08,0.0,1780243200439.0,1.4015,70.52,AVAX,3971.15,0.0,0.0,2026-05-31 22:11:46.810970
PF_AVAXUSD,Kraken,AVAX/USDT,8.988,8.9953,0.53,374520.8091,-71.78,159575.2643,214945.5449,860,1446,385774.92,3467344.98096,0.25,0.0006018969444444,1780239600000.0,9.2581,255.19,AVAX,,,0.0602,2026-05-31 22:11:46.810970
AVAX-PERP,Coinbase,AVAX/USDC,8.971,8.991,0.32,328988.5846,-78.85,148143.7968,180844.7878,368,343,77937.116,699173.867636,-0.77,0.0012,,2.1252,369.14,AVAX,,,0.12,2026-05-31 22:11:46.810970
AVAX-USD,Extended,AVAX/USD,8.981,8.993778318749,0.54,263525.55,-10.6,140468.06,123057.49,306,268,48271.9,433661.473379,0.87,0.0013,,1.6456,12.84,AVAX,,,0.13,2026-05-31 22:11:46.810970
AVAXUSD_DMCBL,Bitget,AVAX/USD,8.986,8.99206360968135,0.6,227222.81002,-18.62,103839.33924,123383.47048,1532,1362,224176.8,2014452.7248,6.05,0.01,1780243200000.0,8.8655,30.31,AVAX,,,1.0,2026-05-31 22:11:46.810970
AVAX_USD,MEXC,AVAX/USD,9.0,8.98,0.67,224580.0,-4.19,129980.0,94600.0,4117,4133,135488.3204,1218040.0,2.12,0.01,1780243200000.0,5.4236,6.59,AVAX,,,1.0,2026-05-31 22:11:46.810970
AVAX-USDT,HTX,AVAX/USDT,9.0005,9.0047,0.37,202797.905,-32.68,88702.1667,114095.7383,549,2477,28143.0,253272.9285,-7.97,0.01,1780243200000.0,1.2489,36.72,AVAX,17.87,0.0,1.0,2026-05-31 22:11:46.810970
AVAXUSD,Bitunix,AVAX/USD,9.0,8.99,0.67,200440.95,-23.9,97672.2,102768.75,7270,7204,57570.99,518138.91,51.54,0.01,1780243200000.0,2.585,99.12,AVAX,,,1.0,2026-05-31 22:11:46.810970
AVAXUSDC,Bitunix,AVAX/USDC,8.99,8.988,0.62,178875.2206,-64.07,85563.9269,93311.2945,3442,3721,22519.22,202492.82624,-31.22,0.000395,1780243200000.0,1.132,91.41,AVAX,,,0.0395,2026-05-31 22:11:46.810970
AVAX_USDC,MEXC,AVAX/USDC,8.99,8.995,0.63,140329.7134,-27.61,63986.4066,76343.3068,3944,3944,13274.2,119335.058,-23.88,0.0006,1780243200000.0,0.8504,5.16,AVAX,,,0.06,2026-05-31 22:11:46.810970
AVAXUSDT,Bitmex,AVAX/USDT,9.022,9.0021,0.75,116779.782,-77.8,68102.549,48677.233,76,61,56290.9,506775.71452,5.6,0.01,1780286400000.0,4.3396,375.73,AVAX,,,1.0,2026-05-31 22:11:46.810970
AVAXUSDT,Aster,AVAX/USDT,9.0,9.00637481,0.6,94008.731,-72.76,75850.269,18158.462,753,294,207445.0,1867005.0,2.7,0.01,1780243200000.0,19.8599,276.99,AVAX,,,1.0,2026-05-31 22:11:46.810970
AVAX-USDC,Lighter,AVAX/USDC,8.9861,8.9927,0.81,74678.838794,-88.13,29814.45,44864.388794,49,81,231336.94,2079765.357988,2.71,0.0012,,27.8495,765.0,AVAX,0.18,0.0,0.12,2026-05-31 22:11:46.810970
AVAX-USD-SWAP,OKX,AVAX/USD,8.985,8.99,0.53,62020.0,-81.51,33480.0,28540.0,590,747,75604.6278785182,679610.0,-0.87,0.01,1780243200000.0,10.9579,436.1,AVAX,,,1.0,2026-05-31 22:11:46.810970
AVAXUSD-PERP,Crypto.com,AVAX/USD,8.969,8.995,0.28,21218.0906,-48.06,13122.1906,8095.91,226,167,8514.4,76365.6536,3.64,-4.72e-05,1780239600000.0,3.5991,99.54,AVAX,,,-0.0047,2026-05-31 22:11:46.810970
AVAXUSD,Bybit,AVAX/USD,8.975,8.99,0.35,19328.0,-76.99,7840.0,11488.0,132,145,220577.98,1981452.0,0.05,0.01,1780243200000.0,102.5172,334.79,AVAX,,,1.0,2026-05-31 22:11:46.810970
AVAX-USD,dYdX,AVAX/USD,8.95,,0.35,4204.64,-13.4,3170.98,1033.66,204,76,12741.7,114612.934220346,0.1,0.0,1780239600000.0,27.2587,15.59,AVAX,,,0.0,2026-05-31 22:11:46.810970
AVAX-USD-PERP,Paradex,AVAX/USD,8.816,8.97676735,0.0,0.7053,0.0,0.0,0.7053,0,1,748.24,6596.48384,0.0,5.5336141e-05,,9352.7348,0.0,AVAX,,,0.0055,2026-05-31 22:11:46.810970
LTC-USD,BingX,LTC/USD,52.25,52.31,-0.63,61417420.0,9.03,29643610.0,31773810.0,441610,442952,28265.9102,1476893.80795,0.52,0.01,1780243200000.0,0.024,-8.05,LTC,,,1.0,2026-05-31 22:11:46.810970
LTCUSDT,Binance,LTC/USDT,52.34,52.37529412,-0.65,35788897.10349,-19.61,16726558.32761,19062338.78618,58039,68158,1059975.916,55479139.44344,3.45,0.000152,1780243200000.0,1.5502,28.68,LTC,33.78,1336.82,0.0152,2026-05-31 22:11:46.810970
LTC_PERP,WhiteBIT,LTC/USDT,52.28,52.37,-0.57,33100810.778,-17.76,11808065.373,21292745.415,49224,77858,295021.6,15423729.248,2.44,0.000931,1780243200000.0,0.466,24.57,LTC,,,0.0931,2026-05-31 22:11:46.810970
LTCUSDT,Bybit,LTC/USDT,52.35,52.39,-0.61,16548574.152,-15.22,7028065.582,9520508.57,20892,20330,1077975.4,56432012.19,2.15,-0.001161,1780243200000.0,3.4101,20.48,LTC,179.89,43601.65,-0.1161,2026-05-31 22:11:46.810970
LTC-USDT,BingX,LTC/USDT,52.34,52.38,-0.59,13324334.734,-15.05,6091130.185,7233204.569,130643,130054,223923.478,11720154.84,-12.02,0.01,1780243200000.0,0.8796,3.58,LTC,,,1.0,2026-05-31 22:11:46.810970
LTCUSDT,LBank,LTC/USDT,52.35,,-0.61,13174436.1309,-13.43,6476381.83404,6698054.29706,32224,31979,818745.082,42885867.39516,-0.22,0.0002,1780243200000.0,3.2552,15.27,LTC,,,0.02,2026-05-31 22:11:46.810970
LTC-USDT-SWAP,OKX,LTC/USDT,52.34,52.37,-0.63,12729585.845,-36.05,5910523.451,6819062.404,6782,5387,489556.99999999977,25642995.65999999,1.01,0.0043637105876,1780243200000.0,2.0144,57.94,LTC,0.0,1045.4,0.4364,2026-05-31 22:11:46.810970
LTC-USDC,BingX,LTC/USDC,52.34,52.38,-0.65,6491810.018528,-0.59,3243770.094786,3248039.874142,432152,432760,100309.1532,5250181.08,-0.41,0.011,1780243200000.0,0.8087,0.17,LTC,,,1.1,2026-05-31 22:11:46.810970
LTCUSDT,ApeX Omni,LTC/USDT,52.36,52.37,-0.7,6101141.86,28.85,2850694.13,3250447.73,13162,15016,1996.4,104531.504,-1.39,0.00125,,0.0171,-23.66,LTC,,,0.125,2026-05-31 22:11:46.810970
LTC_USDT,Gate,LTC/USDT,52.35,52.39,-0.63,5596554.143,4.88,2714964.464,2881589.679,12648,12490,173240.6,9067413.004,-4.81,0.003,1780243200000.0,1.6202,-9.24,LTC,356.3,1396.23,0.3,2026-05-31 22:11:46.810970
LTCUSD,Bitmex,LTC/USD,52.41,52.33,-0.68,3472685.192,3810.82,1409586.818,2063098.374,97,116,17547.59,919669.32445392,-1.76,0.01,1780286400000.0,0.2648,-97.49,LTC,5235.57,0.0,1.0,2026-05-31 22:11:46.810970
LTCUSDT_UMCBL,Bitget,LTC/USDT,52.37,52.38483508268417,-0.61,3452654.133,-15.54,1288010.123,2164644.02,2675,3024,475872.6,24921448.062,0.42,0.01,1780243200000.0,7.2181,18.9,LTC,10.58,0.0,1.0,2026-05-31 22:11:46.810970
LTC_USDT,MEXC,LTC/USDT,52.33,52.37,-0.65,3342610.9537,-58.52,1513519.4866,1829091.4571,5402,5522,287889.88,15071035.218,-1.18,0.0001,1780243200000.0,4.5088,138.25,LTC,,,0.01,2026-05-31 22:11:46.810970
LTCUSDC,Binance,LTC/USDC,52.29,52.32676969,-0.63,2822583.52694,-39.16,1161336.54445,1661246.98219,10948,10925,100591.966,5257942.06282,-0.34,-0.001645,1780243200000.0,1.8628,63.81,LTC,108.46,0.0,-0.1645,2026-05-31 22:11:46.810970
LTCUSDT,Bitunix,LTC/USDT,52.34,52.42,-0.65,1909140.07483,-38.83,890458.75963,1018681.3155,7403,7950,52603.992,2755923.14088,-19.51,0.000139,1780243200000.0,1.4435,31.56,LTC,,,0.0139,2026-05-31 22:11:46.810970
LTCUSD_PERP,Binance,LTC/USD,52.27,52.31379996,-0.63,1261130.0,-21.0,451400.0,809730.0,2166,2869,139362.73,7284490.0,0.47,0.00739,1780243200000.0,5.7762,27.18,LTC,,,0.739,2026-05-31 22:11:46.810970
LTCUSD,EdgeX,LTC/USD,52.38,52.364215157,-0.61,1234155.015,-2.86,623418.483,610736.532,1527,1494,25638.5,1342944.63,-0.57,0.005,1780243200000.0,1.0881,2.35,LTC,,,0.5,2026-05-31 22:11:46.810970
LTC-USD,Hyperliquid,LTC/USD,52.368,52.38,-0.6,1068283.93039,-57.11,475622.5349,592661.39579,2413,2532,262080.82,13719144.68454,-1.32,0.00125,1780239600000.0,12.8422,130.1,LTC,,,0.125,2026-05-31 22:11:46.810970
LTC-USD-SWAP,OKX,LTC/USD,52.28,52.31,-0.59,766510.0,-53.05,327280.0,439230.0,784,1056,108268.87062870247,5665710.0,-1.52,0.01,1780243200000.0,7.3916,109.77,LTC,0.0,560.0,1.0,2026-05-31 22:11:46.810970
LTCUSDT,CoinEx,LTC/USDT,52.38,52.38,-0.61,634936.0382,-59.82,269164.4859,365771.5523,3956,5466,55246.35,2894356.2765,0.57,0.0,1780243200469.0,4.5585,150.27,LTC,0.0,86.65,0.0,2026-05-31 22:11:46.810970
LTCUSDTM,KuCoin,LTC/USDT,52.36,52.38,-0.66,535215.853,-64.84,214770.695,320445.158,1823,1748,305610.9,16001786.724,3.06,0.0036,1780243140391.0,29.8978,193.08,LTC,,,0.36,2026-05-31 22:11:46.810970
LTC-PERP,Coinbase,LTC/USDC,52.31,52.31,-0.72,496575.2475,-29.9,172741.8187,323833.4288,317,459,5566.16,291165.8296,-1.98,0.0002,,0.5863,39.83,LTC,,,0.02,2026-05-31 22:11:46.810970
PF_LTCUSD,Kraken,LTC/USDT,52.35,52.3149,-0.57,469477.8314,20.03,212773.2615,256704.5699,1099,1139,44794.04,2344967.994,3.12,0.00054586625,1780239600000.0,4.9948,-14.09,LTC,,,0.0546,2026-05-31 22:11:46.810970
LTC-USDT,HTX,LTC/USDT,52.49,52.395,-0.79,292844.76,-87.63,123171.246,169673.514,780,2178,77722.6,4079659.274,-0.57,0.0590674872344255,1780243200000.0,13.9311,703.83,LTC,0.0,917.14,5.9067,2026-05-31 22:11:46.810970
LTC_USD,MEXC,LTC/USD,52.27,52.34,-0.65,284050.0,53.27,135900.0,148150.0,4154,4106,17168.7715,897240.0,0.16,0.0072,1780243200000.0,3.1587,-34.65,LTC,,,0.72,2026-05-31 22:11:46.810970
LTCUSD,Bitunix,LTC/USD,52.26,52.32,-0.65,227860.45,-14.35,109129.7,118730.75,7311,7157,11707.8468,612086.230704,-17.91,0.007577,1780243200000.0,2.6862,-4.16,LTC,,,0.7577,2026-05-31 22:11:46.810970
LTCUSD,Bybit,LTC/USD,52.24,52.31,-0.67,206356.0,3.59,69984.0,136372.0,164,341,39999.35,2090766.0,1.24,0.004781,1780243200000.0,10.1318,-2.27,LTC,,,0.4781,2026-05-31 22:11:46.810970
LTCUSDC,Bitunix,LTC/USDC,52.29,52.39,-0.61,125358.82417,-36.71,57647.50104,67711.31303,3203,3075,4044.52,211568.8412,-7.07,-0.001198,1780243200000.0,1.6877,46.83,LTC,,,-0.1198,2026-05-31 22:11:46.810970
LTC_USDC,MEXC,LTC/USDC,52.29,52.34,-0.59,112113.7952,13.91,54483.2615,57630.5437,3966,3903,3307.39,172943.4231,-7.95,-0.0016,1780243200000.0,1.5426,-19.19,LTC,,,-0.16,2026-05-31 22:11:46.810970
LTC-USD,HTX,LTC/USD,52.94,52.32040612946453,-0.34,73930.0,215.57,22880.0,51050.0,402,394,8385.153003400075,443910.0,-1.33,0.3335369294315569,,6.0045,-68.73,LTC,,,33.3537,2026-05-31 22:11:46.810970
LTCUSDT,Aster,LTC/USDT,52.34,52.40058824,-0.76,68854.3333,-0.3,46406.3068,22448.0165,115,128,23368.573,1223111.11082,0.29,0.01,1780243200000.0,17.7637,0.58,LTC,70.95,0.0,1.0,2026-05-31 22:11:46.810970
LTC-USD,Extended,LTC/USD,52.44,52.3010203125,-0.38,65197.5,-58.4,6122.45,59075.05,244,72,12779.96,668272.3093,-0.52,0.0013,,10.25,139.12,LTC,,,0.13,2026-05-31 22:11:46.810970
LTCUSDC,CoinEx,LTC/USDC,52.27,52.36,-0.65,49740.4386,-33.69,40074.495,9665.9336,6957,1678,631.9,33029.413,-0.65,-0.023219,1780243200467.0,0.664,49.82,LTC,,,-2.3219,2026-05-31 22:11:46.810970
LTCPERP,Bybit,LTC/USDC,52.23,52.34,-0.67,40713.607,34.88,21648.077,19065.53,153,136,16549.8,866216.53,1.34,-0.001126,1780243200000.0,21.2758,-24.87,LTC,,,-0.1126,2026-05-31 22:11:46.810970
LTCUSD-PERP,Crypto.com,LTC/USD,52.352,52.316,-0.67,37947.86502,108.42,11960.377,25987.49802,200,247,1439.39,75324.71809,-4.83,-0.0020248,1780239600000.0,1.985,-54.34,LTC,,,-0.2025,2026-05-31 22:11:46.810970
LTCUSD_DMCBL,Bitget,LTC/USD,52.29,52.30450187849462,-0.59,33335.813,-24.39,26856.253,6479.56,214,35,44030.7,2301924.996,0.78,0.01,1780243200000.0,69.0526,33.28,LTC,,,1.0,2026-05-31 22:11:46.810970
LTC-USD-PERP,Paradex,LTC/USD,52.42,52.31218639,0.75,22000.91,2818903.14,22000.91,0.0,2,0,295.944,15513.38448,-73.67,0.009999998702,,0.7051,-100.0,LTC,,,1.0,2026-05-31 22:11:46.810970
LTCUSDT,Bitmex,LTC/USDT,52.37,52.381,-0.63,11411.077,-41.99,6197.563,5213.514,55,55,9647.0,505358.095,0.07,0.01,1780286400000.0,44.2866,72.51,LTC,,,1.0,2026-05-31 22:11:46.810970
LTC-USDC,Lighter,LTC/USDC,52.348,52.304,1.42,1344.47,-99.55,395.8,948.68,52,31,29183.52,1526589.9312,-3.17,0.0012,,1135.4585,21352.08,LTC,,,0.12,2026-05-31 22:11:46.810970
PI_LTCUSD,Kraken,LTC/USD,52.71,52.3149,0.3,150.0,50.0,150.0,0.0,1,0,7.13,376.0,0.0,-0.25,1780239600000.0,2.5067,-33.33,LTC,,,-25.0,2026-05-31 22:11:46.810970
LINKUSDT,Binance,LINK/USDT,9.2,9.20632471,0.21,65051898.70751,-48.2,31455672.47061,33596226.2471,109840,105348,9064745.4,83395657.68,1.36,0.007109,1780243200000.0,1.282,95.7,LINK,5664.5,4591.65,0.7109,2026-05-31 22:11:46.810970
LINK_USDT,MEXC,LINK/USDT,9.2,9.207,0.22,61962835.2098,-28.23,31288921.5955,30673913.6043,11863,12018,1901089.6,17491925.4096,-12.15,0.007,1780243200000.0,0.2823,22.42,LINK,,,0.7,2026-05-31 22:11:46.810970
LINK_PERP,WhiteBIT,LINK/USDT,9.1931,9.207,0.22,35245246.45994,-17.68,14705103.08863,20540143.37101,77681,111775,2213502.8,20351166.09348,0.49,0.01,1780243200000.0,0.5774,22.07,LINK,,,1.0,2026-05-31 22:11:46.810970
LINKUSDT,Bybit,LINK/USDT,9.201,9.206,0.22,26146833.3651,-38.19,12601456.6028,13545376.7723,56933,55411,6650447.3,61197416.05,5.84,0.01,1780243200000.0,2.3405,71.24,LINK,25384.19,20195.24,1.0,2026-05-31 22:11:46.810970
LINK-USDT-SWAP,OKX,LINK/USDT,9.201,9.205,0.23,16607982.23,-56.32,7920094.9139,8687887.3161,16769,13858,2555332.3,23537165.8153,-2.59,0.00899584180385,1780243200000.0,1.4172,123.01,LINK,2333.52,0.0,0.8996,2026-05-31 22:11:46.810970
LINKUSDT,ApeX Omni,LINK/USDT,9.197,9.206,0.15,13130838.11,59.66,6376949.27,6753888.83,29296,31136,20133.0,185163.201,-0.13,0.00125,,0.0141,-37.33,LINK,,,0.125,2026-05-31 22:11:46.810970
LINKUSDT,LBank,LINK/USDT,9.21,,0.32,12338523.34866,,5584300.31358,6754223.03428,76146,76237,0.0,0.0,,,,0.0,,LINK,,,,2026-05-31 22:11:46.810970
LINKUSDT,Bitunix,LINK/USDT,9.201,9.214,0.22,10417592.65318,-48.32,4998285.72908,5419306.9241,9724,7733,1145784.88,10551532.95992,-12.16,0.007097,1780243200000.0,1.0129,69.98,LINK,,,0.7097,2026-05-31 22:11:46.810970
LINKUSDT_UMCBL,Bitget,LINK/USDT,9.201,9.207122982471493,0.21,9761141.391,-52.88,4416500.844,5344640.547,9805,10255,4477099.0,41193787.899,-0.85,0.01,1780243200000.0,4.2202,110.43,LINK,0.0,547.98,1.0,2026-05-31 22:11:46.810970
LINK_USDT,Gate,LINK/USDT,9.201,9.2155,0.23,8513642.105,-36.39,4059185.708,4454456.387,17334,18672,8597010.0,79118283.03,-3.43,0.0098,1780243200000.0,9.2931,51.82,LINK,997.87,0.0,0.98,2026-05-31 22:11:46.810970
LINK-USDT,BingX,LINK/USDT,9.202,9.208,0.23,7318488.0513,-40.99,2812358.6218,4506129.5095,131695,130924,676857.6859,6227090.71,-41.01,0.01,1780243200000.0,0.8509,-0.02,LINK,,,1.0,2026-05-31 22:11:46.810970
LINK-USDC,BingX,LINK/USDC,9.202,9.208,0.25,6478723.4283674,-0.73,3241871.1095102,3236852.3993572,431450,431609,492973.1467,4535352.95,5.25,0.011,1780243200000.0,0.7,6.01,LINK,,,1.1,2026-05-31 22:11:46.810970
LINKUSD,Bitmex,LINK/USD,9.18,9.197,-0.13,5759319.17,2875.01,3483447.62,2275871.56,126,97,86573.34,794743.28338608,-0.49,0.01,1780286400000.0,0.138,-96.66,LINK,2143.0,0.0,1.0,2026-05-31 22:11:46.810970
LINKUSDC,Binance,LINK/USDC,9.189,9.19666659,0.2,5466140.78347,-46.49,2645335.40016,2820805.39301,28914,37533,494233.47,4547442.15747,5.62,0.000889,1780243200000.0,0.8319,97.41,LINK,5.06,876.13,0.0889,2026-05-31 22:11:46.810970
LINK-USD,BingX,LINK/USD,9.186,9.195,0.2,4825020.0,7.62,2361110.0,2463910.0,43404,43229,86491.8451,794514.0890886,-4.37,0.01,1780243200000.0,0.1647,-11.12,LINK,,,1.0,2026-05-31 22:11:46.810970
LINK-USD,Hyperliquid,LINK/USD,9.2069,9.2065,0.22,3697355.063,-46.35,1633833.2985,2063521.7546,4298,4508,3926831.0,36135876.9113,-3.23,0.00125,1780239600000.0,9.7734,80.38,LINK,292.91,0.0,0.125,2026-05-31 22:11:46.810970
LINKUSD_PERP,Binance,LINK/USD,9.189,9.19583501,0.23,1618820.0,-58.56,685600.0,933220.0,3711,4375,565717.71,5198380.0,-0.9,0.01,1780243200000.0,3.2112,139.14,LINK,,,1.0,2026-05-31 22:11:46.810970
LINKUSDTM,KuCoin,LINK/USDT,9.205,9.206,0.15,1503393.6982,-75.93,660329.0986,843064.6096,4718,5601,2487891.7,22903530.9902,-0.88,0.0046,1780243155237.0,15.2346,311.81,LINK,,,0.46,2026-05-31 22:11:46.810970
LINKUSDT,CoinEx,LINK/USDT,9.2048,9.2171,0.24,881796.35323,-19.05,352308.71609,529487.63734,3635,6424,126440.5,1165136.56345,-4.59,0.0,1780243200490.0,1.3213,17.86,LINK,1201.14,0.0,0.0,2026-05-31 22:11:46.810970
PF_LINKUSD,Kraken,LINK/USDT,9.198,9.194,0.25,812282.2446,-76.98,484694.4801,327587.7645,1238,1054,412059.5,3790123.281,2.9,0.0004519415277778,1780239600000.0,4.666,347.06,LINK,,,0.0452,2026-05-31 22:11:46.810970
LINKUSD,EdgeX,LINK/USD,9.211,9.203513097,0.34,807224.4502,2.77,359359.813,447864.6473,1403,1628,152102.91,1401019.90401,-1.77,0.005,1780243200000.0,1.7356,-4.43,LINK,,,0.5,2026-05-31 22:11:46.810970
LINK-PERP,Coinbase,LINK/USDC,9.198,9.193,0.1,415010.5004,-81.28,196009.8963,219000.6041,507,492,103700.66,953838.67068,-1.73,0.0013,,2.2983,424.97,LINK,,,0.13,2026-05-31 22:11:46.810970
LINKUSD,Bybit,LINK/USD,9.196,9.193,0.12,335631.0,-47.65,150517.0,185114.0,418,424,128111.36,1177984.0,-17.03,0.01,1780243200000.0,3.5098,58.51,LINK,,,1.0,2026-05-31 22:11:46.810970
LINK-USD-SWAP,OKX,LINK/USD,9.182,9.202,0.14,313290.0,-49.36,131530.0,181760.0,947,1597,362774.81787539413,3336440.0,-0.72,-0.00325788677896,1780243200000.0,10.6497,96.03,LINK,20.0,0.0,-0.3258,2026-05-31 22:11:46.810970
LINKUSD,Bitunix,LINK/USD,9.189,9.199,0.23,291352.161,-46.35,139105.739,152246.412,7102,7421,75987.95,699013.15205,-4.98,0.01,1780243200000.0,2.3992,77.13,LINK,,,1.0,2026-05-31 22:11:46.810970
LINK-USD,Extended,LINK/USD,9.17,9.20448028125,0.26,251323.33,32.57,83025.95,168297.38,200,188,66360.8,609950.622063,-3.23,0.0013,,2.427,-27.0,LINK,100.05,0.0,0.13,2026-05-31 22:11:46.810970
LINKUSDC,Bitunix,LINK/USDC,9.191,9.201,0.23,242068.89795,-43.7,112293.21739,129775.69116,4261,5159,24584.98,226230.98596,-23.72,0.000708,1780243200000.0,0.9346,35.47,LINK,,,0.0708,2026-05-31 22:11:46.810970
LINK_USD,MEXC,LINK/USD,9.188,9.192,0.23,204900.0,9.72,109070.0,95830.0,4166,4052,75307.6087,692830.0,-1.69,0.01,1780243200000.0,3.3813,-10.4,LINK,,,1.0,2026-05-31 22:11:46.810970
LINK-USDT,HTX,LINK/USDT,9.1965,9.2156,0.18,170980.10044,-27.62,81268.46122,89711.63902,1297,2558,52637.2,484025.3726,-0.05,0.01,1780243200000.0,2.8309,38.08,LINK,986.3,0.0,1.0,2026-05-31 22:11:46.810970
LINKUSDT,Aster,LINK/USDT,9.214,9.2156636,0.45,168495.46024,-40.82,126195.468,42299.98224,282,101,83367.17,766977.964,-0.8,0.01,1780243200000.0,4.5519,67.61,LINK,0.0,5.43,1.0,2026-05-31 22:11:46.810970
LINK_USDC,MEXC,LINK/USDC,9.188,9.196,0.2,111892.1711,-5.81,57805.5048,54086.6563,4004,3918,18989.7,174477.3636,-5.39,0.0007,1780243200000.0,1.5593,0.44,LINK,,,0.07,2026-05-31 22:11:46.810970
LINKUSD-PERP,Crypto.com,LINK/USD,9.207,9.202,0.2,111405.7055,-69.37,47332.635,64073.0705,350,358,43971.2,404271.2128,2.02,0.0057556,1780239600000.0,3.6288,233.07,LINK,,,0.5756,2026-05-31 22:11:46.810970
LINKUSDC,CoinEx,LINK/USDC,9.1916,9.2041,0.45,108071.59186,-25.88,33633.078215,74438.503245,2623,6051,8885.4,81769.67058,0.85,0.0,1780243200497.0,0.7566,36.05,LINK,,,0.0,2026-05-31 22:11:46.810970
LINKUSD_DMCBL,Bitget,LINK/USD,9.188,9.193923341953177,0.09,100107.223,-64.62,42202.085,57905.138,162,230,762658.0,7007301.704,0.96,0.01,1780243200000.0,69.998,185.37,LINK,,,1.0,2026-05-31 22:11:46.810970
LINKUSDT,Bitmex,LINK/USDT,9.208,9.2064,0.31,67464.6189,-86.3,37228.4682,30236.1507,261,247,53514.5,492713.35295,3.52,0.01,1780286400000.0,7.3033,655.49,LINK,0.19,0.0,1.0,2026-05-31 22:11:46.810970
LINK-USD,HTX,LINK/USD,9.1975,9.2016193385026,3.34,63550.0,70511.11,39280.0,24270.0,449,445,11500.951345474314,105780.0,-13.34,0.01,,1.6645,-99.88,LINK,,,1.0,2026-05-31 22:11:46.810970
LINK-USD-PERP,Paradex,LINK/USD,9.075,9.20016666,0.18,16749.72,1232539.36,9135.17,7614.56,31,9,1648.82,14963.0415,-64.85,0.006740293434,,0.8933,-100.0,LINK,,,0.674,2026-05-31 22:11:46.810970
LINKPERP,Bybit,LINK/USDC,9.202,9.197,0.21,12683.8287,-72.68,5537.9587,7145.86,95,70,246233.0,2264604.9,0.08,0.01,1780243200000.0,178.5427,266.34,LINK,0.0,1475.12,1.0,2026-05-31 22:11:46.810970
LINK-USDC,Lighter,LINK/USDC,9.14507,9.20352,0.0,1499.8,-99.71,1499.8,0.0,4,0,255984.8,2355625.886408,-7.04,0.0012,,1570.6267,32288.06,LINK,,,0.12,2026-05-31 22:11:46.810970
WIFUSDT,ApeX Omni,WIF/USDT,0.19,0.19,-0.94,13933854.48,47.06,7089163.28,6844691.2,32660,31594,49686.0,9440.34,-3.68,0.00125,,0.0007,-30.0,WIF,,,0.125,2026-05-31 22:11:46.810970
WIFUSDT,LBank,WIF/USDT,0.1898,,-0.94,12787439.342788,,6375449.995538,6411989.34785,87356,87475,0.0,0.0,,,,0.0,,WIF,,,,2026-05-31 22:11:46.810970
WIFUSDT,Binance,WIF/USDT,0.1897,0.1899275,-0.99,12088626.25991,-50.8,5998663.80896,6089962.46075,47795,48873,83935286.2,15939310.84938,-0.13,0.005,1780243200000.0,1.3185,102.97,WIF,77.41,6138.66,0.5,2026-05-31 22:11:46.810970
WIF_PERP,WhiteBIT,WIF/USDT,0.1893,0.189,-1.05,9043855.33731,-6.67,4408696.17781,4635159.1697,5032,10917,20785276.6,3934652.86038,-0.32,0.005,1780243200000.0,0.4351,6.8,WIF,,,0.5,2026-05-31 22:11:46.810970
WIFUSDT,Bybit,WIF/USDT,0.18977,0.18973,-0.89,7040879.84943,-47.68,3488313.54583,3552566.2939,84352,83580,60280034.0,11439342.05,-0.4,0.005,1780243200000.0,1.6247,90.36,WIF,0.0,2177.21,0.5,2026-05-31 22:11:46.810970
WIF-USDT,BingX,WIF/USDT,0.1899,0.1899,-0.89,3469127.6691,-45.55,1219088.425,2250039.204,130361,129984,15563783.1401,2954006.04,-45.6,0.005,1780243200000.0,0.8515,-0.09,WIF,,,0.5,2026-05-31 22:11:46.810970
WIF-USDT-SWAP,OKX,WIF/USDT,0.1898,0.1899,-0.84,2861117.7242,-61.14,1393930.4575,1467187.2767,4408,4705,25240022.0,4790556.1756,-0.42,0.005,1780243200000.0,1.6744,156.26,WIF,0.0,1438.92,0.5,2026-05-31 22:11:46.810970
WIF_USDT,MEXC,WIF/USDT,0.1898,0.1899,-0.94,2238454.03,-59.95,1086445.304,1152008.736,4574,4530,53118880.0,10081963.424,-3.67,0.005,1780243200000.0,4.504,140.53,WIF,,,0.5,2026-05-31 22:11:46.810970
WIF-USDC,BingX,WIF/USDC,0.1895,0.19,-0.84,1944374.47,-0.42,973754.14,970620.28,129699,129403,8766262.6716,1660330.15,0.09,0.0055,1780243200000.0,0.8539,0.51,WIF,,,0.55,2026-05-31 22:11:46.810970
WIFUSDTM,KuCoin,WIF/USDT,0.1899,0.1898,-0.84,1225602.753,-81.03,664722.399,560880.354,3332,3498,48065110.0,9127564.389,9.56,0.0501,1780243155080.0,7.4474,477.63,WIF,,,5.01,2026-05-31 22:11:46.810970
WIF-USD,Hyperliquid,WIF/USD,0.18982,0.18995,-0.86,1216626.7287,-25.69,726473.20732,490153.52118,2611,2470,22355300.0,4243706.599,-3.55,0.00125,1780239600000.0,3.4881,29.8,WIF,,,0.125,2026-05-31 22:11:46.810970
WIFUSDT_UMCBL,Bitget,WIF/USDT,0.1898,0.1899329011186122,-0.89,1029191.216,-69.79,520640.2381,508550.9882,2678,2612,23225324.3,4410489.08457,1.49,0.005,1780243200000.0,4.2854,235.95,WIF,1237.38,0.0,0.5,2026-05-31 22:11:46.810970
WIFUSDT,Bitunix,WIF/USDT,0.1899,0.19,-0.89,823704.31257,-59.41,407177.18786,416527.12551,4512,4334,4488183.4,851857.20932,-12.27,-0.01,1780243200000.0,1.0342,116.18,WIF,,,-1.0,2026-05-31 22:11:46.810970
WIF_USDT,Gate,WIF/USDT,0.1897,0.18987,-0.94,726233.7548,-50.52,367540.3142,358693.4406,1834,1703,10074300.0,1912102.14,-4.44,0.005,1780243200000.0,2.6329,93.13,WIF,0.0,848.84,0.5,2026-05-31 22:11:46.810970
WIF-PERP,Coinbase,WIF/USDC,0.1897,0.1897,-0.73,675238.0448,-70.03,396984.9392,278253.1056,978,578,874987.2,165985.07184,17.0,-0.0008,,0.2458,290.16,WIF,,,-0.08,2026-05-31 22:11:46.810970
WIFUSDC,Binance,WIF/USDC,0.1895,0.18962858,-0.84,598999.3064,-52.37,293992.4068,305006.91,5347,5188,11616408.1,2201309.33495,-1.33,0.005,1780243200000.0,3.675,107.18,WIF,0.0,309.03,0.5,2026-05-31 22:11:46.810970
WIFUSDT,CoinEx,WIF/USDT,0.189891,0.18992,-0.9,415150.990995,-44.88,243001.834695,172149.1563,5906,2945,1695525.0,321975.110925,27.62,0.0,1780243200524.0,0.7756,131.52,WIF,0.0,1621.02,0.0,2026-05-31 22:11:46.810970
WIF_USDC,MEXC,WIF/USDC,0.1894,0.1894,-0.84,139128.542,-12.83,66651.756,72476.796,3943,3931,454430.0,86069.042,4.37,0.005,1780243200000.0,0.6186,19.72,WIF,,,0.5,2026-05-31 22:11:46.810970
WIF-USD,Extended,WIF/USD,0.1891,0.189581836875,-1.2,136450.05,32.46,65742.49,70707.56,54,114,838386.0,158942.75789,-2.32,0.0013,,1.1648,-26.26,WIF,,,0.13,2026-05-31 22:11:46.810970
PF_WIFUSD,Kraken,WIF/USDT,0.1899,0.18953,-0.84,117772.8473,-68.38,61017.8792,56754.9781,348,302,3776615.0,717179.1885,-1.24,0.0044432161111111,1780239600000.0,6.0895,212.3,WIF,,,0.4443,2026-05-31 22:11:46.810970
WIF-USDT,HTX,WIF/USDT,0.1904,0.189875,-2.26,26832.9105,-61.11,10618.7322,16214.1783,1061,1398,1046241.0,199204.2864,-5.19,0.005,1780243200000.0,7.4239,143.77,WIF,76.9,3.75,0.5,2026-05-31 22:11:46.810970
WIFUSDC,Bitunix,WIF/USDC,0.1895,0.1897,-0.84,25001.61128,-38.13,12866.3852,12135.23598,3008,2995,385078.4,72972.3568,12.22,0.005,1780243200000.0,2.9187,81.38,WIF,,,0.5,2026-05-31 22:11:46.810970
WIFPERP,Bybit,WIF/USDC,0.1895,0.18971,-1.02,16820.1347,-80.62,4478.5034,12341.6313,41,100,4618181.8,875145.45,-2.15,0.01,1780243200000.0,52.0296,404.99,WIF,,,1.0,2026-05-31 22:11:46.810970
WIFUSDT,Bitmex,WIF/USDT,0.192,0.19,0.0,5376.3292,-94.02,2876.0292,2500.3,10,8,216934.0,41217.46,0.73,0.01,1780286400000.0,7.6665,1583.1,WIF,,,1.0,2026-05-31 22:11:46.810970
WIFUSD-PERP,Crypto.com,WIF/USD,0.1904,0.1897,-0.73,1299.57,-81.06,718.06,581.51,7,29,174332.0,33192.8128,-0.21,-0.0026869,1780239600000.0,25.5414,426.95,WIF,,,-0.2687,2026-05-31 22:11:46.810970
WIFUSDT,Aster,WIF/USDT,0.1901,0.1899275,-0.37,236.45,-60.59,170.37,66.08,3,2,121475.1,23092.41651,-0.37,0.00125,1780239600000.0,97.663,152.81,WIF,,,0.125,2026-05-31 22:11:46.810970
WIF-USD-PERP,Paradex,WIF/USD,0.1781,0.18985052,0.0,16.1002,-89.75,0.0,16.1002,0,1,47903.8,8531.66678,0.15,-0.046455872418,,529.9106,876.84,WIF,,,-4.6456,2026-05-31 22:11:46.810970
WIF-USDC,Lighter,WIF/USDC,0.19221,0.19028,0.0,2.9985,-100.0,0.0,2.9985,0,2,1726216.0,328930.4588,-4.34,0.0012,,109698.3354,3480950.21,WIF,,,0.12,2026-05-31 22:11:46.810970
KAITOUSDT,ApeX Omni,KAITO/USDT,0.4607,0.4618,0.5,11185578.51,123.57,5269111.85,5916466.66,24268,27222,32512.0,14978.2784,118.45,-0.000156,,0.0013,-7.14,KAITO,,,-0.0156,2026-05-31 22:11:46.810970
KAITO-USDT,BingX,KAITO/USDT,0.4614,0.4613,0.76,6652462.3101159,0.89,3290613.3209652,3361848.9694507,431669,432524,12309656.4736,5675982.6,1.32,-0.0165,1780243200000.0,0.8532,0.42,KAITO,,,-1.65,2026-05-31 22:11:46.810970
KAITO-USDC,BingX,KAITO/USDC,0.4611,0.4613,0.65,6482945.8947124,-0.17,3245177.9759325,3237767.9394799,432588,431589,1567929.2625,722815.39,-1.36,0.0055,1780243200000.0,0.1115,-1.15,KAITO,,,0.55,2026-05-31 22:11:46.810970
KAITO_PERP,WhiteBIT,KAITO/USDT,0.4621,0.4615,0.72,5096082.35387,26.99,2441507.67866,2654574.70571,58507,68609,6777931.4,3127337.54796,-0.52,0.005,1780243200000.0,0.6137,-21.66,KAITO,,,0.5,2026-05-31 22:11:46.810970
KAITOUSDT,Binance,KAITO/USDT,0.461,0.46136765,0.7,3082601.18069,11.44,1425342.58808,1657258.60321,37913,35832,31786322.5,14653494.6725,-0.52,0.005,1780243200000.0,4.7536,-10.74,KAITO,365.18,659.34,0.5,2026-05-31 22:11:46.810970
KAITO-USDT-SWAP,OKX,KAITO/USDT,0.4612,0.4616,0.7,2221831.1099,14.91,938594.6793,1283236.4306,7943,8902,4806056.0,2217033.6328,-0.01,-0.00151757152667,1780243200000.0,0.9978,-12.99,KAITO,262.73,5522.74,-0.1518,2026-05-31 22:11:46.810970
KAITOUSDTM,KuCoin,KAITO/USDT,0.4619,0.4616,0.74,1204121.7588,-63.79,593779.4177,610342.3411,3517,3687,3901323.0,1802021.0937,3.11,0.0202,1780243155228.0,1.4965,184.78,KAITO,,,2.02,2026-05-31 22:11:46.810970
KAITOUSDT,LBank,KAITO/USDT,0.4609,,0.68,1201193.46028,4.41,601150.71216,600042.75842,28264,28278,7154.4,3297.46296,100.31,0.0032,1780243200000.0,0.0027,92.86,KAITO,,,0.32,2026-05-31 22:11:46.810970
KAITOUSDT,Bybit,KAITO/USDT,0.4613,0.4614,0.63,1200367.2206,25.57,580461.5479,619905.6727,5918,7097,5733870.0,2645034.23,-5.44,-0.013337,1780243200000.0,2.2035,-24.7,KAITO,1095.71,1364.44,-1.3337,2026-05-31 22:11:46.810970
KAITOUSDC,Binance,KAITO/USDC,0.4604,0.46087596,0.68,623506.85224,23.72,326247.874,297258.97814,5638,5079,1571079.8,723482.2479,-1.5,0.005,1780243200000.0,1.1603,-20.39,KAITO,734.5,56.5,0.5,2026-05-31 22:11:46.810970
KAITOUSDT_UMCBL,Bitget,KAITO/USDT,0.4612,0.4613667252564145,0.55,506136.29036,-37.86,226268.48386,279867.8065,1368,1605,2599319.3,1198286.1973,-9.4,0.005,1780243200000.0,2.3675,45.8,KAITO,540.71,0.0,0.5,2026-05-31 22:11:46.810970
KAITO_USDT,Gate,KAITO/USDT,0.4611,0.46156,0.68,193826.9982,-12.74,88337.4635,105489.5347,848,722,341334.0,157389.1074,-19.09,0.005,1780243200000.0,0.812,-7.28,KAITO,0.0,393.07,0.5,2026-05-31 22:11:46.810970
KAITO_USDT,MEXC,KAITO/USDT,0.461,0.4613,0.7,172312.9345,39.97,77597.7716,94715.1529,4000,4040,373024.0,172001.3664,-14.24,0.005,1780243200000.0,0.9982,-38.73,KAITO,,,0.5,2026-05-31 22:11:46.810970
KAITOUSDT,Bitunix,KAITO/USDT,0.461,0.4616,0.7,166558.10655,-4.67,85294.59067,81263.52588,4470,3781,868649.0,400534.0539,3.28,0.002874,1780243200000.0,2.4048,8.34,KAITO,,,0.2874,2026-05-31 22:11:46.810970
KAITO-USD,Hyperliquid,KAITO/USD,0.4609,0.46176,0.62,115704.722,-8.23,50076.3246,65628.3975,637,1004,1818626.0,838586.63486,-1.54,0.00125,1780239600000.0,7.2476,7.29,KAITO,102.89,0.0,0.125,2026-05-31 22:11:46.810970
KAITOUSDT,CoinEx,KAITO/USDT,0.4616,0.4618,0.63,108309.5405,8.75,71058.937,37250.5835,5882,2851,168705.0,77891.0985,-8.91,-0.015673,1780243200434.0,0.7192,-16.24,KAITO,,,-1.5673,2026-05-31 22:11:46.810970
KAITO_USDC,MEXC,KAITO/USDC,0.4604,0.4611,0.68,100240.1962,25.52,50573.3902,49666.786,3967,3936,22377.0,10302.3708,-12.9,0.005,1780243200000.0,0.1028,-30.59,KAITO,,,0.5,2026-05-31 22:11:46.810970
KAITO-USD,Extended,KAITO/USD,0.4648,0.461197636874,1.75,20841.82,-54.78,9157.08,11684.74,50,62,428654.0,197200.474925,-0.01,0.0013,,9.4618,121.1,KAITO,,,0.13,2026-05-31 22:11:46.810970
PF_KAITOUSD,Kraken,KAITO/USDT,0.4604,0.46137,0.5,19623.9278,-20.98,3650.3558,15973.562,21,137,48569.0,22361.1676,-11.85,-0.0237212363888889,1780239600000.0,1.1395,11.56,KAITO,,,-2.3721,2026-05-31 22:11:46.810970
KAITOUSDT,Aster,KAITO/USDT,0.4554,0.46136765,-0.91,1619.55,60.16,1619.55,0.0,18,0,43113.1,19633.70574,-7.7,0.00125,1780239600000.0,12.1229,-42.37,KAITO,,,0.125,2026-05-31 22:11:46.810970
KAITO-USD-PERP,Paradex,KAITO/USD,0.4647,0.46070744,-3.57,1322.58,-51.68,754.02,568.56,2,1,26887.2,12494.48184,-3.57,-0.12628022003,,9.4471,99.56,KAITO,,,-12.628,2026-05-31 22:11:46.810970
KAITO-USDT,HTX,KAITO/USDT,0.4607,0.461475,0.74,1067.1719,-89.0,139.4354,927.7365,138,245,37363.0,17213.1341,0.83,0.005,1780243200000.0,16.1297,816.62,KAITO,,,0.5,2026-05-31 22:11:46.810970
KAITO-USDC,Lighter,KAITO/USDC,0.46198,0.46109,1.44,391.58,-96.0,27.18,364.41,2,5,592601.8,272946.463062,-3.28,0.0012,,697.0388,2315.2,KAITO,,,0.12,2026-05-31 22:11:46.810970
SUIUSDT,Binance,SUI/USDT,0.9002,0.90054271,-0.25,145784702.31996,-39.19,70786052.97627,74998649.35419,287512,282098,133782550.9,120417674.06509,4.27,0.008809,1780243200000.0,0.826,71.48,SUI,10534.19,100504.36,0.8809,2026-05-31 22:11:46.810970
SUI_USDT,MEXC,SUI/USDT,0.9001,0.9007,-0.28,88172909.5947,-27.09,42835561.4776,45337348.1071,16116,15508,81028035.0,72941437.107,2.39,0.0087,1780243200000.0,0.8273,40.46,SUI,,,0.87,2026-05-31 22:11:46.810970
SUI-USDT-SWAP,OKX,SUI/USDT,0.9,0.9006,-0.23,54873326.3296,-22.2,25221526.7803,29651799.5593,38053,40077,33577344.0,30222967.3344,1.76,0.00843122664217,1780243200000.0,0.5508,30.8,SUI,4475.83,35701.91,0.8431,2026-05-31 22:11:46.810970
SUIUSDT,Bybit,SUI/USDT,0.9002,0.90071,-0.24,50960372.153,-54.48,25680404.891,25279967.262,98463,94719,100447690.0,90443100.08,10.08,0.01,1780243200000.0,1.7748,141.83,SUI,7853.76,26182.36,1.0,2026-05-31 22:11:46.810970
SUI_PERP,WhiteBIT,SUI/USDT,0.8995,0.9007,-0.31,30160935.49196,20.86,19873228.35704,10287707.12502,76559,39740,31324850.6,28182968.08482,3.68,0.01,1780243200000.0,0.9344,-14.22,SUI,,,1.0,2026-05-31 22:11:46.810970
SUIUSDT_UMCBL,Bitget,SUI/USDT,0.9003,0.9004636390971468,-0.3,27501711.57476,-44.35,12746533.83886,14755177.7363,35608,40252,79605215.5,71684496.55775,-1.51,0.01,1780243200000.0,2.6065,76.98,SUI,54.64,9524.22,1.0,2026-05-31 22:11:46.810970
SUIUSDT,Bitunix,SUI/USDT,0.9001,0.9007,-0.27,22598671.23601,-36.73,10677541.3137,11921129.93251,20961,20199,19111881.2,17204515.45624,-3.16,0.009602,1780243200000.0,0.7613,53.06,SUI,,,0.9602,2026-05-31 22:11:46.810970
SUI_USDT,Gate,SUI/USDT,0.8999,0.90065,-0.28,19686380.5749,-27.0,9493660.0469,10192720.518,34350,36376,123775810.0,111385851.419,5.92,-0.0001,1780243200000.0,5.658,45.1,SUI,20519.79,3011.53,-0.01,2026-05-31 22:11:46.810970
SUIUSDT,LBank,SUI/USDT,0.9005,,-0.22,14668886.51952,-18.14,7307115.001,7361771.52832,77475,77672,33790369.0,30428227.2845,-0.25,0.0088,1780243200000.0,2.0743,21.85,SUI,,,0.88,2026-05-31 22:11:46.810970
SUI-USD,Hyperliquid,SUI/USD,0.9001,0.9007,-0.28,14076280.234771,-25.54,7517891.535439,6558388.699432,11601,11534,31063988.8,27964113.357648,-3.63,-0.00144736,1780239600000.0,1.9866,29.41,SUI,89.06,11.6,-0.1447,2026-05-31 22:11:46.810970
SUI-USDT,BingX,SUI/USDT,0.9004,0.9006,-0.21,11056207.9691,-41.22,4862218.9338,6193988.9253,133459,132613,10474254.8384,9427876.78,-40.99,0.01,1780243200000.0,0.8527,0.39,SUI,,,1.0,2026-05-31 22:11:46.810970
SUIUSDC,Binance,SUI/USDC,0.8991,0.89974972,-0.27,9420286.99183,-38.57,4559210.78149,4861076.20074,41148,43707,5514418.5,4958013.67335,6.41,0.01,1780243200000.0,0.5263,73.24,SUI,441.53,540.41,1.0,2026-05-31 22:11:46.810970
SUIUSDT,ApeX Omni,SUI/USDT,0.8996,0.9006,-0.26,7197431.86,61.18,998651.15,6198780.71,12256,35984,151602.0,136381.1592,-2.65,0.00125,,0.0189,-39.81,SUI,,,0.125,2026-05-31 22:11:46.810970
SUI-USDC,BingX,SUI/USDC,0.90012,0.90066,-0.27,6486599.00697253,-0.94,3240912.80201669,3245686.13475584,431587,432467,5491429.1237,4943549.24,5.74,0.011,1780243200000.0,0.7621,6.74,SUI,,,1.1,2026-05-31 22:11:46.810970
SUIUSDTM,KuCoin,SUI/USDT,0.9008,0.9007,-0.21,4684709.1404,-74.68,2503685.5966,2181023.5438,11233,10170,110433185.0,99478213.048,-1.33,0.0194,1780243155350.0,21.2347,289.76,SUI,,,1.94,2026-05-31 22:11:46.810970
SUI-USD,BingX,SUI/USD,0.8988,0.8995,-0.29,3819850.0,4.61,1907380.0,1912470.0,43508,43138,541602.0285,486900.2236215,-4.29,0.01,1780243200000.0,0.1275,-8.47,SUI,,,1.0,2026-05-31 22:11:46.810970
SUI-USD,Extended,SUI/USD,0.898,0.899677408124,-0.53,2761622.37,-53.88,1416062.68,1345559.69,3154,10660,2977054.0,2675989.848975,19.49,0.0013,,0.969,159.09,SUI,7274.25,0.0,0.13,2026-05-31 22:11:46.810970
SUIUSDT,CoinEx,SUI/USDT,0.901,0.9006,-0.27,2633375.4043,-16.33,955551.2003,1677824.204,4619,6429,3263185.0,2942087.596,13.03,0.000298,1780243200428.0,1.1172,35.07,SUI,4512.22,0.0,0.0298,2026-05-31 22:11:46.810970
SUIUSD,EdgeX,SUI/USD,0.9002,0.900542981,-0.23,2502027.60903,-39.01,1315698.01877,1186329.58036,8092,7229,11229689.2,10107843.24892,-0.34,0.005,1780243200000.0,4.0399,63.41,SUI,,,0.5,2026-05-31 22:11:46.810970
SUI-PERP,Coinbase,SUI/USDC,0.8994,0.8995,-0.28,2391911.23965,-51.08,1151326.7748,1240584.46495,2325,8047,1034904.5,930689.61685,1.02,0.0001,,0.3891,106.53,SUI,,,0.01,2026-05-31 22:11:46.810970
PF_SUIUSD,Kraken,SUI/USDT,0.8993,0.899631,-0.3,1903892.4361,-69.91,1055607.1957,848285.2404,4345,3723,3734622.0,3358545.5646,-1.06,0.0005855491666667,1780239600000.0,1.764,228.86,SUI,,,0.0586,2026-05-31 22:11:46.810970
SUIUSDT,Aster,SUI/USDT,0.9,0.90074167,-0.5,1541289.9,85.69,691374.3271,849915.5728,830,1250,899261.1,809334.99,3.06,0.01,1780243200000.0,0.5251,-44.5,SUI,0.0,6255.34,1.0,2026-05-31 22:11:46.810970
SUIUSD_PERP,Binance,SUI/USD,0.8996,0.8996575,-0.2,1329850.0,-70.1,696000.0,633850.0,5719,6715,3655470.31,3287730.0,1.51,0.01,1780243200000.0,2.4723,239.51,SUI,0.0,20.0,1.0,2026-05-31 22:11:46.810970
SUI-USD-SWAP,OKX,SUI/USD,0.8986,0.8993,-0.3,551560.0,-41.01,288810.0,262750.0,2276,1938,2260447.01434449,2032820.0,-0.69,0.01,1780243200000.0,3.6856,68.35,SUI,0.0,3450.0,1.0,2026-05-31 22:11:46.810970
SUI-USDT,HTX,SUI/USDT,0.9028,0.90066,-0.3,329523.4216,-64.66,193974.9672,135548.4544,1511,4406,1029909.0,929801.8452,8.94,0.01,1780243200000.0,2.8217,208.25,SUI,159.64,11857.26,1.0,2026-05-31 22:11:46.810970
SUI_USDC,MEXC,SUI/USDC,0.8992,0.8996,-0.26,275485.4904,21.51,139714.92,135770.5704,4056,3950,2994393.0,2692857.6249,-0.34,0.01,1780243200000.0,9.775,-17.98,SUI,,,1.0,2026-05-31 22:11:46.810970
SUIUSD,Bybit,SUI/USD,0.8987,0.8996,-0.43,266422.0,-50.83,136490.0,129932.0,718,805,1758012.45,1581508.0,1.78,0.01,1780243200000.0,5.9361,107.01,SUI,0.0,100.0,1.0,2026-05-31 22:11:46.810970
SUIUSD,Bitunix,SUI/USD,0.8992,0.8995,-0.23,205465.3898,-47.16,105007.8529,100457.5569,7171,7402,418872.0,376733.4768,20.71,0.01,1780243200000.0,1.8336,128.49,SUI,,,1.0,2026-05-31 22:11:46.810970
SUI_USD,MEXC,SUI/USD,0.8992,0.8994,-0.24,176190.0,-33.4,91390.0,84800.0,4143,4095,1242428.2855,1117440.0,0.29,0.01,1780243200000.0,6.3422,50.59,SUI,,,1.0,2026-05-31 22:11:46.810970
SUIUSD_DMCBL,Bitget,SUI/USD,0.8982,0.8992010069126076,-0.39,137656.185,-47.76,74083.0982,63573.0868,353,457,1412213.9,1268450.52498,8.12,0.01,1780243200000.0,9.2146,106.95,SUI,0.0,3325.55,1.0,2026-05-31 22:11:46.810970
SUIUSDT,Bitmex,SUI/USDT,0.8996,0.9007,-0.32,130618.6794,-66.68,51349.9502,79268.7392,337,447,633516.5,570671.6632,-1.84,0.01,1780286400000.0,4.369,194.65,SUI,0.0,0.13,1.0,2026-05-31 22:11:46.810970
SUIUSD-PERP,Crypto.com,SUI/USD,0.89938,0.89969,-0.43,101621.36992,-52.65,63327.54526,38293.83466,2386,2984,479161.0,430914.27891,-6.4,0.0006521,1780239600000.0,4.2404,97.68,SUI,,,0.0652,2026-05-31 22:11:46.810970
SUIUSDC,CoinEx,SUI/USDC,0.8992,0.8996,-0.28,89950.00434,-18.43,44814.09652,45135.92752,4298,4338,36325.5,32671.1547,-0.43,0.0,1780243200431.0,0.3632,22.08,SUI,,,0.0,2026-05-31 22:11:46.810970
SUIPERP,Bybit,SUI/USDC,0.8981,0.8995,-0.45,85123.05,-35.46,46207.2495,38915.8005,371,307,1416054.0,1273032.55,-1.2,0.01,1780243200000.0,14.9552,53.09,SUI,,,1.0,2026-05-31 22:11:46.810970
SUIUSDC,Bitunix,SUI/USDC,0.8991,0.8997,-0.29,77087.38918,-31.71,36974.29024,40113.10874,4622,4827,63029.5,56695.03525,-11.67,0.01,1780243200000.0,0.7355,29.35,SUI,,,1.0,2026-05-31 22:11:46.810970
SUI-USD-PERP,Paradex,SUI/USD,0.9465,0.8992126,-1.13,10075.64,34211.45,10062.32,13.32,2,1,77010.8,72890.7222,-23.16,-0.000582722566,,7.2344,-99.78,SUI,,,-0.0583,2026-05-31 22:11:46.810970
SUIUSDCM,KuCoin,SUI/USDC,0.8996,0.8992,0.49,1940.6,-72.56,63.14,1877.46,1,23,1777563.0,1599095.6748,1.33,0.01,1780243155349.0,824.0213,269.34,SUI,,,1.0,2026-05-31 22:11:46.810970
SUI-USDC,Lighter,SUI/USDC,0.90005,0.9026,-0.07,17.4672,-100.0,0.0,17.4672,0,2,1841556.4,1661083.8728,6.05,0.0012,,95097.318,8272109.29,SUI,,,0.12,2026-05-31 22:11:46.810970
SUIUSDM,KuCoin,SUI/USD,0.9019,0.9016,0.0,10.0,-99.85,10.0,0.0,2,0,96144.81,86713.0,0.11,0.1513,1780243141072.0,8671.3,66634.13,SUI,,,15.13,2026-05-31 22:11:46.810970
TAO_USDT,MEXC,TAO/USDT,256.84,256.97,1.31,692954172.6457,14.34,348723283.3043,344230889.3414,117371,120736,151048.99,38790891.1219,7.32,0.0041,1780243200000.0,0.056,-6.04,TAO,,,0.41,2026-05-31 22:11:46.810970
TAOUSDT,Binance,TAO/USDT,256.81,257.05155507,1.31,88576634.72812,-38.84,43563415.55054,45013219.18798,340812,333365,270941.571,69594051.92706,-0.78,0.004391,1780243200000.0,0.7857,62.23,TAO,6057.19,465097.6,0.4391,2026-05-31 22:11:46.810970
TAO_PERP,WhiteBIT,TAO/USDT,256.73,257.0,1.32,32298021.65705,3.59,14756671.10964,17541350.55721,43222,50822,62404.689,16021155.80697,-0.38,0.005,1780243200000.0,0.496,-3.84,TAO,,,0.5,2026-05-31 22:11:46.810970
TAOUSDT,Bitunix,TAO/USDT,256.81,256.87,1.29,27633691.0754,-24.4,13773089.78513,13860601.30017,35339,32705,79488.325,20412601.86,31.31,0.002527,1780243200000.0,0.7387,73.69,TAO,,,0.2527,2026-05-31 22:11:46.810970
TAOUSDT,Bybit,TAO/USDT,256.92,257.02,1.34,25400519.5831,-49.37,12762548.7739,12637970.8094,116849,117065,158081.613,40612747.2,5.55,0.005,1780243200000.0,1.5989,108.46,TAO,18960.12,3045.1,0.5,2026-05-31 22:11:46.810970
TAOUSDT,ApeX Omni,TAO/USDT,256.68,257.02,1.27,21306504.07,97.17,10550868.64,10755635.42,48484,49356,446.672,114776.83712,-1.96,0.00125,,0.0054,-50.0,TAO,,,0.125,2026-05-31 22:11:46.810970
TAO-USDT-SWAP,OKX,TAO/USDT,256.8,256.9,1.34,13572569.256,-47.78,6380348.052,7192221.194,7856,8559,64312.57,16515467.976,0.91,0.01,1780243200000.0,1.2168,93.2,TAO,2624.0,1804.22,1.0,2026-05-31 22:11:46.810970
TAO-USDT,BingX,TAO/USDT,256.83,256.95,1.33,13061016.9894854,-21.51,5439398.4929496,7621618.5667358,433772,435457,43357.0096,11135380.77,-21.31,0.005,1780243200000.0,0.8526,0.26,TAO,,,0.5,2026-05-31 22:11:46.810970
TAOUSDT_UMCBL,Bitget,TAO/USDT,256.93,257.03746481916727,1.33,10112288.68976,-55.07,5077790.5325,5034498.16726,14529,14286,104783.078,26918772.7382,-1.53,0.005,1780243200000.0,2.662,119.15,TAO,4226.22,319.46,0.5,2026-05-31 22:11:46.810970
TAO-USD,Hyperliquid,TAO/USD,257.0,257.01,1.28,5243639.1828,-50.08,2568649.8582,2674989.3245,5664,5591,134411.382,34535660.49108,-0.32,0.00125,1780239600000.0,6.5862,99.68,TAO,0.0,52.31,0.125,2026-05-31 22:11:46.810970
TAOUSDTM,KuCoin,TAO/USDT,257.0,256.96,1.34,1863216.445,-77.49,835981.814,1027234.621,4838,4906,92881.41,23870522.37,3.97,0.0134,1780243155356.0,12.8115,361.84,TAO,,,1.34,2026-05-31 22:11:46.810970
TAO_USDT,Gate,TAO/USDT,256.8,257.01,1.34,1846787.801,-59.78,901234.096,945553.705,3945,3609,23244.42,5969167.056,-1.67,0.0042,1780243200000.0,3.2322,144.47,TAO,0.0,616.24,0.42,2026-05-31 22:11:46.810970
TAOUSDT,LBank,TAO/USDT,256.8,,1.34,1576944.001,-5.42,772592.3026,804351.6984,29278,29338,1698.657,436384.9833,2.96,0.0036,1780243200000.0,0.2767,8.85,TAO,,,0.36,2026-05-31 22:11:46.810970
TAOUSD,EdgeX,TAO/USD,256.8,256.950015964,1.34,1208275.659,-1.98,527421.718,680853.941,1342,1682,425.11,109168.248,-8.89,0.005,1780243200000.0,0.0904,-7.0,TAO,,,0.5,2026-05-31 22:11:46.810970
PF_TAOUSD,Kraken,TAO/USDT,256.37,256.734,1.15,1081994.7116,-65.58,507027.9698,574966.7518,1416,1575,8106.07,2078153.1659,2.29,0.0014509120833333,1780239600000.0,1.9207,197.14,TAO,,,0.1451,2026-05-31 22:11:46.810970
TAOUSDT,CoinEx,TAO/USDT,257.19,257.01,1.36,964661.7737,-66.53,296505.04628,668156.73752,3202,6176,6952.965,1788302.598,-7.05,0.072729,1780243200405.0,1.8538,177.68,TAO,0.0,27.68,7.2729,2026-05-31 22:11:46.810970
TAO-PERP,Coinbase,TAO/USDC,256.71,256.57,1.21,803321.8325,-32.67,522188.8983,281132.9342,748,463,4046.938,1038889.45398,-5.48,0.0007,,1.2932,40.38,TAO,,,0.07,2026-05-31 22:11:46.810970
TAOUSDT,Aster,TAO/USDT,256.87,257.05945002,1.25,435278.1194,-76.57,196023.345,239254.7744,270,249,4492.988,1154113.82756,-1.77,0.00125,1780239600000.0,2.6514,319.19,TAO,0.0,12248.51,0.125,2026-05-31 22:11:46.810970
TAO-USD,Extended,TAO/USD,257.0,256.686916875,1.54,287672.69,-47.58,118271.59,169401.1,104,160,3806.76,976480.245667,0.99,0.0013,,3.3944,92.67,TAO,,,0.13,2026-05-31 22:11:46.810970
TAO_USDC,MEXC,TAO/USDC,256.6,256.4,1.3,245515.931,-0.64,117844.715,127671.226,3923,3953,2371.84,608614.144,3.64,0.0041,1780243200000.0,2.4789,4.31,TAO,,,0.41,2026-05-31 22:11:46.810970
TAO-USDC,Lighter,TAO/USDC,256.758,256.631,1.63,73806.61685,-92.1,36143.58735,37663.0395,151,110,12937.42,3322393.62949,1.43,0.0012,,45.0148,1183.64,TAO,,,0.12,2026-05-31 22:11:46.810970
TAO-USDT,HTX,TAO/USDT,257.54,257.0425,1.0,22543.33294,-32.44,6084.3806,16458.95224,558,2253,367.332,94606.3566,-1.97,0.0436172022268495,1780243200000.0,4.1966,45.11,TAO,0.0,175.4,4.3617,2026-05-31 22:11:46.810970
TAOPERP,Bybit,TAO/USDC,256.21,256.67,1.09,21009.0489,-54.32,10006.7225,11002.3264,117,84,1102.692,282741.26,0.02,0.005,1780243200000.0,13.4581,118.95,TAO,0.0,135.13,0.5,2026-05-31 22:11:46.810970
TAO-USD-PERP,Paradex,TAO/USD,258.43,256.99334084,2.27,3636.6746,-83.17,1728.8,1907.8746,21,29,1060.928,274175.62304,2.26,0.045521263452,,75.3918,507.78,TAO,,,4.5521,2026-05-31 22:11:46.810970
TAOUSD-PERP,Crypto.com,TAO/USD,256.61,256.63,1.96,3425.0,-70.0,2461.29,963.7,34,35,202.09,51858.3149,0.9,0.0174611,1780239600000.0,15.1411,236.33,TAO,,,1.7461,2026-05-31 22:11:46.810970
ARBUSDT,Binance,ARB/USDT,0.1022,0.10233549,-2.85,17218395.5086,-47.51,8345108.99668,8873286.51232,37136,42099,229404727.5,23445163.1505,-3.24,-0.00466,1780243200000.0,1.3616,84.32,ARB,14.88,35984.0,-0.466,2026-05-31 22:11:46.810970
ARB_PERP,WhiteBIT,ARB/USDT,0.1014,0.1023,-2.97,15803449.3961,-24.12,8546851.7516,7256597.6745,41139,34422,56440213.0,5723037.5982,-3.07,0.01,1780243200000.0,0.3621,27.72,ARB,,,1.0,2026-05-31 22:11:46.810970
ARBUSDT,Bybit,ARB/USDT,0.10218,0.10228,-2.91,9447134.8487,-39.17,4643266.2779,4803868.5704,53570,51939,227049880.4,23209038.77,-1.92,0.004525,1780243200000.0,2.4567,61.23,ARB,13.51,1653.73,0.4525,2026-05-31 22:11:46.810970
ARBUSDT,LBank,ARB/USDT,0.1021,,-3.04,8365863.1832,,4183007.4532,4182855.72,31604,31961,0.0,0.0,,,,0.0,,ARB,,,,2026-05-31 22:11:46.810970
ARB-USDT-SWAP,OKX,ARB/USDT,0.10219,0.10228,-2.9,7198753.80384,-44.48,3427667.0987,3771086.70554,15906,16418,69997767.00000001,7155871.720410001,-2.7,0.01,1780243200000.0,0.994,75.25,ARB,16.79,8531.81,1.0,2026-05-31 22:11:46.810970
ARB-USDC,BingX,ARB/USDC,0.1019,0.1022,-3.23,6484368.868928,-0.27,3241708.497955,3242660.290873,431502,432782,10976693.6337,1120720.42,-5.45,0.011,1780243200000.0,0.1728,-5.21,ARB,,,1.1,2026-05-31 22:11:46.810970
ARB-USDT,BingX,ARB/USDT,0.1021,0.1022,-2.95,4608490.98799,-11.75,1168663.0319,3439827.98609,132397,135912,38465237.6712,3931147.29,-11.46,0.01,1780243200000.0,0.853,0.32,ARB,,,1.0,2026-05-31 22:11:46.810970
ARBUSDT,ApeX Omni,ARB/USDT,0.1021,0.1023,-3.13,4398885.29,44.28,2275649.24,2123236.04,10868,10140,534413.0000000001,54510.12600000001,-6.06,0.00125,,0.0124,-34.74,ARB,,,0.125,2026-05-31 22:11:46.810970
ARB_USDT,Gate,ARB/USDT,0.10214,0.1023,-2.97,4381152.00223,-14.05,2098219.21875,2282932.79358,13823,14286,25780414.0,2633211.48596,1.01,0.0076,1780243200000.0,0.601,17.52,ARB,678.32,27.65,0.76,2026-05-31 22:11:46.810970
ARB_USDT,MEXC,ARB/USDT,0.10218,0.1023,-2.9,3965372.10596,33.89,1818286.07058,2147086.04538,5862,5993,54666732.0,5591313.34896,12.6,0.01,1780243200000.0,1.41,-15.91,ARB,,,1.0,2026-05-31 22:11:46.810970
ARBUSDC,Binance,ARB/USDC,0.1021,0.1021855,-2.85,2309270.35262,-38.28,1118162.9885,1191107.35432,5722,5181,10920547.6,1114987.90996,-6.25,0.01,1780243200000.0,0.4828,51.87,ARB,0.0,236.0,1.0,2026-05-31 22:11:46.810970
ARB-USD,Hyperliquid,ARB/USD,0.10217,0.10225,-2.92,2256383.498846,-18.67,869379.31984,1387004.179006,4143,5155,47640235.4,4867402.850818,-18.62,-0.00030048,1780239600000.0,2.1572,0.06,ARB,98.85,0.0,-0.03,2026-05-31 22:11:46.810970
ARBUSDT_UMCBL,Bitget,ARB/USDT,0.1022,0.1022938194478882,-2.85,1229157.123774,-56.1,702599.943776,526557.169798,1561,1450,62302178.18,6367282.609996,10.59,0.01,1780243200000.0,5.1802,151.89,ARB,0.0,15621.72,1.0,2026-05-31 22:11:46.810970
ARBUSDT,Bitunix,ARB/USDT,0.1022,0.1023,-2.85,971065.87633,-44.33,477306.02115,493759.87578,6000,7711,10403490.4,1063236.71888,0.25,0.004152,1780243200000.0,1.0949,80.08,ARB,,,0.4152,2026-05-31 22:11:46.810970
ARBUSDTM,KuCoin,ARB/USDT,0.1023,0.1023,-2.85,372498.4535,-71.78,171518.0173,200980.4362,1354,1395,99646343.0,10193820.8889,-1.95,0.0198,1780243155106.0,27.3661,247.38,ARB,,,1.98,2026-05-31 22:11:46.810970
ARBUSDT,CoinEx,ARB/USDT,0.102208,0.1023,-2.94,233894.21996,-68.44,143663.371156,90230.848904,5101,3895,3077965.0,314900.44322,14.57,-0.010407,1780243200497.0,1.3463,262.98,ARB,0.0,12.3,-1.0407,2026-05-31 22:11:46.810970
ARB_USDC,MEXC,ARB/USDC,0.1021,0.1022,-2.85,206036.4421,30.18,109519.511,96516.9311,3958,3941,5962361.0,608757.0581,-8.8,0.01,1780243200000.0,2.9546,-29.94,ARB,,,1.0,2026-05-31 22:11:46.810970
ARB-USDT,HTX,ARB/USDT,0.1032,0.10229833333333334,-2.46,195052.3622,-46.17,99002.2147,96050.1475,2447,796,4409409.0,455051.0088,-6.98,0.01,1780243200000.0,2.333,72.83,ARB,,,1.0,2026-05-31 22:11:46.810970
PF_ARBUSD,Kraken,ARB/USDT,0.102,0.10208,-3.04,128503.1481,-46.24,28000.088,100503.0601,121,346,17852852.0,1820990.904,-3.7,0.00163417875,1780239600000.0,14.1708,79.13,ARB,,,0.1634,2026-05-31 22:11:46.810970
ARBUSDC,Bitunix,ARB/USDC,0.1021,0.1022,-2.85,107876.30798,-34.58,51314.39824,56561.90974,3062,2942,725310.3,74054.18163,-24.15,0.01,1780243200000.0,0.6865,15.94,ARB,,,1.0,2026-05-31 22:11:46.810970
ARB-USDC,Lighter,ARB/USDC,0.10212,0.10211,-2.08,61515.778771,-74.01,32492.520215,29023.258556,139,146,5484001.8,560081.103834,1.51,0.0012,,9.1047,290.59,ARB,,,0.12,2026-05-31 22:11:46.810970
ARBUSDC,CoinEx,ARB/USDC,0.102126,0.102222,-2.86,51219.896252,-2.47,7144.489045,44075.417607,1206,7430,72110.0,7370.57943,-2.96,0.0,1780243200493.0,0.1439,-0.48,ARB,,,0.0,2026-05-31 22:11:46.810970
ARB-PERP,Coinbase,ARB/USDC,0.1024,0.1021,-2.66,38658.7507,-59.91,20207.5906,18451.1501,203,133,2099805.1,215020.04224,-1.42,0.0016,,5.562,145.89,ARB,,,0.16,2026-05-31 22:11:46.810970
ARB-USD,Extended,ARB/USD,0.1022,0.102170480062,-2.76,13336.39,-72.21,4623.02,8713.37,8,62,1140002.0,116406.248107,3.64,0.0013,,8.7285,272.95,ARB,,,0.13,2026-05-31 22:11:46.810970
ARBUSDT,Aster,ARB/USDT,0.1037,0.10234717,-0.58,12887.7531,96.28,6940.3331,5947.42,25,10,3382111.4,350724.95218,-0.38,0.01,1780243200000.0,27.2138,-49.25,ARB,,,1.0,2026-05-31 22:11:46.810970
ARBPERP,Bybit,ARB/USDC,0.10214,0.10219,-2.15,10602.367767,-79.85,7362.064767,3240.293,90,42,1765081.0,180285.37,-3.17,0.01,1780243200000.0,17.0043,380.62,ARB,0.0,9819.35,1.0,2026-05-31 22:11:46.810970
ARBUSDT,Bitmex,ARB/USDT,0.1021,0.10228,-2.95,7938.6496,-92.78,3764.2541,4174.3955,176,101,2285140.0,233746.9706,-3.44,0.01,1780286400000.0,29.4442,1236.55,ARB,,,1.0,2026-05-31 22:11:46.810970
ARB-USD-PERP,Paradex,ARB/USD,0.1028,0.10213859,-0.19,1426.03,1597.64,29.29,1396.74,1,5,64621.6,6643.10048,-29.73,-0.021837841685,,4.6585,-95.86,ARB,,,-2.1838,2026-05-31 22:11:46.810970
ARBUSD-PERP,Crypto.com,ARB/USD,0.103,0.1022,-2.09,168.4627,-96.41,168.2627,0.2,180,2,955169.0,98382.407,-2.07,0.0030405,1780239600000.0,584.0011,2626.96,ARB,,,0.304,2026-05-31 22:11:46.810970
XPLUSDT,Binance,XPL/USDT,0.0911,0.09120069,-2.57,21568997.6959,-58.82,10357705.4597,11211292.2462,53818,58665,381705176.0,34811512.0512,-1.82,0.005,1780243200000.0,1.614,138.44,XPL,2890.26,47915.8,0.5,2026-05-31 22:11:46.810970
XPL-USDT-SWAP,OKX,XPL/USDT,0.09115,0.0912,-2.54,20208367.3578,-48.58,9596732.1433,10611635.2145,39342,38584,68009550.0,6203151.0555,-1.29,0.005,1780243200000.0,0.307,91.99,XPL,12083.02,17801.77,0.5,2026-05-31 22:11:46.810970
XPLUSDT,Bybit,XPL/USDT,0.09112,0.09121,-2.6,11787593.93282,-60.03,5765987.5462,6021606.37662,92815,92118,247458422.0,22548411.41,-4.17,0.005,1780243200000.0,1.9129,139.74,XPL,107.43,21552.65,0.5,2026-05-31 22:11:46.810970
XPL-USDT,BingX,XPL/USDT,0.091,0.091,-2.57,7035759.582963,-10.18,3516572.529856,3519187.053407,432756,432772,66047067.5824,6010283.15,-9.92,0.005,1780243200000.0,0.8542,0.29,XPL,,,0.5,2026-05-31 22:11:46.810970
XPLUSDT_UMCBL,Bitget,XPL/USDT,0.09116,0.0911952544685852,-2.6,5924488.21281,-41.57,2905539.07777,3018949.13534,22936,20951,100783356.0,9181363.7316,1.1,0.005,1780243200000.0,1.5497,73.03,XPL,7141.36,8060.03,0.5,2026-05-31 22:11:46.810970
XPL_PERP,WhiteBIT,XPL/USDT,0.091,0.0911,-2.67,5144346.7295,-29.69,2248312.108,2896034.6315,30697,31660,83417821.0,7599363.4931,-1.85,0.005,1780243200000.0,1.4772,39.6,XPL,,,0.5,2026-05-31 22:11:46.810970
XPL-USD,Hyperliquid,XPL/USD,0.091188,0.091205,-2.52,5079078.323382,-69.77,2705988.662152,2373089.66103,4457,4284,207313856.0,18896450.660544,-6.03,0.00125,1780239600000.0,3.7204,210.84,XPL,544.66,13.99,0.125,2026-05-31 22:11:46.810970
XPL_USDT,Gate,XPL/USDT,0.09116,0.0912,-2.55,1928703.1024,-31.58,928267.6127,1000435.4797,4685,4661,11115440.0,1013283.5104,1.92,0.005,1780243200000.0,0.5254,48.97,XPL,0.0,326.63,0.5,2026-05-31 22:11:46.810970
XPL-USD,Extended,XPL/USD,0.09117,0.091118612906,-2.48,1822621.47,-47.69,1001863.81,820757.66,2732,1724,8816930.0,802345.879591,13.09,0.0013,,0.4402,116.21,XPL,,,0.13,2026-05-31 22:11:46.810970
XPLUSDT,Bitunix,XPL/USDT,0.0912,0.0912,-2.46,1388462.3459,-54.98,674309.5147,714152.8312,9567,10023,17327270.0,1578514.297,-3.01,-0.005,1780243200000.0,1.1369,115.44,XPL,,,-0.5,2026-05-31 22:11:46.810970
XPLUSDT,LBank,XPL/USDT,0.0911,,-2.57,1285128.97004,-14.85,612338.29832,672790.67142,28401,28496,7831827.8,712696.3298,-9.23,0.005,1780243200000.0,0.5546,6.61,XPL,,,0.5,2026-05-31 22:11:46.810970
XPL_USDT,MEXC,XPL/USDT,0.0913,0.0911,-2.46,949149.4397,-59.82,440989.741,508159.6987,4346,4432,26846995.0,2437707.146,-16.75,0.005,1780243200000.0,2.5683,107.2,XPL,,,0.5,2026-05-31 22:11:46.810970
XPLUSDT,CoinEx,XPL/USDT,0.091264,0.091194,-2.6,308595.815094,-8.81,135778.092438,172817.723156,3596,5410,2045500.0,186741.877,6.06,0.020499,1780243200450.0,0.6051,16.3,XPL,0.0,1787.83,2.0499,2026-05-31 22:11:46.810970
XPLUSDTM,KuCoin,XPL/USDT,0.0912,0.0912,-2.72,256026.1944,-79.41,107039.1638,148987.0306,1782,1238,37897704.0,3456270.6048,-6.91,0.0139,1780243155399.0,13.4997,352.1,XPL,,,1.39,2026-05-31 22:11:46.810970
XPL-PERP,Coinbase,XPL/USDC,0.09108,0.09108,-3.31,38385.0347,-32.56,14045.17,24339.8647,26,54,1635652.9,148975.266132,-5.5,-0.0007,,3.8811,40.13,XPL,,,-0.07,2026-05-31 22:11:46.810970
XPLUSDT,ApeX Omni,XPL/USDT,0.0912,0.0913,-2.25,31027.25,22.1,16992.66,14034.59,2760,2662,242576.0,22122.9312,-2.47,0.00125,,0.713,-20.12,XPL,,,0.125,2026-05-31 22:11:46.810970
XPLUSDT,Aster,XPL/USDT,0.0913,0.09120414,-2.87,23788.6163,49.17,10237.6269,13550.9994,121,156,1682227.0,153587.3251,-1.59,0.005,1780243200000.0,6.4563,-34.03,XPL,,,0.5,2026-05-31 22:11:46.810970
XPLPERP,Bybit,XPL/USDC,0.091,0.09113,-2.65,16296.21442,-66.06,10498.04282,5798.1716,288,275,874338.0,79538.53,7.77,0.005,1780243200000.0,4.8808,217.49,XPL,,,0.5,2026-05-31 22:11:46.810970
PF_XPLUSD,Kraken,XPL/USDT,0.0913,0.091125,-2.46,14247.1502,-32.81,6394.6202,7852.54,25,58,203246.0,18556.3598,2.93,-0.0040784327777778,1780239600000.0,1.3025,53.2,XPL,,,-0.4078,2026-05-31 22:11:46.810970
XPL-USDT,HTX,XPL/USDT,0.092,0.09130666666666666,-1.92,13818.2919,-71.61,865.7855,12952.4964,147,308,2363509.0,217442.828,3.79,0.1007272461113047,1780243200000.0,15.7359,265.61,XPL,0.0,147.33,10.0727,2026-05-31 22:11:46.810970
XPL-USDC,Lighter,XPL/USDC,0.09294,0.09143,0.1,4838.1151,-99.66,0.0,4838.1151,0,8,19121857.2,1749841.152372,-6.16,0.0012,,361.6783,27460.64,XPL,0.0,1237.85,0.12,2026-05-31 22:11:46.810970
XPLUSD-PERP,Crypto.com,XPL/USD,0.0908,0.0911,-2.91,1978.5449,-71.45,1216.0223,762.5128,77,276,29621.0,2689.5868,-13.8,-0.0038645,1780239600000.0,1.3594,201.89,XPL,,,-0.3864,2026-05-31 22:11:46.810970
XPL-USD-PERP,Paradex,XPL/USD,0.09113,0.09126323,1.12,149.73,-72.72,0.0,149.73,0,1,447366.0,40768.46358,1.12,0.012543464421,,272.2799,270.62,XPL,,,1.2543,2026-05-31 22:11:46.810970
XRPUSDT,Binance,XRP/USDT,1.3423,1.34291866,0.07,335050854.72036,-55.68,165168392.32541,169882462.40535,306016,286530,308435517.3,414012994.87179,2.39,0.004471,1780243200000.0,1.2357,131.02,XRP,135407.31,499180.08,0.4471,2026-05-31 22:11:46.810970
XRP_USDT,MEXC,XRP/USDT,1.3423,1.3429,0.09,216650280.7165,-24.02,109612975.2387,107037305.4678,20661,19276,80966707.0,108673514.1354,7.32,0.0044,1780243200000.0,0.5016,41.26,XRP,,,0.44,2026-05-31 22:11:46.810970
XRP-USDT-SWAP,OKX,XRP/USDT,1.342,1.3429,0.07,126559587.755,-47.13,60919560.9,65640026.845,22083,22044,73676864.99999999,98874352.82999998,-0.52,0.00407589799473,1780243200000.0,0.7812,88.15,XRP,252.86,2768.04,0.4076,2026-05-31 22:11:46.810970
XRPUSDT,Bybit,XRP/USDT,1.3424,1.343,0.08,123930391.10498,-65.85,63576906.61563,60353484.49965,124537,101583,207334363.6,278325649.7,2.84,0.006367,1780243200000.0,2.2458,201.09,XRP,21741.62,92220.56,0.6367,2026-05-31 22:11:46.810970
XRPUSDT_UMCBL,Bitget,XRP/USDT,1.3424,1.3429937328199388,0.07,78952828.1779,-53.88,39735472.49,39217355.6879,35341,35825,173709788.0,233188019.4112,2.16,0.0081,1780243200000.0,2.9535,121.48,XRP,12397.14,36887.68,0.81,2026-05-31 22:11:46.810970
XRP_PERP,WhiteBIT,XRP/USDT,1.34163,1.34225,0.12,73514913.708704,1.45,35437868.85638,38077044.862624,23425,26306,71095433.1,95369546.823333,1.82,0.01,1780243200000.0,1.2973,0.36,XRP,,,1.0,2026-05-31 22:11:46.810970
XRP_USDT,Gate,XRP/USDT,1.3423,1.3429,0.07,64814492.856,-43.99,31481059.825,33333433.031,28347,62840,207366520.0,278348079.796,-4.53,-0.0005,1780243200000.0,4.2945,70.45,XRP,527.95,1287.03,-0.05,2026-05-31 22:11:46.810970
XRP_USD,MEXC,XRP/USD,1.3406,1.3416,0.08,63564420.0,-53.21,31551910.0,32012510.0,12117,11984,6134494.5916,8223290.0,12.66,-0.0023,1780243200000.0,0.1294,140.97,XRP,,,-0.23,2026-05-31 22:11:46.810970
XRPUSDC,Binance,XRP/USDC,1.341,1.34147872,0.07,49132341.52182,-67.21,23939456.65247,25192884.84975,46087,49351,22889182.4,30694393.5984,1.64,0.004278,1780243200000.0,0.6247,210.02,XRP,10320.31,902.05,0.4278,2026-05-31 22:11:46.810970
XRP-USD,Hyperliquid,XRP/USD,1.3424,1.343,0.09,40861941.4545,-32.38,24005011.675,16856929.7795,13657,8110,65590140.0,88048203.936,0.02,0.00116716,1780239600000.0,2.1548,47.91,XRP,0.0,8543.29,0.1167,2026-05-31 22:11:46.810970
XRPUSDT,Bitunix,XRP/USDT,1.3423,1.3423,0.07,38144287.79493,-44.55,19106523.87153,19037763.9331,24949,22976,28571193.6,38336827.57248,2.59,0.00937,1780243200000.0,1.005,85.01,XRP,,,0.937,2026-05-31 22:11:46.810970
XRPUSDT,LBank,XRP/USDT,1.3423,,0.07,37657578.80556,4.55,14861860.52036,22795718.2456,313826,314201,85157479.0,114298368.3138,2.24,0.00444,1780243200000.0,3.0352,-2.2,XRP,,,0.444,2026-05-31 22:11:46.810970
XRPUSD,Bitmex,XRP/USD,1.3402,1.34125,0.04,28170545.558,1309.33,13421070.477,14749475.091,371,294,2154040.26,2886844.757368383,0.59,0.01,1780286400000.0,0.1025,-92.86,XRP,0.0,19244.9,1.0,2026-05-31 22:11:46.810970
XRP-USDT,BingX,XRP/USDT,1.3418,1.343,0.06,23627732.698,-50.22,11247750.4911,12379982.1969,135736,134349,14972860.5216,20093578.82,-50.18,0.0082,1780243200000.0,0.8504,0.07,XRP,,,0.82,2026-05-31 22:11:46.810970
XRPUSD_PERP,Binance,XRP/USD,1.3406,1.34088613,0.08,15872230.0,-62.68,7681970.0,8190260.0,14729,14482,38555949.27,51684250.0,0.03,-0.002229,1780243200000.0,3.2563,168.01,XRP,0.0,930.0,-0.2229,2026-05-31 22:11:46.810970
XRP-PERP,Coinbase,XRP/USDC,1.3408,1.3411,0.05,15691460.1486,-72.36,7987832.763,7703627.3856,8510,8391,4337559.0,5815799.1072,3.13,0.0001,,0.3706,273.21,XRP,,,0.01,2026-05-31 22:11:46.810970
XRPUSDTM,KuCoin,XRP/USDT,1.34294,1.34293,0.07,13613582.7293,-70.21,6446470.1138,7167112.6155,24743,27129,166585290.0,223719046.9113,1.05,0.0115,1780243155083.0,16.4335,239.19,XRP,,,1.15,2026-05-31 22:11:46.810970
XRPUSD,EdgeX,XRP/USD,1.3422,1.342572775,0.09,11381945.85834,-47.47,5657246.77218,5724699.10656,6769,6947,11180800.7,15007988.77961,0.05,0.005,1780243200000.0,1.3186,90.47,XRP,,,0.5,2026-05-31 22:11:46.810970
XRPUSDT,Aster,XRP/USDT,1.3421,1.34293869,0.07,8603669.59049,-63.71,4225458.23386,4378211.36713,16562,16224,25868669.3,34718341.06753,-0.46,0.005655,1780243200000.0,4.0353,174.29,XRP,0.0,6668.65,0.5655,2026-05-31 22:11:46.810970
XRPUSDT,ApeX Omni,XRP/USDT,1.3425,1.3429,0.16,6334241.28,66.32,5575277.17,758964.11,29800,7728,383270.0,514539.975,0.09,0.00125,,0.0812,-39.85,XRP,,,0.125,2026-05-31 22:11:46.810970
XRPUSDT,CoinEx,XRP/USDT,1.3427,1.3429,0.03,5751478.0798,-60.84,3063525.7664,2687952.3134,5710,5538,4189920.0,5625386.592,-1.5,0.0,1780243200482.0,0.9781,151.57,XRP,0.0,336.7,0.0,2026-05-31 22:11:46.810970
XRP_USDC,MEXC,XRP/USDC,1.341,1.3414,0.1,5726839.8656,28.67,3040218.0291,2686621.8465,4969,4804,2742656.0,3677627.4304,7.92,0.0041,1780243200000.0,0.6422,-16.13,XRP,,,0.41,2026-05-31 22:11:46.810970
XRPUSD,Bybit,XRP/USD,1.3408,1.3409,0.07,4989819.0,-52.91,2569760.0,2420059.0,3339,3580,30522875.89,40925072.0,3.43,0.01,1780243200000.0,8.2017,119.66,XRP,0.0,660.0,1.0,2026-05-31 22:11:46.810970
XRP-USD,BingX,XRP/USD,1.3405,1.341,0.1,4753160.0,-15.04,2354590.0,2398570.0,43493,43343,2947601.2025,3951259.41195125,-18.95,0.01,1780243200000.0,0.8313,-4.6,XRP,,,1.0,2026-05-31 22:11:46.810970
XRP-USD,Extended,XRP/USD,1.3405,1.341053083125,0.04,3831632.75,-64.86,1965529.97,1866102.78,5124,2036,2727966.0,3652599.14474,3.28,0.0013,,0.9533,193.96,XRP,128.61,0.0,0.13,2026-05-31 22:11:46.810970
PF_XRPUSD,Kraken,XRP/USDT,1.34147,1.34115,0.06,3613165.7896,-70.5,1826214.94388,1786950.83572,7045,7245,9178386.0,12312529.46742,-1.01,0.0011169173611111,1780239600000.0,3.4077,235.6,XRP,,,0.1117,2026-05-31 22:11:46.810970
XRPUSD-PERP,Crypto.com,XRP/USD,1.3412,1.3412,0.07,3611221.0824,-52.24,1794363.7471,1816857.3353,14052,13583,1296712.0,1739020.4632,1.26,-0.0019482,1780239600000.0,0.4816,112.07,XRP,,,-0.1948,2026-05-31 22:11:46.810970
XRP-USDC,BingX,XRP/USDC,1.3409,1.3413,0.07,3112254.1125,-40.67,1561711.95,1550542.1825,129512,129716,1979450.481,2654245.15,-40.53,0.009,1780243200000.0,0.8528,0.22,XRP,,,0.9,2026-05-31 22:11:46.810970
XRPUSD_DMCBL,Bitget,XRP/USD,1.34038,1.3410826807461702,0.04,2811314.653,-61.12,1547978.336,1263336.327,727,620,36954963.0,49533693.30594,3.4,0.009,1780243200000.0,17.6194,165.94,XRP,6.86,0.0,0.9,2026-05-31 22:11:46.810970
XRP-USD-SWAP,OKX,XRP/USD,1.3402,1.3411,0.04,1712610.0,-49.63,814830.0,897780.0,2149,2018,8531778.838979257,11434290.0,-1.42,0.01,1780243200000.0,6.6765,95.72,XRP,0.0,10.0,1.0,2026-05-31 22:11:46.810970
XRPUSD,Bitunix,XRP/USD,1.3406,1.341,0.07,1422187.499,-56.27,645181.2004,777006.2986,7714,7149,2589232.3,3470865.89815,-11.61,0.00275,1780243200000.0,2.4405,102.13,XRP,,,0.275,2026-05-31 22:11:46.810970
XRPUSDT,Bitmex,XRP/USDT,1.3417,1.34269,-0.01,1336071.809,-49.1,784725.1743,551346.6347,714,548,1614598.0,2167694.69088,8.88,-0.0132,1780286400000.0,1.6224,113.92,XRP,0.0,0.53,-1.32,2026-05-31 22:11:46.810970
XRPPERP,Bybit,XRP/USDC,1.3411,1.3416,0.04,1287644.4533,-52.63,647086.617,640557.8362,2165,2197,4846328.0,6499410.48,-1.67,0.01,1780243200000.0,5.0475,107.59,XRP,0.0,50.18,1.0,2026-05-31 22:11:46.810970
XRPUSDC,Bitunix,XRP/USDC,1.3411,1.3412,0.09,706235.69007,-68.81,320824.04674,385411.65323,3834,4143,438217.8,587562.42624,-53.62,0.003967,1780243200000.0,0.832,48.73,XRP,,,0.3967,2026-05-31 22:11:46.810970
XRP-USDT,HTX,XRP/USDT,1.34487,1.342998,0.0,689556.3459,-88.49,303216.4848,386339.8711,3010,1188,50476740.0,67884653.3238,-0.1,0.01,1780243200000.0,98.4469,767.86,XRP,13.39,0.0,1.0,2026-05-31 22:11:46.810970
XRPUSDM,KuCoin,XRP/USD,1.3411,1.3413,-0.06,176182.0,7.82,31573.0,144609.0,45,153,15148912.09,20316206.0,-1.51,0.0371,1780243155400.0,115.3137,-8.65,XRP,,,3.71,2026-05-31 22:11:46.810970
XRPUSD_260626,Binance,XRP/USD,1.3411,1.34088613,0.16,129180.0,-40.76,73370.0,55810.0,371,293,566557.3,759810.0,0.55,,,5.8818,69.72,XRP,530.0,0.0,,2026-05-31 22:11:46.810970
XRP-USD-PERP,Paradex,XRP/USD,1.3381,1.34101851,-0.21,83193.0821,-4.89,46518.7821,36674.3,816,170,80022.2,107077.70582,-29.49,0.009582729569,,1.2871,-25.87,XRP,,,0.9583,2026-05-31 22:11:46.810970
XRPUSDC,CoinEx,XRP/USDC,1.3405,1.3413,0.06,68969.91895,-41.1,20422.66131,48547.25794,2672,5967,30053.5,40283.7114,-0.1,-0.108329,1780243200473.0,0.5841,69.6,XRP,,,-10.8329,2026-05-31 22:11:46.810970
XRPUSD_260925,Binance,XRP/USD,1.3415,1.34088449,-0.08,57230.0,9.85,28340.0,28890.0,175,147,408684.31,548250.0,-0.32,,,9.5798,-9.26,XRP,20.0,10.0,,2026-05-31 22:11:46.810970
XRP-USD,HTX,XRP/USD,1.34386,1.3412003822691332,0.05,40680.0,-36.17,19740.0,20940.0,388,312,331641.68886639975,445680.0,-1.65,0.0457914899791418,,10.9558,54.09,XRP,,,4.5791,2026-05-31 22:11:46.810970
XRPUSDT-19JUN26,Bybit,XRP/USDT,1.3428,1.343,0.49,35122.78472,131.58,24761.24622,10361.5385,146,119,24607.0,33044.74,717.4,,0.0,0.9408,253.02,XRP,,,,2026-05-31 22:11:46.810970
XRP-USD,dYdX,XRP/USD,1.3389,,-0.01,24915.7,-71.46,7334.86,17580.84,4,8,736170.0,987442.88882031,0.63,0.0,1780239600000.0,39.6314,252.63,XRP,,,0.0,2026-05-31 22:11:46.810970
XRPUSDT-05JUN26,Bybit,XRP/USDT,1.339,1.343,0.01,24607.1991,74.29,143.5991,24463.6,23,31,38973.4,52360.76,-48.24,,0.0,2.1279,-70.3,XRP,,,,2026-05-31 22:11:46.810970
XRPUSDT-26JUN26,Bybit,XRP/USDT,1.3457,1.343,0.17,13413.45283,-86.5,6663.07473,6750.3681,53,60,124138.6,166891.93,0.06,,0.0,12.4421,641.35,XRP,,,,2026-05-31 22:11:46.810970
XRPUSDT-12JUN26,Bybit,XRP/USDT,1.3433,1.343,0.36,12964.27974,-64.95,6469.27164,6494.9981,67,70,79822.4,107217.45,-0.16,,0.0,8.2702,184.85,XRP,,,,2026-05-31 22:11:46.810970
XRPUSDCM,KuCoin,XRP/USDC,1.3426,1.3412,0.25,5622.228,18.05,3355.846,2266.382,116,132,2129566.0,2859155.3116,0.35,0.01,1780243155400.0,508.5449,-15.0,XRP,,,1.0,2026-05-31 22:11:46.810970
PI_XRPUSD,Kraken,XRP/USD,1.3421,1.34115,-1.09,1000.0,12400.0,0.0,1000.0,0,2,21870.2,29352.0,3.52,0.0009936979166667,1780239600000.0,29.352,-99.17,XRP,,,0.0994,2026-05-31 22:11:46.810970
XRP-USDC,Lighter,XRP/USDC,1.340415,1.334672,0.01,115.2754,-100.0,112.5949,2.6806,1,2,4463396.0,5957932.906828,2.19,0.0012,,51684.3395,3426334.6,XRP,0.0,73.95,0.12,2026-05-31 22:11:46.810970
XRPM26,Bitmex,XRP/BTC,1.35223458,1.338427248,-0.54,1.34994525e-05,-100.0,0.0,1.34994525e-05,0,2,18913.18,25537.19189184,0.23,,,1891720563.6184,591467181.78,XRP,,,,2026-05-31 22:11:46.810970
BNBUSDT,Binance,BNB/USDT,728.85,728.16245671,7.68,2279122290.9952,293.67,1163849707.4098,1115272583.6054,1658981,1618600,776074.9,565393846.897,26.62,0.001584,1780243200000.0,0.2481,-67.83,BNB,8300116.72,1036477.63,0.1584,2026-05-31 22:11:46.810970
BNBUSDC,Binance,BNB/USDC,728.04,727.38851448,7.68,589818355.2662,230.14,293918641.2855,295899713.9707,351500,331478,88276.57,64239742.7547,21.55,0.0,1780243200000.0,0.1089,-63.18,BNB,655920.36,87222.58,0.0,2026-05-31 22:11:46.810970
BNB-USDT-SWAP,OKX,BNB/USDT,728.3,728.1,7.72,557147376.083,373.78,282730745.185,274416630.898,80322,85523,110831.72,80674408.988,46.44,0.01,1780243200000.0,0.1448,-69.09,BNB,1197423.6,163585.67,1.0,2026-05-31 22:11:46.810970
BNBUSDT,LBank,BNB/USDT,728.64,,7.65,409837112.843,210.26,203521034.0656,206316078.7874,36387,36197,49903.2,36362465.712,-12.64,0.0017,1780243200000.0,0.0887,-71.85,BNB,,,0.17,2026-05-31 22:11:46.810970
BNBUSDT,Bybit,BNB/USDT,728.3,728.19,7.69,213771945.521,218.56,109428005.43,104343940.081,181421,165476,188754.82,137432384.44,31.69,0.01,1780243200000.0,0.6429,-58.66,BNB,644458.12,52179.05,1.0,2026-05-31 22:11:46.810970
BNB_USDT,Gate,BNB/USDT,728.1,728.1517,7.68,212221635.6283,284.4,108618345.9205,103603289.7488,84801,85130,53549.67,38984159.76,35.25,0.0099,1780243200000.0,0.1837,-64.82,BNB,386322.34,88456.38,0.99,2026-05-31 22:11:46.810970
BNBUSDT,Aster,BNB/USDT,728.42,728.21045671,7.62,171053522.2056,358.56,85657572.9662,85395949.2494,34638,38575,11580.99,8435708.9259,31.55,0.0,1780243200000.0,0.0493,-71.32,BNB,233483.8,84151.65,0.0,2026-05-31 22:11:46.810970
BNBUSDT,Bitunix,BNB/USDT,728.77,728.09,7.67,162564212.5194,278.98,85006413.2236,77557799.2958,73259,69771,41126.37,29960149.2813,24.15,-0.001673,1780243200000.0,0.1843,-67.24,BNB,,,-0.1673,2026-05-31 22:11:46.810970
BNBUSD_PERP,Binance,BNB/USD,728.07,727.14087289,7.72,147491370.0,147.69,74856760.0,72634610.0,138230,127131,82948.44,60371530.0,1.5,0.025217,1780243200000.0,0.4093,-59.02,BNB,38560.0,180.0,2.5217,2026-05-31 22:11:46.810970
BNBUSDT_UMCBL,Bitget,BNB/USDT,727.74,728.2039490716536,7.64,145565965.119,490.4,74194032.3076,71371932.8214,93694,95709,120667.85,87814821.159,59.15,0.01,1780243200000.0,0.6033,-73.04,BNB,170535.88,20704.55,1.0,2026-05-31 22:11:46.810970
BNB_PERP,WhiteBIT,BNB/USDT,727.04,728.34,7.58,127194330.3422,224.67,23466710.4071,103727619.9451,18043,108743,99027.31,71981961.3659,30.76,-0.086896,1780243200000.0,0.5659,-59.73,BNB,,,-8.6896,2026-05-31 22:11:46.810970
BNB_USDT,MEXC,BNB/USDT,729.6,728.2,7.67,109489404.888,375.13,55933300.121,53556104.767,22416,21393,53528.16,39048792.72,22.28,0.0016,1780243200000.0,0.3566,-74.27,BNB,,,0.16,2026-05-31 22:11:46.810970
BNB-USDT,BingX,BNB/USDT,728.32,728.23,7.68,87513057.8481,210.68,42745109.0428,44767948.7853,159419,151773,102436.2151,74597124.95,211.05,0.0008,1780243200000.0,0.8524,0.12,BNB,,,0.08,2026-05-31 22:11:46.810970
BNB-USD,Hyperliquid,BNB/USD,728.71,728.21,7.74,72602431.18411,452.57,38165393.75317,34437037.43124,27317,27311,73464.032,53515608.75072,72.31,0.00125,1780239600000.0,0.7371,-68.82,BNB,210342.06,8776.77,0.125,2026-05-31 22:11:46.810970
BNBUSD,EdgeX,BNB/USD,728.67,728.192783209,7.64,55808181.6032,246.27,28548875.6063,27259305.9869,23622,22300,40622.77,29598968.9051,7.55,0.005,1780243200000.0,0.5304,-68.94,BNB,,,0.5,2026-05-31 22:11:46.810970
BNBUSDT,ApeX Omni,BNB/USDT,729.2,728.37,7.74,34448012.0658,176.29,17113757.28,17334254.7958,78166,79280,589.2080000000001,429190.89136000007,-4.87,0.00125,,0.0125,-65.47,BNB,,,0.125,2026-05-31 22:11:46.810970
BNB-USDC,BingX,BNB/USDC,727.69,727.26,7.66,21950752.7556,65.75,11011243.1736,10939509.582,129484,129131,25779.9634,18755696.76,66.96,0.0009,1780243200000.0,0.8544,0.73,BNB,,,0.09,2026-05-31 22:11:46.810970
BNBUSDT,CoinEx,BNB/USDT,728.93,728.1,7.78,18001663.5798,458.72,9489978.6782,8511684.9116,12449,11544,3901.3,2843657.57,52.24,0.0,1780243200455.0,0.158,-72.74,BNB,38870.25,13632.09,0.0,2026-05-31 22:11:46.810970
BNBUSD,Bitunix,BNB/USD,727.98,727.03,7.7,14766112.63,138.81,7545297.09,7220815.54,12020,12476,6757.7236,4918473.967788,-1.04,0.024954,1780243200000.0,0.3331,-58.56,BNB,,,2.4954,2026-05-31 22:11:46.810970
BNBUSDTM,KuCoin,BNB/USDT,728.14,728.13,7.66,14126720.2593,97.09,7451756.7238,6674963.5355,27920,25074,52745.59,38405646.4467,27.02,0.0072,1780243155140.0,2.7187,-35.55,BNB,,,0.72,2026-05-31 22:11:46.810970
BNBUSDC,Bitunix,BNB/USDC,727.99,727.2,7.67,8629513.8675,142.4,4379133.1447,4250380.7228,20297,19913,2146.67,1562367.8927,-23.58,-0.000849,1780243200000.0,0.181,-68.48,BNB,,,-0.0849,2026-05-31 22:11:46.810970
BNB-USD,Extended,BNB/USD,726.38,727.221346874999,7.51,7562557.91,47.63,4247386.93,3315170.98,4474,3530,6873.338,4997065.392005,10.71,0.0013,,0.6608,-25.0,BNB,3577.61,0.0,0.13,2026-05-31 22:11:46.810970
BNB-USD,BingX,BNB/USD,727.99,727.14,7.69,6935590.0,48.39,3453250.0,3482340.0,43178,43505,8051.989,5860318.11409,45.63,0.025,1780243200000.0,0.845,-1.85,BNB,,,2.5,2026-05-31 22:11:46.810970
BNB-USDT,HTX,BNB/USDT,727.499,728.156,7.67,5470573.0113,119.05,2876802.2364,2593770.7749,6184,5186,9111.2,6628352.444,13.57,0.01,1780243200000.0,1.2116,-48.15,BNB,114985.59,14256.98,1.0,2026-05-31 22:11:46.810970
PF_BNBUSD,Kraken,BNB/USDT,727.58,727.467,7.64,4951975.6,340.91,2871336.6457,2080638.9443,5426,5305,3265.4,2375839.732,15.79,0.0004923098611111,1780239600000.0,0.4798,-73.74,BNB,,,0.0492,2026-05-31 22:11:46.810970
BNBPERP,Bybit,BNB/USDC,727.4,727.42,7.64,2459083.06,531.39,1225955.759,1233127.301,5936,9112,5058.88,3679829.31,17.5,0.01,1780243200000.0,1.4964,-81.39,BNB,1294.15,0.0,1.0,2026-05-31 22:11:46.810970
BNB-PERP,Coinbase,BNB/USDC,726.97,727.27,7.51,1496581.8899,301.59,809709.6347,686872.2452,1031,916,1063.267,772963.21099,10.9,0.0017,,0.5165,-72.38,BNB,,,0.17,2026-05-31 22:11:46.810970
BNBUSD_260925,Binance,BNB/USD,729.84,727.16982969,7.45,1407410.0,269.87,672580.0,734830.0,2175,1808,1434.04,1046620.0,3.58,,,0.7436,-72.0,BNB,110.0,0.0,,2026-05-31 22:11:46.810970
BNBUSD,Bitmex,BNB/USD,724.48,727.51,7.06,1103428.092,1866.74,500805.627,602622.465,111,164,4593.47,3327877.567448424,7.69,0.01,1780286400000.0,3.0159,-94.52,BNB,98.31,0.0,1.0,2026-05-31 22:11:46.810970
BNBUSD_260626,Binance,BNB/USD,726.75,727.14087289,7.33,757700.0,227.0,493570.0,264130.0,3592,2499,1323.07,961540.0,9.8,,,1.269,-66.42,BNB,270.0,0.0,,2026-05-31 22:11:46.810970
BNB_USDC,MEXC,BNB/USDC,727.19,727.38,7.6,414293.99715,79.07,242126.08813,172167.90842,4044,4024,3602.729,2619472.20132,-64.46,0.0,1780243200000.0,6.3227,-80.15,BNB,,,0.0,2026-05-31 22:11:46.810970
BNBUSDT,Bitmex,BNB/USDT,727.41,728.293,7.57,383726.7862,52.66,191474.8745,192251.9117,230,284,1894.55,1379887.9143,6.19,0.01,1780286400000.0,3.596,-30.44,BNB,0.28,0.0,1.0,2026-05-31 22:11:46.810970
BNB-USD-PERP,Paradex,BNB/USD,731.05,728.03379844,8.2,345852.1052,127.98,202242.8655,143609.2397,741,658,343.622,251204.8631,17.39,0.047216782378,,0.7263,-48.51,BNB,1.39,0.0,4.7217,2026-05-31 22:11:46.810970
BNBUSDC,CoinEx,BNB/USDC,727.61,727.04,7.64,89734.71164,23.58,52381.04432,37353.66752,4704,3995,9.8,7126.952,-48.39,0.01656,1780243200459.0,0.0794,-58.25,BNB,236.54,0.0,1.656,2026-05-31 22:11:46.810970
BNB-USDC,Lighter,BNB/USDC,723.1285,727.2213,7.94,26257.0,-99.54,23998.23,2258.77,19,12,11902.76,8657380.834748,7.83,0.0012,,329.7171,23525.47,BNB,729.5,0.0,0.12,2026-05-31 22:11:46.810970
ASTERUSDT,Aster,ASTER/USDT,0.7394,0.73982,6.79,354149171.301539,492.24,185443229.415958,168705941.895381,168769,138387,118691652.75,87772477.208625,-6.63,-0.010421,1780243200000.0,0.2478,-84.24,ASTER,332183.79,370139.0,-1.0421,2026-05-31 22:11:46.810970
ASTERUSDT,Binance,ASTER/USDT,0.74,0.73994333,6.87,351846007.0223,450.0,174531983.5019,177314023.5304,890830,915307,140810851.0,104129624.3145,26.64,0.005,1780243200000.0,0.296,-76.97,ASTER,575230.15,277245.8,0.5,2026-05-31 22:11:46.810970
ASTER-USDT-SWAP,OKX,ASTER/USDT,0.7399,0.7396,6.88,97886023.0924,480.24,49077632.7045,48808390.3879,102084,100746,16512023.0,12207338.6039,11.64,0.005,1780243200000.0,0.1247,-80.76,ASTER,109946.59,216008.75,0.5,2026-05-31 22:11:46.810970
ASTER_USDT,MEXC,ASTER/USDT,0.7398,0.7391,6.83,96611152.9642,230.09,48674669.4768,47936483.4974,33978,34806,29135244.0,21548426.4624,11.15,0.005,1780243200000.0,0.223,-66.33,ASTER,,,0.5,2026-05-31 22:11:46.810970
ASTERUSDT,Bybit,ASTER/USDT,0.7402,0.7401,6.93,88215313.0663,479.77,47854903.7804,40360409.2859,278092,242570,78952565.0,58432793.36,36.29,0.005,1780243200000.0,0.6624,-76.49,ASTER,45755.08,61147.54,0.5,2026-05-31 22:11:46.810970
ASTER_PERP,WhiteBIT,ASTER/USDT,0.7399,0.739,6.89,80790230.994,138.1,31732095.7082,49058135.2858,40960,85388,29130529.0,21521634.8252,24.63,0.005,1780243200000.0,0.2664,-47.65,ASTER,,,0.5,2026-05-31 22:11:46.810970
ASTER-USD,Hyperliquid,ASTER/USD,0.74047,0.7403,6.95,67299546.35654,562.83,34492210.96433,32807335.40241,45816,40597,92762240.0,68704353.056,47.15,0.00125,1780239600000.0,1.0209,-77.8,ASTER,3146.6,0.0,0.125,2026-05-31 22:11:46.810970
ASTERUSDT_UMCBL,Bitget,ASTER/USDT,0.7397,0.7396666106957975,6.8,29901466.2122,581.94,15445211.3723,14456254.8299,42963,36167,28623981.0,21173158.7457,21.13,0.005,1780243200000.0,0.7081,-82.24,ASTER,24342.75,13751.97,0.5,2026-05-31 22:11:46.810970
ASTERUSDT,ApeX Omni,ASTER/USDT,0.7404,0.74,6.96,29150839.4416,263.86,14013140.54,15137698.9116,64670,69450,118918.0,88046.8872,2.81,0.00125,,0.003,-71.96,ASTER,,,0.125,2026-05-31 22:11:46.810970
ASTERUSD,EdgeX,ASTER/USD,0.7398,0.7391,6.86,25726421.8446,446.42,11865251.036,13861170.8186,12477,14687,6212902.0,4594441.029,2.33,0.005,1780243200000.0,0.1786,-81.27,ASTER,,,0.5,2026-05-31 22:11:46.810970
ASTER-USDT,BingX,ASTER/USDT,0.74,0.7396,6.91,20536996.995116,148.58,9374984.41519,11162012.670126,437739,437516,23628078.3367,17472963.93,148.43,0.005,1780243200000.0,0.8508,-0.06,ASTER,,,0.5,2026-05-31 22:11:46.810970
ASTERUSDT,Bitunix,ASTER/USDT,0.7399,0.7395,6.84,19584361.7541,462.69,9856119.7202,9728242.0339,33211,33347,6721938.0,4970200.9572,14.33,0.005,1780243200000.0,0.2538,-79.68,ASTER,,,0.5,2026-05-31 22:11:46.810970
ASTERUSDT,LBank,ASTER/USDT,0.7398,,6.88,16094918.0032,,8105113.59116,7989804.42174,62663,62114,0.0,0.0,,,,0.0,,ASTER,,,,2026-05-31 22:11:46.810970
ASTER_USDT,Gate,ASTER/USDT,0.7396,0.74018,6.85,15032360.979,600.09,7328753.65,7703607.339,25545,23696,8603840.0,6362539.68,20.57,0.0012,1780243200000.0,0.4233,-82.78,ASTER,53652.73,10019.77,0.12,2026-05-31 22:11:46.810970
ASTERUSDTM,KuCoin,ASTER/USDT,0.74012,0.7396,6.81,10261579.32235,40.63,5176112.22561,5085467.11624,55049,53201,55612471.0,41146555.04348,9.7,0.0205,1780243155113.0,4.0098,-21.99,ASTER,,,2.05,2026-05-31 22:11:46.810970
ASTER-PERP,Coinbase,ASTER/USDC,0.7394,0.73877,6.83,7097333.159255,481.28,3566907.575655,3530425.5836,9426,10782,393526.5,290973.4941,16.11,0.0005,,0.041,-80.02,ASTER,,,0.05,2026-05-31 22:11:46.810970
ASTER-USD,Extended,ASTER/USD,0.73892,0.738455456249,6.9,4769278.91,3424.94,2388519.69,2380759.22,1872,2418,1058566.0,780799.464018,37.15,0.0013,,0.1637,-96.11,ASTER,0.0,35319.29,0.13,2026-05-31 22:11:46.810970
ASTERUSDT,CoinEx,ASTER/USDT,0.7402,0.7393,6.78,2102047.3291,1559.31,976773.0279,1125274.3012,5659,6277,1188780.0,879102.81,24.83,0.005568,1780243200531.0,0.4182,-92.48,ASTER,761.07,199.83,0.5568,2026-05-31 22:11:46.810970
PF_ASTERUSD,Kraken,ASTER/USDT,0.741,0.73941,7.05,953781.1709,1555.37,344265.7238,609515.4471,683,738,562948.0,417144.468,514.2,0.01619011,1780239600000.0,0.4374,-62.89,ASTER,,,1.619,2026-05-31 22:11:46.810970
ASTERUSDT,Bitmex,ASTER/USDT,0.74,0.7401,6.87,818534.2952,342.82,423881.4728,394652.8322,847,754,60181.6,44546.42032,149.64,0.01,1780286400000.0,0.0544,-43.63,ASTER,,,1.0,2026-05-31 22:11:46.810970
ASTERPERP,Bybit,ASTER/USDC,0.7389,0.7396,6.82,514009.3141,650.12,252976.015,261033.3091,4098,4030,477380.0,352974.77,8.47,0.005,1780243200000.0,0.6867,-85.54,ASTER,494.49,0.0,0.5,2026-05-31 22:11:46.810970
ASTER-USDT,HTX,ASTER/USDT,0.7425,0.73936,6.85,472666.9906,850.12,290536.0731,182130.9275,6897,6628,839361.0,621127.14,-4.58,0.005,1780243200000.0,1.3141,-89.96,ASTER,391.92,10.81,0.5,2026-05-31 22:11:46.810970
ASTER-USD-PERP,Paradex,ASTER/USD,0.73399,0.73863067,6.25,12859.2,-42.86,3911.65,8947.55,15,25,37026.0,27176.71374,-10.46,-0.037866892617,,2.1134,56.69,ASTER,,,-3.7867,2026-05-31 22:11:46.810970
ASTER-USDC,Lighter,ASTER/USDC,0.69411,0.73748,0.0,1325.7551,-99.79,1325.7551,0.0,2,0,5606417.6,4138433.215616,15.59,0.0012,,3121.5669,55578.63,ASTER,1.11,0.0,0.12,2026-05-31 22:11:46.810970
DOGEUSDT,Binance,DOGE/USDT,0.10082,0.10085073,-0.25,183938749.6848,-50.94,91632911.59262,92305838.12228,249503,239013,2243724371.0,226189853.84051,0.92,0.006231,1780243200000.0,1.2297,105.7,DOGE,123935.64,194750.05,0.6231,2026-05-31 22:11:46.810970
DOGE-USDT-SWAP,OKX,DOGE/USDT,0.10081,0.10085,-0.26,143688735.3146,-51.29,71032433.9876,72656301.347,41112,36622,1039174919.999999,104748831.9359999,3.52,0.00755712189757,1780243200000.0,0.729,112.54,DOGE,5405.7,9928.73,0.7557,2026-05-31 22:11:46.810970
DOGE_PERP,WhiteBIT,DOGE/USDT,0.100792,0.10086,-0.24,100596742.518726,-16.64,31327607.533324,69269134.965602,51341,125804,611928892.0,61677536.882464,1.74,0.01,1780243200000.0,0.6131,22.06,DOGE,,,1.0,2026-05-31 22:11:46.810970
DOGE_USDT,MEXC,DOGE/USDT,0.10082,0.10085,-0.22,63106300.128,-9.0,29713762.168,33392537.95,8049,7853,293627800.0,29603554.796,-5.72,0.0061,1780243200000.0,0.4691,3.6,DOGE,,,0.61,2026-05-31 22:11:46.810970
DOGE_USDT,Gate,DOGE/USDT,0.10081,0.100852,-0.24,46146646.4343,-36.89,22066901.5977,24079744.8366,39226,37516,2302244300.0,232066225.44,2.58,0.0032,1780243200000.0,5.0289,62.53,DOGE,7468.84,24600.7,0.32,2026-05-31 22:11:46.810970
DOGEUSDT,Bybit,DOGE/USDT,0.1008,0.10085,-0.26,41114894.0446,-63.34,21060899.559,20053994.4855,63572,65760,1080226262.0,108886807.21,2.94,0.009368,1780243200000.0,2.6484,180.82,DOGE,9172.99,32283.91,0.9368,2026-05-31 22:11:46.810970
DOGEUSD,Bitmex,DOGE/USD,0.10064,0.10078,-0.36,29703685.845,10099.75,14408259.444,15295426.401,473,435,12021702.53,1209864.14264043,0.77,0.01,1780286400000.0,0.0407,-99.01,DOGE,0.0,1983.84,1.0,2026-05-31 22:11:46.810970
DOGEUSDT,Bitunix,DOGE/USDT,0.10082,0.10085,-0.24,25206746.50688,-60.3,12567205.16453,12639541.35205,19150,16854,262546175.0,26469905.3635,-33.64,0.005917,1780243200000.0,1.0501,67.16,DOGE,,,0.5917,2026-05-31 22:11:46.810970
DOGEUSDT,LBank,DOGE/USDT,0.10082,,-0.25,23117089.82778,-21.54,11820687.80376,11296402.01412,313291,313190,1043548042.0,105200078.11402,-0.2,0.00615,1780243200000.0,4.5507,27.19,DOGE,,,0.615,2026-05-31 22:11:46.810970
DOGEUSDC,Binance,DOGE/USDC,0.1007,0.10074922,-0.26,21932421.78778,-44.23,10892814.17276,11039607.61502,27254,26696,194255166.0,19559552.66454,-1.43,0.006511,1780243200000.0,0.8918,76.73,DOGE,12063.17,6845.2,0.6511,2026-05-31 22:11:46.810970
DOGEUSDT_UMCBL,Bitget,DOGE/USDT,0.10079,0.1008558055060615,-0.29,19356551.9794,-44.97,8928451.0324,10428100.9476,19851,20616,1020521339.0,102848140.54442,4.22,0.0029,1780243200000.0,5.3134,89.4,DOGE,0.0,4093.11,0.29,2026-05-31 22:11:46.810970
DOGE-USDT,BingX,DOGE/USDT,0.10082,0.10085,-0.25,14675941.6994,-40.16,6851874.2679,7824067.3714,132000,132404,124172407.5801,12515336.96,-40.08,0.0094,1780243200000.0,0.8528,0.13,DOGE,,,0.94,2026-05-31 22:11:46.810970
DOGEUSD,EdgeX,DOGE/USD,0.10081,0.10082258,-0.26,12744926.02814,-49.47,6634900.90077,6110025.11747,9977,9094,101239839.0,10205988.16959,-0.32,0.005,1780243200000.0,0.8008,97.24,DOGE,,,0.5,2026-05-31 22:11:46.810970
DOGEUSD_PERP,Binance,DOGE/USD,0.10068,0.10071054,-0.26,12648060.0,-49.17,6343870.0,6304190.0,14775,14951,330875931.26,33309280.0,-0.26,0.01,1780243200000.0,2.6335,96.22,DOGE,10.0,0.0,1.0,2026-05-31 22:11:46.810970
DOGE-PERP,Coinbase,DOGE/USDC,0.10074,0.10071,-0.22,10238188.48391,-63.45,5125805.85521,5112382.6288,3799,3459,20947585.0,2109631.28535,-1.34,0.0009,,0.2061,170.12,DOGE,,,0.09,2026-05-31 22:11:46.810970
DOGE-USD,Hyperliquid,DOGE/USD,0.1008,0.10086,-0.28,6145405.37918,-50.73,3072084.21614,3073321.16324,4219,4371,276119706.0,27835627.56186,-4.82,0.00112498,1780239600000.0,4.5295,93.2,DOGE,0.0,7330.54,0.1125,2026-05-31 22:11:46.810970
DOGEUSDT,Aster,DOGE/USDT,0.10081,0.10085561,-0.24,5510841.84311,-62.95,3312003.52414,2198838.32927,15100,14938,52826511.0,5325440.57391,-0.01,0.01,1780243200000.0,0.9664,169.94,DOGE,2.03,99141.53,1.0,2026-05-31 22:11:46.810970
DOGEUSDT,CoinEx,DOGE/USDT,0.100876,0.100856,-0.24,5375550.948896,-45.37,3145180.230295,2230370.718901,6035,5132,51968135.0,5242337.58626,10.41,0.0,1780243176422.0,0.9752,102.07,DOGE,76.66,0.0,0.0,2026-05-31 22:11:46.810970
DOGE-USD-SWAP,OKX,DOGE/USD,0.10065,0.1007,-0.28,4171010.0,-68.49,2235050.0,1935960.0,3573,2993,268415789.47368422,27029470.0,-0.45,0.01,1780243200000.0,6.4803,215.9,DOGE,12700.0,0.0,1.0,2026-05-31 22:11:46.810970
DOGE-USD,BingX,DOGE/USD,0.10068,0.10071,-0.24,3774760.0,-2.5,1873070.0,1901690.0,43277,43389,31070734.419,3128201.54130492,-3.59,0.0101,1780243200000.0,0.8287,-1.12,DOGE,,,1.01,2026-05-31 22:11:46.810970
DOGE-USDT,HTX,DOGE/USDT,0.101006,0.100852,-0.2,3428758.9424,-59.71,1618587.8088,1810171.1336,5889,5676,70448300.0,7115700.9898,2.09,0.0949096233633949,1780243200000.0,2.0753,153.39,DOGE,438.75,15088.82,9.491,2026-05-31 22:11:46.810970
DOGEUSDTM,KuCoin,DOGE/USDT,0.10085,0.10086,-0.25,2499784.821,-82.51,1246141.169,1253643.652,4333,3459,883850700.0,89136343.095,-2.92,0.0028,1780243170071.0,35.6576,455.18,DOGE,,,0.28,2026-05-31 22:11:46.810970
DOGE-USDC,BingX,DOGE/USDC,0.10069,0.10072,-0.28,2177755.93,-10.6,1088441.97,1089313.95,129651,129742,18408555.9197,1853373.41,-10.71,0.0103,1780243200000.0,0.851,-0.13,DOGE,,,1.03,2026-05-31 22:11:46.810970
DOGEUSDT,ApeX Omni,DOGE/USDT,0.1009,0.1009,-0.2,1668542.88,34.89,1060844.94,607697.94,7408,5372,1134744.0,114495.6696,10.57,0.00125,,0.0686,-18.04,DOGE,,,0.125,2026-05-31 22:11:46.810970
DOGEUSDT,Bitmex,DOGE/USDT,0.10081,0.100886,-0.26,1155368.5359,1.11,615044.2417,540324.2942,880,629,12225210.0,1233352.53606,-7.29,0.0004,1780286400000.0,1.0675,-8.31,DOGE,0.0,0.1,0.04,2026-05-31 22:11:46.810970
PF_DOGEUSD,Kraken,DOGE/USDT,0.100718,0.100724,-0.29,1128244.602856,-73.84,537565.07571,590679.527146,1663,1392,32789588.0,3302501.724184,0.97,0.0011024218055556,1780239600000.0,2.9271,286.01,DOGE,,,0.1102,2026-05-31 22:11:46.810970
DOGEUSD-PERP,Crypto.com,DOGE/USD,0.100705,0.100724,-0.27,1053382.7326,-53.31,527131.1717,526251.5509,3835,4020,4777100.0,481077.8555,1.14,0.0007852,1780239600000.0,0.4567,116.65,DOGE,,,0.0785,2026-05-31 22:11:46.810970
DOGE-USD,Extended,DOGE/USD,0.10067,0.1007117859,-0.3,930838.07,-81.57,297169.69,633668.38,472,538,9158980.0,921777.014616,50.17,0.0013,,0.9903,715.06,DOGE,,,0.13,2026-05-31 22:11:46.810970
DOGEUSD,Bitunix,DOGE/USD,0.10068,0.10069,-0.26,765104.7047,-44.94,397944.2572,367160.4476,7623,7070,15680914.91,1578597.7039897,-10.03,0.01,1780243200000.0,2.0632,63.41,DOGE,,,1.0,2026-05-31 22:11:46.810970
DOGE_USD,MEXC,DOGE/USD,0.10067,0.10069,-0.28,421370.0,-44.5,214060.0,207310.0,4207,4157,14740538.3928,1483930.0,1.48,0.01,1780243200000.0,3.5217,82.85,DOGE,,,1.0,2026-05-31 22:11:46.810970
DOGEUSD_DMCBL,Bitget,DOGE/USD,0.10078,0.100713738871963,-0.2,226958.1312,-53.78,165255.3309,61702.8003,849,150,152057834.0,15324388.51052,1.35,0.01,1780243200000.0,67.5208,119.28,DOGE,,,1.0,2026-05-31 22:11:46.810970
DOGEUSD,Bybit,DOGE/USD,0.10075,0.1007,-0.25,209515.0,-56.66,131376.0,78139.0,419,274,28625868.57,2883770.0,-1.2,0.01,1780243200000.0,13.764,128.0,DOGE,0.0,765.0,1.0,2026-05-31 22:11:46.810970
DOGEUSDC,Bitunix,DOGE/USDC,0.10069,0.10072,-0.26,198556.00218,-46.96,93884.58339,104671.42869,3708,3673,1954125.0,196780.3875,-25.96,0.006396,1780243200000.0,0.9911,39.59,DOGE,,,0.6396,2026-05-31 22:11:46.810970
DOGE_USDC,MEXC,DOGE/USDC,0.1007,0.10073,-0.27,144787.4696,-78.57,87470.9441,57316.5255,4011,3937,3135580.0,315690.1944,10.89,0.0065,1780243200000.0,2.1804,417.54,DOGE,,,0.65,2026-05-31 22:11:46.810970
DOGEPERP,Bybit,DOGE/USDC,0.10064,0.10074,-0.36,116448.8973,-61.64,57177.1364,59271.7609,495,616,22991756.0,2315269.83,0.0,0.01,1780243200000.0,19.8823,160.69,DOGE,,,1.0,2026-05-31 22:11:46.810970
DOGEUSDC,CoinEx,DOGE/USDC,0.100788,0.100718,-0.26,71418.176978,-38.37,64292.703656,7125.483222,7788,860,273260.0,27541.8754,-0.3,0.053051,1780243200461.0,0.3856,61.74,DOGE,,,5.3051,2026-05-31 22:11:46.810970
DOGE-USD,HTX,DOGE/USD,0.100612,0.10072109595943143,-0.29,61760.0,5.0,30670.0,31090.0,445,451,12609629.070091043,1268680.0,-0.15,0.01,,20.5421,-4.9,DOGE,,,1.0,2026-05-31 22:11:46.810970
DOGEUSDT-19JUN26,Bybit,DOGE/USDT,0.10101,0.10086,0.24,25753.65,91.47,22878.26,2875.39,65,31,406952.0,41106.22,3438.09,,0.0,1.5961,1747.34,DOGE,,,,2026-05-31 22:11:46.810970
DOGEUSDT-26JUN26,Bybit,DOGE/USDT,0.10113,0.10085,-0.13,1660.04,-84.32,84.03,1576.02,14,40,349734.0,35354.61,-7.98,,0.0,21.2974,487.04,DOGE,,,,2026-05-31 22:11:46.810970
DOGE-USD-PERP,Paradex,DOGE/USD,0.10561,0.10075239,4.47,1039.76,-84.5,15.1,1024.66,1,2,2039529.0,215394.65769,3.46,0.009958892555,,207.1581,567.26,DOGE,,,0.9959,2026-05-31 22:11:46.810970
DOGEUSDM,KuCoin,DOGE/USD,0.10133,0.10072,0.32,477.0,52.88,468.0,9.0,5,2,557919.67,56534.0,18.49,0.2736,1780243155171.0,118.5199,-22.5,DOGE,,,27.36,2026-05-31 22:11:46.810970
DOGEUSDT-12JUN26,Bybit,DOGE/USDT,0.10123,0.10086,0.33,270.28,-99.03,156.46,113.81,10,11,559296.0,56466.52,-0.28,,0.0,208.9186,10220.54,DOGE,,,,2026-05-31 22:11:46.810970
DOGEUSDT-05JUN26,Bybit,DOGE/USDT,0.10124,0.10086,0.59,147.76,-61.35,114.9,32.87,4,4,408874.0,41259.48,-0.68,,0.0,279.2331,157.01,DOGE,,,,2026-05-31 22:11:46.810970
DOGEUSDCM,KuCoin,DOGE/USDC,0.10076,0.10077,1.11,5.04,,0.0,5.04,0,1,1637380.0,164982.4088,1.11,0.0528,1780243155171.0,32734.6049,,DOGE,,,5.28,2026-05-31 22:11:46.810970
DOGE-USDC,Lighter,DOGE/USDC,0.101115,0.100443,0.0,0.1011,-100.0,0.1011,0.0,1,0,15458264.0,1553787.40596,-1.08,0.0012,,15368817.0718,909289751.6,DOGE,150.06,0.0,0.12,2026-05-31 22:11:46.810970
ZECUSDT,Binance,ZEC/USDT,549.21,549.75189205,5.21,761631291.59819,-24.26,384859937.99908,376771353.65891,1236511,1189010,556141.922,305599986.139,8.81,-0.012893,1780243200000.0,0.4012,43.64,ZEC,1305138.21,655386.37,-1.2893,2026-05-31 22:11:46.810970
ZEC_USDT,MEXC,ZEC/USDT,549.22,549.83,5.23,573984693.9828,18.12,288351384.5908,285633309.372,179519,175649,84870.11,46617454.0208,6.77,-0.013,1780243200000.0,0.0812,-9.68,ZEC,,,-1.3,2026-05-31 22:11:46.810970
ZEC-USDT-SWAP,OKX,ZEC/USDT,549.08,549.77,5.17,330638371.4191,-26.15,162205650.0921,168432721.357,245619,229687,120142.37,65965369.6722,0.49,-0.01335005718075,1780243200000.0,0.1995,36.08,ZEC,541501.03,202519.71,-1.335,2026-05-31 22:11:46.810970
ZEC-USD,Hyperliquid,ZEC/USD,549.4,549.85,5.27,151610446.2041,-20.45,81658417.4984,69952028.7157,73435,51254,461424.78,253640587.3182,15.86,0.00125,1780239600000.0,1.673,45.64,ZEC,440469.97,53.86,0.125,2026-05-31 22:11:46.810970
ZECUSDT,Bybit,ZEC/USDT,549.26,549.96,5.19,127964582.8801,-47.29,63858730.3335,64105852.5366,306018,297445,257039.61,141274110.45,18.31,0.01,1780243200000.0,1.104,124.48,ZEC,50169.58,119089.79,1.0,2026-05-31 22:11:46.810970
ZECUSDT,LBank,ZEC/USDT,549.32,,5.22,72638291.534,1.07,35941880.336,36696411.188,61674,61723,4377.8,2405250.876,-20.8,-0.01304,1780243200000.0,0.0331,-21.75,ZEC,,,-1.304,2026-05-31 22:11:46.810970
ZECUSDT_UMCBL,Bitget,ZEC/USDT,549.29,549.7363069805397,5.21,61288263.42784,-32.69,30231076.75079,31057186.68685,210135,206127,110481.396,60695164.52052,6.35,0.005,1780243200000.0,0.9903,57.99,ZEC,29655.06,16551.67,0.5,2026-05-31 22:11:46.810970
ZEC_USDT,Gate,ZEC/USDT,549.28,550.046,5.21,49041618.6367,-20.35,24445352.0366,24596266.6101,56269,53385,37047.42,20359780.1352,10.59,0.003,1780243200000.0,0.4152,38.86,ZEC,58150.08,30271.77,0.3,2026-05-31 22:11:46.810970
ZEC-USDT,BingX,ZEC/USDT,549.23,549.65,5.19,45867534.82326,-15.35,22103769.0767,23763765.75706,148218,148456,71195.2224,39103975.91,-14.97,0.01,1780243200000.0,0.8525,0.45,ZEC,,,1.0,2026-05-31 22:11:46.810970
ZECUSDC,Binance,ZEC/USDC,548.69,549.19811396,5.2,42537807.75689,-26.41,22394685.0208,20143122.73589,145716,131808,22201.852,12189038.76652,-0.1,0.005,1780243200000.0,0.2865,35.72,ZEC,20290.4,5380.42,0.5,2026-05-31 22:11:46.810970
ZECUSDT,CoinEx,ZEC/USDT,550.45,550.06,5.39,31590714.985,-28.12,13461492.89,18129222.115,8009,10174,15425.5,8490966.475,133.68,0.0,1780243176370.0,0.2688,225.03,ZEC,30508.62,0.0,0.0,2026-05-31 22:11:46.810970
ZECUSDT,ApeX Omni,ZEC/USDT,549.87,549.71,5.38,27043773.26,87.47,15608794.69,11434978.57,69280,49814,884.9999999999999,486634.94999999995,60.81,0.00125,,0.018,-14.29,ZEC,,,0.125,2026-05-31 22:11:46.810970
ZEC_PERP,WhiteBIT,ZEC/USDT,548.94,550.22,5.28,22417576.68675,8.51,11698656.40693,10718920.29002,26546,24608,125542.49,68990619.9546,7.55,0.01,1780243200000.0,3.0775,-0.89,ZEC,,,1.0,2026-05-31 22:11:46.810970
ZECUSDTM,KuCoin,ZEC/USDT,549.58,549.84,5.23,20675018.9573,-65.95,11115061.2732,9559957.6941,47713,47535,236842.39,130170945.9679,5.48,-0.0132,1780243170536.0,6.296,209.77,ZEC,,,-1.32,2026-05-31 22:11:46.810970
ZECUSD,EdgeX,ZEC/USD,549.77,549.433064334,5.25,11085049.9023,-19.06,5982979.3987,5102070.5036,5764,4809,35258.53,19384082.0381,5.22,0.005,1780243200000.0,1.7487,30.0,ZEC,,,0.5,2026-05-31 22:11:46.810970
PF_ZECUSD,Kraken,ZEC/USDT,550.08,549.1868,5.26,10332453.3575,-26.94,5195530.3982,5136922.9593,6812,6413,9969.55,5484050.064,12.44,0.0030779802777778,1780239600000.0,0.5308,53.94,ZEC,,,0.3078,2026-05-31 22:11:46.810970
ZEC-USDC,BingX,ZEC/USDC,548.66,548.24,5.18,7058921.2031382,0.33,3512123.297875,3546797.9249632,431424,431909,10985.2901,6027189.26,0.96,0.011,1780243200000.0,0.8538,0.61,ZEC,,,1.1,2026-05-31 22:11:46.810970
ZECUSDT,Aster,ZEC/USDT,549.42,549.90366345,5.25,6412437.10788,-45.0,3049171.5127,3363265.60498,2873,2897,5387.278,2962302.55386,10.19,-0.000231,1780239600000.0,0.462,100.35,ZEC,3327.22,14.72,-0.0231,2026-05-31 22:11:46.810970
ZEC-PERP,Coinbase,ZEC/USDC,548.79,549.19,5.07,4105376.2265,-47.6,2257462.5073,1847913.7292,3077,2587,3185.79,1748329.6941,11.83,0.0014,,0.4259,113.48,ZEC,,,0.14,2026-05-31 22:11:46.810970
ZEC_USDC,MEXC,ZEC/USDC,549.01,549.39,5.3,4048961.2806,36.16,2018995.7226,2029965.558,8139,8471,7586.91,4165289.4591,-30.7,0.005,1780243200000.0,1.0287,-49.11,ZEC,,,0.5,2026-05-31 22:11:46.810970
ZEC-USDT,HTX,ZEC/USDT,547.83,549.887,4.96,1878617.0675,-36.22,1209225.8908,669391.1767,7176,3196,3632.88,1990200.6504,44.91,-0.140159003654225,1780243200000.0,1.0594,127.19,ZEC,878.28,7319.95,-14.0159,2026-05-31 22:11:46.810970
ZEC-USD,Extended,ZEC/USD,549.0,548.944999999999,5.64,1540755.22,-36.34,973818.04,566937.18,832,876,3192.0,1753392.745506,3.99,0.0013,,1.138,63.36,ZEC,0.0,2010.76,0.13,2026-05-31 22:11:46.810970
ZECUSDT,Bitmex,ZEC/USDT,549.71,549.856,5.36,323985.2604,-9.74,155119.5823,168865.6781,636,421,562.41,309267.00936,-12.22,0.01,1780286400000.0,0.9546,-2.74,ZEC,,,1.0,2026-05-31 22:11:46.810970
ZEC-USD-PERP,Paradex,ZEC/USD,554.479,549.35704986,6.55,11387.18,-69.8,6668.44,4718.74,30,23,2088.38,1157962.85402,6.74,0.010916664591,,101.69,253.42,ZEC,0.0,0.52,1.0917,2026-05-31 22:11:46.810970
APTUSDT,Binance,APT/USDT,0.9353,0.93615,-1.03,17948352.99458,-54.51,8513846.01091,9434507.01437,126179,119724,21004490.4,19647600.32016,-0.8,-0.006875,1780243200000.0,1.0947,118.11,APT,63.43,8882.3,-0.6875,2026-05-31 22:11:46.810970
APT_PERP,WhiteBIT,APT/USDT,0.9366,0.936,-1.06,12559614.56124,-36.87,9393571.77966,3166042.78138,118601,26138,5046900.8,4727431.97936,-1.45,0.01,1780243200000.0,0.3764,56.12,APT,,,1.0,2026-05-31 22:11:46.810970
APTUSDT,Bybit,APT/USDT,0.9353,0.9365,-1.02,6721596.52052,-61.11,3138870.0125,3582726.50792,54895,55688,16966981.84,15876004.91,-1.66,0.008671,1780243200000.0,2.3619,152.88,APT,11667.01,5714.54,0.8671,2026-05-31 22:11:46.810970
APT-USDC,BingX,APT/USDC,0.9355,0.9358,-0.98,6505297.9200596,-0.22,3258120.55163,3247177.3984296,432829,432024,978552.7959,915240.43,-3.2,0.011,1780243200000.0,0.1407,-2.97,APT,,,1.1,2026-05-31 22:11:46.810970
APT-USDT-SWAP,OKX,APT/USDT,0.9354,0.9356,-0.99,5568746.1948,-61.78,2613827.2705,2954918.9243,16840,15825,5627334.0,5263245.4902,-4.19,0.00307125070086,1780243200000.0,0.9451,150.69,APT,266.98,295.21,0.3071,2026-05-31 22:11:46.810970
APTUSDT,ApeX Omni,APT/USDT,0.934,0.937,-1.27,5201386.2458,21.12,3264398.0458,1936988.2,15148,8980,134949.03999999995,126042.40335999997,-3.02,0.00125,,0.0242,-20.13,APT,,,0.125,2026-05-31 22:11:46.810970
APT-USDT,BingX,APT/USDT,0.9353,0.9358,-1.04,4852235.97,-42.52,1506658.6351,3345577.3049,130073,131057,4404529.1212,4119996.54,-42.61,0.01,1780243200000.0,0.8491,-0.16,APT,,,1.0,2026-05-31 22:11:46.810970
APT_USDT,MEXC,APT/USDT,0.9353,0.9368,-1.03,4692718.53112,-17.62,2448962.49692,2243756.0447,5993,5950,12463685.7,11658531.60378,17.56,-0.0071,1780243200000.0,2.4844,42.72,APT,,,-0.71,2026-05-31 22:11:46.810970
APTUSDT,LBank,APT/USDT,0.9353,,-1.03,3868659.04556,-30.45,1926344.40506,1942314.6304,71848,71783,623782.4,583486.05696,1.09,-0.0064,1780243200000.0,0.1508,45.28,APT,,,-0.64,2026-05-31 22:11:46.810970
APTUSDT_UMCBL,Bitget,APT/USDT,0.9354,0.9364021227595063,-1.01,2484071.1835242,-58.31,1251008.8934142,1233062.29001,5279,4651,4746119.672,4439520.3411888,11.6,0.01,1780243200000.0,1.7872,167.71,APT,0.0,181.2,1.0,2026-05-31 22:11:46.810970
APT-USD,Hyperliquid,APT/USD,0.9352,0.9362,-1.04,1140253.98529,-49.33,526739.022985,613514.962205,2692,4197,5580247.72,5218647.6677439995,-3.31,-0.00625872,1780239600000.0,4.5767,90.82,APT,0.0,96.03,-0.6259,2026-05-31 22:11:46.810970
APTUSDT,Bitunix,APT/USDT,0.9354,0.9361,-1.01,982833.48913,-55.5,454304.97141,528528.52762,10127,9212,1072581.4,1003292.64156,-13.13,0.006831,1780243200000.0,1.0208,95.22,APT,,,0.6831,2026-05-31 22:11:46.810970
APTUSDTM,KuCoin,APT/USDT,0.9361,0.9357,-0.98,668431.64387,-84.5,328817.70658,339613.92749,7193,7725,5468158.2,5118742.89102,1.0,-0.008,1780243170129.0,7.6578,551.78,APT,,,-0.8,2026-05-31 22:11:46.810970
APT_USDT,Gate,APT/USDT,0.9347,0.93557,-1.09,405403.38851,-67.4,151698.69187,253704.69654,2621,2677,1859835.6,1738388.33532,0.45,0.0045,1780243200000.0,4.288,208.09,APT,9.86,0.0,0.45,2026-05-31 22:11:46.810970
APTUSDT,CoinEx,APT/USDT,0.9355,0.9352,-1.01,238943.5141,-84.34,124959.2043,113984.3198,4556,4378,328145.0,306979.6475,3.29,-0.018383,1780243176382.0,1.2847,559.5,APT,0.0,246.15,-1.8383,2026-05-31 22:11:46.810970
APT_USDC,MEXC,APT/USDC,0.9344,0.9362,-1.03,119663.55171,-76.82,58841.82426,60821.73785,3974,3960,114112.6,106615.40218,-30.97,-0.0071,1780243200000.0,0.891,197.79,APT,,,-0.71,2026-05-31 22:11:46.810970
PF_APTUSD,Kraken,APT/USDT,0.9335,0.93489,-1.33,85855.9047,-74.26,38253.6956,47602.2091,193,233,806684.2,753039.7007,-0.43,-0.0004045929166667,1780239600000.0,8.771,286.83,APT,,,-0.0405,2026-05-31 22:11:46.810970
APT-PERP,Coinbase,APT/USDC,0.932,0.935,-1.38,69639.0508,-66.49,36683.091,32955.9698,380,382,96553.1,89987.4892,-6.83,-0.0022,,1.2922,178.01,APT,,,-0.22,2026-05-31 22:11:46.810970
APT-USDT,HTX,APT/USDT,0.9374,0.9354,-0.99,23076.52394,-38.01,8266.27544,14810.2586,330,963,407472.7,381964.90898,-1.98,0.01,1780243200000.0,16.5521,58.11,APT,0.0,97.99,1.0,2026-05-31 22:11:46.810970
APTUSDT,Aster,APT/USDT,0.9409,0.93615,-0.04,20735.29,48.68,8135.83,12599.46,81,106,164686.3,154953.33967,7.69,0.01,1780243200000.0,7.4729,-27.57,APT,,,1.0,2026-05-31 22:11:46.810970
APT-USD,Extended,APT/USD,0.9413,0.935020383,-0.23,19861.64,-59.61,8767.07,11094.57,36,62,134982.4,125914.755751,-4.71,0.0013,,6.3396,135.94,APT,0.0,1092.83,0.13,2026-05-31 22:11:46.810970
APTUSD,Bybit,APT/USD,0.9329,0.9344,-0.65,7079.0,-72.37,2667.0,4412.0,139,158,304615.06,284480.0,1.39,0.01,1780243200000.0,40.1865,266.99,APT,,,1.0,2026-05-31 22:11:46.810970
APT-USD,dYdX,APT/USD,0.9343,,-0.74,122.48,-98.66,4.69,117.79,2,68,86434.0,80763.9296,-1.23,-0.000315,1780239600000.0,659.405,7295.75,APT,,,-0.0315,2026-05-31 22:11:46.810970
APTUSD-PERP,Crypto.com,APT/USD,0.9378,0.9349,-0.64,50.36,-99.47,0.19,50.17,2,3,14020.7,13148.61246,-0.65,-0.0002489,1780239600000.0,261.0924,18678.22,APT,,,-0.0249,2026-05-31 22:11:46.810970
APT-USDC,Lighter,APT/USDC,0.9449,0.9349,0.35,0.03,-100.0,0.02,0.01,2,1,1036922.64,969418.976136,0.21,0.0012,,32313965.8712,499327194.62,APT,0.0,62.45,0.12,2026-05-31 22:11:46.810970
FARTCOINUSDT,Bybit,FARTCOIN/USDT,0.15917,0.15914,-1.38,20406218.0474,-40.77,9912925.85298,10493292.18482,64830,59022,173938878.0,27685851.21,0.36,0.005,1780243200000.0,1.3567,69.44,FARTCOIN,14056.71,55831.28,0.5,2026-05-31 22:11:46.810970
FARTCOINUSDT,Binance,FARTCOIN/USDT,0.159,0.15920301,-1.43,18522735.99388,-37.48,9346545.87495,9176190.11933,44637,44829,96855157.5,15399970.0425,6.67,-0.007387,1780243200000.0,0.8314,70.61,FARTCOIN,1314.95,16960.52,-0.7387,2026-05-31 22:11:46.810970
FARTCOINUSDT,ApeX Omni,FARTCOIN/USDT,0.1593,0.1591,-1.3,9021488.72,128.85,4264546.07,4756942.65,23262,25268,763562.0,121635.4266,17.7,0.00125,,0.0135,-48.47,FARTCOIN,,,0.125,2026-05-31 22:11:46.810970
FARTCOIN-USDT,BingX,FARTCOIN/USDT,0.1592,0.1591,-1.36,7859296.3820742,-13.27,3914510.1688334,3944786.3233408,433499,433200,42187273.2244,6711995.17,-12.79,0.005,1780243200000.0,0.854,0.55,FARTCOIN,,,0.5,2026-05-31 22:11:46.810970
FARTCOIN_USDT,MEXC,FARTCOIN/USDT,0.15915,0.15939,-1.34,7317158.3144,-3.93,3649925.7849,3667232.5395,9033,8886,77378140.0,12314730.981,14.99,0.005,1780243200000.0,1.683,19.69,FARTCOIN,,,0.5,2026-05-31 22:11:46.810970
FARTCOIN-USDC,BingX,FARTCOIN/USDC,0.159,0.1591,-1.36,6508342.775634,-0.43,3256967.94543,3251374.739704,432501,432192,6184316.3522,983306.3,-1.45,0.0055,1780243200000.0,0.1511,-0.98,FARTCOIN,,,0.55,2026-05-31 22:11:46.810970
FARTCOIN_USDT,Gate,FARTCOIN/USDT,0.15908,0.15916,-1.39,4447981.85993,-27.13,2168688.14642,2279293.70351,22440,22672,32346724.0,5146687.25564,-1.88,-0.0008,1780243200000.0,1.1571,34.64,FARTCOIN,90.79,14867.48,-0.08,2026-05-31 22:11:46.810970
FARTCOIN_PERP,WhiteBIT,FARTCOIN/USDT,0.1594,0.1594,-1.12,4355113.4015,-13.34,2426529.9437,1928583.4682,22720,10272,21009111.3,3348852.34122,6.34,0.01,1780243200000.0,0.7689,22.71,FARTCOIN,,,1.0,2026-05-31 22:11:46.810970
FARTCOINUSDT,LBank,FARTCOIN/USDT,0.159,,-1.36,3062769.0393,26.66,1524763.12012,1538005.91948,28669,28643,9973290.3,1585753.1577,7.39,-0.0085,1780243200000.0,0.5178,-15.21,FARTCOIN,,,-0.85,2026-05-31 22:11:46.810970
FARTCOIN-USDT-SWAP,OKX,FARTCOIN/USDT,0.1592,0.1591,-1.24,2738240.5657,-36.05,1272504.4177,1465736.138,5157,5907,16213574.0,2581200.9808,3.01,0.005,1780243200000.0,0.9426,61.05,FARTCOIN,4.39,0.0,0.5,2026-05-31 22:11:46.810970
FARTCOIN-USD,Hyperliquid,FARTCOIN/USD,0.15917,0.15915,-1.32,2625654.315048,-59.63,1295558.476848,1330095.8481,4590,4873,182548979.6,29052670.10334,-0.27,0.00125,1780239600000.0,11.0649,147.06,FARTCOIN,27.48,3.43,0.125,2026-05-31 22:11:46.810970
FARTCOINUSDT,Bitunix,FARTCOIN/USDT,0.1591,0.1592,-1.36,2523420.77162,-48.1,1195136.65564,1328284.12638,7592,7544,12480622.3,1984418.9457,-7.81,0.00855,1780243200000.0,0.7864,77.64,FARTCOIN,,,0.855,2026-05-31 22:11:46.810970
FARTCOINUSDT_UMCBL,Bitget,FARTCOIN/USDT,0.1592,0.1591346993910885,-1.3,1604273.25084,-60.49,803824.8965,800448.35424,3384,3366,51771391.8,8242005.57456,6.65,0.005,1780243200000.0,5.1375,169.93,FARTCOIN,0.0,1249.71,0.5,2026-05-31 22:11:46.810970
FARTCOINUSDTM,KuCoin,FARTCOIN/USDT,0.1593,0.1592,-1.3,821074.5853,-77.48,358066.5872,463007.9881,4214,4392,52211760.0,8317333.368,-5.97,-0.0152,1780243170230.0,10.1298,317.59,FARTCOIN,,,-1.52,2026-05-31 22:11:46.810970
FARTCOIN-USD,Extended,FARTCOIN/USD,0.15848,0.15895,-1.77,719844.7,-24.0,153234.84,566609.86,338,23256,4694288.0,746392.236488,-31.47,0.0013,,1.0369,-9.82,FARTCOIN,,,0.13,2026-05-31 22:11:46.810970
PF_FARTCOINUSD,Kraken,FARTCOIN/USDT,0.1589,0.15897,-1.49,371869.3446,-33.91,205563.1399,166306.2047,843,540,2325939.0,369591.7071,-3.88,0.0019969623611111,1780239600000.0,0.9939,45.46,FARTCOIN,,,0.1997,2026-05-31 22:11:46.810970
FARTCOINUSDT,CoinEx,FARTCOIN/USDT,0.159169,0.159127,-1.37,348909.551311,4.0,233496.99958,115412.551431,5992,3310,2795365.0,444935.451685,8.91,0.0,1780243176429.0,1.2752,4.72,FARTCOIN,0.0,231.2,0.0,2026-05-31 22:11:46.810970
FARTCOIN-PERP,Coinbase,FARTCOIN/USDC,0.15895,0.15903,-1.4,195293.7663,-62.56,124450.8277,70842.9386,372,222,2357859.0,374781.68805,16.23,0.0033,,1.9191,210.48,FARTCOIN,,,0.33,2026-05-31 22:11:46.810970
FARTCOIN_USDC,MEXC,FARTCOIN/USDC,0.159,0.1593,-1.36,139303.2056,7.62,71015.7027,68287.5029,4039,3945,939257.0,149247.9373,10.92,0.005,1780243200000.0,1.0714,3.07,FARTCOIN,,,0.5,2026-05-31 22:11:46.810970
FARTCOINUSDT,Aster,FARTCOIN/USDT,0.1594,0.15920343,-0.99,77197.9531,-39.04,75708.98,1488.9831,55,19,1169184.0,186367.9296,0.22,0.005,1780243200000.0,2.4142,64.39,FARTCOIN,,,0.5,2026-05-31 22:11:46.810970
FARTCOIN-USDT,HTX,FARTCOIN/USDT,0.15976,0.1595,-1.83,71982.52045,-59.82,25436.65901,46545.88134,737,2176,1465122.0,234067.89072,-4.13,0.005,1780243200000.0,3.2517,138.62,FARTCOIN,0.0,80.16,0.5,2026-05-31 22:11:46.810970
FARTCOIN-USDC,Lighter,FARTCOIN/USDC,0.15867,0.15895,-1.42,50543.02,-77.92,20987.03,29556.0,83,80,6787640.2,1079031.162594,3.33,0.0012,,21.3488,367.99,FARTCOIN,,,0.12,2026-05-31 22:11:46.810970
FARTCOINPERP,Bybit,FARTCOIN/USDC,0.15886,0.15903,-1.68,21198.5315,-11.74,6940.3817,14258.1498,91,106,351227.8,55855.76,-2.08,0.005,1780243200000.0,2.6349,10.95,FARTCOIN,,,0.5,2026-05-31 22:11:46.810970
FARTCOINUSD-PERP,Crypto.com,FARTCOIN/USD,0.15843,0.15896,-1.01,859.74,330.11,525.26,334.48,4,16,27905.0,4420.98915,1.42,0.0030777,1780239600000.0,5.1422,-76.42,FARTCOIN,,,0.3078,2026-05-31 22:11:46.810970
FARTCOIN-USD-PERP,Paradex,FARTCOIN/USD,0.1594,0.15950066,0.0,96.0544,-45.93,96.0544,0.0,1,0,94852.6,15119.50444,0.0,0.000772935941,,157.4056,84.96,FARTCOIN,,,0.0773,2026-05-31 22:11:46.810970
POL_PERP,WhiteBIT,POL/USDT,0.09076,0.09074,-0.3,7570599.69096,-28.52,4251223.47729,3319376.22357,86921,66748,35303230.0,3204121.1548,-1.59,0.005,1780243200000.0,0.4232,37.67,POL,,,0.5,2026-05-31 22:11:46.810970
POLUSDT,Binance,POL/USDT,0.09065,0.0907105,-0.37,7184157.6313,-44.64,3432540.93872,3751616.69268,45861,44251,143342635.0,12994009.86275,-2.31,0.003743,1780243200000.0,1.8087,76.46,POL,343.05,3440.83,0.3743,2026-05-31 22:11:46.810970
POL-USDT,BingX,POL/USDT,0.09063,0.09067,-0.41,6770300.3341704,-3.41,3437368.568066,3332931.7663044,433002,432202,63670923.7559,5770495.82,-3.1,0.005,1780243200000.0,0.8523,0.32,POL,,,0.5,2026-05-31 22:11:46.810970
POLUSDT,Bybit,POL/USDT,0.09066,0.09074,-0.35,2454790.1901,-58.72,1134704.5892,1320085.5909,11673,11696,152836104.0,13857649.55,0.04,0.005,1780243200000.0,5.6451,142.35,POL,0.0,2761.93,0.5,2026-05-31 22:11:46.810970
POLUSDT,LBank,POL/USDT,0.09065,,-0.37,2334873.869368,-40.7,1226251.445442,1108622.424026,29981,29663,5675814.6,514569.351636,-79.06,0.0037,1780243200000.0,0.2204,-64.69,POL,,,0.37,2026-05-31 22:11:46.810970
POL-USDT-SWAP,OKX,POL/USDT,0.09066,0.09068,-0.35,2020390.0056,-53.68,889973.5026,1130416.503,5216,4942,46884680.0,4250565.0888,0.64,0.005,1780243200000.0,2.1038,117.27,POL,0.0,9.84,0.5,2026-05-31 22:11:46.810970
POL-USDC,BingX,POL/USDC,0.0906,0.0906,-0.33,1652761.923562,0.14,827090.24562,825671.667742,72225,72223,10529406.8433,953964.26,-2.33,0.0055,1780243200000.0,0.5772,-2.47,POL,,,0.55,2026-05-31 22:11:46.810970
POLUSDT,ApeX Omni,POL/USDT,0.0907,0.0907,-0.11,1524399.38,-20.75,925118.22,599281.16,4536,2838,1680620.0,152432.234,14.33,0.00125,,0.1,44.3,POL,,,0.125,2026-05-31 22:11:46.810970
POLUSDT,Bitunix,POL/USDT,0.09066,0.09071,-0.36,962712.05385,23.86,500429.91758,462282.14697,5502,5451,16541319.0,1499305.15416,98.32,0.003589,1780243200000.0,1.5574,60.11,POL,,,0.3589,2026-05-31 22:11:46.810970
POL_USDT,MEXC,POL/USDT,0.09065,0.09073,-0.37,953826.7732,-66.54,511470.3046,442356.4686,4464,4293,31726810.0,2876352.5946,-11.93,0.0036,1780243200000.0,3.0156,163.19,POL,,,0.36,2026-05-31 22:11:46.810970
POLUSDTM,KuCoin,POL/USDT,0.09065,0.0907,-0.45,376211.1544,-10.23,100626.3168,275584.8376,567,942,64192790.0,5819076.4135,17.32,0.0422,1780243170426.0,15.4676,30.69,POL,,,4.22,2026-05-31 22:11:46.810970
POLUSDT_UMCBL,Bitget,POL/USDT,0.09061,0.090720667927825,-0.41,337596.4893,-60.38,136202.0362,201394.4431,944,1384,47438955.0,4297969.323,6.06,0.005,1780243200000.0,12.7311,167.72,POL,0.0,644.92,0.5,2026-05-31 22:11:46.810970
POL-USD,Hyperliquid,POL/USD,0.090702,0.090745,-0.31,301621.230742,-8.89,198163.513542,103457.7074,1893,1188,24289640.0,2203386.11332,-0.25,0.00125,1780239600000.0,7.3051,9.48,POL,,,0.125,2026-05-31 22:11:46.810970
POL_USDT,Gate,POL/USDT,0.09057,0.09068,-0.52,289618.9805,-31.94,144873.9865,144744.994,698,535,8761880.0,793563.4716,-4.37,0.005,1780243200000.0,2.74,40.52,POL,,,0.5,2026-05-31 22:11:46.810970
POLUSDT,CoinEx,POL/USDT,0.090688,0.090672,-0.39,178125.105932,-33.68,98612.773808,79512.341824,5082,3724,2752580.0,249625.97504,-3.15,0.0,1780243176359.0,1.4014,46.04,POL,0.0,763.87,0.0,2026-05-31 22:11:46.810970
POL_USDC,MEXC,POL/USDC,0.0905,0.0905,-0.22,114049.76,14.33,57647.014,56402.756,3981,3981,1326240.0,120024.72,-7.43,0.01,1780243200000.0,1.0524,-19.03,POL,,,1.0,2026-05-31 22:11:46.810970
PF_POLUSD,Kraken,POL/USDT,0.09099,0.0906,-0.13,30920.95,-80.25,12986.69,17934.26,84,160,5066763.0,461024.76537,-0.21,-0.0007110634722222,1780239600000.0,14.9098,405.33,POL,,,-0.0711,2026-05-31 22:11:46.810970
POL-PERP,Coinbase,POL/USDC,0.0904,0.0906,-0.55,21525.4717,-84.89,8799.1317,12726.34,84,144,549372.0,49663.2288,-13.46,-0.0004,,2.3072,472.65,POL,,,-0.04,2026-05-31 22:11:46.810970
POL-USDT,HTX,POL/USDT,0.08976,0.09071,-0.66,15813.9536,-74.35,4432.848,11381.1056,673,2072,1332590.0,119613.2784,0.73,0.005,1780243200000.0,7.5638,292.66,POL,,,0.5,2026-05-31 22:11:46.810970
POLPERP,Bybit,POL/USDC,0.09082,0.09064,-0.06,10986.3101,-56.85,4764.77,6221.5501,82,87,1233676.0,111820.39,-8.03,0.01,1780243200000.0,10.1782,113.14,POL,,,1.0,2026-05-31 22:11:46.810970
POLUSDT,Aster,POL/USDT,0.09096,0.09070975,0.69,6925.74,296.35,4510.26,2415.48,88,24,3364739.0,306056.65944,0.67,0.00125,1780239600000.0,44.1912,-74.6,POL,,,0.125,2026-05-31 22:11:46.810970
POLUSD-PERP,Crypto.com,POL/USD,0.090577,0.090611,-0.74,940.22,-44.5,410.98,529.23,21,40,625310.0,56638.70387,-0.25,0.0057277,1780239600000.0,60.2398,79.73,POL,,,0.5728,2026-05-31 22:11:46.810970
POLUSDT,Bitmex,POL/USDT,0.0909,0.0907,-0.11,650.94,-97.32,224.12,426.82,3,5,3153240.0,285998.868,-0.4,0.01,1780286400000.0,439.3629,3619.19,POL,,,1.0,2026-05-31 22:11:46.810970
POL-USDC,Lighter,POL/USDC,0.091307,0.09068,0.0,0.0913,-100.0,0.0,0.0913,0,1,3230188.0,292687.33468,17.85,0.0012,,3205775.8453,191355230.11,POL,,,0.12,2026-05-31 22:11:46.810970
AVNTUSDT,Binance,AVNT/USDT,0.1423,0.14252821,3.19,22396018.6053,334.22,11187279.8756,11208738.7197,110486,105740,35750226.0,5087257.1598,10.93,0.003571,1780243200000.0,0.2272,-74.45,AVNT,6412.95,24074.42,0.3571,2026-05-31 22:11:46.810970
AVNT-USDT-SWAP,OKX,AVNT/USDT,0.1424,0.1425,3.26,20244458.68,878.2,9726930.0167,10517528.6633,22312,22448,9545524.0,1359282.6176,21.49,0.005,1780243200000.0,0.0671,-87.59,AVNT,55888.41,77570.02,0.5,2026-05-31 22:11:46.810970
AVNT-USDT,BingX,AVNT/USDT,0.14228,0.14251,3.09,6798489.4330028,3.59,3409593.7824435,3388895.6407593,432541,431972,35667497.6832,5080478.37,10.83,0.005,1780243200000.0,0.7473,6.99,AVNT,,,0.5,2026-05-31 22:11:46.810970
AVNTUSDT,Bybit,AVNT/USDT,0.14239,0.14252,3.15,5943559.12284,291.79,3092496.50634,2851062.6168,56306,51739,34945998.0,4975960.66,16.03,0.005,1780243200000.0,0.8372,-70.38,AVNT,20.38,3782.46,0.5,2026-05-31 22:11:46.810970
AVNT_PERP,WhiteBIT,AVNT/USDT,0.1422,0.1424,3.19,4705776.2334,11.44,618531.7537,4087244.4597,9417,46736,8442943.0,1199742.2003,13.43,0.005,1780243200000.0,0.255,1.8,AVNT,,,0.5,2026-05-31 22:11:46.810970
AVNT-USD,Hyperliquid,AVNT/USD,0.14249,0.14255,3.16,1817610.91415,98.97,935321.76205,882289.1524,4175,3845,8693648.0,1238670.96704,43.39,0.00125,1780239600000.0,0.6815,-27.94,AVNT,144.53,0.0,0.125,2026-05-31 22:11:46.810970
AVNT_USDT,MEXC,AVNT/USDT,0.1423,0.1425,3.19,1791222.2707,304.88,836690.6232,954531.6475,4618,4708,6443513.0,917556.2512,14.99,0.0033,1780243200000.0,0.5123,-71.6,AVNT,,,0.33,2026-05-31 22:11:46.810970
AVNTUSDTM,KuCoin,AVNT/USDT,0.14255,0.14247,3.13,1753449.4268,-23.24,871499.0313,881950.3855,23361,22588,9124540.0,1300429.4408,2.27,0.0036,1780243185106.0,0.7416,33.21,AVNT,,,0.36,2026-05-31 22:11:46.810970
AVNTUSDT,LBank,AVNT/USDT,0.1424,,3.26,1241873.96606,20.93,627632.03092,614241.93474,28398,28334,184140.3,26221.57872,24.83,0.0008,1780243200000.0,0.0211,2.93,AVNT,,,0.08,2026-05-31 22:11:46.810970
AVNTUSDT_UMCBL,Bitget,AVNT/USDT,0.1423,0.142546606670821,3.05,1145485.8113,282.77,548961.1872,596524.6242,5222,5175,6748826.0,961842.68152,9.88,0.005,1780243200000.0,0.8397,-71.29,AVNT,0.0,933.08,0.5,2026-05-31 22:11:46.810970
AVNTUSDT,Bitunix,AVNT/USDT,0.1424,0.1426,3.19,999915.3817,45.34,461963.5017,537951.89,6814,5618,1559088.0,222170.04,-60.68,0.000966,1780243200000.0,0.2222,-72.94,AVNT,,,0.0966,2026-05-31 22:11:46.810970
AVNT_USDT,Gate,AVNT/USDT,0.142,0.14252,2.9,969105.884,317.11,456126.17,512979.704,3726,3344,3398260.0,482552.92,8.61,0.0099,1780243200000.0,0.4979,-73.96,AVNT,97.79,1041.19,0.99,2026-05-31 22:11:46.810970
AVNT-PERP,Coinbase,AVNT/USDC,0.1426,0.14243,3.33,380148.9202,25.63,194834.4259,185314.4943,292,182,181636.6,25901.37916,5.13,-0.0019,,0.0681,-16.34,AVNT,,,-0.19,2026-05-31 22:11:46.810970
AVNTUSDT,CoinEx,AVNT/USDT,0.142582,0.142628,3.17,284305.773665,192.03,147437.2795,136868.503765,4786,4429,463920.0,66146.64144,20.85,-0.017674,1780243176395.0,0.2327,-58.61,AVNT,0.0,21.89,-1.7674,2026-05-31 22:11:46.810970
AVNT-USD,Extended,AVNT/USD,0.1427,0.142367550599,3.11,167714.7,10.47,107607.28,60107.42,160,90,775417.0,110281.943177,8.58,0.0013,,0.6576,-1.7,AVNT,,,0.13,2026-05-31 22:11:46.810970
AVNTPERP,Bybit,AVNT/USDC,0.14227,0.14241,4.2,76628.74,684.31,29072.23,47556.51,862,1251,435712.0,62054.1,10.88,0.005,1780243200000.0,0.8098,-85.86,AVNT,556.43,0.0,0.5,2026-05-31 22:11:46.810970
AVNT-USDT,HTX,AVNT/USDT,0.14391,0.14245166666666667,3.61,41780.484,96.47,15459.275,26321.199,329,606,335610.0,48297.6351,13.15,0.0361094231217952,1780243200000.0,1.156,-42.41,AVNT,60.4,0.0,3.6109,2026-05-31 22:11:46.810970
AVNTUSDT,Aster,AVNT/USDT,0.1434,0.1426315,3.61,22902.59,35.03,15058.49,7844.1,76,31,1227542.0,176029.5228,8.83,0.005,1780243200000.0,7.686,-19.4,AVNT,,,0.5,2026-05-31 22:11:46.810970
AVNTUSD-PERP,Crypto.com,AVNT/USD,0.14244,0.14247,3.84,12432.4161,415.12,4176.9,8255.5161,310,400,68841.0,9805.71204,9.06,0.0075739,1780239600000.0,0.7887,-78.83,AVNT,,,0.7574,2026-05-31 22:11:46.810970
AVNT-USD-PERP,Paradex,AVNT/USD,0.14418,0.14287662,4.46,1413.46,2403.91,628.27,785.19,3,7,674144.0,97198.08192,4.46,0.202765051525,,68.7661,-95.83,AVNT,,,20.2765,2026-05-31 22:11:46.810970
AVNT-USDC,Lighter,AVNT/USDC,0.13805,0.14367,0.0,0.0276,-100.0,0.0276,0.0,1,0,466447.4,67028.49138,-45.5,0.0012,,2428568.5283,298827084.48,AVNT,0.03,0.0,0.12,2026-05-31 22:11:46.810970
BCHUSDT,Binance,BCH/USDT,302.01,302.11126018,-1.0,57198589.02784,-21.0,28101444.87772,29097144.14022,206278,205123,350123.826,105740896.69026,-0.73,-0.02369,1780243200000.0,1.8487,25.66,BCH,2849.09,35830.75,-2.369,2026-05-31 22:11:46.810970
BCH-USDT-SWAP,OKX,BCH/USDT,302.1,302.4,-0.98,22481846.359,-34.45,11139969.029,11341877.31,14836,9536,102950.83,31091150.66,-2.94,-0.01650136128049,1780243200000.0,1.3829,48.06,BCH,381.07,4663.71,-1.6501,2026-05-31 22:11:46.810970
BCH_PERP,WhiteBIT,BCH/USDT,301.87,302.3,-0.86,22104711.022,-4.43,8372553.089,13732157.943,23265,42497,84791.22,25595925.5814,-1.1,0.01,1780243200000.0,1.1579,3.48,BCH,,,1.0,2026-05-31 22:11:46.810970
BCHUSDT,LBank,BCH/USDT,301.93,,-1.03,16981303.86934,0.1,8478224.4187,8503079.43074,312584,312363,390433.017,117949814.4357,-1.0,-0.023838,1780243200000.0,6.9459,-1.1,BCH,,,-2.3838,2026-05-31 22:11:46.810970
BCHUSDT,ApeX Omni,BCH/USDT,301.95,302.27,-1.01,16909764.3832,82.95,8335339.7432,8574424.63,38414,39474,266.36,80427.402,-12.98,0.00125,,0.0048,-52.0,BCH,,,0.125,2026-05-31 22:11:46.810970
BCHUSDT,Bybit,BCH/USDT,302.1,302.17,-0.98,16710775.968,-29.16,7838642.402,8872133.576,30911,28671,156730.79,47348371.66,-2.72,-0.010245,1780243200000.0,2.8334,37.32,BCH,190.22,7692.96,-1.0245,2026-05-31 22:11:46.810970
BCHUSD,Bitmex,BCH/USD,301.0,302.15,-1.47,11330888.365,4594.96,5434042.835,5896845.53,249,316,2169.94,653152.900747743,-2.12,0.01,1780286400000.0,0.0576,-97.92,BCH,,,1.0,2026-05-31 22:11:46.810970
BCH-USDT,BingX,BCH/USDT,302.02,302.33,-0.99,11147753.7123,11.47,4364755.2641,6782998.4582,131989,131041,31445.785,9500400.56,11.6,-0.0042,1780243200000.0,0.8522,0.12,BCH,,,-0.42,2026-05-31 22:11:46.810970
BCH_USDT,MEXC,BCH/USDT,302.69,302.47,-0.99,10080534.0839,-44.41,4919646.3722,5160887.7017,8111,8326,54608.03,16543502.6885,-2.46,-0.0238,1780243200000.0,1.6411,75.46,BCH,,,-2.38,2026-05-31 22:11:46.810970
BCHUSDT_UMCBL,Bitget,BCH/USDT,302.09,302.4125395937806,-1.02,8335951.5727,-6.29,3699521.2097,4636430.363,7327,7332,98627.79,29803345.5822,-1.86,-0.0075,1780243200000.0,3.5753,4.72,BCH,218.13,1529.6,-0.75,2026-05-31 22:11:46.810970
BCH-USDC,BingX,BCH/USDC,302.07,302.33,-0.99,6496726.3612091,-0.34,3254193.0965807,3242533.2450284,433020,431840,12441.4435,3757440.34,-2.82,-0.0046,1780243200000.0,0.5784,-2.48,BCH,,,-0.46,2026-05-31 22:11:46.810970
BCHUSDC,Binance,BCH/USDC,301.77,301.85335533,-1.0,6125021.34046,-33.19,2963087.5463,3161933.80466,25757,28107,12392.792,3738781.41848,-2.74,-0.02689,1780243200000.0,0.6104,45.54,BCH,0.0,212.22,-2.689,2026-05-31 22:11:46.810970
BCH_USDT,Gate,BCH/USDT,302.05,302.37,-1.01,4078450.0282,-12.65,2009089.5813,2069360.4569,7861,5875,29450.92,8887698.6376,3.26,-0.013,1780243200000.0,2.1792,18.2,BCH,0.0,12983.55,-1.3,2026-05-31 22:11:46.810970
BCHUSDTM,KuCoin,BCH/USDT,302.35,302.13,-0.99,4035629.7287,-59.33,2017447.9884,2018181.7303,13236,13207,54293.97,16409266.5531,-18.04,-0.0198,1780243185116.0,4.0661,101.54,BCH,,,-1.98,2026-05-31 22:11:46.810970
BCHUSDT,Bitunix,BCH/USDT,302.02,302.37,-1.0,2836209.29684,-39.31,1291159.46579,1545049.85165,11648,10984,13789.121,4165417.67168,-25.35,0.024166,1780243200000.0,1.4687,23.01,BCH,,,2.4166,2026-05-31 22:11:46.810970
BCHUSD_PERP,Binance,BCH/USD,301.58,301.81792246,-1.02,1342960.0,-35.41,675320.0,667640.0,8174,7956,20346.04,6135960.0,-0.05,0.0013,1780243200000.0,4.569,54.73,BCH,,,0.13,2026-05-31 22:11:46.810970
BCH-USD,Hyperliquid,BCH/USD,301.85,302.1,-1.07,1118783.80573,-56.72,486348.91,632434.91573,1823,3144,21418.2,6465083.67,-3.84,-0.00198973,1780239600000.0,5.7787,122.16,BCH,88.82,0.0,-0.199,2026-05-31 22:11:46.810970
BCH-USD,BingX,BCH/USD,301.39,301.9,-1.08,978620.0,0.92,483360.0,495260.0,10044,10017,2353.9866,709915.278828,-1.08,0.01,1780243200000.0,0.7254,-1.99,BCH,,,1.0,2026-05-31 22:11:46.810970
BCHUSDT,Bitmex,BCH/USDT,302.4,302.45,-0.92,767156.311,13.27,541896.891,225259.42,422,173,2597.93,785232.13629,19.52,-0.0892,1780286400000.0,1.0236,5.53,BCH,,,-8.92,2026-05-31 22:11:46.810970
BCHUSD,EdgeX,BCH/USD,302.25,302.1679962,-0.91,743261.0518,3.87,354440.8955,388820.1563,1448,1585,1047.99,316754.9775,-1.04,0.005,1780243200000.0,0.4262,-4.72,BCH,,,0.5,2026-05-31 22:11:46.810970
BCH-PERP,Coinbase,BCH/USDC,301.77,301.73,-0.93,662475.40816,-55.63,305491.51688,356983.89128,515,393,996.703,300555.78965,10.4,0.0002,,0.4537,148.88,BCH,,,0.02,2026-05-31 22:11:46.810970
BCH-USD-SWAP,OKX,BCH/USD,301.6,301.9,-0.85,637830.0,-7.92,359270.0,278560.0,622,479,8253.097052003975,2491610.0,-0.91,-0.02140133468853,1780243200000.0,3.9064,7.61,BCH,,,-2.1401,2026-05-31 22:11:46.810970
BCHUSDT,CoinEx,BCH/USDT,302.12,302.39,-1.04,596977.7581,-5.82,240182.8378,356794.9203,3527,5659,5547.85,1677115.055,-0.88,0.0,1780243176399.0,2.8093,5.24,BCH,0.0,184.12,0.0,2026-05-31 22:11:46.810970
PF_BCHUSD,Kraken,BCH/USDT,301.7,301.812,-1.11,388977.233,-52.36,115174.7978,273802.4352,731,4536,4157.84,1254420.328,0.96,0.0013577875,1780239600000.0,3.2249,111.9,BCH,,,0.1358,2026-05-31 22:11:46.810970
BCH-USDC,Lighter,BCH/USDC,301.621,301.68,-0.51,354156.9488,249.79,139273.9579,214883.0009,363,385,3894.21,1173856.291304,-1.34,0.0012,,3.3145,-71.79,BCH,0.92,0.0,0.12,2026-05-31 22:11:46.810970
BCHUSD_DMCBL,Bitget,BCH/USD,301.51,301.96082228164886,-1.06,224040.8576,-53.58,101521.6337,122519.2239,1391,1607,3874.66,1168519.9628,1.22,0.01,1780243200000.0,5.2157,118.08,BCH,,,1.0,2026-05-31 22:11:46.810970
BCHUSD,Bitunix,BCH/USD,301.57,302.01,-1.01,193463.77,-18.59,98742.51,94721.26,7502,7518,1653.92,498888.4288,0.38,0.000827,1780243200000.0,2.5787,23.29,BCH,,,0.0827,2026-05-31 22:11:46.810970
BCH_USDC,MEXC,BCH/USDC,301.5,301.92,-1.1,178697.4933,-4.37,77285.9013,101411.592,4117,3898,11658.49,3518648.8669,-1.11,-0.0268,1780243200000.0,19.6905,3.42,BCH,,,-2.68,2026-05-31 22:11:46.810970
BCH-USDT,HTX,BCH/USDT,303.05,302.668,-0.81,160827.4133,-40.74,105017.6298,55809.7935,971,2414,2705.4,820060.848,1.9,0.01,1780243200000.0,5.099,71.94,BCH,56.06,0.0,1.0,2026-05-31 22:11:46.810970
BCHPERP,Bybit,BCH/USDC,301.4,301.8,-1.08,131500.777,142.99,60921.664,70579.123,471,281,4529.42,1365438.95,1.51,0.001361,1780243200000.0,10.3835,-58.23,BCH,,,0.1361,2026-05-31 22:11:46.810970
BCHUSDC,Bitunix,BCH/USDC,301.7,302.35,-1.02,89112.62121,-24.36,43947.52451,45165.1074,4311,4450,238.571,72010.27064,-0.09,-0.027333,1780243200000.0,0.8081,32.09,BCH,,,-2.7333,2026-05-31 22:11:46.810970
BCHUSDT,Aster,BCH/USDT,302.09,302.38978882,-1.13,63036.1726,-11.3,26287.5626,36748.61,138,113,728.81,220166.2129,-1.29,0.009955,1780243200000.0,3.4927,11.29,BCH,0.0,9.58,0.9955,2026-05-31 22:11:46.810970
BCHUSDC,CoinEx,BCH/USDC,301.77,302.76,-1.03,59200.49807,-0.08,29230.34768,29970.15069,4265,4373,19.745,5960.2257,-1.07,-0.07185,1780243176395.0,0.1007,-0.98,BCH,,,-7.185,2026-05-31 22:11:46.810970
BCHUSD,Bybit,BCH/USD,303.0,301.73,-0.66,45311.0,-66.01,20596.0,24715.0,146,161,3439.29,1038082.0,-0.44,0.01,1780243200000.0,22.9102,192.88,BCH,0.0,2192.0,1.0,2026-05-31 22:11:46.810970
BCH-USD,Extended,BCH/USD,303.13,301.970592,-0.32,44508.9,-70.56,29621.45,14887.45,116,64,406.558,122766.530039,-1.54,0.0013,,2.7582,234.45,BCH,,,0.13,2026-05-31 22:11:46.810970
BCHUSD-PERP,Crypto.com,BCH/USD,302.22,301.98,-0.74,27693.01,-49.52,5830.11,21862.9,97,118,238.66,72127.8252,1.76,-0.0072637,1780239600000.0,2.6045,101.6,BCH,,,-0.7264,2026-05-31 22:11:46.810970
BCH-USD-PERP,Paradex,BCH/USD,303.57,301.75349774,0.05,227.68,-1.93,227.68,0.0,1,0,42.136,12791.22552,0.05,-0.034491418943,,56.1807,2.02,BCH,,,-3.4491,2026-05-31 22:11:46.810970
PYTHUSDT,Binance,PYTH/USDT,0.0408,0.04082518,-2.58,5856598.88934,-24.26,2840949.64772,3015649.24172,48613,46956,156639608.0,6390896.0064,-5.39,0.004274,1780243200000.0,1.0912,24.92,PYTH,606.29,1959.69,0.4274,2026-05-31 22:11:46.810970
PYTHUSDT,LBank,PYTH/USDT,0.04081,,-2.55,4498879.06408,-23.36,2247958.83316,2250920.23122,61375,61313,54218499.0,2212114.7592,-2.89,0.0043,1780243200000.0,0.4917,26.73,PYTH,,,0.43,2026-05-31 22:11:46.810970
PYTHUSDT,Bybit,PYTH/USDT,0.04082,0.04085,-2.6,2587737.64227,-31.46,1264268.13831,1323469.51396,14822,14465,96690510.0,3949807.33,-6.29,0.005,1780243200000.0,1.5264,36.73,PYTH,1110.94,946.19,0.5,2026-05-31 22:11:46.810970
PYTH-USDT,BingX,PYTH/USDT,0.04079,0.04083,-2.56,2194272.2605,1.0,1110972.8724,1083299.3781,129750,130084,45908921.0784,1873083.98,1.58,0.005,1780243200000.0,0.8536,0.57,PYTH,,,0.5,2026-05-31 22:11:46.810970
PYTH_PERP,WhiteBIT,PYTH/USDT,0.04076,0.0408,-2.65,2109470.69228,-47.99,241529.30778,1867941.3845,2823,19631,33581170.0,1368768.4892,-5.86,0.005,1780243200000.0,0.6489,81.0,PYTH,,,0.5,2026-05-31 22:11:46.810970
PYTH-USDT-SWAP,OKX,PYTH/USDT,0.04079,0.04082,-2.56,1546220.3157,-2.22,771682.473,774537.8427,7412,7545,24455290.0,997531.2791,-8.28,0.005,1780243200000.0,0.6451,-6.21,PYTH,1.67,0.0,0.5,2026-05-31 22:11:46.810970
PYTH_USDT,MEXC,PYTH/USDT,0.04081,0.04081,-2.55,936245.6993,30.96,412361.0433,523884.646,4236,4218,26919360.0,1098309.888,-0.02,0.004,1780243200000.0,1.1731,-23.65,PYTH,,,0.4,2026-05-31 22:11:46.810970
PYTHUSDT_UMCBL,Bitget,PYTH/USDT,0.04081,0.0408321881804016,-2.69,760695.27616,29.28,370712.3701,389982.89606,1487,1530,40515578.0,1652225.27084,0.49,-0.012,1780243200000.0,2.172,-22.26,PYTH,0.0,1138.15,-1.2,2026-05-31 22:11:46.810970
PYTHUSDTM,KuCoin,PYTH/USDT,0.04084,0.04083,-2.65,547391.1834,-30.59,271576.8272,275814.3562,2893,3016,61010120.0,2491653.3008,0.22,0.0029,1780243185287.0,4.5519,44.39,PYTH,,,0.29,2026-05-31 22:11:46.810970
PYTHUSDT,Bitunix,PYTH/USDT,0.0408,0.04083,-2.56,422036.12987,-19.48,211969.68155,210066.44852,5940,4765,9349488.0,381272.12064,-10.64,0.003065,1780243200000.0,0.9034,10.98,PYTH,,,0.3065,2026-05-31 22:11:46.810970
PYTH-USD,Hyperliquid,PYTH/USD,0.040752,0.040855,-2.69,312156.304428,-22.89,145051.729,167104.575428,1406,1460,19112074.0,779791.731274,-2.77,0.00125,1780239600000.0,2.4981,26.08,PYTH,0.0,105.38,0.125,2026-05-31 22:11:46.810970
PF_PYTHUSD,Kraken,PYTH/USDT,0.04075,0.040785,-2.81,178166.5436,64.94,86563.8242,91602.7194,306,312,6210848.0,253092.056,4.92,0.0011161243055556,1780239600000.0,1.4205,-36.39,PYTH,,,0.1116,2026-05-31 22:11:46.810970
PYTH_USDT,Gate,PYTH/USDT,0.04078,0.04084,-2.56,94682.1069,-43.23,50091.9472,44590.1597,461,330,7317460.0,298406.0188,5.64,0.005,1780243200000.0,3.1517,86.08,PYTH,10.44,803.17,0.5,2026-05-31 22:11:46.810970
PYTHUSDT,CoinEx,PYTH/USDT,0.040832,0.040842,-2.55,94373.7286,-22.47,45249.667452,49124.060548,4132,4535,1205210.0,49211.13472,-2.46,-0.01359,1780243176438.0,0.5214,25.79,PYTH,205.4,0.0,-1.359,2026-05-31 22:11:46.810970
PYTH-USDT,HTX,PYTH/USDT,0.04082,0.040828,-2.65,5755.30705,45.01,1662.08822,4093.21883,526,1874,276665.0,11298.9986,-0.64,0.005,1780243200000.0,1.9632,-31.48,PYTH,,,0.5,2026-05-31 22:11:46.810970
PYTHUSDT,Aster,PYTH/USDT,0.04067,0.04082486,-2.94,1620.6448,85.71,419.8548,1200.79,3,5,376204.0,15300.21668,-5.45,0.005,1780243200000.0,9.4408,-49.09,PYTH,,,0.5,2026-05-31 22:11:46.810970
PYTH-PERP,Coinbase,PYTH/USDC,0.04244,0.04077,0.24,1147.03,-38.52,1029.04,117.99,12,3,591964.0,25122.95216,3.36,0.0116,,21.9026,68.13,PYTH,,,1.16,2026-05-31 22:11:46.810970
PYTHUSD-PERP,Crypto.com,PYTH/USD,0.04067,0.04079,-3.01,609.67,1336.21,331.36,278.31,85,75,1275610.0,51879.0587,-3.01,0.0073753,1780239600000.0,85.0937,-93.25,PYTH,,,0.7375,2026-05-31 22:11:46.810970
PYTH-USD,dYdX,PYTH/USD,0.04161,,-0.64,472.61,-22.61,421.99,50.62,4,1,2999670.0,122369.287597533,-2.64,0.0,1780239600000.0,258.9223,25.81,PYTH,,,0.0,2026-05-31 22:11:46.810970
PYTH-USD-PERP,Paradex,PYTH/USD,0.04142,0.04075549,-1.22,0.21,-93.62,0.0,0.21,0,1,68558.0,2839.67236,-1.23,-0.070364991149,,13522.2493,1448.48,PYTH,0.0,0.21,-7.0365,2026-05-31 22:11:46.810970
PYTH-USDC,Lighter,PYTH/USDC,0.04106,0.04079,-0.24,0.01,-100.0,0.0,0.01,1,2,5159762.6,210518.31408,25.66,0.0012,,21051831.408,1482732074.11,PYTH,0.0,199.23,0.12,2026-05-31 22:11:46.810970
PUMPUSDT,Binance,PUMP/USDT,0.001791,0.00179185,1.07,33482210.453625,-40.67,16680044.807225,16802165.6561,56584,61750,29050897250.0,52030156.97475,1.29,0.005,1780243200000.0,1.554,70.73,PUMP,1100.31,5443.73,0.5,2026-05-31 22:11:46.810970
PUMP_PERP,WhiteBIT,PUMP/USDT,0.001791,0.001793,1.02,20914947.203759,-1.44,11065677.226705,9849269.966954,72690,47386,6460713985.0,11584060.175105,1.3,0.005,1780243200000.0,0.5539,2.78,PUMP,,,0.5,2026-05-31 22:11:46.810970
PUMP-USDT-SWAP,OKX,PUMP/USDT,0.001791,0.001791,1.19,16242670.539,-49.52,8225089.576,8017580.963,9160,7811,5807494000.0,10401221.754,1.1,0.00337622700152,1780243200000.0,0.6404,100.31,PUMP,103972.46,2089.3,0.3376,2026-05-31 22:11:46.810970
PUMPUSDT,ApeX Omni,PUMP/USDT,0.001792,0.001792,1.24,14441562.43,62.42,7169300.16,7272262.28,33110,33518,26968200.0,48327.0144,0.48,0.00125,,0.0033,-38.89,PUMP,,,0.125,2026-05-31 22:11:46.810970
PUMP-USDT,BingX,PUMP/USDT,0.001791,0.001791,1.19,7531857.837905,-19.77,3764552.843026,3767305.105779,433076,433377,3586755802.1241,6416706.13,-19.51,0.005,1780243200000.0,0.8519,0.33,PUMP,,,0.5,2026-05-31 22:11:46.810970
PUMP-USD,Hyperliquid,PUMP/USD,0.001791,0.001792,1.02,5882272.400507,-34.12,2629117.26932,3253155.120987,6134,4614,20991313976.0,37595443.331016,4.67,0.00125,1780239600000.0,6.3913,58.88,PUMP,258.16,747.93,0.125,2026-05-31 22:11:46.810970
PUMPUSDT_UMCBL,Bitget,PUMP/USDT,0.00179,0.0017918752532996,1.07,4586966.21782,-11.97,2201039.28172,2385926.9262,5553,5295,4683003595.0,8382576.43505,-6.03,-0.003,1780243200000.0,1.8275,6.75,PUMP,2014.62,8351.16,-0.3,2026-05-31 22:11:46.810970
PUMPUSDT,LBank,PUMP/USDT,0.00179,,1.02,4525342.6768038,13.67,2315862.6468212,2209480.0300826,28368,28262,30255370.3,54157.112837,-6.91,0.005,1780243200000.0,0.012,-17.81,PUMP,,,0.5,2026-05-31 22:11:46.810970
PUMPUSD,EdgeX,PUMP/USD,0.001791,0.001792,1.13,2437900.6783,-37.64,1162803.0314,1275097.6469,3367,3592,255506600.0,457612.3206,-0.96,0.005,1780243200000.0,0.1877,58.8,PUMP,,,0.5,2026-05-31 22:11:46.810970
PUMPUSDTM,KuCoin,PUMP/USDT,0.001791,0.001792,0.96,925916.343,-75.02,455250.82,470665.523,2866,3152,3109817000.0,5569682.247,-5.49,-0.0101,1780243185286.0,6.0153,278.34,PUMP,,,-1.01,2026-05-31 22:11:46.810970
PUMP_USDT,Gate,PUMP/USDT,0.001788,0.0017919,0.79,911320.106,-32.73,556199.383,355120.723,1615,1295,1084784000.0,1939593.792,-5.23,-0.0009,1780243200000.0,2.1283,40.88,PUMP,48.25,26.61,-0.09,2026-05-31 22:11:46.810970
PUMP-USD,Extended,PUMP/USD,0.00179,0.00178947768,0.96,505385.32,-33.32,267298.03,238087.29,444,352,1807258894.0,3231326.343769,2.22,0.0013,,6.3938,53.31,PUMP,,,0.13,2026-05-31 22:11:46.810970
PUMP-PERP,Coinbase,PUMP/USDC,0.00179,0.001789,1.07,477133.138544,-58.08,226641.649944,250491.4786,919,549,165064933.0,295466.23007,2.2,0.0006,,0.6193,143.82,PUMP,,,0.06,2026-05-31 22:11:46.810970
PUMPUSDT,CoinEx,PUMP/USDT,0.00179189,0.0017919,0.99,203988.7266325,-30.6,142266.978256,61721.7584765,6347,2534,187346005.0,335703.43289945,2.26,0.034187,1780243176377.0,1.6457,47.33,PUMP,4474.48,0.0,3.4187,2026-05-31 22:11:46.810970
PUMPUSDT,Bitunix,PUMP/USDT,0.01234,,-0.48,59307.36663,,27140.86708,32166.50005,3269,3349,0.0,0.0,,,,0.0,,PUMP,,,,2026-05-31 22:11:46.810970
PF_PUMPUSD,Kraken,PUMP/USDT,0.001796,0.0017895,1.24,43328.517,-43.19,16276.7311,27051.7859,81,78,106794800.0,191803.4608,11.64,0.0071792352777778,1780239600000.0,4.4267,96.51,PUMP,,,0.7179,2026-05-31 22:11:46.810970
PUMPUSDT,Aster,PUMP/USDT,0.001785,0.00179185,0.62,34107.7888,-76.44,18385.5788,15722.21,89,85,180808407.0,322743.006495,0.62,0.005,1780243200000.0,9.4624,327.12,PUMP,,,0.5,2026-05-31 22:11:46.810970
PUMP-USDT,HTX,PUMP/USDT,0.00179,0.001792,1.19,13983.4957,63.54,9665.6005,4317.8952,588,1579,21294700.0,38117.513,11.28,0.005,1780243200000.0,2.7259,-31.96,PUMP,,,0.5,2026-05-31 22:11:46.810970
PUMPUSDT,Bitmex,PUMP/USDT,0.001782,0.001792,0.68,9311.5188,-78.61,3869.775,5441.7438,83,114,29990776.0,53743.470592,-2.45,0.01,1780286400000.0,5.7717,355.94,PUMP,0.01,0.0,1.0,2026-05-31 22:11:46.810970
PUMP-USDC,Lighter,PUMP/USDC,0.00179,0.001789,6.36,7256.55969,-98.68,3156.44,4100.11969,178,147,1537063880.0,2752881.40908,-2.62,0.0012,,379.3645,7275.75,PUMP,,,0.12,2026-05-31 22:11:46.810970
PUMPUSD-PERP,Crypto.com,PUMP/USD,0.0017878,0.0017895,1.29,6731.185,-78.36,2530.105,4201.08,204,329,30192000.0,53977.2576,-0.4,-0.0007956,1780239600000.0,8.019,360.33,PUMP,,,-0.0796,2026-05-31 22:11:46.810970
PUMP-USD,dYdX,PUMP/USD,0.0017859,,1.37,5788.17,198.33,16.14,5772.03,3,241,18848000.0,33729.08999472,10.13,0.005153409090909091,1780239600000.0,5.8272,-63.09,PUMP,,,0.5153,2026-05-31 22:11:46.810970
PUMP-USD-PERP,Paradex,PUMP/USD,0.001751,0.00178308,0.0,446.0673,-97.61,0.0,446.0673,0,1,26005168.0,45535.049168,0.0,-0.013128864216,,102.0811,4090.52,PUMP,,,-1.3129,2026-05-31 22:11:46.810970
POPCATUSDT,LBank,POPCAT/USDT,0.05156,,-2.05,11294695.4324294,,5641728.2948436,5652967.1470858,60662,60792,0.0,0.0,,,,0.0,,POPCAT,,,,2026-05-31 22:11:46.810970
POPCAT-USDT,BingX,POPCAT/USDT,0.05157,0.05164,-2.0,6523509.4517711,-0.82,3263145.0633302,3260364.3384409,432374,432199,46977593.7197,2423574.06,-0.38,0.005,1780243200000.0,0.3715,0.46,POPCAT,,,0.5,2026-05-31 22:11:46.810970
POPCATUSDT,Bybit,POPCAT/USDT,0.05161,0.05165,-1.98,1746920.64354,-51.76,926495.75508,820424.88826,11324,10913,159979654.0,8256549.94,-0.19,0.005,1780243200000.0,4.7263,106.89,POPCAT,0.0,58.66,0.5,2026-05-31 22:11:46.810970
POPCAT-USDC,BingX,POPCAT/USDC,0.0516,0.0516,-1.9,1641450.59667,0.1,821951.717778,819498.848692,72057,72062,18718332.4272,963994.12,-2.02,0.0055,1780243200000.0,0.5873,-2.12,POPCAT,,,0.55,2026-05-31 22:11:46.810970
POPCATUSDT,ApeX Omni,POPCAT/USDT,0.0514,0.0517,-2.47,1302391.9948,9.56,739779.0048,562612.99,3866,2990,254026.0,13056.9364,-3.91,0.00125,,0.01,-12.28,POPCAT,,,0.125,2026-05-31 22:11:46.810970
POPCATUSDT,Binance,POPCAT/USDT,0.05157,0.05165624,-2.0,1289587.29364,-39.32,612023.12013,677564.17371,17804,13955,47128242.0,2430403.43994,-0.46,0.005,1780243200000.0,1.8846,64.05,POPCAT,0.0,136.17,0.5,2026-05-31 22:11:46.810970
PF_POPCATUSD,Kraken,POPCAT/USDT,0.05153,0.051654,-2.24,767646.1063,-26.99,371648.9678,395997.1385,1788,1886,4348235.0,224064.54955,-7.79,-0.0024304593055556,1780239600000.0,0.2919,26.31,POPCAT,,,-0.243,2026-05-31 22:11:46.810970
POPCATUSDTM,KuCoin,POPCAT/USDT,0.05169,0.05165,-1.88,542939.53412,-64.9,279918.535,263021.00912,3442,2878,51450587.0,2659480.84203,4.88,0.0436,1780243185280.0,4.8983,198.8,POPCAT,,,4.36,2026-05-31 22:11:46.810970
POPCAT_PERP,WhiteBIT,POPCAT/USDT,0.05155,0.05155,-2.0,526504.12378,-24.85,11500.639,515003.47478,551,27534,11883620.0,612600.611,-1.83,0.005,1780243200000.0,1.1635,30.63,POPCAT,,,0.5,2026-05-31 22:11:46.810970
POPCAT_USDT,MEXC,POPCAT/USDT,0.05156,0.0516,-2.05,371007.4765,-2.19,178736.7151,192270.7714,4354,4452,13666080.0,704896.4064,6.78,0.005,1780243200000.0,1.9,9.18,POPCAT,,,0.5,2026-05-31 22:11:46.810970
POPCAT-USDT-SWAP,OKX,POPCAT/USDT,0.05161,0.05163,-1.96,346327.6864,-56.08,193323.5099,153004.1765,2277,2397,16713920.0,862605.4112,-5.6,0.005,1780243200000.0,2.4907,114.94,POPCAT,1.6,0.0,0.5,2026-05-31 22:11:46.810970
POPCAT-USD,Hyperliquid,POPCAT/USD,0.051666,0.051703,-1.99,228396.598498,-18.02,135672.934698,92723.6641,1349,1081,38371822.0,1981444.144436,-0.36,-0.00063273,1780239600000.0,8.6755,21.53,POPCAT,,,-0.0633,2026-05-31 22:11:46.810970
POPCATUSDT_UMCBL,Bitget,POPCAT/USDT,0.0516,0.051653962497524,-2.11,219413.1551,-51.58,102773.0145,116640.1406,570,626,16473489.0,850032.0324,-5.5,0.005,1780243200000.0,3.8741,95.15,POPCAT,0.0,1146.14,0.5,2026-05-31 22:11:46.810970
POPCATUSDT,Bitunix,POPCAT/USDT,0.05156,0.05165,-2.03,187323.08196,-1.43,62387.72719,124935.36467,3736,3676,4847132.0,250112.0112,59.03,0.005,1780243200000.0,1.3352,61.35,POPCAT,,,0.5,2026-05-31 22:11:46.810970
POPCATUSDT,CoinEx,POPCAT/USDT,0.051629,0.051624,-2.03,117922.63377,42.09,77312.186236,40610.437634,6327,2728,2859850.0,147651.19565,-3.48,0.0,1780243176452.0,1.2521,-32.07,POPCAT,,,0.0,2026-05-31 22:11:46.810970
POPCAT_USDC,MEXC,POPCAT/USDC,0.0514,0.0516,-2.28,99409.529,18.08,49873.812,49535.717,3942,3968,3006880.0,154854.32,-2.09,0.01,1780243200000.0,1.5577,-17.09,POPCAT,,,1.0,2026-05-31 22:11:46.810970
POPCAT_USDT,Gate,POPCAT/USDT,0.05147,0.0517,-2.17,96751.9977,-2.88,48695.3078,48056.6799,345,314,6794640.0,349720.1208,2.61,0.005,1780243200000.0,3.6146,5.65,POPCAT,26.39,643.78,0.5,2026-05-31 22:11:46.810970
POPCAT-USD,Extended,POPCAT/USD,0.05176,0.0516166002,-1.75,23869.84,-42.94,17642.32,6227.52,1266,148,1198709.0,61789.95681,10.59,0.0013,,2.5886,93.82,POPCAT,,,0.13,2026-05-31 22:11:46.810970
POPCATPERP,Bybit,POPCAT/USDC,0.05142,0.0516,-2.13,4328.48,-56.23,2603.21,1725.27,115,66,3572254.0,183685.3,-0.65,0.01,1780243200000.0,42.4364,127.0,POPCAT,,,1.0,2026-05-31 22:11:46.810970
POPCAT-PERP,Coinbase,POPCAT/USDC,0.05174,0.05165,-1.69,4138.8327,-97.67,1891.4827,2247.36,49,17,818771.0,42363.21154,-5.44,-0.0054,,10.2355,3963.32,POPCAT,,,-0.54,2026-05-31 22:11:46.810970
POPCATUSDT,Bitmex,POPCAT/USDT,0.053,0.0515,1.34,3027.949,-81.78,0.0,3027.949,0,4,237020.0,12230.232,-1.9,0.1664,1780286400000.0,4.0391,438.4,POPCAT,,,16.64,2026-05-31 22:11:46.810970
POPCAT-USDC,Lighter,POPCAT/USDC,0.05143,0.0516,0.0,1017.34,-67.83,863.74,153.6,108,110,1765756.8,91024.76304,-3.45,0.0012,,89.4733,200.08,POPCAT,,,0.12,2026-05-31 22:11:46.810970
POPCATUSD-PERP,Crypto.com,POPCAT/USD,0.0515,0.0516,-1.92,974.82137,15.08,280.09137,694.73,3021,1853,308526.0,15861.32166,-5.01,-0.0677238,1780239600000.0,16.271,-17.46,POPCAT,,,-6.7724,2026-05-31 22:11:46.810970
PAXG_PERP,WhiteBIT,PAXG/USDT,4533.68,4533.75,0.1,49402841.97096,-18.4,23996842.31318,25405999.66858,30888,33301,4210.294,19085389.01082,1.16,0.005,1780243200000.0,0.3863,23.97,PAXG,,,0.5,2026-05-31 22:11:46.810970
PAXGUSDT,Binance,PAXG/USDT,4532.41,4533.67221243,0.1,10547984.25425,-81.73,5349224.12692,5198760.12773,25003,21081,22662.931,102717695.09371,1.19,0.003593,1780243200000.0,9.7381,453.8,PAXG,58.85,863.58,0.3593,2026-05-31 22:11:46.810970
PAXG-USDT,BingX,PAXG/USDT,4532.32,4533.47,0.09,6534426.43664936,-11.64,3254304.25849456,3280122.2787548,431546,433504,1229.4275,5572159.06,-11.96,0.005,1780243200000.0,0.8527,-0.37,PAXG,,,0.5,2026-05-31 22:11:46.810970
PAXGUSDT,ApeX Omni,PAXG/USDT,4535.18,4533.58,0.1,4719462.0,-29.53,2352573.54,2366888.46,10902,10938,41.376000000000005,187647.60768000002,0.12,0.00125,,0.0398,42.14,PAXG,,,0.125,2026-05-31 22:11:46.810970
PAXGUSD,EdgeX,PAXG/USD,4531.73,4533.745075257,0.1,1140996.77465,-34.8,596960.98696,544035.78789,1793,1607,1065.267,4827438.50589,0.11,0.005,1780243200000.0,4.2309,53.55,PAXG,,,0.5,2026-05-31 22:11:46.810970
PAXG-USD,Hyperliquid,PAXG/USD,4534.2,4533.6,0.15,1131312.2686,-72.5,558513.3083,572798.9603,2132,1784,5980.458,27115994.6178,-1.28,0.00125,1780239600000.0,23.9686,259.05,PAXG,384.23,0.0,0.125,2026-05-31 22:11:46.810970
PAXGUSDT,Bitunix,PAXG/USDT,4532.42,4533.66,0.1,1072547.61874,-63.2,588514.5385,484033.08014,4643,3785,703.834,3190071.29828,-17.51,0.003273,1780243200000.0,2.9743,124.14,PAXG,,,0.3273,2026-05-31 22:11:46.810970
PAXGUSDT_UMCBL,Bitget,PAXG/USDT,4532.36,4533.567985794996,0.11,861769.09378,-96.26,418352.49478,443416.599,1047,982,2550.16,11558243.1776,-1.94,0.005,1780243200000.0,13.4122,2520.59,PAXG,0.0,86.14,0.5,2026-05-31 22:11:46.810970
PAXG_USDT,MEXC,PAXG/USDT,4534.0,4533.52,0.09,799003.03173,-65.34,454120.4557,344882.57603,4436,4479,2176.022,9866083.748,2.71,0.0035,1780243200000.0,12.348,196.34,PAXG,,,0.35,2026-05-31 22:11:46.810970
PAXGUSDT,Bybit,PAXG/USDT,4532.4,4533.71,0.1,690972.337,-82.37,303088.614,387883.733,1743,1958,5447.792,24692008.28,-0.41,0.005,1780243200000.0,35.7352,465.03,PAXG,4.56,0.0,0.5,2026-05-31 22:11:46.810970
PAXG_USDT,Gate,PAXG/USDT,4531.9,4533.59,0.09,617519.1461,-71.1,257144.6318,360374.5243,1802,1812,2876.072,13034070.6968,0.46,0.0062,1780243200000.0,21.1072,247.58,PAXG,67.88,0.0,0.62,2026-05-31 22:11:46.810970
PAXGUSDTM,KuCoin,PAXG/USDT,4533.38,4533.67,0.09,166948.2849,-90.01,102389.6656,64558.6293,1044,907,7612.938,34512340.87044,0.46,0.0106,1780243140320.0,206.7247,905.86,PAXG,,,1.06,2026-05-31 22:11:46.810970
PAXG-USDT,HTX,PAXG/USDT,4530.93,4533.52125,0.1,159076.43412,-23.98,25149.13096,133927.30306,820,4525,44.994,203864.66442,1.58,0.005,1780243200000.0,1.2816,33.63,PAXG,,,0.5,2026-05-31 22:11:46.810970
PAXG_USDC,MEXC,PAXG/USDC,4523.63,4533.54,0.08,100051.86733,-29.76,49817.56674,50234.31099,3959,3988,319.491,1445243.09778,-0.03,0.0035,1780243200000.0,14.4449,42.31,PAXG,,,0.35,2026-05-31 22:11:46.810970
PAXG-USD,dYdX,PAXG/USD,4523.0,,-0.07,67258.24,1187.29,49.8,67208.44,1,379,34.382,155677.333508694,9.03,0.000498863636363636,1780239600000.0,2.3146,-91.53,PAXG,,,0.0499,2026-05-31 22:11:46.810970
PF_PAXGUSD,Kraken,PAXG/USDT,4531.8,4527.52,0.1,58575.9214,-91.31,28889.0414,29686.88,60,77,330.667,1498516.7106,-0.27,0.0013737561111111,1780239600000.0,25.5825,1047.66,PAXG,,,0.1374,2026-05-31 22:11:46.810970
PAXG-USD-PERP,Paradex,PAXG/USD,4530.21,4530.49717384,0.06,21630.77,-90.55,10398.92,11231.85,25,25,113.996,516425.81916,0.32,0.010000001298,,23.8746,961.99,PAXG,,,1.0,2026-05-31 22:11:46.810970
PAXG-PERP,Coinbase,PAXG/USDC,4530.34,4527.96,0.06,10300.1612,-87.17,73.8063,10226.3549,7,8,60.8908,275856.026872,0.05,0.0016,,26.7817,680.06,PAXG,,,0.16,2026-05-31 22:11:46.810970
PAXGUSDT,Aster,PAXG/USDT,4529.47,4533.66842759,-0.09,8897.25,-94.98,3207.92,5689.33,48,41,167.559,758953.46373,0.32,0.005,1780243200000.0,85.302,1897.47,PAXG,,,0.5,2026-05-31 22:11:46.810970
PAXGUSD-PERP,Crypto.com,PAXG/USD,4528.89,4527.84,0.04,3596.0,-97.2,1812.13,1783.87,7,8,113.365,513417.61485,-0.03,0.0025012,1780239600000.0,142.7746,3470.53,PAXG,,,0.2501,2026-05-31 22:11:46.810970
PAXGUSDT,LBank,PAXG/USDT,4532.96,,0.0,2710.7125,,1096.9787,1613.7338,12,18,0.0,0.0,,,,0.0,,PAXG,,,,2026-05-31 22:11:46.810970
PAXGPERP,Bybit,PAXG/USDC,4528.6,4528.8,0.09,45.29,-99.15,36.24,9.06,2,1,33.298,150803.31,0.06,0.005,1780243200000.0,3329.7264,11625.21,PAXG,,,0.5,2026-05-31 22:11:46.810970
PAXG-USDC,Lighter,PAXG/USDC,4523.67,4526.27,0.0,0.4524,-100.0,0.4524,0.0,1,0,1077.61,4877782.91611,-1.33,0.0012,,10782013.5193,215214046.38,PAXG,,,0.12,2026-05-31 22:11:46.810970
CRVUSDT,LBank,CRV/USDT,0.215,,-0.6,11247734.47774,2.69,5646678.46432,5601055.99392,60603,60612,1390932.0,298911.2868,4.52,0.01,1780243200000.0,0.0266,1.92,CRV,,,1.0,2026-05-31 22:11:46.810970
CRVUSDT,Binance,CRV/USDT,0.215,0.21515118,-0.6,8354966.7512,-43.13,3816448.8831,4538517.8884,30725,30813,81366264.8,17493746.932,1.01,0.005626,1780243200000.0,2.0938,77.61,CRV,30.01,2664.0,0.5626,2026-05-31 22:11:46.810970
CRV_PERP,WhiteBIT,CRV/USDT,0.2144,0.2155,-0.74,6700909.2968,-3.18,3393804.5574,3307104.7494,24729,28782,19853219.0,4256530.1536,0.31,0.01,1780243200000.0,0.6352,3.6,CRV,,,1.0,2026-05-31 22:11:46.810970
CRVUSDT,ApeX Omni,CRV/USDT,0.2153,0.2151,-0.37,4715563.72,16.54,2416569.68,2298994.04,11204,10646,310178.0,66781.3234,-0.66,0.00125,,0.0142,-14.46,CRV,,,0.125,2026-05-31 22:11:46.810970
CRV-USDT,BingX,CRV/USDT,0.2151,0.215,-0.51,4273767.6836,-11.66,1018310.8944,3255456.7692,129519,129969,16876850.0466,3625147.39,-12.22,0.01,1780243200000.0,0.8482,-0.63,CRV,,,1.0,2026-05-31 22:11:46.810970
CRV-USDT-SWAP,OKX,CRV/USDT,0.215,0.215,-0.56,2344974.4132,-55.05,1146999.3376,1197975.0856,4994,4982,23844795.0,5126630.925,-2.02,0.01,1780243200000.0,2.1862,117.99,CRV,0.0,3351.79,1.0,2026-05-31 22:11:46.810970
CRVUSDT,Bybit,CRV/USDT,0.215,0.2151,-0.6,1597985.3588,-67.17,756162.2094,841823.1493,7268,7306,75031899.8,16131858.46,-0.61,0.01,1780243200000.0,10.0951,202.7,CRV,0.0,405.36,1.0,2026-05-31 22:11:46.810970
CRV_USDT,MEXC,CRV/USDT,0.2149,0.2149,-0.6,1243061.68655,-35.11,621435.815,621625.86195,4347,4411,24849563.8,5340171.26062,-0.63,0.01,1780243200000.0,4.296,53.13,CRV,,,1.0,2026-05-31 22:11:46.810970
CRV-USD,Hyperliquid,CRV/USD,0.21514,0.21515,-0.69,1170928.703738,-62.1,544076.282366,626852.411672,2253,1947,33646261.2,7237983.709344001,-1.21,0.00125,1780239600000.0,6.1814,160.69,CRV,2871.4,0.0,0.125,2026-05-31 22:11:46.810970
CRV-USDC,BingX,CRV/USDC,0.215,0.215,-0.6,1082388.318913,-0.4,542372.630582,540015.738031,72210,71944,4299018.1564,923429.1,-0.2,0.011,1780243200000.0,0.8531,0.2,CRV,,,1.1,2026-05-31 22:11:46.810970
PF_CRVUSD,Kraken,CRV/USDT,0.2149,0.21495,-0.65,796572.5086,51.6,500697.0265,295875.4821,485,627,10333416.0,2220651.0984,15.59,0.00222543375,1780239600000.0,2.7878,-23.75,CRV,,,0.2225,2026-05-31 22:11:46.810970
CRV-PERP,Coinbase,CRV/USDC,0.2147,0.2148,-0.65,723857.3442,-78.2,413522.46,310334.8942,265,165,890852.0,191265.9244,-15.92,0.0013,,0.2642,285.69,CRV,,,0.13,2026-05-31 22:11:46.810970
CRVUSDC,Binance,CRV/USDC,0.2147,0.21486003,-0.6,716439.93945,-59.96,355679.24037,360760.70968,3478,3913,4888148.3,1049485.44001,-2.68,0.01,1780243200000.0,1.4649,143.06,CRV,0.0,13.8,1.0,2026-05-31 22:11:46.810970
CRVUSDTM,KuCoin,CRV/USDT,0.2151,0.2151,-0.69,690983.4683,-67.47,317362.6373,373620.831,2477,2407,33142326.0,7128914.3226,6.51,0.0087,1780243140185.0,10.3171,227.46,CRV,,,0.87,2026-05-31 22:11:46.810970
CRVUSDT_UMCBL,Bitget,CRV/USDT,0.215,0.2150849232853159,-0.69,625069.155,-56.23,240142.0792,384927.0558,1085,1170,15916836.0,3422119.74,-2.0,0.0027,1780243200000.0,5.4748,123.91,CRV,0.0,27.84,0.27,2026-05-31 22:11:46.810970
CRVUSDT,Bitunix,CRV/USDT,0.2152,0.2151,-0.51,429760.1286,-55.05,196474.33454,233285.81446,4073,4113,2877069.1,617994.44268,-25.85,0.00602,1780243200000.0,1.438,64.95,CRV,,,0.602,2026-05-31 22:11:46.810970
CRV_USDT,Gate,CRV/USDT,0.2148,0.2151,-0.79,400692.7748,-11.26,152957.9485,247734.8264,993,944,5133795.0,1102739.166,-4.9,-0.0076,1780243200000.0,2.7521,7.16,CRV,0.0,4.87,-0.76,2026-05-31 22:11:46.810970
CRVUSDT,CoinEx,CRV/USDT,0.215163,0.21502,-0.64,188423.193527,29.82,94010.919698,94412.284029,4682,4076,756955.0,162868.708665,0.99,0.0,1780243176380.0,0.8644,-22.21,CRV,,,0.0,2026-05-31 22:11:46.810970
CRV_USDC,MEXC,CRV/USDC,0.2147,0.2149,-0.6,103210.4331,20.52,51728.2962,51482.1369,3981,4025,241760.0,51905.872,-2.33,0.01,1780243200000.0,0.5029,-18.95,CRV,,,1.0,2026-05-31 22:11:46.810970
CRV-USD,Extended,CRV/USD,0.21483,0.214844487,-0.58,54349.55,-57.43,21903.01,32446.54,80,126,700580.0,150375.833667,-7.25,0.0013,,2.7668,117.86,CRV,,,0.13,2026-05-31 22:11:46.810970
CRVUSDT,Bitmex,CRV/USDT,0.2146,0.21503,-0.83,32525.0253,-85.88,12088.4413,20436.584,49,160,613353.0,131901.56265,-0.44,0.01,1780286400000.0,4.0554,605.29,CRV,,,1.0,2026-05-31 22:11:46.810970
CRV-USDT,HTX,CRV/USDT,0.215,0.21495,-0.46,28976.965,-33.31,3608.826,25368.129,527,2127,1015749.0,218386.035,2.24,0.01,1780243200000.0,7.5365,53.29,CRV,0.0,34.38,1.0,2026-05-31 22:11:46.810970
CRVUSDT,Aster,CRV/USDT,0.216,0.21515118,0.0,2981.79,9.83,1526.57,1455.22,20,10,76454.3,16514.1288,-0.37,0.01,1780243200000.0,5.5383,-9.29,CRV,,,1.0,2026-05-31 22:11:46.810970
CRVPERP,Bybit,CRV/USDC,0.2151,0.2149,-0.74,2827.85,-90.88,77.93,2749.93,7,17,896520.2,192662.19,-1.71,0.005,1780243200000.0,68.1303,977.87,CRV,,,0.5,2026-05-31 22:11:46.810970
CRVUSD-PERP,Crypto.com,CRV/USD,0.2145,0.2148,-0.56,477.12,-76.13,109.68,367.44,155,16,198398.0,42556.371,-0.98,-0.0086925,1780239600000.0,89.1943,314.84,CRV,,,-0.8692,2026-05-31 22:11:46.810970
CRV-USDC,Lighter,CRV/USDC,0.21458,0.21484,-0.53,68.041458,-99.89,27.08,40.971458,39,43,3291579.4,706998.339326,-2.19,0.0012,,10390.6994,89874.45,CRV,,,0.12,2026-05-31 22:11:46.810970
PENDLEUSDT,ApeX Omni,PENDLE/USDT,1.3547,1.3561,1.55,26913851.51,100.29,13216985.71,13696865.8,60514,63052,42142.0,57089.7674,186.1,0.00125,,0.0021,40.0,PENDLE,,,0.125,2026-05-31 22:11:46.810970
PENDLEUSDT,Binance,PENDLE/USDT,1.355,1.35521247,1.65,24774349.5945,17.96,12483949.3429,12290400.2216,273178,241608,12181144.0,16503013.8912,1.42,0.009915,1780243200000.0,0.6661,-14.03,PENDLE,10929.57,15726.28,0.9915,2026-05-31 22:11:46.810970
PENDLEUSDT,LBank,PENDLE/USDT,1.3551,,1.67,12400300.7118,2.5,6199565.8352,6200734.8766,60351,60954,589442.0,798929.6868,-14.74,0.009915,1780243200000.0,0.0644,-16.9,PENDLE,,,0.9915,2026-05-31 22:11:46.810970
PENDLEUSDT,Bybit,PENDLE/USDT,1.3556,1.3562,1.67,9481942.6225,12.13,4271979.0923,5209963.5202,121527,126784,7236288.0,9810235.64,12.49,0.01,1780243200000.0,1.0346,0.32,PENDLE,1656.53,5254.69,1.0,2026-05-31 22:11:46.810970
PENDLE-USDT,BingX,PENDLE/USDT,1.3548,1.3576,1.6,5127653.9707,-8.21,1840495.13,3287158.7907,131431,131384,3200890.7843,4338167.28,-8.91,0.01,1780243200000.0,0.846,-0.77,PENDLE,,,1.0,2026-05-31 22:11:46.810970
PENDLE_USDT,MEXC,PENDLE/USDT,1.3552,1.356,1.67,3739182.7561,87.76,1490533.7961,2248648.96,7571,8701,3370393.0,4567556.5936,-40.03,0.0099,1780243200000.0,1.2215,-68.06,PENDLE,,,0.99,2026-05-31 22:11:46.810970
PENDLE-USDT-SWAP,OKX,PENDLE/USDT,1.356,1.357,1.73,3644359.189,25.58,1752302.456,1892056.743,7687,8490,1401444.0,1900358.064,7.6,0.005,1780243200000.0,0.5215,-14.31,PENDLE,1265.37,2788.59,0.5,2026-05-31 22:11:46.810970
PENDLE_PERP,WhiteBIT,PENDLE/USDT,1.3546,1.356,1.77,3095994.7569,-2.58,81787.5756,3014207.1813,571,15996,2294077.0,3107556.7042,1.48,0.01,1780243200000.0,1.0037,4.16,PENDLE,,,1.0,2026-05-31 22:11:46.810970
PENDLEUSDT_UMCBL,Bitget,PENDLE/USDT,1.3543,1.3562701020198793,1.61,2682011.3517,0.4,1316266.4214,1365744.9203,7471,7558,2104833.0,2850575.3319,-0.22,0.01,1780243200000.0,1.0628,-0.63,PENDLE,6595.95,21615.46,1.0,2026-05-31 22:11:46.810970
PENDLEUSDTM,KuCoin,PENDLE/USDT,1.3566,1.3554,1.7,2384782.8615,-35.11,1180860.6158,1203922.2457,8514,8454,3511990.0,4761204.843,-0.55,-0.0082,1780243140321.0,1.9965,53.25,PENDLE,,,-0.82,2026-05-31 22:11:46.810970
PENDLE-USD,Hyperliquid,PENDLE/USD,1.3557,1.357,1.72,2101090.3062,-16.01,1216493.6233,884596.6829,8454,4091,6098246.0,8268611.7514,9.23,0.00125,1780239600000.0,3.9354,30.05,PENDLE,0.0,78.32,0.125,2026-05-31 22:11:46.810970
PENDLEUSDT,Bitunix,PENDLE/USDT,1.3552,1.3568,1.66,1179328.6212,26.75,589337.7447,589990.8865,14438,14721,420463.0,570273.9669,11.4,0.003934,1780243200000.0,0.4836,-12.1,PENDLE,,,0.3934,2026-05-31 22:11:46.810970
PENDLE_USDT,Gate,PENDLE/USDT,1.356,1.3573,1.65,648982.545,-5.47,325696.623,323285.912,1848,1740,373792.0,506861.952,-8.42,0.0051,1780243200000.0,0.781,-3.11,PENDLE,0.0,33.0,0.51,2026-05-31 22:11:46.810970
PENDLE-USD,Extended,PENDLE/USD,1.3478,1.35507306,0.92,389853.87,17.42,175153.84,214700.03,478,836,472372.0,638424.032125,18.26,0.0013,,1.6376,0.71,PENDLE,0.0,2487.58,0.13,2026-05-31 22:11:46.810970
PENDLEUSD,EdgeX,PENDLE/USD,1.355,1.356651551,1.64,366419.41861,10.85,204128.85021,162290.5783,1552,1538,30270.0,41030.985,-53.14,0.005,1780243200000.0,0.112,-57.72,PENDLE,,,0.5,2026-05-31 22:11:46.810970
PENDLEUSDT,CoinEx,PENDLE/USDT,1.3578,1.3597,1.71,285456.60904,-35.88,90660.79894,194795.8204,3212,5997,163545.0,222159.528,-9.21,0.054546,1780243176355.0,0.7783,41.61,PENDLE,0.0,1908.12,5.4546,2026-05-31 22:11:46.810970
PF_PENDLEUSD,Kraken,PENDLE/USDT,1.353,1.35564,1.96,152181.0436,70.25,85608.7336,66572.3,198,179,56354.1,76247.0973,9.19,-0.0005901854166667,1780239600000.0,0.501,-35.87,PENDLE,,,-0.059,2026-05-31 22:11:46.810970
PENDLE_USDC,MEXC,PENDLE/USDC,1.3538,1.3562,1.65,142850.7898,40.02,76011.1608,66839.629,4090,4016,84982.0,115048.6316,32.93,0.0099,1780243200000.0,0.8054,-5.06,PENDLE,,,0.99,2026-05-31 22:11:46.810970
PENDLE-PERP,Coinbase,PENDLE/USDC,1.353,1.354,1.58,124944.455,-11.88,73365.4286,51579.0164,364,364,218956.1,296247.6033,-0.78,-0.0077,,2.371,12.59,PENDLE,,,-0.77,2026-05-31 22:11:46.810970
PENDLEPERP,Bybit,PENDLE/USDC,1.3521,1.3555,1.5,67664.8477,87.83,37130.1237,30534.724,940,843,55613.4,75306.1,47.32,0.005,1780243200000.0,1.1129,-21.57,PENDLE,,,0.5,2026-05-31 22:11:46.810970
PENDLE-USDT,HTX,PENDLE/USDT,1.358,1.35648,1.88,59145.1422,19.13,29785.2778,29359.8644,1122,1797,11478.0,15587.124,-26.36,0.01,1780243200000.0,0.2635,-38.2,PENDLE,,,1.0,2026-05-31 22:11:46.810970
PENDLEUSDT,Aster,PENDLE/USDT,1.3536,1.35521247,1.96,29774.9694,911.42,17556.0328,12218.9366,95,168,33401.0,45211.5936,29.71,0.00125,1780239600000.0,1.5184,-87.18,PENDLE,,,0.125,2026-05-31 22:11:46.810970
PENDLEUSD-PERP,Crypto.com,PENDLE/USD,1.3524,1.3546,1.95,4582.0475,-60.36,2168.6021,2413.4554,331,240,38469.0,52025.4756,-0.4,-0.0028828,1780239600000.0,11.3542,151.29,PENDLE,,,-0.2883,2026-05-31 22:11:46.810970
PENDLE-USD-PERP,Paradex,PENDLE/USD,1.4455,1.35440266,7.26,21.68,-81.29,21.68,0.0,1,0,4852.0,7013.566,7.93,0.000659534381,,323.504,476.93,PENDLE,,,0.066,2026-05-31 22:11:46.810970
NEARUSDT,Binance,NEAR/USDT,2.316,2.31592973,-3.74,326995012.101,-30.3,154760362.219,172234649.902,349762,365098,49234431.0,113928473.334,-10.88,-0.004247,1780243200000.0,0.3484,27.85,NEAR,302606.73,677526.82,-0.4247,2026-05-31 22:11:46.810970
NEARUSDT,Bybit,NEAR/USDT,2.317,2.3178,-3.67,144168609.47387,-33.26,70162516.5424,74006092.92207,472667,486400,37892671.3,87797319.4,-5.17,0.01,1780243200000.0,0.609,42.09,NEAR,43579.16,383479.55,1.0,2026-05-31 22:11:46.810970
NEAR-USDT-SWAP,OKX,NEAR/USDT,2.316,2.3183,-3.66,92792072.375,-37.9,42903468.126,49888604.249,31368,31292,14537564.000000004,33683535.78800001,-10.23,0.0057202469133,1780243200000.0,0.363,44.56,NEAR,58126.89,66445.46,0.572,2026-05-31 22:11:46.810970
NEAR_USDT,MEXC,NEAR/USDT,2.316,2.317,-3.7,89076702.037,4.99,46161077.939,42915624.098,16076,17330,14752803.0,34152738.945,33.22,-0.0044,1780243200000.0,0.3834,26.87,NEAR,,,-0.44,2026-05-31 22:11:46.810970
NEAR_PERP,WhiteBIT,NEAR/USDT,2.317,2.315,-3.74,65840367.66,-20.86,26507813.249,39332554.421,55335,82113,11822882.0,27369971.83,-10.83,0.01,1780243200000.0,0.4157,12.69,NEAR,,,1.0,2026-05-31 22:11:46.810970
NEAR-USD,Hyperliquid,NEAR/USD,2.3179,2.316,-3.68,65839454.78951,-43.25,31635561.63953,34203893.16988,30805,30829,44340866.0,102702313.8292,-2.38,0.00125,1780239600000.0,1.5599,72.0,NEAR,8404.78,294259.06,0.125,2026-05-31 22:11:46.810970
NEARUSDT_UMCBL,Bitget,NEAR/USDT,2.3159,2.3178455927956296,-3.7,63157609.8308,-30.49,21730328.8183,41427281.0025,161328,169053,14623315.0,33866135.2085,12.82,-0.0048,1780243200000.0,0.5362,62.29,NEAR,21150.48,187211.26,-0.48,2026-05-31 22:11:46.810970
NEAR-USDT,BingX,NEAR/USDT,2.3162,2.3163,-3.71,27511299.5675,-30.25,12899972.636,14611326.8915,135195,134082,10124757.2243,23432738.12,-30.16,0.01,1780243200000.0,0.8517,0.12,NEAR,,,1.0,2026-05-31 22:11:46.810970
NEARUSDC,Binance,NEAR/USDC,2.314,2.31462405,-3.7,27493025.185,-13.14,14025194.569,13467830.616,35736,34118,4220223.0,9765596.022,-2.75,-0.000608,1780243200000.0,0.3552,11.94,NEAR,729.59,10953.49,-0.0608,2026-05-31 22:11:46.810970
NEARUSDT,Bitunix,NEAR/USDT,2.316,2.316,-3.7,19775489.795,-26.75,9150023.233,10625466.562,28754,29391,1972323.0,4565927.745,-2.66,0.005192,1780243200000.0,0.2309,32.85,NEAR,,,0.5192,2026-05-31 22:11:46.810970
NEARUSDT,ApeX Omni,NEAR/USDT,2.313,2.317,-3.75,19004175.4104,69.05,9247180.5004,9756994.91,42480,45034,39723.19999999999,92078.37759999998,13.79,0.00125,,0.0048,-33.33,NEAR,,,0.125,2026-05-31 22:11:46.810970
NEAR_USDT,Gate,NEAR/USDT,2.3167,2.3159,-3.65,15098133.9201,-38.19,6951923.8789,8146210.0312,24987,25627,3401800.0,7874826.82,-11.57,-0.0061,1780243200000.0,0.5216,43.06,NEAR,1932.04,37318.27,-0.61,2026-05-31 22:11:46.810970
NEARUSDTM,KuCoin,NEAR/USDT,2.317,2.318,-3.74,12645499.6272,-75.21,5767378.3323,6878121.2949,16374,18644,23701975.0,54917476.075,-6.58,-0.0029,1780243140301.0,4.3428,276.91,NEAR,,,-0.29,2026-05-31 22:11:46.810970
NEAR-USDC,BingX,NEAR/USDC,2.317,2.316,-3.7,6696139.612179,1.43,3355222.835281,3340916.736998,432931,431929,2457946.1512,5690145.34,1.18,0.011,1780243200000.0,0.8498,-0.25,NEAR,,,1.1,2026-05-31 22:11:46.810970
PF_NEARUSD,Kraken,NEAR/USDT,2.3135,2.312,-3.8,6344679.1164,-41.7,2603897.6909,3740781.4355,6431,5850,1525142.0,3528416.017,-0.38,0.00350497,1780239600000.0,0.5561,70.84,NEAR,,,0.3505,2026-05-31 22:11:46.810970
NEARUSDT,CoinEx,NEAR/USDT,2.3183,2.3163,-3.67,5218830.3157,-57.15,2898516.7319,2320313.5838,7249,6170,555990.0,1288562.424,12.78,0.0,1780243176460.0,0.2469,163.22,NEAR,0.0,11087.96,0.0,2026-05-31 22:11:46.810970
NEAR-PERP,Coinbase,NEAR/USDC,2.3144,2.3119,-3.79,5107201.57423,-21.64,2553242.5631,2553959.01133,4067,4314,535452.7,1238716.27618,-1.43,0.0014,,0.2425,25.78,NEAR,,,0.14,2026-05-31 22:11:46.810970
NEARUSD_PERP,Binance,NEAR/USD,2.311,2.31334371,-3.71,4210770.0,-25.61,1887760.0,2323010.0,7410,9338,638163.71,1473520.0,3.76,-0.013102,1780243200000.0,0.3499,39.46,NEAR,0.0,440.0,-1.3102,2026-05-31 22:11:46.810970
NEAR-USD,BingX,NEAR/USD,2.3119,2.3125,-3.77,3701960.0,3.78,1834280.0,1867680.0,43167,43475,103166.0445,238323.87939945,8.07,0.01,1780243200000.0,0.0644,4.21,NEAR,,,1.0,2026-05-31 22:11:46.810970
NEAR-USD,Extended,NEAR/USD,2.3218,2.313210569999,-3.44,1945119.94,-55.98,1017759.33,927360.61,636,946,419722.0,970388.747578,10.25,0.0013,,0.4989,150.45,NEAR,0.0,8101.34,0.13,2026-05-31 22:11:46.810970
NEARUSDT,Aster,NEAR/USDT,2.319,2.31511351,-3.66,1663985.473,-18.49,781531.177,882454.296,1385,1591,544658.0,1263061.902,5.74,0.01,1780243200000.0,0.7591,29.72,NEAR,0.0,6215.98,1.0,2026-05-31 22:11:46.810970
NEARUSDC,Bitunix,NEAR/USDC,2.313,2.311,-3.71,1294301.219,-7.41,604414.809,689886.41,4502,4192,347554.0,803197.294,13.0,-0.001076,1780243200000.0,0.6206,22.05,NEAR,,,-0.1076,2026-05-31 22:11:46.810970
NEARUSDT,Bitmex,NEAR/USDT,2.3155,2.3157,-3.94,709133.3298,-33.22,332004.6715,377128.6583,543,602,438592.0,1015735.2128,1.67,0.01,1780286400000.0,1.4324,52.24,NEAR,,,1.0,2026-05-31 22:11:46.810970
NEARUSD-PERP,Crypto.com,NEAR/USD,2.313,2.3123,-3.77,362552.9794,14.05,161205.8908,201347.0786,1841,1792,51840.0,119880.0,-10.58,0.0017659,1780239600000.0,0.3307,-21.58,NEAR,,,0.1766,2026-05-31 22:11:46.810970
NEARUSD,Bybit,NEAR/USD,2.3126,2.3127,-3.73,322648.0,-46.85,136245.0,186403.0,1181,1957,371859.51,859702.0,-1.97,0.01,1780243200000.0,2.6645,84.45,NEAR,0.0,503.0,1.0,2026-05-31 22:11:46.810970
NEAR-USDT,HTX,NEAR/USDT,2.318,2.3177333333333334,-3.62,313884.851,-44.73,140876.718,173008.143,1130,2597,104954.0,243283.372,-4.09,0.01,1780243200000.0,0.7751,73.56,NEAR,1866.5,4087.77,1.0,2026-05-31 22:11:46.810970
NEAR_USDC,MEXC,NEAR/USDC,2.314,2.314,-3.7,290905.878,17.38,174722.482,116183.396,4045,3977,169612.0,392482.168,39.61,-0.0006,1780243200000.0,1.3492,18.95,NEAR,,,-0.06,2026-05-31 22:11:46.810970
NEARUSD_DMCBL,Bitget,NEAR/USD,2.308,2.3126179249417085,-3.87,272341.094,-22.79,131046.392,141294.702,1241,1332,966784.0,2234237.824,-2.38,0.01,1780243200000.0,8.2038,26.45,NEAR,0.0,400.23,1.0,2026-05-31 22:11:46.810970
NEAR-USDC,Lighter,NEAR/USDC,2.28175,2.31273,-5.02,1984.51,-99.97,1129.28,855.23,12,9,2604094.2,6027827.04945,-6.03,0.0012,,3037.4385,346996.16,NEAR,,,0.12,2026-05-31 22:11:46.810970
NEAR-USD-PERP,Paradex,NEAR/USD,2.302,2.31177524,-1.46,1912.4055,17.92,284.06,1628.3555,7,9,10630.2,24470.7204,0.51,-0.002219501058,,12.7958,-14.77,NEAR,,,-0.222,2026-05-31 22:11:46.810970
DOTUSD,Bitmex,DOT/USD,1.186,1.187,-0.84,73511792.83,37323.52,33704345.01,39807447.82,157,121,554359.28,657470.109121911,-2.29,0.01,1780286400000.0,0.0089,-99.74,DOT,,,1.0,2026-05-31 22:11:46.810970
DOTUSDT,Binance,DOT/USDT,1.187,1.18773134,-0.59,38060737.0889,-41.45,18035667.9605,20025069.1284,52636,63277,31037597.1,36841627.7577,3.98,-0.013454,1780243200000.0,0.968,77.61,DOT,1057.23,29513.12,-1.3454,2026-05-31 22:11:46.810970
DOTUSDT,Bybit,DOT/USDT,1.187,1.1876,-0.66,15116577.84046,-39.23,7248392.45553,7868185.38513,65784,65287,16917343.9,20080887.21,2.0,-0.008561,1780243200000.0,1.3284,67.83,DOT,0.0,1311.52,-0.8561,2026-05-31 22:11:46.810970
DOT_PERP,WhiteBIT,DOT/USDT,1.1855,1.188,-0.72,15060523.0675,-17.79,9069260.1175,5991262.95,59789,39955,7390436.0,8761361.878,3.03,0.01,1780243200000.0,0.5817,25.31,DOT,,,1.0,2026-05-31 22:11:46.810970
DOT-USDT-SWAP,OKX,DOT/USDT,1.187,1.187,-0.59,10522798.288,-59.44,5054286.533,5468511.745,4636,5656,8116461.0,9634239.207,0.52,0.00394192805533,1780243200000.0,0.9156,147.86,DOT,0.0,16738.81,0.3942,2026-05-31 22:11:46.810970
DOTUSDT,LBank,DOT/USDT,1.187,,-0.67,8511923.3558,-32.4,4258008.6702,4253914.6856,32260,31896,22641509.8,26852830.6228,-0.59,-0.0139,1780243200000.0,3.1547,47.05,DOT,,,-1.39,2026-05-31 22:11:46.810970
DOT-USD,BingX,DOT/USD,1.184,1.185,-0.67,5807990.0,18.73,2819940.0,2988050.0,43600,42962,315845.1883,373960.7029472,2.68,0.01,1780243200000.0,0.0644,-13.44,DOT,,,1.0,2026-05-31 22:11:46.810970
DOT_USDT,MEXC,DOT/USDT,1.187,1.187,-0.59,4965285.5835,-24.16,2565548.5651,2399737.0284,5091,5131,14642320.0,17380433.84,11.96,-0.0137,1780243200000.0,3.5004,47.62,DOT,,,-1.37,2026-05-31 22:11:46.810970
DOT-USDT,BingX,DOT/USDT,1.188,1.187,-0.5,3657867.7415,-38.74,1398748.1046,2259119.6469,130553,130653,2636386.2901,3126754.14,-38.5,0.0037,1780243200000.0,0.8548,0.39,DOT,,,0.37,2026-05-31 22:11:46.810970
DOTUSDT,Bitunix,DOT/USDT,1.187,1.188,-0.59,2449081.6062,-43.39,1100424.6689,1348656.9473,5166,7350,1842211.3,2184862.6018,-0.31,0.014219,1780243200000.0,0.8921,76.1,DOT,,,1.4219,2026-05-31 22:11:46.810970
DOTUSDT_UMCBL,Bitget,DOT/USDT,1.187,1.1876530470655353,-0.59,2081724.947,-67.42,1026233.057,1055491.88,3053,3023,14259852.0,16926444.324,2.18,-0.0016,1780243200000.0,8.131,213.64,DOT,0.0,442.31,-0.16,2026-05-31 22:11:46.810970
DOT_USDT,Gate,DOT/USDT,1.187,1.1878,-0.67,1319829.527,-55.04,669872.347,649957.19,1882,1545,3228658.0,3832417.046,2.8,-0.0083,1780243200000.0,2.9037,128.66,DOT,0.0,10627.44,-0.83,2026-05-31 22:11:46.810970
DOT-USDC,BingX,DOT/USDC,1.187,1.187,-0.67,1212441.611585,-1.04,610147.308295,602294.27359,16538,16356,804879.7639,954587.4,1.33,0.0041,1780243200000.0,0.7873,2.39,DOT,,,0.41,2026-05-31 22:11:46.810970
DOTUSD_PERP,Binance,DOT/USD,1.186,1.18562932,-0.59,846260.0,-71.01,407000.0,439260.0,1834,1905,2106155.14,2497900.0,0.75,0.01,1780243200000.0,2.9517,247.59,DOT,0.0,60.0,1.0,2026-05-31 22:11:46.810970
DOTUSDTM,KuCoin,DOT/USDT,1.188,1.187,-0.67,790335.669,-80.29,358584.594,431751.075,1790,1649,19535273.0,23207904.324,2.93,0.0032,1780243140198.0,29.3646,422.25,DOT,,,0.32,2026-05-31 22:11:46.810970
DOT-USD-SWAP,OKX,DOT/USD,1.185,1.185,-0.67,718930.0,-51.69,346160.0,372770.0,537,572,2417755.2742616036,2865040.0,0.64,0.01,1780243200000.0,3.9851,108.33,DOT,,,1.0,2026-05-31 22:11:46.810970
DOT-USD,Hyperliquid,DOT/USD,1.1864,1.1875,-0.69,668340.49952,-22.93,372926.97284,295413.50668,2059,2074,3509663.8,4164216.0987,3.51,0.00112482,1780239600000.0,6.2307,34.31,DOT,19.52,0.0,0.1125,2026-05-31 22:11:46.810970
PF_DOTUSD,Kraken,DOT/USDT,1.186,1.1861,-0.67,613651.0296,-75.3,286729.8492,326921.1704,1161,1145,2340400.3,2775714.7558,0.23,-0.0005926075,1780239600000.0,4.5233,305.82,DOT,,,-0.0593,2026-05-31 22:11:46.810970
DOTUSDT,CoinEx,DOT/USDT,1.1872,1.1879,-0.62,564014.42699,-1.75,213401.5742,350612.85289,3041,6188,762298.5,905000.7792,15.49,-0.019001,1780243176381.0,1.6046,17.55,DOT,0.0,154.29,-1.9001,2026-05-31 22:11:46.810970
DOTUSD,EdgeX,DOT/USD,1.186,1.1875,-0.84,441652.9134,1.8,217715.6838,223937.2296,1482,1554,186155.6,220780.5416,-3.86,0.005,1780243200000.0,0.4999,-5.55,DOT,,,0.5,2026-05-31 22:11:46.810970
DOTUSD,Bitunix,DOT/USD,1.186,1.186,-0.59,234592.8,-44.37,126954.963,107637.837,7233,7189,413441.8,490341.9748,55.44,0.01,1780243200000.0,2.0902,179.44,DOT,,,1.0,2026-05-31 22:11:46.810970
DOT-USD,Extended,DOT/USD,1.1836,1.18581375,-0.87,194649.65,-34.04,26984.34,167665.31,64,680,127696.6,151296.868837,-22.52,0.0013,,0.7773,17.47,DOT,56.02,0.0,0.13,2026-05-31 22:11:46.810970
DOT-USDC,Lighter,DOT/USDC,1.18551,1.18582,-0.67,158600.239453,-56.13,102054.4288,56545.810653,297,1118,376986.6,447106.1076,34.15,0.0012,,2.8191,205.76,DOT,,,0.12,2026-05-31 22:11:46.810970
DOTUSD,Bybit,DOT/USD,1.186,1.186,-0.63,149817.0,-74.26,61856.0,87961.0,865,735,2988281.62,3544102.0,-0.17,0.01,1780243200000.0,23.6562,287.79,DOT,0.0,1008.0,1.0,2026-05-31 22:11:46.810970
DOT_USDC,MEXC,DOT/USDC,1.185,1.186,-0.75,145091.373,10.54,67397.659,77693.714,3961,3928,117011.0,138658.035,3.36,0.01,1780243200000.0,0.9557,-6.49,DOT,,,1.0,2026-05-31 22:11:46.810970
DOT-PERP,Coinbase,DOT/USDC,1.187,1.186,-0.59,123968.3069,-80.68,64571.2703,59397.0266,695,417,188426.3,223662.0181,0.8,0.0008,,1.8042,421.6,DOT,,,0.08,2026-05-31 22:11:46.810970
DOTUSD_DMCBL,Bitget,DOT/USD,1.185,1.1859249148419193,-0.5,97585.441,-47.86,31758.608,65826.833,94,234,362339.0,429371.715,-0.54,0.01,1780243200000.0,4.4,90.77,DOT,,,1.0,2026-05-31 22:11:46.810970
DOTUSDT,Aster,DOT/USDT,1.184,1.18773137,-1.09,88241.035,65.13,39327.845,48913.19,71,72,650330.1,769990.8384,2.07,0.01,1780243200000.0,8.726,-38.19,DOT,0.0,3.57,1.0,2026-05-31 22:11:46.810970
DOT-USDT,HTX,DOT/USDT,1.1875,1.18785,-0.69,64491.365,-81.76,23209.5453,41281.8197,418,647,314234.0,373152.875,-1.39,0.01,1780243200000.0,5.7861,440.66,DOT,0.0,1.18,1.0,2026-05-31 22:11:46.810970
DOT-USD,HTX,DOT/USD,1.1813,1.1857281703668603,-0.46,49060.0,-32.58,24650.0,24410.0,688,684,112689.40997206468,133120.0,-0.01,-0.6816988651448526,,2.7134,48.31,DOT,,,-68.1699,2026-05-31 22:11:46.810970
DOTPERP,Bybit,DOT/USDC,1.1846,1.1866,-0.79,43758.6674,-49.97,20965.6474,22793.02,111,95,343587.0,407013.16,-1.98,-0.009667,1780243200000.0,9.3013,95.93,DOT,,,-0.9667,2026-05-31 22:11:46.810970
DOTUSD-PERP,Crypto.com,DOT/USD,1.1888,1.1861,-0.48,22213.3323,-51.21,10605.7928,11607.5395,461,1189,92200.2,109607.59776,-2.4,0.0016269,1780239600000.0,4.9343,100.04,DOT,,,0.1627,2026-05-31 22:11:46.810970
DOTUSDT,Bitmex,DOT/USDT,1.185,1.1883,-0.92,14196.102,-91.99,5493.722,8702.38,54,41,437360.0,519758.624,-0.73,0.01,1780286400000.0,36.6128,1138.97,DOT,,,1.0,2026-05-31 22:11:46.810970
DOT-USD-PERP,Paradex,DOT/USD,1.2532,1.18505412,3.14,2373.94,,1365.19,1008.75,6,4,18792.8,23551.13696,4.98,-0.0436145863,,9.9207,,DOT,,,-4.3615,2026-05-31 22:11:46.810970
DOTUSDM,KuCoin,DOT/USD,1.199,1.185,-0.66,2372.0,-72.47,9.0,2363.0,2,12,209700.58,251431.0,20.87,0.1368,1780243140197.0,105.9996,339.03,DOT,,,13.68,2026-05-31 22:11:46.810970
LITUSDT,Binance,LIT/USDT,1.3168,1.317584,-4.56,58204957.65876,-48.14,28677366.80778,29527590.82158,407190,420791,32568323.5,42850143.22895,-7.11,0.005,1780243200000.0,0.7362,79.12,LIT,46463.52,82366.74,0.5,2026-05-31 22:11:46.810970
LIT-USDT-SWAP,OKX,LIT/USDT,1.3177,1.319,-4.57,39825378.2505,-48.22,19007313.2782,20818064.9623,114228,122554,7699045.0,10148881.119,-7.8,0.005,1780243200000.0,0.2548,78.06,LIT,45086.11,106459.68,0.5,2026-05-31 22:11:46.810970
LIT-USD,Hyperliquid,LIT/USD,1.3176,1.3182,-4.61,33145115.7969,-50.35,16043557.3454,17101558.4615,37820,33011,60308640.0,79432509.744,-2.61,0.00125,1780239600000.0,2.3965,96.16,LIT,99846.42,0.0,0.125,2026-05-31 22:11:46.810970
LITUSDT,Bybit,LIT/USDT,1.3177,1.3182,-4.67,21373145.33609,-51.89,10472192.42964,10900952.91605,121362,133890,15470920.2,20392219.92,-6.56,0.005,1780243200000.0,0.9541,94.24,LIT,4118.47,11934.57,0.5,2026-05-31 22:11:46.810970
LIT_PERP,WhiteBIT,LIT/USDT,1.3197,1.316,-4.33,18963658.04279,-18.85,6766948.39752,12196709.64527,49590,136746,7456801.8,9819116.61024,-7.38,0.005,1780243200000.0,0.5178,14.13,LIT,,,0.5,2026-05-31 22:11:46.810970
LIT-USD,Extended,LIT/USD,1.3181,1.316078510999,-4.51,5885220.62,-61.09,3254554.46,2630666.16,8026,5952,2748836.0,3610958.904864,-6.69,0.0013,,0.6136,139.78,LIT,0.0,107.55,0.13,2026-05-31 22:11:46.810970
LIT_USDT,Gate,LIT/USDT,1.318,1.3179,-4.56,2694570.649,-45.34,1253553.455,1441017.194,11262,12507,967174.0,1274735.332,-8.74,0.005,1780243200000.0,0.4731,67.0,LIT,4.21,187.63,0.5,2026-05-31 22:11:46.810970
LITUSDT_UMCBL,Bitget,LIT/USDT,1.317,1.317411111111111,-4.57,2694066.561,-44.21,1287033.477,1407033.094,7129,7658,2007513.0,2643894.621,-3.72,0.002,1780243200000.0,0.9814,72.57,LIT,1295.92,2139.42,0.2,2026-05-31 22:11:46.810970
LIT_USDT,MEXC,LIT/USDT,1.3166,1.3176,-4.59,2591877.2709,-45.7,1199579.84901,1392297.43179,7943,8276,2268448.0,2985504.4128,-54.99,0.005,1780243200000.0,1.1519,-17.11,LIT,,,0.5,2026-05-31 22:11:46.810970
LITUSDT,LBank,LIT/USDT,1.3153,,-5.22,1805524.9924,,918920.01702,886604.97528,30419,30291,0.0,0.0,,,,0.0,,LIT,,,,2026-05-31 22:11:46.810970
LITUSDTM,KuCoin,LIT/USDT,1.319,1.31744,-4.7,1141374.267,-56.07,532349.199,609025.068,4357,5532,4938742.0,6519139.44,-15.69,0.0221,1780243140272.0,5.7117,91.9,LIT,,,2.21,2026-05-31 22:11:46.810970
LITUSDT,CoinEx,LIT/USDT,1.3179,1.3177,-4.5,720151.1046,-19.61,371963.0847,348188.0199,5224,4923,138230.0,182173.317,0.24,-0.014412,1780243202633.0,0.253,24.69,LIT,0.0,82.16,-1.4412,2026-05-31 22:11:46.810970
LITUSDT,Aster,LIT/USDT,1.3163,1.318264,-4.55,712712.3242,-61.08,309141.0093,403571.3049,946,1492,728047.0,958328.2661,-2.75,0.00125,1780239600000.0,1.3446,149.93,LIT,22.27,350.17,0.125,2026-05-31 22:11:46.810970
LIT-USDT,HTX,LIT/USDT,1.3091,1.3190333333333333,-4.47,143927.5459,-51.12,71920.369,72007.1869,821,1061,53727.0,70334.0157,-40.12,0.005,1780243200000.0,0.4887,22.51,LIT,9855.64,0.0,0.5,2026-05-31 22:11:46.810970
LITUSDT,ApeX Omni,LIT/USDT,1.318,1.317,-4.7,119947.01,31.0,28236.31,91710.7,3028,3184,30459.0,40144.962,-9.25,0.00125,,0.3347,-30.72,LIT,,,0.125,2026-05-31 22:11:46.810970
LIT-PERP,Coinbase,LIT/USDC,1.31405,1.31649,-4.25,25403.7306,-97.65,12840.3791,12563.3515,273,82,98813.4,129845.74827,-4.87,0.0008,,5.1113,3946.95,LIT,,,0.08,2026-05-31 22:11:46.810970
LITUSDT,Bitmex,LIT/USDT,1.3317,1.319,-4.2,12405.5282,-67.47,5617.03,6788.4982,15,23,5893.0,7771.0991,-1.0,-0.033,1780286400000.0,0.6264,204.37,LIT,,,-3.3,2026-05-31 22:11:46.810970
LIT-USD-PERP,Paradex,LIT/USD,1.31629,1.31842769,-7.04,11969.6265,-73.88,7954.175,4015.4515,26,15,320768.0,422223.71072,-5.95,0.015014843514,,35.2746,260.07,LIT,,,1.5015,2026-05-31 22:11:46.810970
LIT-USDC,Lighter,LIT/USDC,1.3686,1.3165,-3.84,10339.6,-99.96,8313.15,2026.44,54,27,46687875.86,61487932.50762,-6.26,0.0012,,5946.8386,234748.69,LIT,166.71,0.0,0.12,2026-05-31 22:11:46.810970
ENAUSDT,Binance,ENA/USDT,0.08995,0.09005956,0.98,69914052.97365,-25.27,33284886.31898,36629166.65447,254875,238235,472109360.0,42456794.7448,8.68,0.004044,1780243200000.0,0.6073,45.43,ENA,19405.86,129348.54,0.4044,2026-05-31 22:11:46.810970
ENAUSDT,Bybit,ENA/USDT,0.08995,0.09008,0.99,28674623.88779,-5.41,14636045.2396,14038578.65849,116758,114581,378277512.0,34052541.63,18.22,0.005,1780243200000.0,1.1875,24.97,ENA,13340.11,4475.12,0.5,2026-05-31 22:11:46.810970
ENA_USDT,MEXC,ENA/USDT,0.08995,0.09008,0.99,25102067.4259,8.35,11513028.2259,13589039.21,9282,9416,119649370.0,10763657.3252,20.95,0.0038,1780243200000.0,0.4288,11.64,ENA,,,0.38,2026-05-31 22:11:46.810970
ENA_PERP,WhiteBIT,ENA/USDT,0.0896,0.09,1.01,17109574.4787,-4.22,7793070.2201,9316504.2486,45373,62537,96489928.0,8645497.5488,7.19,0.005,1780243200000.0,0.5053,11.92,ENA,,,0.5,2026-05-31 22:11:46.810970
ENA-USDT-SWAP,OKX,ENA/USDT,0.08995,0.09002,1.0,9832402.2806,-24.4,4979673.7943,4852728.5063,21235,22090,43512700.0,3914402.492,-3.62,0.005,1780243200000.0,0.3981,27.47,ENA,1665.44,29569.69,0.5,2026-05-31 22:11:46.810970
ENA-USDT,BingX,ENA/USDT,0.0899,0.09,1.01,8453942.565488,2.04,4229358.989245,4224583.526143,432532,435086,80267851.0567,7216079.81,2.47,0.005,1780243200000.0,0.8536,0.42,ENA,,,0.5,2026-05-31 22:11:46.810970
ENAUSDT_UMCBL,Bitget,ENA/USDT,0.08999,0.090058703759285,1.1,7861482.50308,-42.17,4107137.11738,3754345.386,16692,15041,125585065.0,11301399.99935,9.46,0.005,1780243200000.0,1.4376,89.31,ENA,2123.27,7374.59,0.5,2026-05-31 22:11:46.810970
ENAUSDT,ApeX Omni,ENA/USDT,0.0897,0.0901,0.67,7219341.85,80.18,4464809.87,2754531.98,20704,12786,337964.0,30315.3708,-3.76,0.00125,,0.0042,-46.84,ENA,,,0.125,2026-05-31 22:11:46.810970
ENA-USDC,BingX,ENA/USDC,0.0899,0.09,1.01,6480148.642907,-0.09,3241411.241909,3238737.391198,432410,432063,29462269.9666,2648658.07,-0.05,0.0055,1780243200000.0,0.4087,0.02,ENA,,,0.55,2026-05-31 22:11:46.810970
ENAUSDC,Binance,ENA/USDC,0.08988,0.08993531,1.03,5557145.80357,-22.64,2749485.88168,2807659.93219,37398,34961,29634198.0,2663521.71624,0.35,0.005,1780243200000.0,0.4793,29.72,ENA,2.99,556.83,0.5,2026-05-31 22:11:46.810970
ENA_USDT,Gate,ENA/USDT,0.08993,0.09002,0.99,5460784.3818,-3.29,2787516.1126,2673268.2592,22496,21606,42888440.0,3857386.2936,-5.56,0.005,1780243200000.0,0.7064,-2.34,ENA,461.5,1792.01,0.5,2026-05-31 22:11:46.810970
ENAUSDT,LBank,ENA/USDT,0.08996,,0.99,5203949.21102,7.99,2432721.45006,2771227.74106,72073,72010,69689984.0,6269310.96064,1.24,0.0048,1780243200000.0,1.2047,-6.25,ENA,,,0.48,2026-05-31 22:11:46.810970
ENAUSD,EdgeX,ENA/USD,0.0899,0.09004698,0.9,5116917.0978,-15.67,2436288.5223,2680628.5755,7779,8065,2907974.0,261426.8626,0.9,0.005,1780243200000.0,0.0511,19.67,ENA,,,0.5,2026-05-31 22:11:46.810970
ENAUSDT,Bitunix,ENA/USDT,0.08995,0.08999,0.98,3938634.65347,-25.0,2030796.96743,1907837.69634,13225,10732,21699751.0,1951892.60245,10.7,0.003296,1780243200000.0,0.4956,47.59,ENA,,,0.3296,2026-05-31 22:11:46.810970
ENA-USD,Hyperliquid,ENA/USD,0.090003,0.090015,1.01,3548829.485845,59.18,2333387.3559,1215442.129945,7282,6362,205836200.0,18525875.5086,0.8,0.00125,1780239600000.0,5.2203,-36.68,ENA,0.0,89.28,0.125,2026-05-31 22:11:46.810970
ENAUSDTM,KuCoin,ENA/USDT,0.09002,0.09004,1.04,3155263.15517,-65.02,1571089.76369,1584173.39128,14221,14029,127712428.0,11497949.89284,-0.91,0.0181,1780243140205.0,3.6441,183.23,ENA,,,1.81,2026-05-31 22:11:46.810970
ENA-PERP,Coinbase,ENA/USDC,0.0899,0.08993,1.01,2143349.2664,-17.13,1093858.4811,1049490.7853,1441,1290,2060573.0,185245.5127,-20.45,0.0011,,0.0864,-4.0,ENA,,,0.11,2026-05-31 22:11:46.810970
ENA-USD,Extended,ENA/USD,0.08992,0.0898971645,0.93,1961381.25,-67.67,1062231.71,899149.54,1498,3214,16201592.0,1454697.536738,-4.47,0.0013,,0.7417,195.5,ENA,0.0,62.43,0.13,2026-05-31 22:11:46.810970
PF_ENAUSD,Kraken,ENA/USDT,0.08996,0.089896,1.07,368462.4228,-20.63,227023.0551,141439.3677,749,599,7096641.0,638413.82436,-4.01,0.0003930525,1780239600000.0,1.7326,20.92,ENA,,,0.0393,2026-05-31 22:11:46.810970
ENAUSDT,CoinEx,ENA/USDT,0.090055,0.090032,1.07,350926.155947,-59.84,230179.838177,120746.32797,6229,2936,4975365.0,448056.495075,8.96,0.025688,1780243202620.0,1.2768,171.31,ENA,0.0,1006.85,2.5688,2026-05-31 22:11:46.810970
ENA-USDT,HTX,ENA/USDT,0.09177,0.09004,1.79,162427.31531,15.57,79619.3611,82807.96421,809,2685,2489137.0,228428.10249,25.56,0.0290600190521321,1780243200000.0,1.4063,8.64,ENA,0.0,86.17,2.906,2026-05-31 22:11:46.810970
ENA_USDC,MEXC,ENA/USDC,0.08987,0.08983,1.05,153424.4727,30.6,82675.0758,70749.3869,3992,4070,1271960.0,114336.4844,16.67,0.005,1780243200000.0,0.7452,-10.67,ENA,,,0.5,2026-05-31 22:11:46.810970
ENAPERP,Bybit,ENA/USDC,0.08938,0.08997,0.96,59357.0876,-9.55,39512.7576,19844.33,303,266,6986008.0,627902.4,-0.51,0.01,1780243200000.0,10.5784,9.99,ENA,,,1.0,2026-05-31 22:11:46.810970
ENAUSDC,Bitunix,ENA/USDC,0.0899,0.0897,1.01,53968.9665,-26.45,26260.1402,27708.8163,5151,5012,428092.0,38485.4708,-10.48,0.005,1780243200000.0,0.7131,21.71,ENA,,,0.5,2026-05-31 22:11:46.810970
ENAUSDT,Aster,ENA/USDT,0.0896,0.09005956,0.69,50049.5226,-35.61,30359.6953,19689.8273,119,57,1220048.0,109316.3008,-0.4,0.005,1780243200000.0,2.1842,54.69,ENA,,,0.5,2026-05-31 22:11:46.810970
ENAUSD-PERP,Crypto.com,ENA/USD,0.08991,0.08994,1.12,42836.58661,46.03,26615.0839,16221.50271,423,399,254266.0,22861.05606,55.49,-0.0006677,1780239600000.0,0.5337,6.48,ENA,,,-0.0668,2026-05-31 22:11:46.810970
ENAUSDT,Bitmex,ENA/USDT,0.0898,0.0901,1.13,26320.6039,3.52,6949.6084,19370.9955,114,147,2612376.0,235375.0776,0.98,0.01,1780286400000.0,8.9426,-2.45,ENA,,,1.0,2026-05-31 22:11:46.810970
ENA-USDC,Lighter,ENA/USDC,0.08988,0.08988,2.23,24364.747632,-94.44,14179.905656,10184.851976,192,203,26607564.8,2392020.07552,-3.93,0.0012,,98.1755,1626.5,ENA,569.08,0.0,0.12,2026-05-31 22:11:46.810970
ENA-USD,dYdX,ENA/USD,0.08945,,0.75,7853.82,-25.65,2714.23,5139.59,4,70,1011460.0,90964.411914514,0.13,0.0,1780239600000.0,11.5822,34.68,ENA,,,0.0,2026-05-31 22:11:46.810970
ENA-USD-PERP,Paradex,ENA/USD,0.0888,0.09186609,0.0,1675.1232,-6.3,0.0,1675.1232,0,1,257810.0,22893.528,0.0,-0.021740961673,,13.6668,6.72,ENA,0.0,11.73,-2.1741,2026-05-31 22:11:46.810970
IPUSDT,ApeX Omni,IP/USDT,0.431,0.432,-0.46,17687953.47,129.5,8862976.26,8824977.21,40948,40698,114453.99999999999,49329.67399999999,-0.51,0.00125,,0.0028,-56.25,IP,,,0.125,2026-05-31 22:11:46.810970
IP-USDT-SWAP,OKX,IP/USDT,0.4321,0.432,-0.02,6983621.0242,-26.51,3477418.2531,3506202.8011,10175,8801,10966125.0,4738462.6125,4.05,0.005,1780243200000.0,0.6785,41.59,IP,64.4,494.6,0.5,2026-05-31 22:11:46.810970
IP-USDT,BingX,IP/USDT,0.43219,0.43202,-0.02,6579103.8997809,-0.82,3308940.6837371,3270163.1662438,431668,431324,12977943.3862,5607120.44,-0.57,0.005,1780243200000.0,0.8523,0.25,IP,,,0.5,2026-05-31 22:11:46.810970
IP-USDC,BingX,IP/USDC,0.432,0.432,-0.09,6477623.7214786,-0.24,3236853.5270666,3240770.184312,431572,432305,1693974.2361,731796.87,6.13,0.0055,1780243200000.0,0.113,6.4,IP,,,0.55,2026-05-31 22:11:46.810970
IPUSDT,Binance,IP/USDT,0.4321,0.43226371,-0.05,5700011.37836,-21.09,2640452.18668,3059559.20168,38752,34951,15071993.3,6514115.50426,3.42,0.005,1780243200000.0,1.1428,31.06,IP,0.0,2855.63,0.5,2026-05-31 22:11:46.810970
IP_PERP,WhiteBIT,IP/USDT,0.4321,0.432,0.02,3568562.81629,-33.82,616871.81407,2951691.01322,7199,59382,4818639.4,2082134.08474,3.72,0.005,1780243200000.0,0.5835,56.73,IP,,,0.5,2026-05-31 22:11:46.810970
IPUSDTM,KuCoin,IP/USDT,0.4325,0.43195,0.02,3257751.04301,-41.71,1628613.91134,1629137.13227,21659,21150,2146539.0,928270.79055,-26.11,0.0082,1780243140255.0,0.2849,26.73,IP,,,0.82,2026-05-31 22:11:46.810970
IPUSDT,Bybit,IP/USDT,0.4319,0.4319,-0.07,2855580.1521,-28.27,1463484.1137,1392096.0386,17416,13579,16770302.4,7243093.61,1.41,0.005,1780243200000.0,2.5365,41.39,IP,0.0,2924.46,0.5,2026-05-31 22:11:46.810970
IPUSDT_UMCBL,Bitget,IP/USDT,0.4314,0.4318749558344327,-0.28,1023569.2525,84.71,478940.1722,544629.0902,3099,3348,3236914.8,1396405.04472,5.56,0.005,1780243200000.0,1.3643,-42.85,IP,0.0,277.43,0.5,2026-05-31 22:11:46.810970
IPUSDT,LBank,IP/USDT,0.4316,,-0.16,1020613.18922,-8.24,508276.52072,512336.6781,28244,28245,86307.9,37250.48964,9.55,0.005,1780243200000.0,0.0365,19.28,IP,,,0.5,2026-05-31 22:11:46.810970
IPUSDC,Binance,IP/USDC,0.4313,0.43181038,-0.09,801733.18152,-42.09,408506.07959,393227.10173,9079,7425,1697822.4,732270.80112,5.44,0.005,1780243200000.0,0.9134,82.06,IP,0.0,243.6,0.5,2026-05-31 22:11:46.810970
IP_USDT,MEXC,IP/USDT,0.4322,0.4317,-0.02,404660.9519,-42.12,210531.8378,194129.1041,4082,3987,1766371.0,763248.9091,18.69,0.005,1780243200000.0,1.8861,105.06,IP,,,0.5,2026-05-31 22:11:46.810970
IPUSDT,Bitunix,IP/USDT,0.4321,0.4319,-0.05,318111.40758,-12.56,158220.32572,159891.10146,5960,5199,615312.4,265938.01928,-2.24,0.004,1780243200000.0,0.836,11.79,IP,,,0.4,2026-05-31 22:11:46.810970
IP_USDT,Gate,IP/USDT,0.4322,0.4322,0.0,316237.1564,-27.91,154265.1358,161972.0106,1273,1024,1698262.0,733988.8364,-1.05,0.0083,1780243200000.0,2.321,37.26,IP,0.0,223.84,0.83,2026-05-31 22:11:46.810970
IP-USD,Hyperliquid,IP/USD,0.43211,0.43245,-0.07,170491.0378,-69.48,66538.3305,103952.7072,1002,1525,7885877.0,3407645.16924,-2.1,0.00125,1780239600000.0,19.9872,220.79,IP,0.0,4.4,0.125,2026-05-31 22:11:46.810970
IP_USDC,MEXC,IP/USDC,0.4313,0.4319,-0.12,99594.73561,23.71,49668.55841,49926.1769,3912,3919,21648.6,9337.04118,-16.85,0.005,1780243200000.0,0.0938,-32.76,IP,,,0.5,2026-05-31 22:11:46.810970
IPUSDT,CoinEx,IP/USDT,0.4325,0.4317,0.0,98064.5607,-32.7,34543.4808,63521.0698,3035,5647,142986.5,61841.66125,13.42,0.0,1780243202551.0,0.6306,68.52,IP,0.0,85.01,0.0,2026-05-31 22:11:46.810970
IP-PERP,Coinbase,IP/USDC,0.43298,0.43149,0.08,43211.63,-43.57,24044.17,19167.46,116,37,215128.6,93146.381228,-1.09,0.0046,,2.1556,75.28,IP,,,0.46,2026-05-31 22:11:46.810970
IP-USDT,HTX,IP/USDT,0.43508,0.4321625,0.03,34598.90314,20.9,13511.53692,21087.36642,1158,2028,79724.0,34795.5398,3.81,0.005,1780243200000.0,1.0057,-14.13,IP,,,0.5,2026-05-31 22:11:46.810970
IP-USD,Extended,IP/USD,0.4291,0.43188585,-0.6,27804.66,-21.48,15402.85,12401.81,60,30,124966.0,53852.49801,-6.43,0.0013,,1.9368,19.16,IP,,,0.13,2026-05-31 22:11:46.810970
IP-USDC,Lighter,IP/USDC,0.4317,0.4318,0.0,14469.0564,-81.93,3638.5332,10830.5232,593,621,668736.9,288827.46711,0.11,0.0012,,19.9617,454.06,IP,0.0,0.0,0.12,2026-05-31 22:11:46.810970
IPPERP,Bybit,IP/USDC,0.4312,0.4317,0.35,3826.197,-79.8,2190.87,1635.327,66,48,73462.2,31698.94,0.53,0.005,1780243200000.0,8.2847,397.76,IP,,,0.5,2026-05-31 22:11:46.810970
IPUSD-PERP,Crypto.com,IP/USD,0.4298,0.4318,-2.74,830.41,592.53,505.24,325.16,22,11,47956.0,20611.4888,-1.44,0.0042675,1780239600000.0,24.8209,-85.77,IP,,,0.4268,2026-05-31 22:11:46.810970
PF_IPUSD,Kraken,IP/USDT,0.433,0.43194,0.0,153.5,-97.0,3.51,149.99,1,1,9754.7,4223.7851,-0.08,-0.0003496558333333,1780239600000.0,27.5165,3230.89,IP,,,-0.035,2026-05-31 22:11:46.810970
IPUSDT,Aster,IP/USDT,0.4376,0.43226371,1.09,3.63,-99.8,0.0,3.63,0,1,26661.2,11666.94112,1.09,0.00125,1780239600000.0,3214.0334,49270.71,IP,,,0.125,2026-05-31 22:11:46.810970
IP-USD-PERP,Paradex,IP/USD,0.422,0.43075237,0.0,2.4898,-99.6,2.4898,0.0,1,0,21128.8,8916.3536,-0.99,-0.050994335889,,3581.1525,24462.59,IP,0.0,2.49,-5.0994,2026-05-31 22:11:46.810970
LDOUSDT,ApeX Omni,LDO/USDT,0.3243,0.325,1.0,12572346.17,69.94,6168172.7,6404173.47,28394,29472,72020.8,23356.34544,4.9,0.00125,,0.0019,-36.67,LDO,,,0.125,2026-05-31 22:11:46.810970
LDOUSDT,Binance,LDO/USDT,0.3247,0.32477297,1.06,7569762.9085,-29.14,3883629.3716,3686133.5269,47119,36860,38323067.0,12443499.8549,3.61,0.01,1780243200000.0,1.6438,46.22,LDO,21.64,1111.09,1.0,2026-05-31 22:11:46.810970
LDO-USDT,BingX,LDO/USDT,0.3245,0.3247,1.06,4024139.6208,-12.94,1352051.2536,2672088.3172,129856,129570,10560333.7134,3426828.29,-13.47,0.01,1780243200000.0,0.8516,-0.61,LDO,,,1.0,2026-05-31 22:11:46.810970
LDO_PERP,WhiteBIT,LDO/USDT,0.3247,0.3249,1.18,3584565.6941,28.22,1571899.3586,2012666.3255,8986,22338,8907716.0,2892335.3852,3.89,0.01,1780243200000.0,0.8069,-18.98,LDO,,,1.0,2026-05-31 22:11:46.810970
LDOUSDT,Bybit,LDO/USDT,0.3246,0.3248,1.09,2545321.35926,-45.83,1140358.08825,1404963.26101,11945,11804,28595813.3,9285060.58,0.96,-0.006682,1780243200000.0,3.6479,86.37,LDO,327.3,0.0,-0.6682,2026-05-31 22:11:46.810970
LDO-USDT-SWAP,OKX,LDO/USDT,0.3245,0.3247,1.06,2042705.3075,-9.38,1149457.791,893247.5165,5731,5298,9692489.0,3146181.9294,4.91,0.01,1780243200000.0,1.5402,15.77,LDO,0.0,1291.06,1.0,2026-05-31 22:11:46.810970
LDO_USDT,MEXC,LDO/USDT,0.3245,0.3246,1.03,1672123.6607,-4.82,725103.8694,947019.7913,4192,4203,11978662.0,3885877.9528,23.11,0.01,1780243200000.0,2.3239,29.34,LDO,,,1.0,2026-05-31 22:11:46.810970
LDOUSDT,Bitunix,LDO/USDT,0.3247,0.3246,1.06,762686.6367,58.46,327513.6523,435172.9844,6020,3826,3244086.0,1053354.7242,120.73,0.01,1780243200000.0,1.3811,39.29,LDO,,,1.0,2026-05-31 22:11:46.810970
LDO-USD,Hyperliquid,LDO/USD,0.32491,0.3249,1.14,748127.804047,40.27,239558.04192,508569.772127,1569,2057,20863017.6,6778603.048416001,10.51,0.00125,1780239600000.0,9.0608,-21.21,LDO,0.0,45.16,0.125,2026-05-31 22:11:46.810970
LDOUSDT_UMCBL,Bitget,LDO/USDT,0.3245,0.3247861044390756,1.06,526114.7954,-59.44,310690.436,215424.3595,1543,1314,10426763.4,3383484.7233,-0.7,0.01,1780243200000.0,6.4311,144.84,LDO,0.0,1936.28,1.0,2026-05-31 22:11:46.810970
LDOUSDT,CoinEx,LDO/USDT,0.3247,0.3247,1.06,451336.3665,252.8,212838.3005,238498.066,4423,4339,557385.0,180982.9095,-4.85,0.0,1780243202628.0,0.401,-73.03,LDO,0.0,301.08,0.0,2026-05-31 22:11:46.810970
LDOUSDTM,KuCoin,LDO/USDT,0.3249,0.3248,1.09,405483.36167,-60.83,189428.9485,216054.43337,3936,3314,8093692.7,2628831.38896,5.25,0.014,1780243140269.0,6.4832,168.68,LDO,,,1.4,2026-05-31 22:11:46.810970
LDO_USDT,Gate,LDO/USDT,0.3238,0.3248,0.75,217134.7841,-66.02,72099.3191,145035.465,711,1182,2346312.0,759735.8256,-9.29,0.0139,1780243200000.0,3.4989,166.93,LDO,,,1.39,2026-05-31 22:11:46.810970
PF_LDOUSD,Kraken,LDO/USDT,0.324,0.32457,1.35,150453.6458,95.84,16833.86,133619.7858,60,307,1801877.0,583808.148,3.02,4.3670833333e-06,1780239600000.0,3.8803,-47.39,LDO,,,0.0004,2026-05-31 22:11:46.810970
LDO-PERP,Coinbase,LDO/USDC,0.3235,0.3242,0.94,85159.7823,145.49,45855.3423,39304.44,226,168,220425.3,71307.58455,-31.87,-0.0032,,0.8373,-72.25,LDO,,,-0.32,2026-05-31 22:11:46.810970
LDO-USD,Extended,LDO/USD,0.3241,0.324288854999,0.87,10457.04,-45.73,3356.11,7100.93,52,74,261920.0,84728.498442,-4.97,0.0013,,8.1025,75.12,LDO,,,0.13,2026-05-31 22:11:46.810970
LDO-USDT,HTX,LDO/USDT,0.3249,0.32466,1.09,1306.3493,-80.4,637.9571,668.3922,471,1710,83663.0,27182.1087,0.06,0.01,1780243200000.0,20.8077,410.52,LDO,,,1.0,2026-05-31 22:11:46.810970
LDOUSDT,Aster,LDO/USDT,0.323,0.32477297,0.16,1261.76,-28.62,763.05,498.71,20,1,231909.0,74906.607,-1.23,0.00125,1780239600000.0,59.3668,38.37,LDO,,,0.125,2026-05-31 22:11:46.810970
LDO-USD-PERP,Paradex,LDO/USD,0.3358,0.3240271,0.0,16.6893,,16.6893,0.0,1,0,40474.0,13591.1692,0.12,-0.023709751282,,814.3642,,LDO,,,-2.371,2026-05-31 22:11:46.810970
LDOUSD-PERP,Crypto.com,LDO/USD,0.3235,0.3244,0.81,3.9,-98.92,1.62,2.28,5,7,149835.0,48471.6225,0.81,0.0041531,1780239600000.0,12428.6212,9236.71,LDO,,,0.4153,2026-05-31 22:11:46.810970
ONDOUSDT,Binance,ONDO/USDT,0.3585,0.35871725,4.12,182404565.73231,83.06,89574029.50001,92830536.2629,410756,406684,120330456.3,43114402.49229,10.82,-0.020968,1780243200000.0,0.2364,-39.45,ONDO,170067.04,189318.94,-2.0968,2026-05-31 22:11:46.810970
ONDO-USDT-SWAP,OKX,ONDO/USDT,0.3586,0.3587,4.12,93068493.516,169.4,44685885.711,48382607.795,50832,49491,37549920.0,13461646.32,11.15,0.005,1780243200000.0,0.1446,-58.76,ONDO,142891.92,156211.02,0.5,2026-05-31 22:11:46.810970
ONDOUSDT,Bybit,ONDO/USDT,0.3587,0.3588,4.15,92704316.3479,70.49,46475049.3326,46229267.0053,176961,175991,110416036.0,39606232.11,25.07,0.005,1780243200000.0,0.4272,-26.65,ONDO,47834.8,42769.71,0.5,2026-05-31 22:11:46.810970
ONDO_USDT,MEXC,ONDO/USDT,0.3583,0.3589,4.04,63399330.696,103.2,31050898.395,32348432.301,16937,16672,60462840.0,21669881.856,7.5,-0.0213,1780243200000.0,0.3418,-47.1,ONDO,,,-2.13,2026-05-31 22:11:46.810970
ONDOUSDT_UMCBL,Bitget,ONDO/USDT,0.3585,0.3589565415428018,4.06,31298847.15095,65.56,15674208.11016,15624639.05119,36173,29530,49949875.1,17907030.22335,5.93,0.0006,1780243200000.0,0.5721,-36.02,ONDO,13729.9,12762.42,0.06,2026-05-31 22:11:46.810970
ONDO_PERP,WhiteBIT,ONDO/USDT,0.3591,0.3589,3.94,25545767.3937,65.42,21260041.13586,4285726.26804,110249,34694,29725561.7,10674449.20647,10.53,0.005,1780243200000.0,0.4179,-33.17,ONDO,,,0.5,2026-05-31 22:11:46.810970
ONDOUSDT,Bitunix,ONDO/USDT,0.3585,0.359,4.12,20999079.53102,75.52,10460095.45726,10538984.08336,27291,24032,10782593.1,3867716.14497,8.86,-0.022079,1780243200000.0,0.1842,-37.98,ONDO,,,-2.2079,2026-05-31 22:11:46.810970
ONDO-USDT,BingX,ONDO/USDT,0.3586,0.359,4.18,16927758.431575,29.61,7731970.130637,9195788.351138,436617,435669,40245419.5258,14427982.9,30.33,0.005,1780243200000.0,0.8523,0.55,ONDO,,,0.5,2026-05-31 22:11:46.810970
ONDO-USD,Hyperliquid,ONDO/USD,0.35859,0.35895,4.07,14236255.8387,199.29,7110163.0113,7126092.8274,11168,10074,29867766.0,10709386.17696,17.58,-0.00262381,1780239600000.0,0.7523,-60.71,ONDO,7424.23,102285.18,-0.2624,2026-05-31 22:11:46.810970
ONDOUSDT,LBank,ONDO/USDT,0.3588,,4.21,13858015.8452,79.99,5927723.6102,7930292.255,75927,76279,7277521.0,2611174.5348,36.96,-0.0232,1780243200000.0,0.1884,-23.91,ONDO,,,-2.32,2026-05-31 22:11:46.810970
ONDO_USDT,Gate,ONDO/USDT,0.3584,0.359008,4.03,11643582.8053,116.31,5767405.8086,5876177.0067,21821,22792,11676274.0,4187111.8564,13.84,-0.0057,1780243200000.0,0.3596,-47.37,ONDO,912.27,12365.76,-0.57,2026-05-31 22:11:46.810970
ONDOUSDT,ApeX Omni,ONDO/USDT,0.3586,0.3587,4.12,8299597.47,108.12,7242949.64,1056647.84,38338,9848,175646.0,62986.6556,1.76,0.00125,,0.0076,-50.97,ONDO,,,0.125,2026-05-31 22:11:46.810970
ONDOUSDTM,KuCoin,ONDO/USDT,0.3588,0.3587,4.09,3566733.024,-21.74,1766812.828,1799920.206,15653,14757,32364360.0,11612332.368,2.33,-0.0049,1780243155261.0,3.2557,30.75,ONDO,,,-0.49,2026-05-31 22:11:46.810970
ONDOUSDT,CoinEx,ONDO/USDT,0.3587,0.3589,4.12,3219134.9764,215.93,1176605.1835,2042529.7929,4574,5436,3896955.0,1398227.454,21.25,0.0,1780243202552.0,0.4343,-61.62,ONDO,0.0,970.33,0.0,2026-05-31 22:11:46.810970
PF_ONDOUSD,Kraken,ONDO/USDT,0.3581,0.358296,4.04,1906061.0658,30.51,949966.1777,956094.8781,2057,1712,3275283.0,1172878.8423,12.26,-0.0034445284722222,1780239600000.0,0.6153,-13.99,ONDO,,,-0.3445,2026-05-31 22:11:46.810970
ONDO-USD,Extended,ONDO/USD,0.3565,0.35853265965,3.6,760057.75,154.43,221105.7,538952.05,224,586,1689840.0,605036.309362,126.68,0.0013,,0.796,-10.91,ONDO,0.0,3980.28,0.13,2026-05-31 22:11:46.810970
ONDO-USDC,BingX,ONDO/USDC,0.3584,0.359,4.0,732747.727921,-1.82,364148.124756,368599.603165,8528,8365,1743813.6604,625505.96,-1.62,0.0055,1780243200000.0,0.8536,0.2,ONDO,,,0.55,2026-05-31 22:11:46.810970
ONDOUSD,EdgeX,ONDO/USD,0.3585,0.358626871,4.06,657842.24968,5.01,296004.60942,361837.63076,1335,1706,230861.7,82763.91945,1.71,0.005,1780243200000.0,0.1258,-3.16,ONDO,,,0.5,2026-05-31 22:11:46.810970
ONDO-PERP,Coinbase,ONDO/USDC,0.358,0.3584,4.04,287840.3365,-29.67,141379.048,146461.2885,680,522,336697.0,120537.526,1.02,-0.0012,,0.4188,43.67,ONDO,,,-0.12,2026-05-31 22:11:46.810970
ONDOPERP,Bybit,ONDO/USDC,0.358,0.3585,4.07,241582.8933,17.65,135126.5479,106456.3354,1186,1239,2427478.0,869279.87,4.36,0.01,1780243200000.0,3.5983,-11.29,ONDO,281.4,0.0,1.0,2026-05-31 22:11:46.810970
ONDOUSDT,Aster,ONDO/USDT,0.3588,0.3590775,4.18,180735.64952,13.48,100212.59512,80523.0544,646,560,501713.0,179262.0549,9.83,0.005,1780243200000.0,0.9918,-3.22,ONDO,0.0,134.77,0.5,2026-05-31 22:11:46.810970
ONDO_USDC,MEXC,ONDO/USDC,0.3582,0.3585,4.19,118482.6843,29.18,60373.2971,58109.3872,3948,3919,353673.0,126721.0359,-14.92,0.0023,1780243200000.0,1.0695,-34.14,ONDO,,,0.23,2026-05-31 22:11:46.810970
ONDO-USDT,HTX,ONDO/USDT,0.3574,0.359039,4.2,107436.9151,-34.76,46098.047,61338.8681,1127,2059,171541.0,61325.9075,-17.97,0.005,1780243200000.0,0.5708,25.73,ONDO,623.42,134.53,0.5,2026-05-31 22:11:46.810970
ONDOUSD-PERP,Crypto.com,ONDO/USD,0.35844,0.35835,4.27,19677.4569,112.73,11842.21,7835.2469,430,383,201840.0,72347.5296,20.47,-0.0141343,1780239600000.0,3.6767,-43.37,ONDO,,,-1.4134,2026-05-31 22:11:46.810970
ONDO-USD-PERP,Paradex,ONDO/USD,0.3588,0.35821089,2.66,2925.72,103.53,1766.78,1158.95,18,16,34737.8,12463.92264,-10.95,-0.019007726522,,4.2601,-56.24,ONDO,,,-1.9008,2026-05-31 22:11:46.810970
TONUSDT,Binance,TON/USDT,1.8789,1.88089963,6.03,138021799.50719,105.4,69136254.44003,68885545.06746,548016,530578,35980030.4,67664045.17024,13.29,-0.000256,1780243200000.0,0.4902,-44.85,TON,240567.06,89997.6,-0.0256,2026-05-31 22:11:46.810970
TONUSDT,Bybit,TON/USDT,1.8788,1.8806,6.02,83005102.89688,50.76,40640346.37654,42364756.52004,318908,328583,36294114.2,68193011.17,18.09,-0.007444,1780243200000.0,0.8216,-21.66,TON,152331.05,24677.56,-0.7444,2026-05-31 22:11:46.810970
TON-USDT-SWAP,OKX,TON/USDT,1.877,1.88,5.93,75361364.927,112.42,37878843.446,37482521.481,23706,23460,12090517.0,22705990.926,23.3,-0.00380187334527,1780243200000.0,0.3013,-41.96,TON,29218.76,59272.95,-0.3802,2026-05-31 22:11:46.810970
TON-USD,Hyperliquid,TON/USD,1.8799,1.8825,6.08,31829293.85794,222.6,15314513.83174,16514780.0361,27622,28197,39392135.00000001,74124180.42950001,28.54,0.00125,1780239600000.0,2.3288,-60.15,TON,133.33,0.0,0.125,2026-05-31 22:11:46.810970
TON_PERP,WhiteBIT,TON/USDT,1.8829,1.883,6.07,26794091.46954,14.01,16749022.41372,10045069.06582,56857,17845,9039874.0,17030218.6286,15.01,0.005,1780243200000.0,0.6356,0.87,TON,,,0.5,2026-05-31 22:11:46.810970
TONUSDT_UMCBL,Bitget,TON/USDT,1.8797,1.8822160744643632,6.11,21431496.47019,115.55,10790363.7897,10641132.69049,27065,26439,9398882.5,17674598.54125,11.27,0.0045,1780243200000.0,0.8247,-48.38,TON,17324.91,3231.13,0.45,2026-05-31 22:11:46.810970
TONUSDT,ApeX Omni,TON/USDT,1.8795,1.8808,6.08,20652554.52,107.95,10318438.39,10334116.13,47412,47594,46394.0,87197.523,-21.2,-0.002628,,0.0042,-62.16,TON,,,-0.2628,2026-05-31 22:11:46.810970
TONUSDT,LBank,TON/USDT,1.8798,,6.07,20090885.77988,21.36,10120089.28534,9970796.48454,89934,89328,62765015.6,118010782.33112,6.34,-0.000256,1780243200000.0,5.8738,-12.38,TON,,,-0.0256,2026-05-31 22:11:46.810970
TONUSDTM,KuCoin,TON/USDT,1.8802,1.8803,6.02,8617499.0458,-16.81,4215063.8074,4402435.2584,29754,30450,34935862.0,65693394.9048,-3.31,0.0129,1780243155334.0,7.6233,16.22,TON,,,1.29,2026-05-31 22:11:46.810970
TONUSDT,Bitunix,TON/USDT,1.8785,1.8818,6.01,8455849.80518,91.57,4207707.78588,4248142.0391,24654,20802,1729446.3,3251013.15474,0.66,2e-06,1780243200000.0,0.3845,-47.45,TON,,,0.0002,2026-05-31 22:11:46.810970
TON_USDT,Gate,TON/USDT,1.8788,1.8821,6.03,8185274.09487,183.36,3921190.265,4264083.81977,20852,19118,2720098.6,5114873.40744,2.05,-0.0042,1780243200000.0,0.6249,-63.98,TON,3379.4,35266.04,-0.42,2026-05-31 22:11:46.810970
TONUSDT,CoinEx,TON/USDT,1.8793,1.8814,6.06,7931302.872,140.01,3364586.4274,4566716.4446,6616,8454,1093825.0,2057594.2075,6.52,0.0,1780243202591.0,0.2594,-55.63,TON,5370.82,13214.0,0.0,2026-05-31 22:11:46.810970
PF_TONUSD,Kraken,TON/USDT,1.879,1.87953,6.22,2492252.0274,100.83,1262591.2819,1229660.7555,2596,3196,904825.1,1700166.3629,17.18,0.0019392673611111,1780239600000.0,0.6822,-41.65,TON,,,0.1939,2026-05-31 22:11:46.810970
TON-USDT,HTX,TON/USDT,1.8974,1.881775,6.83,954696.94719,298.24,642511.9032,312185.05389,2994,4804,396384.3,752099.57082,-15.56,0.1697915537185981,1780243200000.0,0.7878,-78.8,TON,2530.78,149.09,16.9792,2026-05-31 22:11:46.810970
TONUSD,EdgeX,TON/USD,1.879,1.88238328,6.1,935025.2158,9.81,421380.0907,513645.1151,1429,1619,15984.6,30035.0634,-45.9,0.005,1780243200000.0,0.0321,-50.77,TON,,,0.5,2026-05-31 22:11:46.810970
TON-USD,Extended,TON/USD,1.8789,1.877778301812,6.45,617934.02,145.7,314802.85,303131.17,612,674,243328.0,457015.874992,11.75,0.0013,,0.7396,-54.52,TON,,,0.13,2026-05-31 22:11:46.810970
TONUSDT,Aster,TON/USDT,1.8826,1.88134378,6.29,494967.03638,47.52,209312.72958,285654.3069,1028,367,239892.4,451621.43224,-13.44,0.005,1780243200000.0,0.9124,-41.32,TON,239.31,0.0,0.5,2026-05-31 22:11:46.810970
TONPERP,Bybit,TON/USDC,1.8769,1.8786,6.14,367320.807,188.91,187555.8652,179764.9518,1409,1178,329577.2,618583.45,5.5,-0.00515,1780243200000.0,1.684,-63.48,TON,257.98,0.0,-0.515,2026-05-31 22:11:46.810970
TON-PERP,Coinbase,TON/USDC,1.878,1.879,6.04,318724.1292,129.65,180986.8468,137737.2824,963,848,76746.9,144207.4251,3.69,0.0013,,0.4525,-54.84,TON,,,0.13,2026-05-31 22:11:46.810970
TON_USDC,MEXC,TON/USDC,1.877,1.88,6.17,156255.259,46.56,81855.816,74399.453,3999,3914,112876.0,212094.004,-4.96,0.01,1780243200000.0,1.3574,-35.15,TON,,,1.0,2026-05-31 22:11:46.810970
TONUSD,Bybit,TON/USD,1.8721,1.8783,5.79,130527.0,134.02,72630.0,57897.0,984,1060,201339.6,376948.0,11.41,0.01,1780243200000.0,2.8879,-52.39,TON,170.0,0.0,1.0,2026-05-31 22:11:46.810970
TON-USDC,Lighter,TON/USDC,1.89624,1.87952,7.79,89574.07,-97.54,16392.69,73181.39,54,51,2840568.6,5333650.443162,7.61,-0.0006,,59.5446,4276.67,TON,3369.07,0.0,-0.06,2026-05-31 22:11:46.810970
TONUSDT,Bitmex,TON/USDT,1.8787,1.8824,6.53,26910.9986,-6.01,24526.3139,2384.6847,75,120,250885.0,472291.0125,6.8,0.01,1780286400000.0,17.5501,13.63,TON,,,1.0,2026-05-31 22:11:46.810970
TONUSD-PERP,Crypto.com,TON/USD,1.8773,1.8781,6.68,23043.84,214.6,12862.45,10181.39,689,588,55603.0,104383.5119,5.61,0.0147226,1780239600000.0,4.5298,-66.43,TON,,,1.4723,2026-05-31 22:11:46.810970
TON-USD-PERP,Paradex,TON/USD,1.8701,1.87641396,1.38,100.79,83.99,0.0,100.79,0,2,19030.0,35588.003,1.96,-0.037410032902,,353.0906,-44.59,TON,,,-3.741,2026-05-31 22:11:46.810970
WLDUSDT,Binance,WLD/USDT,0.3259,0.32600264,1.75,479729426.5397,118.41,230677667.371,249051759.1687,1108343,1147104,203749036.0,66401810.8324,1.26,0.006265,1780243200000.0,0.1384,-53.63,WLD,1411814.58,1671062.87,0.6265,2026-05-31 22:11:46.810970
WLD-USDT-SWAP,OKX,WLD/USDT,0.3259,0.3261,1.84,287750357.0122,100.06,139174651.3575,148575705.6547,157861,145596,65728524.0,21420925.9716,2.56,-0.00782677044094,1780243200000.0,0.0744,-48.76,WLD,412161.18,593480.85,-0.7827,2026-05-31 22:11:46.810970
WLDUSDT,Bybit,WLD/USDT,0.3259,0.3261,1.88,149063561.97364,95.73,73428523.67892,75635038.31512,399932,414520,133691112.1,43569933.43,0.15,0.01,1780243200000.0,0.2923,-48.84,WLD,144520.12,213528.28,1.0,2026-05-31 22:11:46.810970
WLD_USDT,MEXC,WLD/USDT,0.3259,0.326,1.72,108850917.6059,145.83,53504875.7359,55346041.87,28153,28520,36908524.0,12024797.1192,-12.98,0.006,1780243200000.0,0.1105,-64.59,WLD,,,0.6,2026-05-31 22:11:46.810970
WLDUSDT_UMCBL,Bitget,WLD/USDT,0.3259,0.3261499288719555,1.84,97252515.8581,116.38,46981263.5551,50271252.293,105730,105897,55961344.0,18237802.0096,9.33,0.0001,1780243200000.0,0.1875,-49.49,WLD,92863.31,168813.2,0.01,2026-05-31 22:11:46.810970
WLD_PERP,WhiteBIT,WLD/USDT,0.3255,0.3255,1.69,61678715.3652,76.64,22795715.9702,38882999.385,40234,74929,50445303.0,16419946.1265,1.89,0.01,1780243200000.0,0.2662,-42.32,WLD,,,1.0,2026-05-31 22:11:46.810970
WLD_USDT,Gate,WLD/USDT,0.3259,0.3262,1.81,40700662.1754,157.1,19613951.3709,21086710.8245,61736,67804,13211056.0,4305483.1504,-14.31,0.005,1780243200000.0,0.1058,-66.67,WLD,77520.37,72178.88,0.5,2026-05-31 22:11:46.810970
WLDUSDC,Binance,WLD/USDC,0.3255,0.32579626,1.81,35249823.89638,103.28,17000410.92933,18249412.95755,139545,154813,10078446.7,3281542.24552,1.49,0.004214,1780243200000.0,0.0931,-50.08,WLD,31229.02,47821.13,0.4214,2026-05-31 22:11:46.810970
WLD-USDT,BingX,WLD/USDT,0.3259,0.3261,1.78,34412004.9239678,132.67,16578538.2618247,17833466.6421431,137518,136718,90268295.5481,29400383.86,133.5,0.01,1780243200000.0,0.8544,0.36,WLD,,,1.0,2026-05-31 22:11:46.810970
WLD-USD,Hyperliquid,WLD/USD,0.32603,0.3262,1.84,31519429.286144,86.89,16201234.858984,15318194.43686,26599,25491,70157156.39999999,22869829.843271997,-9.65,-0.00048652,1780239600000.0,0.7256,-51.66,WLD,21038.72,149777.36,-0.0487,2026-05-31 22:11:46.810970
WLDUSDT,ApeX Omni,WLD/USDT,0.3258,0.3261,1.65,28016038.7703,152.9,14227908.21,13788130.5603,65462,63332,255751.6,83323.87128,2.25,0.00125,,0.003,-59.46,WLD,,,0.125,2026-05-31 22:11:46.810970
WLDUSDT,Bitunix,WLD/USDT,0.3259,0.3261,1.88,27798344.5529,115.45,13719397.6202,14078946.9327,63866,61357,7255290.0,2366675.598,-1.82,-0.006209,1780243200000.0,0.0851,-54.44,WLD,,,-0.6209,2026-05-31 22:11:46.810970
WLDUSDTM,KuCoin,WLD/USDT,0.3263,0.3262,1.91,14562529.8014,-4.58,7147064.0565,7415465.7449,44045,44930,52181369.0,17016344.4309,54.52,0.0137,1780243155357.0,1.1685,61.95,WLD,,,1.37,2026-05-31 22:11:46.810970
WLDUSDT,CoinEx,WLD/USDT,0.326117,0.326,1.81,9386825.085309,253.06,4892024.212114,4494800.883295,7940,8380,1119590.0,365117.33203,5.14,0.0,1780243202660.0,0.0389,-70.21,WLD,16687.68,47535.27,0.0,2026-05-31 22:11:46.810970
PF_WLDUSD,Kraken,WLD/USDT,0.3259,0.3257,1.46,3038084.1277,29.77,1392520.1664,1645563.9613,4508,4412,1953726.0,636719.3034,8.49,0.0025264234722222,1780239600000.0,0.2096,-16.39,WLD,,,0.2526,2026-05-31 22:11:46.810970
WLDUSDT,Aster,WLD/USDT,0.325,0.32586078,1.56,1975692.7589,109.56,989590.3548,986102.4041,1309,1494,798378.0,259472.85,-1.28,0.01,1780243200000.0,0.1313,-52.91,WLD,18239.09,131003.47,1.0,2026-05-31 22:11:46.810970
WLD-PERP,Coinbase,WLD/USDC,0.3254,0.3257,1.75,1818018.95887,28.7,868562.3378,949456.63087,4344,4546,872346.5,283861.5511,-1.32,-0.0004,,0.1561,-23.33,WLD,,,-0.04,2026-05-31 22:11:46.810970
WLD-USDT,HTX,WLD/USDT,0.3242,0.32608,1.63,1128555.6209,33.53,567799.1165,560756.4844,4752,4155,1607798.0,521248.1116,-4.45,-0.0344726410009138,1780243200000.0,0.4619,-28.43,WLD,7909.65,11179.14,-3.4473,2026-05-31 22:11:46.810970
WLD-USDC,BingX,WLD/USDC,0.3259,0.32612,1.85,1077364.45414614,54.12,548741.19743424,528623.2767119,27089,26766,2828145.0628,921381.38,55.01,0.011,1780243200000.0,0.8552,0.58,WLD,,,1.1,2026-05-31 22:11:46.810970
WLDUSDT,Bitmex,WLD/USDT,0.3257,0.326,1.56,911925.3048,37.51,410901.199,501024.1058,477,544,916614.0,298816.164,9.12,0.01,1780286400000.0,0.3277,-20.63,WLD,,,1.0,2026-05-31 22:11:46.810970
WLDUSDC,Bitunix,WLD/USDC,0.3257,0.3252,1.91,780866.26933,94.57,387007.2097,393859.04973,11311,11477,986012.3,320848.40242,56.18,0.003815,1780243200000.0,0.4109,-19.73,WLD,,,0.3815,2026-05-31 22:11:46.810970
WLDPERP,Bybit,WLD/USDC,0.3257,0.3258,1.91,561881.4458,71.27,266671.6498,295209.7961,4254,4861,2734507.0,890628.93,2.17,0.01,1780243200000.0,1.5851,-40.34,WLD,8488.13,3908.29,1.0,2026-05-31 22:11:46.810970
WLD-USD,Extended,WLD/USD,0.3284,0.325690943874,2.53,553250.89,72.61,265150.4,288100.49,522,612,384224.0,124984.178132,-11.5,0.0013,,0.2259,-48.73,WLD,,,0.13,2026-05-31 22:11:46.810970
WLD-USDC,Lighter,WLD/USDC,0.32581,0.32569,11.59,439222.043706,-74.86,206335.319636,232886.72407,626,463,17013700.2,5546296.128198,24.31,0.0012,,12.6275,394.38,WLD,0.0,11897.45,0.12,2026-05-31 22:11:46.810970
WLD_USDC,MEXC,WLD/USDC,0.3254,0.3256,1.97,311796.8583,97.23,149397.4775,162399.3808,4106,4069,260307.0,84677.8671,-41.44,0.0039,1780243200000.0,0.2716,-70.31,WLD,,,0.39,2026-05-31 22:11:46.810970
WLDUSD-PERP,Crypto.com,WLD/USD,0.3248,0.3256,1.28,17763.2128,-44.39,4071.0762,13692.1366,1197,1069,76545.0,24861.816,5.96,0.0002629,1780239600000.0,1.3996,90.53,WLD,,,0.0263,2026-05-31 22:11:46.810970
WLD-USD-PERP,Paradex,WLD/USD,0.3265,0.32557012,9.86,1054.3,82.47,546.48,507.82,4,5,21783.0,7112.1495,9.86,-0.01143903736,,6.7458,-39.8,WLD,,,-1.1439,2026-05-31 22:11:46.810970
TRUMPUSDT,Binance,TRUMP/USDT,1.998,1.99900553,-0.45,22292454.48973,-67.51,11027602.72448,11264851.78485,52472,49132,16633874.82,33234481.89036,0.38,-0.004179,1780243200000.0,1.4908,208.91,TRUMP,6221.15,66256.84,-0.4179,2026-05-31 22:11:46.810970
TRUMP-USDT-SWAP,OKX,TRUMP/USDT,1.998,1.998,-0.4,15649133.9242,-69.44,7398580.4528,8250553.4714,6270,5814,6273898.2,12535248.6036,0.42,0.005,1780243200000.0,0.801,228.68,TRUMP,1624.25,1343.65,0.5,2026-05-31 22:11:46.810970
TRUMP_PERP,WhiteBIT,TRUMP/USDT,1.992,1.999,-0.6,11121802.91941,-1.52,5289998.32362,5831804.60579,27534,37371,4312376.24,8598878.22256,0.41,0.005,1780243200000.0,0.7732,1.96,TRUMP,,,0.5,2026-05-31 22:11:46.810970
TRUMPUSDT,Bybit,TRUMP/USDT,1.997,1.999,-0.5,7159669.0245,-64.19,3274233.2736,3885435.7509,16473,17163,10683615.3,21335179.75,-1.88,-0.007768,1780243200000.0,2.9799,173.99,TRUMP,240.99,6766.96,-0.7768,2026-05-31 22:11:46.810970
TRUMPUSDT_UMCBL,Bitget,TRUMP/USDT,1.998,1.9990735728600333,-0.45,3160121.3852,-65.53,1507850.0421,1652271.3431,2877,2861,5153871.7,10297435.6566,0.78,-0.0038,1780243200000.0,3.2586,192.38,TRUMP,0.0,2242.34,-0.38,2026-05-31 22:11:46.810970
TRUMP-USD,Hyperliquid,TRUMP/USD,1.998,1.9994,-0.44,1301324.9216,-67.21,697575.5178,603749.414,2524,1963,3717060.4000000004,7426686.679200001,-0.32,-0.00109875,1780239600000.0,5.707,203.97,TRUMP,17.4,0.0,-0.1099,2026-05-31 22:11:46.810970
TRUMPUSDC,Binance,TRUMP/USDC,1.994,1.99687715,-0.5,1199053.5697,-70.08,586291.4005,612762.1691,6095,6557,875394.98,1745537.59012,-3.5,-0.011153,1780243200000.0,1.4558,222.51,TRUMP,1449.72,0.0,-1.1153,2026-05-31 22:11:46.810970
TRUMPUSDT,Bitunix,TRUMP/USDT,1.998,1.999,-0.5,1187295.21982,-69.18,578291.20894,609004.01128,5819,4874,753804.2,1506100.7916,-9.35,-0.002227,1780243200000.0,1.2685,194.18,TRUMP,,,-0.2227,2026-05-31 22:11:46.810970
PF_TRUMPUSD,Kraken,TRUMP/USDT,1.996,1.9969,-0.4,1114257.7258,-62.32,295622.4438,818635.272,752,556,783457.3,1563780.7708,19.6,-0.0007276595833333,1780239600000.0,1.4034,217.37,TRUMP,,,-0.0728,2026-05-31 22:11:46.810970
TRUMP_USDT,Gate,TRUMP/USDT,1.996,1.9992,-0.45,1090700.538,-64.37,524459.9825,566240.5555,1578,1958,2100125.0,4191849.5,-0.94,-0.007,1780243200000.0,3.8433,178.04,TRUMP,0.0,29.96,-0.7,2026-05-31 22:11:46.810970
TRUMPUSDTM,KuCoin,TRUMP/USDT,1.999,1.999,-0.4,623317.1508,-81.73,272394.562,350922.5988,1914,2600,3577561.6,7151545.6384,2.12,-0.0162,1780243155337.0,11.4734,458.89,TRUMP,,,-1.62,2026-05-31 22:11:46.810970
TRUMPUSDT,CoinEx,TRUMP/USDT,1.9993,1.999,-0.48,225016.744857,-10.25,128201.825395,96814.929562,6186,4660,91973.35,183882.318655,-0.97,0.0,1780243202562.0,0.8172,10.36,TRUMP,,,0.0,2026-05-31 22:11:46.810970
TRUMP-USDC,Lighter,TRUMP/USDC,2.0,1.9966,-0.04,164446.7245,-48.34,82352.8928,82093.8217,386,451,925773.44,1846640.280768,1.85,0.0008,,11.2294,97.16,TRUMP,10.21,0.0,0.08,2026-05-31 22:11:46.810970
TRUMP-USDT,HTX,TRUMP/USDT,1.999,1.9986333333333333,-0.55,136251.2967,-55.9,64979.059,71272.2377,1186,2173,240924.5,482089.9245,-2.56,0.005,1780243200000.0,3.5382,120.97,TRUMP,0.0,2210.26,0.5,2026-05-31 22:11:46.810970
TRUMP_USDC,MEXC,TRUMP/USDC,1.994,1.996,-0.5,115635.9737,0.99,56178.5958,59457.3779,3958,3900,76819.8,153178.6812,-24.3,-0.0113,1780243200000.0,1.3247,-25.04,TRUMP,,,-1.13,2026-05-31 22:11:46.810970
TRUMPUSDT,Aster,TRUMP/USDT,1.992,1.99909003,-0.65,33628.8566,-44.06,31269.6357,2359.2209,127,22,286192.06,570094.58352,-1.27,0.005,1780243200000.0,16.9525,76.5,TRUMP,0.0,67.35,0.5,2026-05-31 22:11:46.810970
TRUMP-PERP,Coinbase,TRUMP/USDC,1.991,1.995,-0.1,4710.101,-92.09,2994.2082,1715.8928,31,54,54244.7,108001.1977,-1.2,-0.0056,,22.9297,1148.42,TRUMP,,,-0.56,2026-05-31 22:11:46.810970
TRUMP-USD,Extended,TRUMP/USD,2.004,1.99668570375,0.15,4164.84,-94.69,1139.35,3025.49,48,56,35230.0,70272.700586,-4.05,0.0013,,16.8728,1706.7,TRUMP,,,0.13,2026-05-31 22:11:46.810970
TRUMPPERP,Bybit,TRUMP/USDC,1.99,1.996,-0.3,3783.2756,-87.24,1564.1456,2219.13,48,51,60900.6,121374.9,1.28,0.005,1780243200000.0,32.082,693.85,TRUMP,,,0.5,2026-05-31 22:11:46.810970
TRUMPUSD-PERP,Crypto.com,TRUMP/USD,2.007,1.997,0.65,229.03,-96.93,55.47,173.56,10,13,38170.0,76607.19,0.51,-0.0088134,1780239600000.0,334.4854,3175.45,TRUMP,,,-0.8813,2026-05-31 22:11:46.810970
TRUMP-USD-PERP,Paradex,TRUMP/USD,1.999,1.99538629,0.6,84.6,-99.43,14.72,69.88,2,4,9740.04,19470.33996,0.75,-0.065383309425,,230.1459,17623.98,TRUMP,0.0,0.02,-6.5383,2026-05-31 22:11:46.810970
WLFI_PERP,WhiteBIT,WLFI/USDT,0.0589,0.0592,0.0,16594665.9652,-31.78,9886897.6569,6707768.2983,29574,20504,305616091.0,18000787.7599,1.73,0.005,1780243200000.0,1.0847,49.12,WLFI,,,0.5,2026-05-31 22:11:46.810970
WLFIUSDT,Binance,WLFI/USDT,0.0592,0.05919164,0.0,14409943.1153,-45.84,7701475.2501,6708467.8652,57161,43049,1463016945.0,86756904.8385,2.26,0.005,1780243200000.0,6.0206,88.79,WLFI,386.46,7567.48,0.5,2026-05-31 22:11:46.810970
WLFI-USDT-SWAP,OKX,WLFI/USDT,0.05909,0.0591,0.15,8056454.6829,-39.11,3987529.1022,4068925.5907,8121,8055,169451170.0,10011175.1236,-0.97,0.00208845785383,1780243200000.0,1.2426,62.64,WLFI,1493.9,13.34,0.2088,2026-05-31 22:11:46.810970
WLFI-USDT,BingX,WLFI/USDT,0.059,0.0591,0.0,6573503.45431,-2.47,3297696.48688,3275807.00763,432615,431478,95191534.7458,5616300.55,-2.19,0.005,1780243200000.0,0.8544,0.29,WLFI,,,0.5,2026-05-31 22:11:46.810970
WLFI-USDC,BingX,WLFI/USDC,0.0589,0.0591,0.0,6462659.202495,-0.15,3230293.114588,3232366.178307,431646,432156,17193112.7334,1012674.34,-1.44,0.0055,1780243200000.0,0.1567,-1.26,WLFI,,,0.55,2026-05-31 22:11:46.810970
WLFIUSDT,Bybit,WLFI/USDT,0.05913,0.05919,0.15,3562579.2774,-38.7,1697167.9859,1865411.2914,18206,18671,334954856.0,19805880.64,3.59,0.005,1780243200000.0,5.5594,68.98,WLFI,0.0,2451.33,0.5,2026-05-31 22:11:46.810970
WLFIUSDT_UMCBL,Bitget,WLFI/USDT,0.05915,0.0591823009139919,0.12,2872141.27706,-48.35,1581929.26752,1290212.00944,6947,5164,127879550.0,7564075.3825,0.69,0.005,1780243200000.0,2.6336,94.92,WLFI,0.0,147.07,0.5,2026-05-31 22:11:46.810970
WLFIUSDT,Aster,WLFI/USDT,0.0591,0.05918466,0.0,2306440.9966,-34.16,961758.0204,1344682.9662,8758,13119,121231820.0,7164800.562,-13.24,0.005,1780243200000.0,3.1064,31.77,WLFI,121.62,0.0,0.5,2026-05-31 22:11:46.810970
WLFI_USDT,Gate,WLFI/USDT,0.05915,0.05917,0.19,1525585.0238,-45.46,800027.1291,725557.9047,4190,3395,67616360.0,3999507.694,2.64,0.0038,1780243200000.0,2.6216,88.18,WLFI,7122.49,0.0,0.38,2026-05-31 22:11:46.810970
WLFI_USDT,MEXC,WLFI/USDT,0.0593,0.0591,0.17,1381290.487,82.34,701821.7072,679468.7898,4078,4083,105028659.0,6207193.7469,21.59,0.005,1780243200000.0,4.4938,-33.32,WLFI,,,0.5,2026-05-31 22:11:46.810970
WLFI-USD,Hyperliquid,WLFI/USD,0.059176,0.0592,0.18,1009060.066867,-6.57,580775.507871,428284.558996,2140,2169,199075638.0,11781893.483754,-1.03,0.00125,1780239600000.0,11.6761,5.93,WLFI,,,0.125,2026-05-31 22:11:46.810970
WLFIUSDT,LBank,WLFI/USDT,0.0592,,0.17,927092.35366,,462963.8197,464128.53406,28322,28379,0.0,0.0,,,,0.0,,WLFI,,,,2026-05-31 22:11:46.810970
WLFIUSDT,Bitunix,WLFI/USDT,0.0593,0.0592,0.17,688163.983,-40.38,354327.0395,333836.9535,7884,5945,28551681.0,1693114.6833,-26.73,0.005,1780243200000.0,2.4603,22.89,WLFI,,,0.5,2026-05-31 22:11:46.810970
WLFIUSDC,Binance,WLFI/USDC,0.0591,0.05912862,0.17,451327.3998,-58.41,221898.9835,229428.4063,2727,2454,17182373.0,1015478.2443,-1.34,0.005,1780243200000.0,2.25,137.24,WLFI,0.0,28.31,0.5,2026-05-31 22:11:46.810970
WLFI-USD,Extended,WLFI/USD,0.05924,0.059086718225,0.08,198137.42,278.04,91352.93,106784.49,40,1952,4094240.0,241963.593644,-2.39,0.0013,,1.2212,-74.18,WLFI,,,0.13,2026-05-31 22:11:46.810970
WLFIUSDTM,KuCoin,WLFI/USDT,0.0591,0.0592,0.17,178860.5067,-65.4,99860.1205,79000.3962,2578,2052,76671319.0,4531274.9529,-5.52,-0.0076,1780243155358.0,25.3341,173.03,WLFI,,,-0.76,2026-05-31 22:11:46.810970
WLFIUSDT,Bitmex,WLFI/USDT,0.05929,0.05917,0.49,110749.7009,-55.1,55582.4942,55167.2067,99,159,3662464.0,216707.99488,14.13,0.01,1780286400000.0,1.9567,154.15,WLFI,,,1.0,2026-05-31 22:11:46.810970
WLFIUSDT,CoinEx,WLFI/USDT,0.059221,0.059146,0.13,108283.822617,27.27,52523.272196,55760.550421,4101,4631,707015.0,41868.721285,-8.44,0.027881,1780243202645.0,0.3867,-28.06,WLFI,,,2.7881,2026-05-31 22:11:46.810970
WLFI_USDC,MEXC,WLFI/USDC,0.0591,0.0591,0.17,99985.023,19.57,49547.742,50437.281,3957,3946,3265210.0,192973.911,-1.02,0.005,1780243200000.0,1.93,-17.22,WLFI,,,0.5,2026-05-31 22:11:46.810970
PF_WLFIUSD,Kraken,WLFI/USDT,0.0591,0.059085,0.02,54666.1106,-81.72,30020.3521,24645.7585,145,160,3283881.0,194077.3671,-0.84,0.00812546375,1780239600000.0,3.5502,442.43,WLFI,,,0.8125,2026-05-31 22:11:46.810970
WLFIUSD-PERP,Crypto.com,WLFI/USD,0.059,0.05907,-0.02,37425.3438,23.84,23037.0426,14388.3012,127,199,2402120.0,141725.08,4.84,0.0039211,1780239600000.0,3.7869,-15.34,WLFI,,,0.3921,2026-05-31 22:11:46.810970
WLFI-PERP,Coinbase,WLFI/USDC,0.05904,0.0591,0.43,21581.56,11.05,12149.48,9432.08,72,41,732277.0,43233.63408,11.98,0.009000000000000001,,2.0033,0.84,WLFI,,,0.9,2026-05-31 22:11:46.810970
WLFIUSDC,Bitunix,WLFI/USDC,0.0591,0.059,0.17,20519.6434,-37.53,10372.5218,10147.1116,2957,2887,671472.0,39616.848,16.01,0.005,1780243200000.0,1.9307,85.72,WLFI,,,0.5,2026-05-31 22:11:46.810970
WLFIUSDT,ApeX Omni,WLFI/USDT,0.0591,0.0592,0.0,16441.01,80.61,6773.66,9667.35,446,468,518792.0,30660.6072,0.61,0.00125,,1.8649,-44.29,WLFI,,,0.125,2026-05-31 22:11:46.810970
WLFI-USDC,Lighter,WLFI/USDC,0.05918,0.05908,0.1,10323.44,-95.35,9986.45,336.99,93,86,41112886.2,2431004.961006,-1.4,0.0012,,235.484,2019.68,WLFI,0.01,0.0,0.12,2026-05-31 22:11:46.810970
WLFIPERP,Bybit,WLFI/USDC,0.0591,0.05911,0.12,8498.88,4.69,4397.87,4101.01,92,101,4653636.0,275029.89,-0.2,0.005,1780243200000.0,32.3607,-4.67,WLFI,,,0.5,2026-05-31 22:11:46.810970
WLFI-USDT,HTX,WLFI/USDT,0.0589,0.05916,0.17,3116.543,-72.45,1266.378,1850.165,200,526,1266480.0,74595.672,-1.27,0.005,1780243200000.0,23.9354,258.35,WLFI,,,0.5,2026-05-31 22:11:46.810970
WLFI-USD-PERP,Paradex,WLFI/USD,0.0587,0.05883499,0.0,399.81,,399.81,0.0,2,0,806458.0,47339.0846,-0.84,0.010163911712,,118.404,,WLFI,,,1.0164,2026-05-31 22:11:46.810970
AAVEUSDT,Binance,AAVE/USDT,82.53,82.54874661,-0.71,25168379.897,-48.62,11902610.745,13265769.152,79609,85824,548617.8,45260968.5,-0.91,0.00454,1780243200000.0,1.7983,92.85,AAVE,53157.97,3077.69,0.454,2026-05-31 22:11:46.810970
AAVE_PERP,WhiteBIT,AAVE/USDT,82.52,82.55,-0.71,23388297.046,-16.97,8893639.282,14494657.774,35154,65787,134239.5,11077443.54,-1.32,0.01,1780243200000.0,0.4736,18.85,AAVE,,,1.0,2026-05-31 22:11:46.810970
AAVE-USDT,BingX,AAVE/USDT,82.53,82.53,-0.69,17281023.149,-9.9,7644317.202,9636705.987,130332,130697,178979.0651,14762193.29,-9.64,0.0042,1780243200000.0,0.8542,0.27,AAVE,,,0.42,2026-05-31 22:11:46.810970
AAVE_USDT,MEXC,AAVE/USDT,82.53,82.55,-0.7,12826949.7273,-12.09,5886885.7577,6940063.9496,7094,7263,204985.12,16911272.4,-5.74,0.0043,1780243200000.0,1.3184,7.21,AAVE,,,0.43,2026-05-31 22:11:46.810970
AAVEUSDT,ApeX Omni,AAVE/USDT,82.46,82.57,-0.76,11076205.236,41.9,5736061.476,5340143.76,26466,24592,465.4,38376.884,-0.44,0.00125,,0.0035,-28.57,AAVE,,,0.125,2026-05-31 22:11:46.810970
AAVEUSDT,Bybit,AAVE/USDT,82.51,82.58,-0.71,7801703.7988,-58.94,3073718.0001,4727985.7987,28936,30474,525629.0,43374905.08,2.12,0.002546,1780243200000.0,5.5597,148.72,AAVE,0.0,2549.51,0.2546,2026-05-31 22:11:46.810970
AAVE-USDT-SWAP,OKX,AAVE/USDT,82.53,82.54,-0.69,7288013.1726,-59.23,3360150.7463,3927862.4263,11357,8599,134126.06000000003,11066741.210600002,-2.78,-0.00033187384062,1780243200000.0,1.5185,138.42,AAVE,0.0,1615.44,-0.0332,2026-05-31 22:11:46.810970
AAVE-USDC,BingX,AAVE/USDC,82.53,82.53,-0.72,6482040.8757905,-0.03,3240818.1806302,3241222.7950603,432221,432386,51074.4305,4213129.77,-0.62,0.0046,1780243200000.0,0.65,-0.58,AAVE,,,0.46,2026-05-31 22:11:46.810970
AAVEUSDT_UMCBL,Bitget,AAVE/USDT,82.49,82.55110665464795,-0.73,5111046.859,-28.48,2422522.735,2688524.124,5083,6061,232143.5,19149517.315,-2.94,-0.0063,1780243200000.0,3.7467,35.71,AAVE,0.0,2195.26,-0.63,2026-05-31 22:11:46.810970
AAVE-USD,Hyperliquid,AAVE/USD,82.519,82.575,-0.71,3278194.25147,-48.79,1184428.90047,2093765.351,3349,6028,543981.08,44890406.68376,-2.78,0.00125,1780239600000.0,13.6936,89.84,AAVE,0.0,6776.7,0.125,2026-05-31 22:11:46.810970
AAVEUSDT,Bitunix,AAVE/USDT,82.53,82.54,-0.71,3182548.796,-37.67,1645685.603,1536863.203,7184,6742,46043.3,3797651.384,8.65,0.004157,1780243200000.0,1.1933,74.33,AAVE,,,0.4157,2026-05-31 22:11:46.810970
AAVEUSDC,Bitunix,AAVE/USDC,82.4,82.46,-0.71,1906932.152,7.24,913688.092,993244.06,3460,3712,47276.1,3895077.879,59.7,0.01,1780243200000.0,2.0426,48.92,AAVE,,,1.0,2026-05-31 22:11:46.810970
AAVE-USD,BingX,AAVE/USD,82.38,82.42,-0.69,1804000.0,9.74,880520.0,923480.0,15649,15690,3294.9169,271402.305053,-3.71,0.01,1780243200000.0,0.1504,-12.3,AAVE,,,1.0,2026-05-31 22:11:46.810970
AAVEUSDC,Binance,AAVE/USDC,82.41,82.46085374,-0.7,1768725.05,-40.8,766354.936,1002370.104,12985,15974,51227.1,4220600.769,-0.48,0.01,1780243200000.0,2.3862,68.09,AAVE,8.31,0.0,1.0,2026-05-31 22:11:46.810970
AAVE_USDT,Gate,AAVE/USDT,82.49,82.54,-0.7,1597689.3893,-17.22,714510.8096,883178.5697,2970,3252,38018.26,3136126.2674,2.24,0.0017,1780243200000.0,1.9629,23.51,AAVE,161.5,0.0,0.17,2026-05-31 22:11:46.810970
AAVEUSDTM,KuCoin,AAVE/USDT,82.56,82.56,-0.75,787508.5974,-63.79,370040.883,417467.7244,4561,4022,177924.07,14689411.2192,-1.27,0.0066,1780243170091.0,18.653,172.64,AAVE,,,0.66,2026-05-31 22:11:46.810970
AAVE-USD,Extended,AAVE/USD,82.45,82.433810875,-0.7,727385.62,-89.81,331732.98,395652.64,874,1150,10550.89,869168.412655,-5.16,0.0013,,1.1949,830.61,AAVE,283.42,0.0,0.13,2026-05-31 22:11:46.810970
AAVEUSDT,CoinEx,AAVE/USDT,82.6,82.54,-0.7,454003.6182,-54.18,133761.3512,320242.277,3243,5775,9625.1,794552.005,-18.77,0.0,1780243202654.0,1.7501,77.28,AAVE,0.0,503.09,0.0,2026-05-31 22:11:46.810970
AAVEUSD_PERP,Binance,AAVE/USD,82.38,82.42639617,-0.72,436680.0,-48.6,257090.0,179590.0,3022,1948,21578.44,1777200.0,-1.4,0.01,1780243200000.0,4.0698,91.81,AAVE,60.0,0.0,1.0,2026-05-31 22:11:46.810970
AAVEUSD,EdgeX,AAVE/USD,82.5,82.534964504,-0.75,391835.1513,-0.68,189490.9272,202344.2341,1454,1570,344.79,28445.175,2.91,0.005,1780243200000.0,0.0726,3.57,AAVE,,,0.5,2026-05-31 22:11:46.810970
AAVEUSD,Bitunix,AAVE/USD,82.39,82.43,-0.69,160266.42,-7.21,82113.56,78152.86,7338,7096,6008.09,494826.2924,53.45,0.01,1780243200000.0,3.0875,65.37,AAVE,,,1.0,2026-05-31 22:11:46.810970
AAVE_USDC,MEXC,AAVE/USDC,82.39,82.52,-0.72,129835.625,52.42,68395.4802,61440.1348,4024,3939,1437.15,118392.417,9.01,0.01,1780243200000.0,0.9119,-28.47,AAVE,,,1.0,2026-05-31 22:11:46.810970
AAVEUSD_DMCBL,Bitget,AAVE/USD,82.38,82.43093020509907,-0.71,122182.918,-18.79,59663.442,62519.466,1174,1216,16455.8,1355628.804,0.67,0.01,1780243200000.0,11.0951,23.96,AAVE,,,1.0,2026-05-31 22:11:46.810970
AAVE-USDT,HTX,AAVE/USDT,82.964,82.576,-0.23,104684.5217,-48.02,17509.1454,87175.3863,578,2262,7465.1,619334.5564,6.27,0.0575026021573185,1780243200000.0,5.9162,104.42,AAVE,0.0,310.06,5.7503,2026-05-31 22:11:46.810970
AAVEUSDT,Aster,AAVE/USDT,82.61,82.5677056,-0.76,84357.279,-34.47,48791.079,35566.18,328,98,15824.1,1307228.901,-2.1,0.01,1780243200000.0,15.4963,49.39,AAVE,,,1.0,2026-05-31 22:11:46.810970
AAVEUSDC,CoinEx,AAVE/USDC,82.47,82.44,-0.75,82088.35691,-0.31,40889.67297,41198.69394,4302,4335,257.91,21274.9959,-0.49,0.0,1780243202656.0,0.2592,-0.15,AAVE,,,0.0,2026-05-31 22:11:46.810970
AAVE-PERP,Coinbase,AAVE/USDC,82.23,82.46,-0.71,72874.6416,-92.39,25296.8866,47577.765,86,175,4637.46,381338.3358,-3.72,0.0012,,5.2328,1165.18,AAVE,,,0.12,2026-05-31 22:11:46.810970
AAVE-USDC,Lighter,AAVE/USDC,82.455,82.458,-0.22,43780.98,-94.88,23697.33,20083.65,230,119,92842.38,7656896.928304,-0.64,0.0012,,174.8909,1839.68,AAVE,,,0.12,2026-05-31 22:11:46.810970
PF_AAVEUSD,Kraken,AAVE/USDT,82.47,82.4848,-0.69,37654.014,-73.16,12822.5924,24831.4216,308,686,17101.38,1410350.8086,-1.27,0.0003509684722222,1780239600000.0,37.4555,267.87,AAVE,,,0.0351,2026-05-31 22:11:46.810970
AAVEPERP,Bybit,AAVE/USDC,82.57,82.49,-0.33,28183.236,-61.74,9039.5436,19143.6924,142,67,3519.32,290308.71,4.91,0.003779,1780243200000.0,10.3008,174.2,AAVE,,,0.3779,2026-05-31 22:11:46.810970
AAVEUSD,Bybit,AAVE/USD,82.23,82.43,-0.86,15151.0,-68.67,9607.0,5544.0,93,44,3804.27,313434.0,-1.29,0.009816,1780243200000.0,20.6873,215.1,AAVE,,,0.9816,2026-05-31 22:11:46.810970
AAVE-USD,dYdX,AAVE/USD,82.75,,0.0,1166.775,-97.29,0.0,1166.775,0,1,1204.7,100436.555447137,0.71,0.0,1780203600000.0,86.0805,3615.97,AAVE,,,0.0,2026-05-31 22:11:46.810970
AAVEUSD-PERP,Crypto.com,AAVE/USD,82.535,82.441,-0.53,1067.5344,-85.91,815.3534,252.181,68,11,224.13,18498.56955,-1.97,-0.0011624,1780239600000.0,17.3283,595.89,AAVE,,,-0.1162,2026-05-31 22:11:46.810970
AAVEUSDT,Bitmex,AAVE/USDT,82.7,83.022,0.0,248.1,-92.04,248.1,0.0,1,0,489.6,40649.04,0.43,0.01,1780257600000.0,163.8414,1161.35,AAVE,,,1.0,2026-05-31 22:11:46.810970
AAVE-USD-PERP,Paradex,AAVE/USD,82.55,83.24563288,0.0,150.241,-59.42,0.0,150.241,0,1,774.94,63971.297,0.0,0.023309292322,,425.7912,146.41,AAVE,,,2.3309,2026-05-31 22:11:46.810970
XLMUSDT,Binance,XLM/USDT,0.2561,0.25618682,1.56,797789070.8191,-48.03,394559607.1906,403229463.6587,2550153,2570595,306304917.0,78481445.83374,5.23,-0.021597,1780243200000.0,0.0984,102.47,XLM,1847667.78,2020180.63,-2.1597,2026-05-31 22:11:46.810970
XLM-USDT-SWAP,OKX,XLM/USDT,0.2559,0.25602,1.51,425786423.514,-41.37,211755902.983,214030520.541,132873,135207,96735480.00000001,24754609.332000002,5.73,-0.05108235277508,1780243200000.0,0.0581,80.43,XLM,848667.89,879849.41,-5.1082,2026-05-31 22:11:46.810970
XLMUSDT,Bybit,XLM/USDT,0.25601,0.25597,1.54,343151805.80707,-33.49,171893080.29555,171258725.51162,1439543,1411169,195917946.0,50092300.43,0.09,-0.012654,1780243200000.0,0.146,50.52,XLM,1156478.32,1233118.49,-1.2654,2026-05-31 22:11:46.810970
XLM_USDT,MEXC,XLM/USDT,0.25604,0.25649,1.56,298759511.1982,-30.4,143931216.8216,154828294.3466,134045,134200,110921920.0,28435943.4112,35.67,-0.0215,1780243200000.0,0.0952,95.08,XLM,,,-2.15,2026-05-31 22:11:46.810970
XLMUSDT_UMCBL,Bitget,XLM/USDT,0.25603,0.256542773098787,1.55,172717642.83857,-37.73,85360819.54361,87356823.29496,631934,627408,116410366.0,29840633.22044,6.66,-0.023,1780243200000.0,0.1728,71.26,XLM,450843.79,604753.49,-2.3,2026-05-31 22:11:46.810970
XLMUSDT,Bitunix,XLM/USDT,0.25603,0.25703,1.53,85679162.97002,-32.57,42049119.80362,43630043.1766,140261,141188,26721838.0,6848807.0794,34.5,-0.021148,1780243200000.0,0.0799,99.25,XLM,,,-2.1148,2026-05-31 22:11:46.810970
XLM_USDT,Gate,XLM/USDT,0.25599,0.256049,1.57,75924886.7211,-31.96,36313615.5006,39611271.2105,95916,97956,28770540.0,7353174.6132,19.0,-0.0611,1780243200000.0,0.0968,74.73,XLM,377240.16,164917.68,-6.11,2026-05-31 22:11:46.810970
XLM_PERP,WhiteBIT,XLM/USDT,0.25533,0.2565,1.45,59098584.66985,-60.41,10952003.34231,48146581.32804,22570,105757,77665095.0,19844985.0744,6.79,-0.022276,1780243200000.0,0.3358,169.72,XLM,,,-2.2276,2026-05-31 22:11:46.810970
XLM-USDT,BingX,XLM/USDT,0.25598,0.25646,1.51,51626714.19126,-46.06,25819024.6375,25807689.56406,161144,163737,171799389.4548,44020157.56,-40.8,-0.0061,1780243200000.0,0.8527,9.74,XLM,,,-0.61,2026-05-31 22:11:46.810970
XLMUSDTM,KuCoin,XLM/USDT,0.25613,0.2558,1.47,34509860.8988,-61.47,16888540.6435,17621320.2753,91358,94604,101416200.0,25928065.692,-14.78,-0.015,1780243170389.0,0.7513,121.17,XLM,,,-1.5,2026-05-31 22:11:46.810970
XLMUSDT,LBank,XLM/USDT,0.25592,,1.52,33969319.09736,-8.56,17746043.77122,16223275.29634,318978,316849,39201450.0,10050075.7365,1.5,-0.021597,1780243200000.0,0.2959,10.99,XLM,,,-2.1597,2026-05-31 22:11:46.810970
XLMUSDT,CoinEx,XLM/USDT,0.255999,0.2565,1.58,33342941.29363,-18.08,17010991.252526,16331950.040904,11897,11436,6431315.0,1648982.734685,-14.44,0.0,1780243142612.0,0.0495,4.43,XLM,53038.07,85134.93,0.0,2026-05-31 22:11:46.810970
XLMUSDT,ApeX Omni,XLM/USDT,0.256,0.25606,1.7,28212581.63,115.8,12736755.05,15475826.58,58074,70574,955600.0,244633.6,0.18,-0.000927,,0.0087,-53.48,XLM,,,-0.0927,2026-05-31 22:11:46.810970
XLM-USD,Hyperliquid,XLM/USD,0.25574,0.25591,1.51,19407445.33943,-68.42,9153763.18361,10253682.16552,21794,24914,73065188.0,18676192.70468,-4.15,-0.00354657,1780239600000.0,0.9623,203.47,XLM,20883.78,58578.78,-0.3547,2026-05-31 22:11:46.810970
XLM-PERP,Coinbase,XLM/USDC,0.25557,0.25546,1.32,11026550.45394,-70.34,5337431.52392,5689118.93022,13175,13933,1344667.0,343454.84514,-21.3,-0.0027,,0.0311,165.81,XLM,,,-0.27,2026-05-31 22:11:46.810970
XLMUSD_PERP,Binance,XLM/USD,0.25548,0.25567,1.45,10409320.0,-45.87,5131830.0,5277490.0,87699,82487,6464340.27,1650540.0,-2.3,0.005999,1780243200000.0,0.1586,80.64,XLM,830.0,4590.0,0.5999,2026-05-31 22:11:46.810970
PF_XLMUSD,Kraken,XLM/USDT,0.25547,0.2557921,1.33,8941319.57243,-54.86,4435491.3191,4505828.25373,13411,13271,8354766.0,2134392.07002,12.51,3.59455555556e-05,1780239600000.0,0.2387,149.16,XLM,,,0.0036,2026-05-31 22:11:46.810970
XLM-USDC,BingX,XLM/USDC,0.25602,0.25646,1.53,6607888.7762218,-6.4,3298435.3193049,3309453.4563169,430260,431595,3799262.0813,973294.96,4.17,-0.0067,1780243200000.0,0.1473,11.34,XLM,,,-0.67,2026-05-31 22:11:46.810970
XLMPERP,Bybit,XLM/USDC,0.25539,0.25584,1.38,5748913.82931,-38.27,2851300.02799,2897613.79132,24087,24395,12789489.0,3264133.38,4.02,0.007839,1780243200000.0,0.5678,68.49,XLM,5740.74,5573.38,0.7839,2026-05-31 22:11:46.810970
XLMUSDT,Aster,XLM/USDT,0.25537,0.25585104,1.18,3838461.85567,-44.9,2009632.2354,1828829.62047,6201,4306,1547659.0,395225.67883,-4.26,-0.000904,1780243200000.0,0.103,73.69,XLM,70152.48,64614.08,-0.0904,2026-05-31 22:11:46.810970
XLMUSD,Bybit,XLM/USD,0.25475,0.25571,1.04,1584939.0,-27.8,1012266.0,572673.0,10757,8066,3509461.63,895018.0,136.02,1.394368,1780243200000.0,0.5647,226.98,XLM,15108.0,17680.0,139.4368,2026-05-31 22:11:46.810970
XLM-USDT,HTX,XLM/USDT,0.25743,0.256654,2.03,1293257.9629,-27.84,715653.2683,577604.7046,2916,5735,1198210.0,309258.001,11.2,0.3163889995263518,1780243200000.0,0.2391,54.06,XLM,6497.08,14807.89,31.6389,2026-05-31 22:11:46.810970
XLMUSD_DMCBL,Bitget,XLM/USD,0.25525,0.2561813181647749,1.21,605910.99881,16.25,326230.21021,279680.7889,4660,3779,10127490.0,2592029.7906,-2.21,0.01,1780243200000.0,4.2779,-15.88,XLM,185.62,1926.95,1.0,2026-05-31 22:11:46.810970
XLMUSD,Bitunix,XLM/USD,0.25549,0.25637,1.41,576194.55795,-43.57,287828.85093,288365.71732,13845,13270,1130901.0,289273.16679,-38.53,0.007352,1780243200000.0,0.502,8.92,XLM,,,0.7352,2026-05-31 22:11:46.810970
XLM-USDC,Lighter,XLM/USDC,0.25576,0.25548,24.46,499896.460211,-93.96,256539.50926,243356.940951,610,257,5800354.2,1481004.437886,-16.41,0.0012,,2.9626,1284.39,XLM,156.68,0.0,0.12,2026-05-31 22:11:46.810970
XLM_USDC,MEXC,XLM/USDC,0.25554,0.25643,1.46,454114.7472,-36.96,214550.9366,239563.8106,4268,4166,2464510.0,631087.0757,22.37,-0.0115,1780243200000.0,1.3897,94.12,XLM,,,-1.15,2026-05-31 22:11:46.810970
XLM-USD,Extended,XLM/USD,0.25721,0.255589750375,1.7,300923.39,-81.42,153230.35,147693.04,276,348,1069120.0,273778.559963,-0.44,0.0013,,0.9098,435.81,XLM,0.0,335.94,0.13,2026-05-31 22:11:46.810970
XLMUSD-PERP,Crypto.com,XLM/USD,0.25585,0.25622,1.58,139751.8257,-63.3,68582.4858,71169.3499,2777,2528,339700.0,87479.544,9.38,-0.0100878,1780239600000.0,0.626,198.1,XLM,,,-1.0088,2026-05-31 22:11:46.810970
XLM-USD,dYdX,XLM/USD,0.2649,,5.62,51513.46,8.74,32953.47,18559.98,14,13,238550.0,60975.795008635,13.47,0.0,1780239600000.0,1.1837,4.36,XLM,,,0.0,2026-05-31 22:11:46.810970
XLM-USD-PERP,Paradex,XLM/USD,0.26125,0.25550445,5.05,2820.6,-30.72,1551.75,1268.85,6,1,43265.8,11303.19025,5.05,-0.063361301608,,4.0074,51.63,XLM,265.19,0.0,-6.3361,2026-05-31 22:11:46.810970
UNIUSDT,Binance,UNI/USDT,3.029,3.02938764,-0.43,32739864.746,-37.02,15258403.466,17481461.28,80023,80093,20244452.0,61300200.656,-1.49,-0.001765,1780243200000.0,1.8723,56.4,UNI,150.23,5476.8,-0.1765,2026-05-31 22:11:46.810970
UNI_PERP,WhiteBIT,UNI/USDT,3.0256,3.029,-0.51,14239427.3913,-11.3,8427547.9023,5811879.479,28600,19859,4502667.0,13627771.9422,-1.41,0.01,1780243200000.0,0.957,11.14,UNI,,,1.0,2026-05-31 22:11:46.810970
UNI-USDT-SWAP,OKX,UNI/USDT,3.027,3.029,-0.43,13129643.06,-42.2,6323988.19,6805654.88,7982,7098,4032986.0,12203815.636,-1.57,0.00300018342937,1780243200000.0,0.9295,70.3,UNI,0.0,3598.54,0.3,2026-05-31 22:11:46.810970
UNIUSDT,LBank,UNI/USDT,3.027,,-0.46,11434017.992,-16.2,5825882.526,5608135.476,31447,31623,776300.0,2349860.1,6.69,-0.0018,1780243200000.0,0.2055,27.32,UNI,,,-0.18,2026-05-31 22:11:46.810970
UNIUSDT,ApeX Omni,UNI/USDT,3.026,3.03,-0.62,8548541.16,51.49,4158207.82,4390333.34,19070,20282,28084.4,84983.3944,26.06,0.00125,,0.0099,-16.81,UNI,,,0.125,2026-05-31 22:11:46.810970
UNI-USDT,BingX,UNI/USDT,3.026,3.028,-0.46,7935003.711,-11.21,3239734.26,4695269.391,130033,130725,2237244.9884,6772140.58,-11.21,0.01,1780243200000.0,0.8535,0.0,UNI,,,1.0,2026-05-31 22:11:46.810970
UNIUSDT,Bybit,UNI/USDT,3.027,3.029,-0.46,7329198.9109,-45.08,3250249.7833,4078949.1176,23959,22501,7538861.7,22812595.5,-0.84,-0.005027,1780243200000.0,3.1126,80.57,UNI,0.0,135.93,-0.5027,2026-05-31 22:11:46.810970
UNIUSDT_UMCBL,Bitget,UNI/USDT,3.028,3.0293371173175587,-0.43,6506455.137,32.15,2283949.999,4222505.138,4674,4189,3847521.0,11638751.025,1.25,0.01,1780243200000.0,1.7888,-23.39,UNI,0.0,120.51,1.0,2026-05-31 22:11:46.810970
UNI-USDC,BingX,UNI/USDC,3.026,3.028,-0.53,6484818.775532,-0.15,3244551.144756,3240267.571276,432161,432089,1773686.8847,5368950.2,-0.74,0.011,1780243200000.0,0.8279,-0.6,UNI,,,1.1,2026-05-31 22:11:46.810970
UNIUSDT,Bitunix,UNI/USDT,3.029,3.029,-0.43,2567048.082,-27.52,1294251.481,1272796.611,6969,7033,1087163.0,3291929.564,4.4,0.002208,1780243200000.0,1.2824,44.04,UNI,,,0.2208,2026-05-31 22:11:46.810970
UNI_USDT,Gate,UNI/USDT,3.026,3.0288,-0.53,2274595.769,-37.82,881623.053,1392972.726,3749,4053,1588922.0,4808077.972,-5.13,-0.0058,1780243200000.0,2.1138,52.57,UNI,0.0,146.35,-0.58,2026-05-31 22:11:46.810970
UNIUSDC,Binance,UNI/USDC,3.023,3.02616214,-0.49,2226860.644,-33.77,1002322.834,1224537.82,10042,10348,1782218.0,5387645.014,-0.56,0.01,1780243200000.0,2.4194,50.15,UNI,0.0,483.36,1.0,2026-05-31 22:11:46.810970
UNI_USDT,MEXC,UNI/USDT,3.028,3.03,-0.43,2169864.6568,-23.83,1067001.7816,1102862.8752,4674,4860,2484394.8,7522747.4544,1.92,-0.0019,1780243200000.0,3.4669,33.81,UNI,,,-0.19,2026-05-31 22:11:46.810970
UNI-USD,BingX,UNI/USD,3.021,3.024,-0.46,1690000.0,5.29,829600.0,860400.0,15724,15604,158708.1336,479457.2716056,-0.62,0.01,1780243200000.0,0.2837,-5.62,UNI,,,1.0,2026-05-31 22:11:46.810970
UNI-USD,Hyperliquid,UNI/USD,3.028,3.0295,-0.46,1124681.85888,-38.61,534853.27968,589828.5791,2937,2938,2671129.1999999997,8087912.104679999,0.9,0.00125,1780239600000.0,7.1913,64.38,UNI,0.0,162.74,0.125,2026-05-31 22:11:46.810970
UNIUSD_PERP,Binance,UNI/USD,3.025,3.02489894,-0.43,1039750.0,-50.82,400580.0,639170.0,3047,4329,1061266.12,3210330.0,1.4,0.01,1780243200000.0,3.0876,106.2,UNI,0.0,1580.0,1.0,2026-05-31 22:11:46.810970
UNIUSD,EdgeX,UNI/USD,3.027,3.02950008,-0.53,697320.0434,-5.93,351573.4532,345746.5902,1508,1512,48704.2,147427.6134,-0.6,0.005,1780243200000.0,0.2114,5.65,UNI,,,0.5,2026-05-31 22:11:46.810970
UNIUSDTM,KuCoin,UNI/USDT,3.028,3.029,-0.49,670837.485,-64.13,271942.452,398895.043,1777,1829,3902995.0,11818268.86,2.15,0.0014,1780243170367.0,17.6172,184.81,UNI,,,0.14,2026-05-31 22:11:46.810970
UNIUSDC,Bitunix,UNI/USDC,3.023,3.029,-0.46,547233.263,-0.8,277464.102,269769.181,3217,3062,374276.0,1131062.072,34.3,0.01,1780243200000.0,2.0669,35.39,UNI,,,1.0,2026-05-31 22:11:46.810970
UNIUSDT,CoinEx,UNI/USDT,3.0273,3.0289,-0.52,398461.53975,-43.25,186797.39225,211664.1475,3722,5265,285185.5,863170.95285,-8.15,0.0,1780243202596.0,2.1663,61.86,UNI,0.0,70.56,0.0,2026-05-31 22:11:46.810970
UNIUSDT,Bitmex,UNI/USDT,3.027,3.031,-0.46,373928.7992,70.21,204776.4787,169152.3305,202,203,53701.1,162768.0341,54.62,0.0017,1780286400000.0,0.4353,-9.16,UNI,,,0.17,2026-05-31 22:11:46.810970
PF_UNIUSD,Kraken,UNI/USDT,3.019,3.02533,-0.69,333119.0255,-41.38,82016.3041,251102.7214,1818,2018,386268.8,1166145.5072,0.8,0.0011057752777778,1780239600000.0,3.5007,71.96,UNI,,,0.1106,2026-05-31 22:11:46.810970
UNI-USD-SWAP,OKX,UNI/USD,3.023,3.023,-0.46,165250.0,-65.46,71880.0,93370.0,549,611,581918.6238835594,1759140.0,0.29,0.01,1780243200000.0,10.6453,190.36,UNI,,,1.0,2026-05-31 22:11:46.810970
UNI_USDC,MEXC,UNI/USDC,3.024,3.026,-0.43,140536.9937,49.12,69460.3704,71076.6233,3964,3924,44197.7,133653.8448,6.89,0.01,1780243200000.0,0.951,-28.32,UNI,,,1.0,2026-05-31 22:11:46.810970
UNIUSD_DMCBL,Bitget,UNI/USD,3.024,3.025123454347698,-0.46,125818.284,2.59,64897.08,60921.204,829,835,413528.0,1250095.144,0.37,0.01,1780243200000.0,9.9357,-2.17,UNI,,,1.0,2026-05-31 22:11:46.810970
UNI-USDT,HTX,UNI/USDT,3.0327,3.02898,-0.32,120173.044,-49.61,49806.9628,70366.0912,747,2322,112093.0,339787.5109,4.56,0.01,1780243200000.0,2.8275,107.51,UNI,33.18,0.0,1.0,2026-05-31 22:11:46.810970
UNI-USD-PERP,Paradex,UNI/USD,3.027,3.02651811,-5.02,103470.13,5273.71,68147.94,35322.19,10,7,9743.0,29492.061,-2.27,0.033401321346,,0.285,-98.18,UNI,,,3.3401,2026-05-31 22:11:46.810970
UNI-PERP,Coinbase,UNI/USDC,3.021,3.025,-0.59,81389.3633,-79.4,24014.7109,57374.6324,105,154,82987.75,250705.99275,1.12,-0.0015,,3.0803,390.81,UNI,,,-0.15,2026-05-31 22:11:46.810970
UNI-USD,Extended,UNI/USD,3.0441,3.025235978749,0.24,50152.36,-64.01,21021.82,29130.54,102,132,50614.2,153018.046782,0.12,0.0013,,3.0511,178.21,UNI,,,0.13,2026-05-31 22:11:46.810970
UNIUSD,Bybit,UNI/USD,3.013,3.025,-0.43,38820.0,-17.06,18480.0,20340.0,140,158,217421.19,656612.0,0.7,0.01,1780243200000.0,16.9143,21.41,UNI,,,1.0,2026-05-31 22:11:46.810970
UNIUSDT,Aster,UNI/USDT,3.03,3.02934151,-0.26,32227.71,-49.11,16241.26,15986.46,60,68,57103.0,173022.09,4.94,0.01,1780243200000.0,5.3687,106.22,UNI,0.0,10066.8,1.0,2026-05-31 22:11:46.810970
UNIUSD-PERP,Crypto.com,UNI/USD,3.023,3.0252,-0.3,16347.68,16.66,4930.36,11417.32,2386,1809,55320.7,167234.4761,0.97,-0.0127746,1780239600000.0,10.2299,-13.45,UNI,,,-1.2775,2026-05-31 22:11:46.810970
UNIPERP,Bybit,UNI/USDC,3.021,3.026,-0.53,14775.7326,-56.43,4718.8586,10056.874,236,337,164860.6,498538.45,1.19,0.005,1780243200000.0,33.7404,132.24,UNI,0.0,4185.37,0.5,2026-05-31 22:11:46.810970
UNI-USDC,Lighter,UNI/USDC,3.0398,3.0252,0.4,0.09,-100.0,0.03,0.06,1,2,350343.98,1060281.021072,-1.66,0.0012,,11780900.2341,282136604.52,UNI,,,0.12,2026-05-31 22:11:46.810970
ZROUSDT,LBank,ZRO/USDT,1.148,,1.86,11877034.6996,8.66,5949967.7442,5927066.9654,60972,60821,96425.2,110696.1296,-37.93,0.005,1780243200000.0,0.0093,-42.94,ZRO,,,0.5,2026-05-31 22:11:46.810970
ZRO_PERP,WhiteBIT,ZRO/USDT,1.1508,1.147,1.99,9783579.0116,-33.98,4688566.32074,5095012.70066,35606,52731,3051542.3,3501644.78925,4.04,0.005,1780243200000.0,0.3579,57.6,ZRO,,,0.5,2026-05-31 22:11:46.810970
ZROUSDT,ApeX Omni,ZRO/USDT,1.15,1.149,1.95,8656877.346,83.4,4298498.31,4358379.036,19924,20186,42150.0,48472.5,-0.19,0.00125,,0.0056,-45.63,ZRO,,,0.125,2026-05-31 22:11:46.810970
ZRO-USDT,BingX,ZRO/USDT,1.1482,1.1499,1.96,8585485.4736337,-6.57,3437824.1199378,5147661.3634959,432278,433087,6368793.6863,7313285.79,-6.56,0.005,1780243200000.0,0.8518,0.01,ZRO,,,0.5,2026-05-31 22:11:46.810970
ZROUSDT,Binance,ZRO/USDT,1.149,1.15001831,2.03,8221733.76136,5.58,4021527.87503,4200205.88713,94399,87846,14369671.5,16505004.6849,4.07,0.005,1780243200000.0,2.0075,-1.43,ZRO,2309.21,11061.62,0.5,2026-05-31 22:11:46.810970
ZRO_USDT,MEXC,ZRO/USDT,1.148,1.149,2.04,3096794.199,-12.18,1562707.364,1534086.825,4527,4407,1812624.0,2082704.976,14.44,0.005,1780243200000.0,0.6725,30.3,ZRO,,,0.5,2026-05-31 22:11:46.810970
ZROUSDT,Bybit,ZRO/USDT,1.1491,1.15,2.07,2831127.04003,-7.17,1456362.1032,1374764.95683,22067,18486,7002333.4,8046381.31,4.71,0.005,1780243200000.0,2.8421,12.8,ZRO,211.46,2521.04,0.5,2026-05-31 22:11:46.810970
ZRO-USDT-SWAP,OKX,ZRO/USDT,1.147,1.149,1.96,1958712.101,1.15,975946.379,982765.722,3149,3753,2060709.0,2363633.223,4.47,0.005,1780243200000.0,1.2067,3.28,ZRO,3.45,0.0,0.5,2026-05-31 22:11:46.810970
ZROUSDTM,KuCoin,ZRO/USDT,1.1502,1.1499,2.0,1308880.4333,-30.14,644227.227,664653.1963,6729,6142,2149961.0,2471595.1656,21.2,0.0149,1780243155383.0,1.8883,73.49,ZRO,,,1.49,2026-05-31 22:11:46.810970
ZRO-USD,Hyperliquid,ZRO/USD,1.1507,1.1497,2.04,1109425.80185,-39.89,466460.35885,642965.4429,2930,3197,21334305.599999998,24540851.73168,1.3,0.00125,1780239600000.0,22.1203,68.54,ZRO,42.93,0.0,0.125,2026-05-31 22:11:46.810970
ZROUSDT_UMCBL,Bitget,ZRO/USDT,1.1488,1.1494169652143111,1.94,650133.598,-14.99,292112.9591,358020.6389,2064,1968,2179729.0,2504072.6752,25.23,0.005,1780243200000.0,3.8516,47.31,ZRO,0.0,5029.62,0.5,2026-05-31 22:11:46.810970
ZROUSDT,Bitunix,ZRO/USDT,1.1488,1.1497,2.02,386771.42516,0.71,200271.30668,186500.12918,7679,7019,553208.2,635691.54262,5.06,0.005,1780243200000.0,1.6436,4.32,ZRO,,,0.5,2026-05-31 22:11:46.810970
ZRO_USDT,Gate,ZRO/USDT,1.149,1.15,2.04,248459.92,-22.13,146322.689,102137.231,1034,623,1109954.0,1275337.146,2.15,0.005,1780243200000.0,5.133,31.19,ZRO,0.0,502.88,0.5,2026-05-31 22:11:46.810970
ZRO-PERP,Coinbase,ZRO/USDC,1.159,1.148,2.84,183303.7839,212.8,96877.2558,86426.5381,222,76,28182.0,32662.938,0.01,0.006,,0.1782,-68.02,ZRO,,,0.6,2026-05-31 22:11:46.810970
ZROUSDT,CoinEx,ZRO/USDT,1.1502,1.1497,2.03,152448.78663,118.63,94118.85838,58329.92905,5772,3336,87053.0,100119.6553,8.0,0.031201,1780243202571.0,0.6567,-50.61,ZRO,,,3.1201,2026-05-31 22:11:46.810970
PF_ZROUSD,Kraken,ZRO/USDT,1.1564,1.14875,2.88,34990.8483,3.12,18699.5933,16291.255,92,70,321164.0,371394.0496,2.71,0.00268884,1780239600000.0,10.614,-0.4,ZRO,,,0.2689,2026-05-31 22:11:46.810970
ZRO-USDT,HTX,ZRO/USDT,1.1461,1.1498833333333334,1.98,18656.4932,1.75,4818.0043,13838.4889,555,2135,105741.0,121189.7601,1.42,0.01,1780243200000.0,6.4958,-0.32,ZRO,0.0,1.14,1.0,2026-05-31 22:11:46.810970
ZRO-USD,Extended,ZRO/USD,1.1458,1.147882078749,1.83,12025.67,-35.3,3166.1,8859.57,8,16,385009.0,442808.304963,1.14,0.0013,,36.8219,56.33,ZRO,,,0.13,2026-05-31 22:11:46.810970
ZROUSD-PERP,Crypto.com,ZRO/USD,1.1557,1.1483,3.06,4708.3639,175.96,3544.0006,1164.3633,212,313,37008.0,42770.1456,5.07,0.0028117,1780239600000.0,9.0839,-61.93,ZRO,,,0.2812,2026-05-31 22:11:46.810970
ZROUSDT,Aster,ZRO/USDT,1.1536,1.14945493,2.1,3994.55,116.48,1410.42,2584.12,13,16,46059.8,53134.58528,2.46,0.00125,1780239600000.0,13.3018,-52.67,ZRO,,,0.125,2026-05-31 22:11:46.810970
ZRO-USD-PERP,Paradex,ZRO/USD,1.14,1.15268283,0.0,99.18,,0.0,99.18,0,1,2793.8,3184.932,-5.11,-0.02543254635,,32.1126,,ZRO,,,-2.5433,2026-05-31 22:11:46.810970
