exchange,instrument_id,base_asset,quote_asset,settlement_currency,max_leverage,funding_interval,price_tick_size,fetch_timestamp,fetch_date
ApeX Omni,BTCUSDT,BTC,USDT,USDT,100.0,1.0,0.1,2026-05-31 22:09:58.728739,20260531
ApeX Omni,ETHUSDT,ETH,USDT,USDT,100.0,1.0,0.01,2026-05-31 22:09:58.728739,20260531
ApeX Omni,APEXUSDT,APEX,USDT,USDT,50.0,1.0,0.0001,2026-05-31 22:09:58.728739,20260531
ApeX Omni,TAOUSDT,TAO,USDT,USDT,50.0,1.0,0.01,2026-05-31 22:09:58.728739,20260531
ApeX Omni,CHZUSDT,CHZ,USDT,USDT,50.0,1.0,1e-05,2026-05-31 22:09:58.728739,20260531
ApeX Omni,SOLUSDT,SOL,USDT,USDT,50.0,1.0,0.01,2026-05-31 22:09:58.728739,20260531
ApeX Omni,BNBUSDT,BNB,USDT,USDT,50.0,1.0,0.01,2026-05-31 22:09:58.728739,20260531
ApeX Omni,XRPUSDT,XRP,USDT,USDT,50.0,1.0,0.0001,2026-05-31 22:09:58.728739,20260531
ApeX Omni,TONUSDT,TON,USDT,USDT,50.0,1.0,0.0001,2026-05-31 22:09:58.728739,20260531
ApeX Omni,DOGEUSDT,DOGE,USDT,USDT,25.0,1.0,0.0001,2026-05-31 22:09:58.728739,20260531
ApeX Omni,ADAUSDT,ADA,USDT,USDT,50.0,1.0,0.0001,2026-05-31 22:09:58.728739,20260531
ApeX Omni,SUIUSDT,SUI,USDT,USDT,50.0,1.0,0.0001,2026-05-31 22:09:58.728739,20260531
ApeX Omni,AVAXUSDT,AVAX,USDT,USDT,50.0,1.0,0.001,2026-05-31 22:09:58.728739,20260531
ApeX Omni,HYPEUSDT,HYPE,USDT,USDT,50.0,1.0,0.001,2026-05-31 22:09:58.728739,20260531
ApeX Omni,OPUSDT,OP,USDT,USDT,50.0,1.0,0.0001,2026-05-31 22:09:58.728739,20260531
ApeX Omni,AAVEUSDT,AAVE,USDT,USDT,50.0,1.0,0.01,2026-05-31 22:09:58.728739,20260531
ApeX Omni,LINKUSDT,LINK,USDT,USDT,50.0,1.0,0.001,2026-05-31 22:09:58.728739,20260531
ApeX Omni,ONDOUSDT,ONDO,USDT,USDT,50.0,1.0,0.0001,2026-05-31 22:09:58.728739,20260531
ApeX Omni,1000PEPEUSDT,1000PEPE,USDT,USDT,25.0,1.0,1e-07,2026-05-31 22:09:58.728739,20260531
ApeX Omni,1000SHIBUSDT,1000SHIB,USDT,USDT,25.0,1.0,1e-06,2026-05-31 22:09:58.728739,20260531
ApeX Omni,UNIUSDT,UNI,USDT,USDT,50.0,1.0,0.001,2026-05-31 22:09:58.728739,20260531
ApeX Omni,CRVUSDT,CRV,USDT,USDT,50.0,1.0,0.0001,2026-05-31 22:09:58.728739,20260531
ApeX Omni,ENSUSDT,ENS,USDT,USDT,50.0,1.0,0.001,2026-05-31 22:09:58.728739,20260531
ApeX Omni,ZKUSDT,ZK,USDT,USDT,50.0,1.0,1e-05,2026-05-31 22:09:58.728739,20260531
ApeX Omni,1000BONKUSDT,1000BONK,USDT,USDT,25.0,1.0,1e-06,2026-05-31 22:09:58.728739,20260531
ApeX Omni,WIFUSDT,WIF,USDT,USDT,25.0,1.0,0.0001,2026-05-31 22:09:58.728739,20260531
ApeX Omni,PENDLEUSDT,PENDLE,USDT,USDT,50.0,1.0,0.0001,2026-05-31 22:09:58.728739,20260531
ApeX Omni,ZROUSDT,ZRO,USDT,USDT,50.0,1.0,0.001,2026-05-31 22:09:58.728739,20260531
ApeX Omni,NEARUSDT,NEAR,USDT,USDT,50.0,1.0,0.001,2026-05-31 22:09:58.728739,20260531
ApeX Omni,BCHUSDT,BCH,USDT,USDT,50.0,1.0,0.01,2026-05-31 22:09:58.728739,20260531
ApeX Omni,LTCUSDT,LTC,USDT,USDT,50.0,1.0,0.01,2026-05-31 22:09:58.728739,20260531
ApeX Omni,POLUSDT,POL,USDT,USDT,50.0,1.0,0.0001,2026-05-31 22:09:58.728739,20260531
ApeX Omni,ARBUSDT,ARB,USDT,USDT,50.0,1.0,0.0001,2026-05-31 22:09:58.728739,20260531
ApeX Omni,WLDUSDT,WLD,USDT,USDT,50.0,1.0,0.0001,2026-05-31 22:09:58.728739,20260531
ApeX Omni,STXUSDT,STX,USDT,USDT,50.0,1.0,0.0001,2026-05-31 22:09:58.728739,20260531
ApeX Omni,LDOUSDT,LDO,USDT,USDT,50.0,1.0,0.0001,2026-05-31 22:09:58.728739,20260531
ApeX Omni,JUPUSDT,JUP,USDT,USDT,50.0,1.0,0.0001,2026-05-31 22:09:58.728739,20260531
ApeX Omni,FILUSDT,FIL,USDT,USDT,50.0,1.0,0.001,2026-05-31 22:09:58.728739,20260531
ApeX Omni,ARUSDT,AR,USDT,USDT,50.0,1.0,0.001,2026-05-31 22:09:58.728739,20260531
ApeX Omni,ENAUSDT,ENA,USDT,USDT,50.0,1.0,0.0001,2026-05-31 22:09:58.728739,20260531
ApeX Omni,POPCATUSDT,POPCAT,USDT,USDT,25.0,1.0,0.0001,2026-05-31 22:09:58.728739,20260531
ApeX Omni,TRXUSDT,TRX,USDT,USDT,50.0,1.0,1e-05,2026-05-31 22:09:58.728739,20260531
ApeX Omni,APTUSDT,APT,USDT,USDT,50.0,1.0,0.001,2026-05-31 22:09:58.728739,20260531
ApeX Omni,TIAUSDT,TIA,USDT,USDT,50.0,1.0,0.0001,2026-05-31 22:09:58.728739,20260531
ApeX Omni,INJUSDT,INJ,USDT,USDT,50.0,1.0,0.001,2026-05-31 22:09:58.728739,20260531
ApeX Omni,SUSDT,S,USDT,USDT,50.0,1.0,0.0001,2026-05-31 22:09:58.728739,20260531
ApeX Omni,HMSTRUSDT,HMSTR,USDT,USDT,50.0,1.0,1e-07,2026-05-31 22:09:58.728739,20260531
ApeX Omni,EIGENUSDT,EIGEN,USDT,USDT,50.0,1.0,0.0001,2026-05-31 22:09:58.728739,20260531
ApeX Omni,SEIUSDT,SEI,USDT,USDT,50.0,1.0,0.0001,2026-05-31 22:09:58.728739,20260531
ApeX Omni,MOODENGUSDT,MOODENG,USDT,USDT,25.0,1.0,1e-05,2026-05-31 22:09:58.728739,20260531
ApeX Omni,PNUTUSDT,PNUT,USDT,USDT,25.0,1.0,0.0001,2026-05-31 22:09:58.728739,20260531
ApeX Omni,ACTUSDT,ACT,USDT,USDT,50.0,1.0,1e-05,2026-05-31 22:09:58.728739,20260531
ApeX Omni,HBARUSDT,HBAR,USDT,USDT,50.0,1.0,1e-05,2026-05-31 22:09:58.728739,20260531
ApeX Omni,ZENUSDT,ZEN,USDT,USDT,50.0,1.0,0.001,2026-05-31 22:09:58.728739,20260531
ApeX Omni,VIRTUALUSDT,VIRTUAL,USDT,USDT,50.0,1.0,0.0001,2026-05-31 22:09:58.728739,20260531
ApeX Omni,RENDERUSDT,RENDER,USDT,USDT,50.0,1.0,0.0001,2026-05-31 22:09:58.728739,20260531
ApeX Omni,BERAUSDT,BERA,USDT,USDT,50.0,1.0,0.001,2026-05-31 22:09:58.728739,20260531
ApeX Omni,LAYERUSDT,LAYER,USDT,USDT,50.0,1.0,0.0001,2026-05-31 22:09:58.728739,20260531
ApeX Omni,IPUSDT,IP,USDT,USDT,50.0,1.0,0.001,2026-05-31 22:09:58.728739,20260531
ApeX Omni,XLMUSDT,XLM,USDT,USDT,50.0,1.0,1e-05,2026-05-31 22:09:58.728739,20260531
ApeX Omni,KAITOUSDT,KAITO,USDT,USDT,50.0,1.0,0.0001,2026-05-31 22:09:58.728739,20260531
ApeX Omni,MUBARAKUSDT,MUBARAK,USDT,USDT,25.0,1.0,1e-05,2026-05-31 22:09:58.728739,20260531
ApeX Omni,FARTCOINUSDT,FARTCOIN,USDT,USDT,50.0,1.0,0.0001,2026-05-31 22:09:58.728739,20260531
ApeX Omni,PAXGUSDT,PAXG,USDT,USDT,50.0,1.0,0.01,2026-05-31 22:09:58.728739,20260531
ApeX Omni,SIGNUSDT,SIGN,USDT,USDT,50.0,1.0,1e-05,2026-05-31 22:09:58.728739,20260531
ApeX Omni,NXPCUSDT,NXPC,USDT,USDT,50.0,1.0,0.0001,2026-05-31 22:09:58.728739,20260531
ApeX Omni,SAHARAUSDT,SAHARA,USDT,USDT,50.0,1.0,1e-05,2026-05-31 22:09:58.728739,20260531
ApeX Omni,PUMPUSDT,PUMP,USDT,USDT,50.0,1.0,1e-06,2026-05-31 22:09:58.728739,20260531
ApeX Omni,PENGUUSDT,PENGU,USDT,USDT,50.0,1.0,1e-06,2026-05-31 22:09:58.728739,20260531
ApeX Omni,PROVEUSDT,PROVE,USDT,USDT,50.0,1.0,0.0001,2026-05-31 22:09:58.728739,20260531
ApeX Omni,USELESSUSDT,USELESS,USDT,USDT,25.0,1.0,0.0001,2026-05-31 22:09:58.728739,20260531
ApeX Omni,WLFIUSDT,WLFI,USDT,USDT,50.0,1.0,0.0001,2026-05-31 22:09:58.728739,20260531
ApeX Omni,XPLUSDT,XPL,USDT,USDT,50.0,1.0,0.0001,2026-05-31 22:09:58.728739,20260531
ApeX Omni,LINEAUSDT,LINEA,USDT,USDT,50.0,1.0,1e-05,2026-05-31 22:09:58.728739,20260531
ApeX Omni,MYXUSDT,MYX,USDT,USDT,50.0,1.0,0.0001,2026-05-31 22:09:58.728739,20260531
ApeX Omni,SOMIUSDT,SOMI,USDT,USDT,50.0,1.0,0.0001,2026-05-31 22:09:58.728739,20260531
ApeX Omni,MUSDT,M,USDT,USDT,50.0,1.0,0.0001,2026-05-31 22:09:58.728739,20260531
ApeX Omni,SKYUSDT,SKY,USDT,USDT,50.0,1.0,1e-05,2026-05-31 22:09:58.728739,20260531
ApeX Omni,ASTERUSDT,ASTER,USDT,USDT,50.0,1.0,0.0001,2026-05-31 22:09:58.728739,20260531
ApeX Omni,0GUSDT,0G,USDT,USDT,50.0,1.0,0.0001,2026-05-31 22:09:58.728739,20260531
ApeX Omni,STBLUSDT,STBL,USDT,USDT,50.0,1.0,1e-05,2026-05-31 22:09:58.728739,20260531
ApeX Omni,KTAUSDT,KTA,USDT,USDT,50.0,1.0,0.0001,2026-05-31 22:09:58.728739,20260531
ApeX Omni,4USDT,4,USDT,USDT,25.0,1.0,1e-05,2026-05-31 22:09:58.728739,20260531
ApeX Omni,METUSDT,MET,USDT,USDT,50.0,1.0,0.0001,2026-05-31 22:09:58.728739,20260531
ApeX Omni,ZECUSDT,ZEC,USDT,USDT,50.0,1.0,0.01,2026-05-31 22:09:58.728739,20260531
ApeX Omni,MNTUSDT,MNT,USDT,USDT,50.0,1.0,0.0001,2026-05-31 22:09:58.728739,20260531
ApeX Omni,CAKEUSDT,CAKE,USDT,USDT,50.0,1.0,0.0001,2026-05-31 22:09:58.728739,20260531
ApeX Omni,FORMUSDT,FORM,USDT,USDT,50.0,1.0,0.0001,2026-05-31 22:09:58.728739,20260531
ApeX Omni,SPXUSDT,SPX,USDT,USDT,25.0,1.0,0.0001,2026-05-31 22:09:58.728739,20260531
ApeX Omni,LITUSDT,LIT,USDT,USDT,50.0,1.0,0.001,2026-05-31 22:09:58.728739,20260531
ApeX Omni,MONUSDT,MON,USDT,USDT,50.0,1.0,1e-05,2026-05-31 22:09:58.728739,20260531
ApeX Omni,EDGEUSDT,EDGE,USDT,USDT,50.0,1.0,0.0001,2026-05-31 22:09:58.728739,20260531
ApeX Omni,CHIPUSDT,CHIP,USDT,USDT,50.0,1.0,1e-05,2026-05-31 22:09:58.728739,20260531
ApeX Omni,MEGAUSDT,MEGA,USDT,USDT,50.0,1.0,1e-05,2026-05-31 22:09:58.728739,20260531
Aster,ASTERUSDT,ASTER,USDT,USDT,,4.0,0.0001,2026-05-31 22:09:58.728739,20260531
Aster,BTCUSDT,BTC,USDT,USDT,,8.0,0.1,2026-05-31 22:09:58.728739,20260531
Aster,ETHUSDT,ETH,USDT,USDT,,8.0,0.01,2026-05-31 22:09:58.728739,20260531
Aster,BNBUSDT,BNB,USDT,USDT,,8.0,0.01,2026-05-31 22:09:58.728739,20260531
Aster,SOLUSDT,SOL,USDT,USDT,,8.0,0.01,2026-05-31 22:09:58.728739,20260531
Aster,XRPUSDT,XRP,USDT,USDT,,8.0,0.0001,2026-05-31 22:09:58.728739,20260531
Aster,DOGEUSDT,DOGE,USDT,USDT,,8.0,1e-05,2026-05-31 22:09:58.728739,20260531
Aster,HYPEUSDT,HYPE,USDT,USDT,,4.0,0.001,2026-05-31 22:09:58.728739,20260531
Aster,ADAUSDT,ADA,USDT,USDT,,8.0,0.0001,2026-05-31 22:09:58.728739,20260531
Aster,DOTUSDT,DOT,USDT,USDT,,8.0,0.001,2026-05-31 22:09:58.728739,20260531
Aster,SANDUSDT,SAND,USDT,USDT,,1.0,1e-05,2026-05-31 22:09:58.728739,20260531
Aster,1000SHIBUSDT,1000SHIB,USDT,USDT,,8.0,1e-06,2026-05-31 22:09:58.728739,20260531
Aster,AXSUSDT,AXS,USDT,USDT,,1.0,0.001,2026-05-31 22:09:58.728739,20260531
Aster,AVAXUSDT,AVAX,USDT,USDT,,8.0,0.001,2026-05-31 22:09:58.728739,20260531
Aster,LTCUSDT,LTC,USDT,USDT,,8.0,0.01,2026-05-31 22:09:58.728739,20260531
Aster,GALAUSDT,GALA,USDT,USDT,,8.0,1e-05,2026-05-31 22:09:58.728739,20260531
Aster,NEARUSDT,NEAR,USDT,USDT,,8.0,0.001,2026-05-31 22:09:58.728739,20260531
Aster,TRXUSDT,TRX,USDT,USDT,,8.0,1e-05,2026-05-31 22:09:58.728739,20260531
Aster,ATOMUSDT,ATOM,USDT,USDT,,8.0,0.001,2026-05-31 22:09:58.728739,20260531
Aster,CAKEUSDT,CAKE,USDT,USDT,,4.0,0.0001,2026-05-31 22:09:58.728739,20260531
Aster,APEUSDT,APE,USDT,USDT,,8.0,0.0001,2026-05-31 22:09:58.728739,20260531
Aster,ETCUSDT,ETC,USDT,USDT,,8.0,0.001,2026-05-31 22:09:58.728739,20260531
Aster,GMTUSDT,GMT,USDT,USDT,,1.0,1e-05,2026-05-31 22:09:58.728739,20260531
Aster,AAVEUSDT,AAVE,USDT,USDT,,8.0,0.01,2026-05-31 22:09:58.728739,20260531
Aster,ZILUSDT,ZIL,USDT,USDT,,1.0,1e-05,2026-05-31 22:09:58.728739,20260531
Aster,DYDXUSDT,DYDX,USDT,USDT,,8.0,0.001,2026-05-31 22:09:58.728739,20260531
Aster,CRVUSDT,CRV,USDT,USDT,,8.0,0.001,2026-05-31 22:09:58.728739,20260531
Aster,FILUSDT,FIL,USDT,USDT,,1.0,0.001,2026-05-31 22:09:58.728739,20260531
Aster,KNCUSDT,KNC,USDT,USDT,,1.0,0.0001,2026-05-31 22:09:58.728739,20260531
Aster,OGNUSDT,OGN,USDT,USDT,,1.0,0.0001,2026-05-31 22:09:58.728739,20260531
Aster,LINKUSDT,LINK,USDT,USDT,,8.0,0.001,2026-05-31 22:09:58.728739,20260531
Aster,BCHUSDT,BCH,USDT,USDT,,8.0,0.01,2026-05-31 22:09:58.728739,20260531
Aster,SNXUSDT,SNX,USDT,USDT,,1.0,0.001,2026-05-31 22:09:58.728739,20260531
Aster,UNIUSDT,UNI,USDT,USDT,,8.0,0.001,2026-05-31 22:09:58.728739,20260531
Aster,XMRUSDT,XMR,USDT,USDT,,1.0,0.01,2026-05-31 22:09:58.728739,20260531
Aster,JASMYUSDT,JASMY,USDT,USDT,,1.0,1e-06,2026-05-31 22:09:58.728739,20260531
Aster,ALICEUSDT,ALICE,USDT,USDT,,1.0,0.0001,2026-05-31 22:09:58.728739,20260531
Aster,CHZUSDT,CHZ,USDT,USDT,,1.0,1e-05,2026-05-31 22:09:58.728739,20260531
Aster,ALGOUSDT,ALGO,USDT,USDT,,1.0,0.0001,2026-05-31 22:09:58.728739,20260531
Aster,ENSUSDT,ENS,USDT,USDT,,1.0,0.001,2026-05-31 22:09:58.728739,20260531
Aster,OKBUSDT,OKB,USDT,USDT,,1.0,0.01,2026-05-31 22:09:58.728739,20260531
Aster,LUNA2USDT,LUNA2,USDT,USDT,,1.0,1e-05,2026-05-31 22:09:58.728739,20260531
Aster,OPUSDT,OP,USDT,USDT,,8.0,0.0001,2026-05-31 22:09:58.728739,20260531
Aster,BELUSDT,BEL,USDT,USDT,,1.0,0.0001,2026-05-31 22:09:58.728739,20260531
Aster,APTUSDT,APT,USDT,USDT,,8.0,0.0001,2026-05-31 22:09:58.728739,20260531
Aster,ARBUSDT,ARB,USDT,USDT,,8.0,0.0001,2026-05-31 22:09:58.728739,20260531
Aster,INJUSDT,INJ,USDT,USDT,,8.0,0.001,2026-05-31 22:09:58.728739,20260531
Aster,SUIUSDT,SUI,USDT,USDT,,8.0,0.0001,2026-05-31 22:09:58.728739,20260531
Aster,CFXUSDT,CFX,USDT,USDT,,1.0,1e-05,2026-05-31 22:09:58.728739,20260531
Aster,1000PEPEUSDT,1000PEPE,USDT,USDT,,8.0,1e-07,2026-05-31 22:09:58.728739,20260531
Aster,LDOUSDT,LDO,USDT,USDT,,1.0,0.0001,2026-05-31 22:09:58.728739,20260531
Aster,ARPAUSDT,ARPA,USDT,USDT,,1.0,1e-05,2026-05-31 22:09:58.728739,20260531
Aster,EDUUSDT,EDU,USDT,USDT,,1.0,1e-05,2026-05-31 22:09:58.728739,20260531
Aster,TRBUSDT,TRB,USDT,USDT,,1.0,0.001,2026-05-31 22:09:58.728739,20260531
Aster,WLDUSDT,WLD,USDT,USDT,,8.0,0.0001,2026-05-31 22:09:58.728739,20260531
Aster,CYBERUSDT,CYBER,USDT,USDT,,1.0,0.0001,2026-05-31 22:09:58.728739,20260531
Aster,XLMUSDT,XLM,USDT,USDT,,8.0,1e-05,2026-05-31 22:09:58.728739,20260531
Aster,YGGUSDT,YGG,USDT,USDT,,1.0,1e-05,2026-05-31 22:09:58.728739,20260531
Aster,FETUSDT,FET,USDT,USDT,,1.0,0.0001,2026-05-31 22:09:58.728739,20260531
Aster,PENDLEUSDT,PENDLE,USDT,USDT,,1.0,0.0001,2026-05-31 22:09:58.728739,20260531
Aster,SEIUSDT,SEI,USDT,USDT,,8.0,1e-05,2026-05-31 22:09:58.728739,20260531
Aster,STXUSDT,STX,USDT,USDT,,1.0,0.0001,2026-05-31 22:09:58.728739,20260531
Aster,1000FLOKIUSDT,1000FLOKI,USDT,USDT,,8.0,1e-05,2026-05-31 22:09:58.728739,20260531
Aster,ORDIUSDT,ORDI,USDT,USDT,,1.0,0.001,2026-05-31 22:09:58.728739,20260531
Aster,TIAUSDT,TIA,USDT,USDT,,1.0,0.0001,2026-05-31 22:09:58.728739,20260531
Aster,ONDOUSDT,ONDO,USDT,USDT,,4.0,0.0001,2026-05-31 22:09:58.728739,20260531
Aster,PYTHUSDT,PYTH,USDT,USDT,,4.0,1e-05,2026-05-31 22:09:58.728739,20260531
Aster,PIXELUSDT,PIXEL,USDT,USDT,,1.0,1e-06,2026-05-31 22:09:58.728739,20260531
Aster,ARKMUSDT,ARKM,USDT,USDT,,1.0,0.0001,2026-05-31 22:09:58.728739,20260531
Aster,STRKUSDT,STRK,USDT,USDT,,1.0,1e-05,2026-05-31 22:09:58.728739,20260531
Aster,TONUSDT,TON,USDT,USDT,,4.0,0.0001,2026-05-31 22:09:58.728739,20260531
Aster,1000BONKUSDT,1000BONK,USDT,USDT,,4.0,1e-06,2026-05-31 22:09:58.728739,20260531
Aster,LISTAUSDT,LISTA,USDT,USDT,,4.0,1e-05,2026-05-31 22:09:58.728739,20260531
Aster,MERLUSDT,MERL,USDT,USDT,,1.0,1e-05,2026-05-31 22:09:58.728739,20260531
Aster,IOUSDT,IO,USDT,USDT,,1.0,0.0001,2026-05-31 22:09:58.728739,20260531
Aster,ZKUSDT,ZK,USDT,USDT,,1.0,1e-05,2026-05-31 22:09:58.728739,20260531
Aster,EIGENUSDT,EIGEN,USDT,USDT,,1.0,0.0001,2026-05-31 22:09:58.728739,20260531
Aster,TRUMPUSDT,TRUMP,USDT,USDT,,4.0,0.001,2026-05-31 22:09:58.728739,20260531
Aster,FARTCOINUSDT,FARTCOIN,USDT,USDT,,4.0,0.0001,2026-05-31 22:09:58.728739,20260531
Aster,ENAUSDT,ENA,USDT,USDT,,4.0,1e-05,2026-05-31 22:09:58.728739,20260531
Aster,MOODENGUSDT,MOODENG,USDT,USDT,,4.0,1e-05,2026-05-31 22:09:58.728739,20260531
Aster,WIFUSDT,WIF,USDT,USDT,,1.0,0.0001,2026-05-31 22:09:58.728739,20260531
Aster,NEIROUSDT,NEIRO,USDT,USDT,,4.0,1e-08,2026-05-31 22:09:58.728739,20260531
Aster,BUSDT,B,USDT,USDT,,4.0,0.0001,2026-05-31 22:09:58.728739,20260531
Aster,USD1USDT,USD1,USDT,USDT,,8.0,0.0001,2026-05-31 22:09:58.728739,20260531
Aster,SAHARAUSDT,SAHARA,USDT,USDT,,4.0,1e-05,2026-05-31 22:09:58.728739,20260531
Aster,PUMPUSDT,PUMP,USDT,USDT,,4.0,1e-06,2026-05-31 22:09:58.728739,20260531
Aster,AAPLUSDT,AAPL,USDT,USDT,,8.0,0.01,2026-05-31 22:09:58.728739,20260531
Aster,TSLAUSDT,TSLA,USDT,USDT,,8.0,0.01,2026-05-31 22:09:58.728739,20260531
Aster,NVDAUSDT,NVDA,USDT,USDT,,8.0,0.01,2026-05-31 22:09:58.728739,20260531
Aster,AMZNUSDT,AMZN,USDT,USDT,,8.0,0.01,2026-05-31 22:09:58.728739,20260531
Aster,METAUSDT,META,USDT,USDT,,8.0,0.01,2026-05-31 22:09:58.728739,20260531
Aster,MSFTUSDT,MSFT,USDT,USDT,,8.0,0.01,2026-05-31 22:09:58.728739,20260531
Aster,PENGUUSDT,PENGU,USDT,USDT,,4.0,1e-06,2026-05-31 22:09:58.728739,20260531
Aster,SPKUSDT,SPK,USDT,USDT,,4.0,1e-05,2026-05-31 22:09:58.728739,20260531
Aster,TREEUSDT,TREE,USDT,USDT,,4.0,1e-05,2026-05-31 22:09:58.728739,20260531
Aster,ESPORTSUSDT,ESPORTS,USDT,USDT,,4.0,1e-05,2026-05-31 22:09:58.728739,20260531
Aster,ZORAUSDT,ZORA,USDT,USDT,,4.0,1e-05,2026-05-31 22:09:58.728739,20260531
Aster,TAGUSDT,TAG,USDT,USDT,,4.0,1e-07,2026-05-31 22:09:58.728739,20260531
Aster,CUSDT,C,USDT,USDT,,4.0,1e-05,2026-05-31 22:09:58.728739,20260531
Aster,INUSDT,IN,USDT,USDT,,4.0,1e-05,2026-05-31 22:09:58.728739,20260531
Aster,TOWNSUSDT,TOWNS,USDT,USDT,,4.0,1e-06,2026-05-31 22:09:58.728739,20260531
Aster,PROVEUSDT,PROVE,USDT,USDT,,4.0,0.0001,2026-05-31 22:09:58.728739,20260531
Aster,XNYUSDT,XNY,USDT,USDT,,4.0,1e-06,2026-05-31 22:09:58.728739,20260531
Aster,AIOUSDT,AIO,USDT,USDT,,4.0,1e-05,2026-05-31 22:09:58.728739,20260531
Aster,SAPIENUSDT,SAPIEN,USDT,USDT,,4.0,1e-05,2026-05-31 22:09:58.728739,20260531
Aster,WLFIUSDT,WLFI,USDT,USDT,,4.0,0.0001,2026-05-31 22:09:58.729736,20260531
Aster,XPLUSDT,XPL,USDT,USDT,,4.0,0.0001,2026-05-31 22:09:58.729736,20260531
Aster,BASUSDT,BAS,USDT,USDT,,4.0,1e-06,2026-05-31 22:09:58.729736,20260531
Aster,BTRUSDT,BTR,USDT,USDT,,4.0,1e-05,2026-05-31 22:09:58.729736,20260531
Aster,MITOUSDT,MITO,USDT,USDT,,4.0,1e-05,2026-05-31 22:09:58.729736,20260531
Aster,HEMIUSDT,HEMI,USDT,USDT,,4.0,1e-06,2026-05-31 22:09:58.729736,20260531
Aster,LINEAUSDT,LINEA,USDT,USDT,,4.0,1e-06,2026-05-31 22:09:58.729736,20260531
Aster,QUSDT,Q,USDT,USDT,,4.0,1e-06,2026-05-31 22:09:58.729736,20260531
Aster,PTBUSDT,PTB,USDT,USDT,,1.0,1e-07,2026-05-31 22:09:58.729736,20260531
Aster,ARIAUSDT,ARIA,USDT,USDT,,1.0,0.0001,2026-05-31 22:09:58.729736,20260531
Aster,TAKEUSDT,TAKE,USDT,USDT,,4.0,1e-05,2026-05-31 22:09:58.729736,20260531
Aster,AVNTUSDT,AVNT,USDT,USDT,,4.0,0.0001,2026-05-31 22:09:58.729736,20260531
Aster,OPENUSDT,OPEN,USDT,USDT,,4.0,0.0001,2026-05-31 22:09:58.729736,20260531
Aster,FLOCKUSDT,FLOCK,USDT,USDT,,4.0,1e-05,2026-05-31 22:09:58.729736,20260531
Aster,SKYUSDT,SKY,USDT,USDT,,4.0,1e-05,2026-05-31 22:09:58.729736,20260531
Aster,QQQUSDT,QQQ,USDT,USDT,,8.0,0.01,2026-05-31 22:09:58.729736,20260531
Aster,HOLOUSDT,HOLO,USDT,USDT,,4.0,1e-05,2026-05-31 22:09:58.729736,20260531
Aster,UBUSDT,UB,USDT,USDT,,4.0,1e-05,2026-05-31 22:09:58.729736,20260531
Aster,XPINUSDT,XPIN,USDT,USDT,,4.0,1e-06,2026-05-31 22:09:58.729736,20260531
Aster,ZKCUSDT,ZKC,USDT,USDT,,4.0,1e-05,2026-05-31 22:09:58.729736,20260531
Aster,AIAUSDT,AIA,USDT,USDT,,1.0,1e-05,2026-05-31 22:09:58.729736,20260531
Aster,TOSHIUSDT,TOSHI,USDT,USDT,,4.0,1e-07,2026-05-31 22:09:58.729736,20260531
Aster,STBLUSDT,STBL,USDT,USDT,,4.0,1e-05,2026-05-31 22:09:58.729736,20260531
Aster,0GUSDT,0G,USDT,USDT,,1.0,0.0001,2026-05-31 22:09:58.729736,20260531
Aster,BARDUSDT,BARD,USDT,USDT,,1.0,0.0001,2026-05-31 22:09:58.729736,20260531
Aster,TRADOORUSDT,TRADOOR,USDT,USDT,,4.0,0.001,2026-05-31 22:09:58.729736,20260531
Aster,BLESSUSDT,BLESS,USDT,USDT,,4.0,1e-06,2026-05-31 22:09:58.729736,20260531
Aster,SQDUSDT,SQD,USDT,USDT,,1.0,1e-05,2026-05-31 22:09:58.729736,20260531
Aster,FFUSDT,FF,USDT,USDT,,1.0,1e-05,2026-05-31 22:09:58.729736,20260531
Aster,EDENUSDT,EDEN,USDT,USDT,,1.0,1e-05,2026-05-31 22:09:58.729736,20260531
Aster,ZECUSDT,ZEC,USDT,USDT,,1.0,0.01,2026-05-31 22:09:58.729736,20260531
Aster,2ZUSDT,2Z,USDT,USDT,,1.0,1e-05,2026-05-31 22:09:58.729736,20260531
Aster,EVAAUSDT,EVAA,USDT,USDT,,1.0,0.0001,2026-05-31 22:09:58.729736,20260531
Aster,LYNUSDT,LYN,USDT,USDT,,1.0,1e-05,2026-05-31 22:09:58.729736,20260531
Aster,COAIUSDT,COAI,USDT,USDT,,1.0,0.0001,2026-05-31 22:09:58.729736,20260531
Aster,KGENUSDT,KGEN,USDT,USDT,,1.0,1e-05,2026-05-31 22:09:58.729736,20260531
Aster,4USDT,4,USDT,USDT,,1.0,1e-06,2026-05-31 22:09:58.729736,20260531
Aster,GIGGLEUSDT,GIGGLE,USDT,USDT,,1.0,0.01,2026-05-31 22:09:58.729736,20260531
Aster,BANKUSDT,BANK,USDT,USDT,,1.0,1e-05,2026-05-31 22:09:58.729736,20260531
Aster,FORMUSDT,FORM,USDT,USDT,,1.0,0.0001,2026-05-31 22:09:58.729736,20260531
Aster,MONUSDT,MON,USDT,USDT,,1.0,1e-05,2026-05-31 22:09:58.729736,20260531
Aster,YBUSDT,YB,USDT,USDT,,1.0,0.0001,2026-05-31 22:09:58.729736,20260531
Aster,METUSDT,MET,USDT,USDT,,1.0,0.0001,2026-05-31 22:09:58.729736,20260531
Aster,1000CHEEMSUSDT,1000CHEEMS,USDT,USDT,,1.0,1e-07,2026-05-31 22:09:58.729736,20260531
Aster,EULUSDT,EUL,USDT,USDT,,1.0,0.0001,2026-05-31 22:09:58.729736,20260531
Aster,ENSOUSDT,ENSO,USDT,USDT,,1.0,0.0001,2026-05-31 22:09:58.729736,20260531
Aster,CLOUSDT,CLO,USDT,USDT,,1.0,1e-05,2026-05-31 22:09:58.729736,20260531
Aster,RECALLUSDT,RECALL,USDT,USDT,,1.0,1e-05,2026-05-31 22:09:58.729736,20260531
Aster,ZBTUSDT,ZBT,USDT,USDT,,1.0,1e-05,2026-05-31 22:09:58.729736,20260531
Aster,LABUSDT,LAB,USDT,USDT,,1.0,1e-05,2026-05-31 22:09:58.729736,20260531
Aster,RIVERUSDT,RIVER,USDT,USDT,,1.0,0.001,2026-05-31 22:09:58.729736,20260531
Aster,BLUAIUSDT,BLUAI,USDT,USDT,,1.0,1e-06,2026-05-31 22:09:58.729736,20260531
Aster,TURTLEUSDT,TURTLE,USDT,USDT,,1.0,1e-05,2026-05-31 22:09:58.729736,20260531
Aster,APRUSDT,APR,USDT,USDT,,1.0,1e-05,2026-05-31 22:09:58.729736,20260531
Aster,ONUSDT,ON,USDT,USDT,,1.0,1e-05,2026-05-31 22:09:58.729736,20260531
Aster,ATUSDT,AT,USDT,USDT,,1.0,1e-05,2026-05-31 22:09:58.729736,20260531
Aster,KITEUSDT,KITE,USDT,USDT,,1.0,1e-05,2026-05-31 22:09:58.729736,20260531
Aster,CCUSDT,CC,USDT,USDT,,1.0,1e-05,2026-05-31 22:09:58.729736,20260531
Aster,ZENUSDT,ZEN,USDT,USDT,,1.0,0.001,2026-05-31 22:09:58.729736,20260531
Aster,DASHUSDT,DASH,USDT,USDT,,1.0,0.01,2026-05-31 22:09:58.729736,20260531
Aster,JELLYJELLYUSDT,JELLYJELLY,USDT,USDT,,1.0,1e-05,2026-05-31 22:09:58.729736,20260531
Aster,B2USDT,B2,USDT,USDT,,1.0,0.0001,2026-05-31 22:09:58.729736,20260531
Aster,MMTUSDT,MMT,USDT,USDT,,1.0,0.0001,2026-05-31 22:09:58.729736,20260531
Aster,TRUSTUSDT,TRUST,USDT,USDT,,1.0,1e-05,2026-05-31 22:09:58.729736,20260531
Aster,UAIUSDT,UAI,USDT,USDT,,1.0,0.0001,2026-05-31 22:09:58.729736,20260531
Aster,FOLKSUSDT,FOLKS,USDT,USDT,,1.0,0.001,2026-05-31 22:09:58.729736,20260531
Aster,STABLEUSDT,STABLE,USDT,USDT,,1.0,1e-05,2026-05-31 22:09:58.729736,20260531
Aster,ICPUSDT,ICP,USDT,USDT,,1.0,0.001,2026-05-31 22:09:58.729736,20260531
Aster,ARUSDT,AR,USDT,USDT,,1.0,0.001,2026-05-31 22:09:58.729736,20260531
Aster,XAUUSDT,XAU,USDT,USDT,,4.0,0.01,2026-05-31 22:09:58.729736,20260531
Aster,FLUXUSDT,FLUX,USDT,USDT,,1.0,1e-05,2026-05-31 22:09:58.729736,20260531
Aster,TRUTHUSDT,TRUTH,USDT,USDT,,1.0,1e-06,2026-05-31 22:09:58.729736,20260531
Aster,JCTUSDT,JCT,USDT,USDT,,1.0,1e-06,2026-05-31 22:09:58.729736,20260531
Aster,ALLOUSDT,ALLO,USDT,USDT,,1.0,1e-05,2026-05-31 22:09:58.729736,20260531
Aster,CLANKERUSDT,CLANKER,USDT,USDT,,1.0,0.01,2026-05-31 22:09:58.729736,20260531
Aster,BEATUSDT,BEAT,USDT,USDT,,1.0,0.0001,2026-05-31 22:09:58.729736,20260531
Aster,DEXEUSDT,DEXE,USDT,USDT,,1.0,0.001,2026-05-31 22:09:58.729736,20260531
Aster,PIEVERSEUSDT,PIEVERSE,USDT,USDT,,1.0,0.0001,2026-05-31 22:09:58.729736,20260531
Aster,SENTUSDT,SENT,USDT,USDT,,1.0,1e-05,2026-05-31 22:09:58.729736,20260531
Aster,TNSRUSDT,TNSR,USDT,USDT,,1.0,1e-05,2026-05-31 22:09:58.729736,20260531
Aster,GRASSUSDT,GRASS,USDT,USDT,,1.0,0.0001,2026-05-31 22:09:58.729736,20260531
Aster,DYMUSDT,DYM,USDT,USDT,,1.0,1e-05,2026-05-31 22:09:58.729736,20260531
Aster,BANANAS31USDT,BANANAS31,USDT,USDT,,1.0,1e-06,2026-05-31 22:09:58.729736,20260531
Aster,PARTIUSDT,PARTI,USDT,USDT,,1.0,1e-05,2026-05-31 22:09:58.729736,20260531
Aster,IRYSUSDT,IRYS,USDT,USDT,,1.0,1e-05,2026-05-31 22:09:58.729736,20260531
Aster,BIOUSDT,BIO,USDT,USDT,,1.0,1e-05,2026-05-31 22:09:58.729736,20260531
Aster,AVLUSDT,AVL,USDT,USDT,,1.0,1e-05,2026-05-31 22:09:58.729736,20260531
Aster,PIPPINUSDT,PIPPIN,USDT,USDT,,1.0,1e-05,2026-05-31 22:09:58.729736,20260531
Aster,GUAUSDT,GUA,USDT,USDT,,1.0,0.0001,2026-05-31 22:09:58.729736,20260531
Aster,SKYAIUSDT,SKYAI,USDT,USDT,,1.0,1e-05,2026-05-31 22:09:58.729736,20260531
Aster,POWERUSDT,POWER,USDT,USDT,,1.0,1e-05,2026-05-31 22:09:58.729736,20260531
Aster,1000LUNCUSDT,1000LUNC,USDT,USDT,,1.0,1e-05,2026-05-31 22:09:58.729736,20260531
Aster,WETUSDT,WET,USDT,USDT,,1.0,1e-05,2026-05-31 22:09:58.729736,20260531
Aster,NIGHTUSDT,NIGHT,USDT,USDT,,1.0,1e-05,2026-05-31 22:09:58.729736,20260531
Aster,USUSDT,US,USDT,USDT,,1.0,1e-06,2026-05-31 22:09:58.729736,20260531
Aster,CYSUSDT,CYS,USDT,USDT,,1.0,0.0001,2026-05-31 22:09:58.729736,20260531
Aster,RAVEUSDT,RAVE,USDT,USDT,,1.0,1e-05,2026-05-31 22:09:58.729736,20260531
Aster,LIGHTUSDT,LIGHT,USDT,USDT,,1.0,0.0001,2026-05-31 22:09:58.729736,20260531
Aster,ZKPUSDT,ZKP,USDT,USDT,,1.0,1e-05,2026-05-31 22:09:58.729736,20260531
Aster,IRUSDT,IR,USDT,USDT,,1.0,1e-05,2026-05-31 22:09:58.729736,20260531
Aster,HUSDT,H,USDT,USDT,,1.0,1e-05,2026-05-31 22:09:58.729736,20260531
Aster,ANIMEUSDT,ANIME,USDT,USDT,,1.0,1e-06,2026-05-31 22:09:58.729736,20260531
Aster,LITUSDT,LIT,USDT,USDT,,1.0,0.0001,2026-05-31 22:09:58.729736,20260531
Aster,XAGUSDT,XAG,USDT,USDT,,4.0,0.01,2026-05-31 22:09:58.729736,20260531
Aster,COLLECTUSDT,COLLECT,USDT,USDT,,1.0,1e-05,2026-05-31 22:09:58.729736,20260531
Aster,MAGMAUSDT,MAGMA,USDT,USDT,,1.0,1e-05,2026-05-31 22:09:58.729736,20260531
Aster,MYXUSDT,MYX,USDT,USDT,,1.0,0.0001,2026-05-31 22:09:58.729736,20260531
Aster,BREVUSDT,BREV,USDT,USDT,,1.0,0.0001,2026-05-31 22:09:58.729736,20260531
Aster,VIRTUALUSDT,VIRTUAL,USDT,USDT,,1.0,0.0001,2026-05-31 22:09:58.729736,20260531
Aster,RENDERUSDT,RENDER,USDT,USDT,,1.0,0.001,2026-05-31 22:09:58.729736,20260531
Aster,BROCCOLI714USDT,BROCCOLI714,USDT,USDT,,1.0,1e-05,2026-05-31 22:09:58.729736,20260531
Aster,SOONUSDT,SOON,USDT,USDT,,1.0,0.0001,2026-05-31 22:09:58.729736,20260531
Aster,VVVUSDT,VVV,USDT,USDT,,1.0,0.001,2026-05-31 22:09:58.729736,20260531
Aster,GUNUSDT,GUN,USDT,USDT,,1.0,1e-05,2026-05-31 22:09:58.729736,20260531
Aster,币安人生USDT,币安人生,USDT,USDT,,1.0,1e-05,2026-05-31 22:09:58.729736,20260531
Aster,ZAMAUSDT,ZAMA,USDT,USDT,,1.0,1e-05,2026-05-31 22:09:58.729736,20260531
Aster,TAOUSDT,TAO,USDT,USDT,,1.0,0.01,2026-05-31 22:09:58.729736,20260531
Aster,HBARUSDT,HBAR,USDT,USDT,,1.0,1e-05,2026-05-31 22:09:58.729736,20260531
Aster,PNUTUSDT,PNUT,USDT,USDT,,1.0,1e-05,2026-05-31 22:09:58.729736,20260531
Aster,IPUSDT,IP,USDT,USDT,,1.0,0.0001,2026-05-31 22:09:58.729736,20260531
Aster,BOMEUSDT,BOME,USDT,USDT,,1.0,1e-07,2026-05-31 22:09:58.729736,20260531
Aster,POLUSDT,POL,USDT,USDT,,1.0,1e-05,2026-05-31 22:09:58.729736,20260531
Aster,SPXUSDT,SPX,USDT,USDT,,1.0,0.0001,2026-05-31 22:09:58.729736,20260531
Aster,ETHFIUSDT,ETHFI,USDT,USDT,,1.0,0.0001,2026-05-31 22:09:58.729736,20260531
Aster,TURBOUSDT,TURBO,USDT,USDT,,1.0,1e-07,2026-05-31 22:09:58.729736,20260531
Aster,POLYXUSDT,POLYX,USDT,USDT,,1.0,1e-05,2026-05-31 22:09:58.729736,20260531
Aster,JUPUSDT,JUP,USDT,USDT,,1.0,0.0001,2026-05-31 22:09:58.729736,20260531
Aster,我踏马来了USDT,我踏马来了,USDT,USDT,,1.0,1e-06,2026-05-31 22:09:58.729736,20260531
Aster,FOGOUSDT,FOGO,USDT,USDT,,1.0,1e-05,2026-05-31 22:09:58.729736,20260531
Aster,BERAUSDT,BERA,USDT,USDT,,1.0,0.0001,2026-05-31 22:09:58.729736,20260531
Aster,FHEUSDT,FHE,USDT,USDT,,1.0,1e-05,2026-05-31 22:09:58.729736,20260531
Aster,DOLOUSDT,DOLO,USDT,USDT,,1.0,1e-05,2026-05-31 22:09:58.729736,20260531
Aster,FRAXUSDT,FRAX,USDT,USDT,,1.0,0.0001,2026-05-31 22:09:58.729736,20260531
Aster,FUNUSDT,FUN,USDT,USDT,,1.0,1e-05,2026-05-31 22:09:58.729736,20260531
Aster,DUSKUSDT,DUSK,USDT,USDT,,1.0,1e-05,2026-05-31 22:09:58.729736,20260531
Aster,MEUSDT,ME,USDT,USDT,,1.0,0.0001,2026-05-31 22:09:58.729736,20260531
Aster,ELSAUSDT,ELSA,USDT,USDT,,1.0,1e-05,2026-05-31 22:09:58.729736,20260531
Aster,ROSEUSDT,ROSE,USDT,USDT,,1.0,1e-05,2026-05-31 22:09:58.729736,20260531
Aster,HANAUSDT,HANA,USDT,USDT,,1.0,1e-05,2026-05-31 22:09:58.729736,20260531
Aster,VELOUSDT,VELO,USDT,USDT,,1.0,1e-06,2026-05-31 22:09:58.729736,20260531
Aster,GWEIUSDT,GWEI,USDT,USDT,,1.0,1e-05,2026-05-31 22:09:58.729736,20260531
Aster,ACUUSDT,ACU,USDT,USDT,,1.0,1e-05,2026-05-31 22:09:58.729736,20260531
Aster,SKRUSDT,SKR,USDT,USDT,,1.0,1e-06,2026-05-31 22:09:58.729736,20260531
Aster,FIGHTUSDT,FIGHT,USDT,USDT,,1.0,1e-06,2026-05-31 22:09:58.729736,20260531
Aster,STGUSDT,STG,USDT,USDT,,1.0,0.0001,2026-05-31 22:09:58.729736,20260531
Aster,ZROUSDT,ZRO,USDT,USDT,,1.0,0.0001,2026-05-31 22:09:58.729736,20260531
Aster,SPACEUSDT,SPACE,USDT,USDT,,1.0,1e-06,2026-05-31 22:09:58.729736,20260531
Aster,PENGUINUSDT,PENGUIN,USDT,USDT,,1.0,1e-06,2026-05-31 22:09:58.729736,20260531
Aster,SOMIUSDT,SOMI,USDT,USDT,,1.0,0.0001,2026-05-31 22:09:58.729736,20260531
Aster,SHELLUSDT,SHELL,USDT,USDT,,1.0,1e-05,2026-05-31 22:09:58.729736,20260531
Aster,NOMUSDT,NOM,USDT,USDT,,1.0,1e-06,2026-05-31 22:09:58.729736,20260531
Aster,RESOLVUSDT,RESOLV,USDT,USDT,,1.0,1e-05,2026-05-31 22:09:58.729736,20260531
Aster,AXLUSDT,AXL,USDT,USDT,,1.0,1e-05,2026-05-31 22:09:58.729736,20260531
Aster,BIRBUSDT,BIRB,USDT,USDT,,1.0,1e-05,2026-05-31 22:09:58.729736,20260531
Aster,XCUUSDT,XCU,USDT,USDT,,4.0,0.0001,2026-05-31 22:09:58.729736,20260531
Aster,XPTUSDT,XPT,USDT,USDT,,4.0,0.01,2026-05-31 22:09:58.729736,20260531
Aster,XPDUSDT,XPD,USDT,USDT,,4.0,0.01,2026-05-31 22:09:58.729736,20260531
Aster,BMTUSDT,BMT,USDT,USDT,,1.0,1e-05,2026-05-31 22:09:58.729736,20260531
Aster,MEGAUSDT,MEGA,USDT,USDT,,1.0,1e-05,2026-05-31 22:09:58.729736,20260531
Aster,BULLAUSDT,BULLA,USDT,USDT,,1.0,1e-06,2026-05-31 22:09:58.729736,20260531
Aster,MUUSDT,MU,USDT,USDT,,8.0,0.01,2026-05-31 22:09:58.729736,20260531
Aster,SNDKUSDT,SNDK,USDT,USDT,,8.0,0.01,2026-05-31 22:09:58.729736,20260531
Aster,INXUSDT,INX,USDT,USDT,,1.0,1e-06,2026-05-31 22:09:58.729736,20260531
Aster,AUCTIONUSDT,AUCTION,USDT,USDT,,1.0,0.001,2026-05-31 22:09:58.729736,20260531
Aster,KASUSDT,KAS,USDT,USDT,,1.0,1e-05,2026-05-31 22:09:58.729736,20260531
Aster,INTCUSDT,INTC,USDT,USDT,,8.0,0.01,2026-05-31 22:09:58.729736,20260531
Aster,HOODUSDT,HOOD,USDT,USDT,,8.0,0.01,2026-05-31 22:09:58.729736,20260531
Aster,ARCUSDT,ARC,USDT,USDT,,1.0,1e-05,2026-05-31 22:09:58.729736,20260531
Aster,LAUSDT,LA,USDT,USDT,,1.0,0.0001,2026-05-31 22:09:58.729736,20260531
Aster,SIRENUSDT,SIREN,USDT,USDT,,1.0,0.0001,2026-05-31 22:09:58.729736,20260531
Aster,TRIAUSDT,TRIA,USDT,USDT,,1.0,1e-05,2026-05-31 22:09:58.729736,20260531
Aster,GPSUSDT,GPS,USDT,USDT,,1.0,1e-06,2026-05-31 22:09:58.729736,20260531
Aster,VANAUSDT,VANA,USDT,USDT,,1.0,0.001,2026-05-31 22:09:58.729736,20260531
Aster,ALCHUSDT,ALCH,USDT,USDT,,1.0,1e-05,2026-05-31 22:09:58.729736,20260531
Aster,ESPUSDT,ESP,USDT,USDT,,1.0,1e-05,2026-05-31 22:09:58.729736,20260531
Aster,AZTECUSDT,AZTEC,USDT,USDT,,1.0,1e-05,2026-05-31 22:09:58.729736,20260531
Aster,MOVEUSDT,MOVE,USDT,USDT,,1.0,1e-05,2026-05-31 22:09:58.729736,20260531
Aster,SUSDT,S,USDT,USDT,,1.0,1e-05,2026-05-31 22:09:58.729736,20260531
Aster,COWUSDT,COW,USDT,USDT,,1.0,0.0001,2026-05-31 22:09:58.729736,20260531
Aster,USELESSUSDT,USELESS,USDT,USDT,,1.0,1e-05,2026-05-31 22:09:58.729736,20260531
Aster,INITUSDT,INIT,USDT,USDT,,1.0,1e-05,2026-05-31 22:09:58.729736,20260531
Aster,JTOUSDT,JTO,USDT,USDT,,1.0,0.0001,2026-05-31 22:09:58.729736,20260531
Aster,ORCAUSDT,ORCA,USDT,USDT,,1.0,0.001,2026-05-31 22:09:58.729736,20260531
Aster,RPLUSDT,RPL,USDT,USDT,,1.0,0.001,2026-05-31 22:09:58.729736,20260531
Aster,NAORISUSDT,NAORIS,USDT,USDT,,1.0,1e-05,2026-05-31 22:09:58.729736,20260531
Aster,UMAUSDT,UMA,USDT,USDT,,1.0,0.0001,2026-05-31 22:09:58.729736,20260531
Aster,OPNUSDT,OPN,USDT,USDT,,1.0,0.0001,2026-05-31 22:09:58.729736,20260531
Aster,AWEUSDT,AWE,USDT,USDT,,1.0,1e-05,2026-05-31 22:09:58.729736,20260531
Aster,PROMPTUSDT,PROMPT,USDT,USDT,,1.0,1e-05,2026-05-31 22:09:58.729736,20260531
Aster,GRIFFAINUSDT,GRIFFAIN,USDT,USDT,,1.0,1e-06,2026-05-31 22:09:58.729736,20260531
Aster,CRCLUSDT,CRCL,USDT,USDT,,8.0,0.01,2026-05-31 22:09:58.729736,20260531
Aster,ROBOUSDT,ROBO,USDT,USDT,,1.0,1e-05,2026-05-31 22:09:58.729736,20260531
Aster,CLUSDT,CL,USDT,USDT,,4.0,0.01,2026-05-31 22:09:58.729736,20260531
Aster,PAXGUSDT,PAXG,USDT,USDT,,4.0,0.01,2026-05-31 22:09:58.729736,20260531
Aster,KATUSDT,KAT,USDT,USDT,,1.0,1e-05,2026-05-31 22:09:58.729736,20260531
Aster,NATGASUSDT,NATGAS,USDT,USDT,,4.0,0.001,2026-05-31 22:09:58.729736,20260531
Aster,EWYUSDT,EWY,USDT,USDT,,8.0,0.01,2026-05-31 22:09:58.729736,20260531
Aster,PHAUSDT,PHA,USDT,USDT,,1.0,1e-05,2026-05-31 22:09:58.729736,20260531
Aster,MANTRAUSDT,MANTRA,USDT,USDT,,1.0,1e-05,2026-05-31 22:09:58.729736,20260531
Aster,SIGNUSDT,SIGN,USDT,USDT,,1.0,1e-05,2026-05-31 22:09:58.729736,20260531
Aster,FLOWUSDT,FLOW,USDT,USDT,,1.0,1e-05,2026-05-31 22:09:58.729736,20260531
Aster,龙虾USDT,龙虾,USDT,USDT,,1.0,1e-06,2026-05-31 22:09:58.729736,20260531
Aster,XAIUSDT,XAI,USDT,USDT,,1.0,1e-05,2026-05-31 22:09:58.729736,20260531
Aster,PLAYUSDT,PLAY,USDT,USDT,,1.0,1e-05,2026-05-31 22:09:58.729736,20260531
Aster,ACXUSDT,ACX,USDT,USDT,,1.0,1e-05,2026-05-31 22:09:58.729736,20260531
Aster,ZEREBROUSDT,ZEREBRO,USDT,USDT,,1.0,1e-06,2026-05-31 22:09:58.729736,20260531
Aster,SOLVUSDT,SOLV,USDT,USDT,,1.0,1e-06,2026-05-31 22:09:58.729736,20260531
Aster,MELANIAUSDT,MELANIA,USDT,USDT,,1.0,0.0001,2026-05-31 22:09:58.729736,20260531
Aster,DOODUSDT,DOOD,USDT,USDT,,1.0,1e-06,2026-05-31 22:09:58.729736,20260531
Aster,COSUSDT,COS,USDT,USDT,,1.0,1e-06,2026-05-31 22:09:58.729736,20260531
Aster,XANUSDT,XAN,USDT,USDT,,1.0,1e-06,2026-05-31 22:09:58.729736,20260531
Aster,STOUSDT,STO,USDT,USDT,,1.0,1e-05,2026-05-31 22:09:58.729736,20260531
Aster,CFGUSDT,CFG,USDT,USDT,,1.0,0.0001,2026-05-31 22:09:58.729736,20260531
Aster,GUSDT,G,USDT,USDT,,1.0,1e-06,2026-05-31 22:09:58.729736,20260531
Aster,HYPERUSDT,HYPER,USDT,USDT,,1.0,1e-05,2026-05-31 22:09:58.729736,20260531
Aster,BTCUSD1,BTC,USD1,USD1,,8.0,0.1,2026-05-31 22:09:58.729736,20260531
Aster,ETHUSD1,ETH,USD1,USD1,,8.0,0.1,2026-05-31 22:09:58.729736,20260531
Aster,SOLUSD1,SOL,USD1,USD1,,8.0,0.01,2026-05-31 22:09:58.729736,20260531
Aster,MSTRUSDT,MSTR,USDT,USDT,,8.0,0.01,2026-05-31 22:09:58.729736,20260531
Aster,ENJUSDT,ENJ,USDT,USDT,,1.0,1e-05,2026-05-31 22:09:58.729736,20260531
Aster,PUMPBTCUSDT,PUMPBTC,USDT,USDT,,1.0,1e-05,2026-05-31 22:09:58.729736,20260531
Aster,EDGEUSDT,EDGE,USDT,USDT,,1.0,0.0001,2026-05-31 22:09:58.729736,20260531
Aster,BRUSDT,BR,USDT,USDT,,1.0,1e-05,2026-05-31 22:09:58.729736,20260531
Aster,ONTUSDT,ONT,USDT,USDT,,1.0,0.0001,2026-05-31 22:09:58.729736,20260531
Aster,GOOGLUSDT,GOOGL,USDT,USDT,,8.0,0.01,2026-05-31 22:09:58.729736,20260531
Aster,BSBUSDT,BSB,USDT,USDT,,1.0,1e-05,2026-05-31 22:09:58.729736,20260531
Aster,PRLUSDT,PRL,USDT,USDT,,1.0,0.0001,2026-05-31 22:09:58.729736,20260531
Aster,MUSDT,M,USDT,USDT,,1.0,0.0001,2026-05-31 22:09:58.729736,20260531
Aster,BASEDUSDT,BASED,USDT,USDT,,1.0,1e-05,2026-05-31 22:09:58.729736,20260531
Aster,DUSDT,D,USDT,USDT,,1.0,1e-06,2026-05-31 22:09:58.730733,20260531
Aster,AIOTUSDT,AIOT,USDT,USDT,,1.0,1e-05,2026-05-31 22:09:58.730733,20260531
Aster,REDUSDT,RED,USDT,USDT,,1.0,0.0001,2026-05-31 22:09:58.730733,20260531
Aster,SWARMSUSDT,SWARMS,USDT,USDT,,1.0,1e-06,2026-05-31 22:09:58.730733,20260531
Aster,BAYUSDT,BAY,USDT,USDT,,1.0,1e-06,2026-05-31 22:09:58.730733,20260531
Aster,TSMUSDT,TSM,USDT,USDT,,8.0,0.01,2026-05-31 22:09:58.730733,20260531
Aster,SPYUSDT,SPY,USDT,USDT,,8.0,0.01,2026-05-31 22:09:58.730733,20260531
Aster,BTCDOMUSDT,BTCDOM,USDT,USDT,,1.0,0.1,2026-05-31 22:09:58.730733,20260531
Aster,PDDUSDT,PDD,USDT,USDT,,8.0,0.01,2026-05-31 22:09:58.730733,20260531
Aster,BABAUSDT,BABA,USDT,USDT,,8.0,0.01,2026-05-31 22:09:58.730733,20260531
Aster,AKEUSDT,AKE,USDT,USDT,,1.0,1e-07,2026-05-31 22:09:58.730733,20260531
Aster,GENIUSUSDT,GENIUS,USDT,USDT,,4.0,0.0001,2026-05-31 22:09:58.730733,20260531
Aster,KOMAUSDT,KOMA,USDT,USDT,,1.0,1e-06,2026-05-31 22:09:58.730733,20260531
Aster,AVAAIUSDT,AVAAI,USDT,USDT,,1.0,1e-06,2026-05-31 22:09:58.730733,20260531
Aster,CHIPUSDT,CHIP,USDT,USDT,,1.0,1e-05,2026-05-31 22:09:58.730733,20260531
Aster,BIRDUSDT,BIRD,USDT,USDT,,8.0,0.001,2026-05-31 22:09:58.730733,20260531
Aster,TSTUSDT,TST,USDT,USDT,,1.0,1e-06,2026-05-31 22:09:58.730733,20260531
Aster,1000SATSUSDT,1000SATS,USDT,USDT,,1.0,1e-07,2026-05-31 22:09:58.730733,20260531
Aster,MOVRUSDT,MOVR,USDT,USDT,,1.0,0.001,2026-05-31 22:09:58.730733,20260531
Aster,METISUSDT,METIS,USDT,USDT,,1.0,0.001,2026-05-31 22:09:58.730733,20260531
Aster,AEROUSDT,AERO,USDT,USDT,,1.0,0.0001,2026-05-31 22:09:58.730733,20260531
Aster,CHILLGUYUSDT,CHILLGUY,USDT,USDT,,1.0,1e-06,2026-05-31 22:09:58.730733,20260531
Aster,HIGHUSDT,HIGH,USDT,USDT,,1.0,0.0001,2026-05-31 22:09:58.730733,20260531
Aster,ASTEROIDUSDT,ASTEROID,USDT,USDT,,1.0,1e-08,2026-05-31 22:09:58.730733,20260531
Aster,PORTALUSDT,PORTAL,USDT,USDT,,1.0,1e-05,2026-05-31 22:09:58.730733,20260531
Aster,RONINUSDT,RONIN,USDT,USDT,,1.0,0.0001,2026-05-31 22:09:58.730733,20260531
Aster,PROMUSDT,PROM,USDT,USDT,,1.0,0.001,2026-05-31 22:09:58.730733,20260531
Aster,BLURUSDT,BLUR,USDT,USDT,,1.0,1e-05,2026-05-31 22:09:58.730733,20260531
Aster,OPGUSDT,OPG,USDT,USDT,,1.0,0.0001,2026-05-31 22:09:58.730733,20260531
Aster,CARUSDT,CAR,USDT,USDT,,8.0,0.01,2026-05-31 22:09:58.730733,20260531
Aster,1000WOJAKUSDT,1000WOJAK,USDT,USDT,,1.0,1e-08,2026-05-31 22:09:58.730733,20260531
Aster,TACUSDT,TAC,USDT,USDT,,1.0,1e-06,2026-05-31 22:09:58.730733,20260531
Aster,VELVETUSDT,VELVET,USDT,USDT,,1.0,1e-05,2026-05-31 22:09:58.730733,20260531
Aster,BBUSDT,BB,USDT,USDT,,1.0,1e-05,2026-05-31 22:09:58.730733,20260531
Aster,HUMAUSDT,HUMA,USDT,USDT,,1.0,1e-06,2026-05-31 22:09:58.730733,20260531
Aster,AEVOUSDT,AEVO,USDT,USDT,,1.0,1e-05,2026-05-31 22:09:58.730733,20260531
Aster,BANUSDT,BAN,USDT,USDT,,1.0,1e-05,2026-05-31 22:09:58.730733,20260531
Aster,XCNUSDT,XCN,USDT,USDT,,1.0,1e-06,2026-05-31 22:09:58.730733,20260531
Aster,LUMIAUSDT,LUMIA,USDT,USDT,,1.0,1e-05,2026-05-31 22:09:58.730733,20260531
Aster,SYRUPUSDT,SYRUP,USDT,USDT,,1.0,1e-05,2026-05-31 22:09:58.730733,20260531
Aster,TAUSDT,TA,USDT,USDT,,1.0,1e-05,2026-05-31 22:09:58.730733,20260531
Aster,PROSUSDT,PROS,USDT,USDT,,1.0,0.0001,2026-05-31 22:09:58.730733,20260531
Aster,BLENDUSDT,BLEND,USDT,USDT,,1.0,0.0001,2026-05-31 22:09:58.730733,20260531
Aster,PUNDIAIUSDT,PUNDIAI,USDT,USDT,,1.0,0.0001,2026-05-31 22:09:58.730733,20260531
Aster,AIGENSYNUSDT,AIGENSYN,USDT,USDT,,1.0,1e-05,2026-05-31 22:09:58.730733,20260531
Aster,MORPHOUSDT,MORPHO,USDT,USDT,,1.0,0.0001,2026-05-31 22:09:58.730733,20260531
Aster,KAITOUSDT,KAITO,USDT,USDT,,1.0,0.0001,2026-05-31 22:09:58.730733,20260531
Aster,API3USDT,API3,USDT,USDT,,1.0,0.0001,2026-05-31 22:09:58.730733,20260531
Aster,BABYUSDT,BABY,USDT,USDT,,1.0,1e-05,2026-05-31 22:09:58.730733,20260531
Aster,THETAUSDT,THETA,USDT,USDT,,1.0,0.0001,2026-05-31 22:09:58.730733,20260531
Aster,CARDSUSDT,CARDS,USDT,USDT,,1.0,0.0001,2026-05-31 22:09:58.730733,20260531
Aster,DOGSUSDT,DOGS,USDT,USDT,,1.0,1e-08,2026-05-31 22:09:58.730733,20260531
Aster,DRAMUSDT,DRAM,USDT,USDT,,8.0,0.01,2026-05-31 22:09:58.730733,20260531
Aster,STEEMUSDT,STEEM,USDT,USDT,,1.0,1e-05,2026-05-31 22:09:58.730733,20260531
Aster,POPMARTUSDT,POPMART,USDT,USDT,,8.0,0.01,2026-05-31 22:09:58.730733,20260531
Aster,XIAOMIUSDT,XIAOMI,USDT,USDT,,8.0,0.001,2026-05-31 22:09:58.730733,20260531
Aster,MINIMAXUSDT,MINIMAX,USDT,USDT,,8.0,0.01,2026-05-31 22:09:58.730733,20260531
Aster,TENCENTUSDT,TENCENT,USDT,USDT,,8.0,0.01,2026-05-31 22:09:58.730733,20260531
Aster,NOTUSDT,NOT,USDT,USDT,,1.0,1e-07,2026-05-31 22:09:58.730733,20260531
Aster,BILLUSDT,BILL,USDT,USDT,,1.0,1e-05,2026-05-31 22:09:58.730733,20260531
Aster,AGTUSDT,AGT,USDT,USDT,,1.0,1e-06,2026-05-31 22:09:58.730733,20260531
Aster,SOXLUSDT,SOXL,USDT,USDT,,8.0,0.01,2026-05-31 22:09:58.730733,20260531
Aster,B3USDT,B3,USDT,USDT,,1.0,1e-07,2026-05-31 22:09:58.730733,20260531
Aster,BTWUSDT,BTW,USDT,USDT,,1.0,1e-06,2026-05-31 22:09:58.730733,20260531
Aster,TROLLUSDT,TROLL,USDT,USDT,,1.0,1e-05,2026-05-31 22:09:58.730733,20260531
Aster,PLUMEUSDT,PLUME,USDT,USDT,,1.0,1e-05,2026-05-31 22:09:58.730733,20260531
Aster,STORJUSDT,STORJ,USDT,USDT,,1.0,0.0001,2026-05-31 22:09:58.730733,20260531
Aster,LAYERUSDT,LAYER,USDT,USDT,,1.0,1e-05,2026-05-31 22:09:58.730733,20260531
Aster,SAGAUSDT,SAGA,USDT,USDT,,1.0,1e-05,2026-05-31 22:09:58.730733,20260531
Aster,GTCUSDT,GTC,USDT,USDT,,1.0,1e-05,2026-05-31 22:09:58.730733,20260531
Aster,CBRSUSDT,CBRS,USDT,USDT,,8.0,0.01,2026-05-31 22:09:58.730733,20260531
Aster,STARUSDT,STAR,USDT,USDT,,1.0,1e-05,2026-05-31 22:09:58.730733,20260531
Aster,SPCXUSDT,SPCX,USDT,USDT,,8.0,0.01,2026-05-31 22:09:58.730733,20260531
Aster,FIDAUSDT,FIDA,USDT,USDT,,1.0,1e-05,2026-05-31 22:09:58.730733,20260531
Aster,ZESTUSDT,ZEST,USDT,USDT,,1.0,1e-05,2026-05-31 22:09:58.730733,20260531
Aster,PAYPUSDT,PAYP,USDT,USDT,,8.0,0.01,2026-05-31 22:09:58.730733,20260531
Aster,COINUSDT,COIN,USDT,USDT,,8.0,0.01,2026-05-31 22:09:58.730733,20260531
Aster,PLTRUSDT,PLTR,USDT,USDT,,8.0,0.01,2026-05-31 22:09:58.730733,20260531
Aster,AVGOUSDT,AVGO,USDT,USDT,,8.0,0.01,2026-05-31 22:09:58.730733,20260531
Aster,AMDUSDT,AMD,USDT,USDT,,8.0,0.01,2026-05-31 22:09:58.730733,20260531
Aster,1000NEXUSDT,1000NEX,USDT,USDT,,1.0,1e-06,2026-05-31 22:09:58.730733,20260531
Aster,OPENAIUSDT,OPENAI,USDT,USDT,,8.0,0.01,2026-05-31 22:09:58.730733,20260531
Aster,BZUSDT,BZ,USDT,USDT,,4.0,0.01,2026-05-31 22:09:58.730733,20260531
Aster,MRVLUSDT,MRVL,USDT,USDT,,8.0,0.01,2026-05-31 22:09:58.730733,20260531
Aster,UBERUSDT,UBER,USDT,USDT,,8.0,0.01,2026-05-31 22:09:58.730733,20260531
Aster,LITEUSDT,LITE,USDT,USDT,,8.0,0.01,2026-05-31 22:09:58.730733,20260531
Aster,USARUSDT,USAR,USDT,USDT,,8.0,0.01,2026-05-31 22:09:58.730733,20260531
Aster,HOMEUSDT,HOME,USDT,USDT,,1.0,1e-06,2026-05-31 22:09:58.730733,20260531
Aster,FUTUUSDT,FUTU,USDT,USDT,,8.0,0.01,2026-05-31 22:09:58.730733,20260531
Aster,ORCLUSDT,ORCL,USDT,USDT,,8.0,0.01,2026-05-31 22:09:58.730733,20260531
Aster,RKLBUSDT,RKLB,USDT,USDT,,8.0,0.01,2026-05-31 22:09:58.730733,20260531
Aster,CRWVUSDT,CRWV,USDT,USDT,,8.0,0.01,2026-05-31 22:09:58.730733,20260531
Aster,CSCOUSDT,CSCO,USDT,USDT,,8.0,0.01,2026-05-31 22:09:58.730733,20260531
Aster,DISUSDT,DIS,USDT,USDT,,8.0,0.01,2026-05-31 22:09:58.730733,20260531
Aster,UPUSDT,UP,USDT,USDT,,1.0,0.0001,2026-05-31 22:09:58.730733,20260531
Aster,HMSTRUSDT,HMSTR,USDT,USDT,,1.0,1e-07,2026-05-31 22:09:58.730733,20260531
Aster,NILUSDT,NIL,USDT,USDT,,1.0,1e-05,2026-05-31 22:09:58.730733,20260531
Aster,WMTUSDT,WMT,USDT,USDT,,8.0,0.01,2026-05-31 22:09:58.730733,20260531
Aster,JPMUSDT,JPM,USDT,USDT,,8.0,0.01,2026-05-31 22:09:58.730733,20260531
Aster,VUSDT,V,USDT,USDT,,8.0,0.01,2026-05-31 22:09:58.730733,20260531
Aster,BRKBUSDT,BRKB,USDT,USDT,,8.0,0.01,2026-05-31 22:09:58.730733,20260531
Aster,FLNCUSDT,FLNC,USDT,USDT,,8.0,0.01,2026-05-31 22:09:58.730733,20260531
Aster,RAILUSDT,RAIL,USDT,USDT,,1.0,0.0001,2026-05-31 22:09:58.730733,20260531
Aster,BTCU,BTC,U,U,,8.0,0.1,2026-05-31 22:09:58.730733,20260531
Aster,ETHU,ETH,U,U,,8.0,0.1,2026-05-31 22:09:58.730733,20260531
Aster,COHRUSDT,COHR,USDT,USDT,,8.0,0.01,2026-05-31 22:09:58.730733,20260531
Aster,NBISUSDT,NBIS,USDT,USDT,,8.0,0.01,2026-05-31 22:09:58.730733,20260531
Aster,ARMUSDT,ARM,USDT,USDT,,8.0,0.01,2026-05-31 22:09:58.730733,20260531
Aster,BEUSDT,BE,USDT,USDT,,8.0,0.01,2026-05-31 22:09:58.730733,20260531
Aster,CTRUSDT,CTR,USDT,USDT,,4.0,1e-05,2026-05-31 22:09:58.730733,20260531
Aster,SKHYNIXUSDT,SKHYNIX,USDT,USDT,,1.0,0.1,2026-05-31 22:09:58.730733,20260531
Aster,SAMSUNGUSDT,SAMSUNG,USDT,USDT,,1.0,0.01,2026-05-31 22:09:58.730733,20260531
Aster,QNTXUSDT,QNTX,USDT,USDT,,8.0,0.01,2026-05-31 22:09:58.730733,20260531
Binance,BTCUSD_PERP,BTC,USD,BTC,125.0,8.0,0.1,2026-05-31 22:09:58.730733,20260531
Binance,ETHUSD_PERP,ETH,USD,ETH,100.0,8.0,0.01,2026-05-31 22:09:58.730733,20260531
Binance,LINKUSD_PERP,LINK,USD,LINK,20.0,8.0,0.001,2026-05-31 22:09:58.730733,20260531
Binance,BNBUSD_PERP,BNB,USD,BNB,20.0,8.0,0.01,2026-05-31 22:09:58.730733,20260531
Binance,TRXUSD_PERP,TRX,USD,TRX,20.0,8.0,1e-05,2026-05-31 22:09:58.730733,20260531
Binance,DOTUSD_PERP,DOT,USD,DOT,20.0,8.0,0.001,2026-05-31 22:09:58.730733,20260531
Binance,ADAUSD_PERP,ADA,USD,ADA,20.0,8.0,0.0001,2026-05-31 22:09:58.730733,20260531
Binance,LTCUSD_PERP,LTC,USD,LTC,20.0,8.0,0.01,2026-05-31 22:09:58.730733,20260531
Binance,BCHUSD_PERP,BCH,USD,BCH,20.0,8.0,0.01,2026-05-31 22:09:58.730733,20260531
Binance,XRPUSD_PERP,XRP,USD,XRP,50.0,8.0,0.0001,2026-05-31 22:09:58.730733,20260531
Binance,ETCUSD_PERP,ETC,USD,ETC,20.0,8.0,0.001,2026-05-31 22:09:58.730733,20260531
Binance,FILUSD_PERP,FIL,USD,FIL,20.0,8.0,0.001,2026-05-31 22:09:58.730733,20260531
Binance,DOGEUSD_PERP,DOGE,USD,DOGE,25.0,8.0,1e-05,2026-05-31 22:09:58.730733,20260531
Binance,UNIUSD_PERP,UNI,USD,UNI,20.0,8.0,0.001,2026-05-31 22:09:58.730733,20260531
Binance,XLMUSD_PERP,XLM,USD,XLM,20.0,8.0,1e-05,2026-05-31 22:09:58.730733,20260531
Binance,SOLUSD_PERP,SOL,USD,SOL,50.0,8.0,0.01,2026-05-31 22:09:58.730733,20260531
Binance,AVAXUSD_PERP,AVAX,USD,AVAX,20.0,8.0,0.01,2026-05-31 22:09:58.730733,20260531
Binance,NEARUSD_PERP,NEAR,USD,NEAR,20.0,8.0,0.001,2026-05-31 22:09:58.730733,20260531
Binance,AAVEUSD_PERP,AAVE,USD,AAVE,20.0,8.0,0.01,2026-05-31 22:09:58.730733,20260531
Binance,SUIUSD_PERP,SUI,USD,SUI,20.0,8.0,0.0001,2026-05-31 22:09:58.730733,20260531
Binance,BTCUSD_260626,BTC,USD,BTC,50.0,,0.1,2026-05-31 22:09:58.730733,20260531
Binance,ETHUSD_260626,ETH,USD,ETH,50.0,,0.01,2026-05-31 22:09:58.730733,20260531
Binance,XRPUSD_260626,XRP,USD,XRP,20.0,,0.0001,2026-05-31 22:09:58.730733,20260531
Binance,BNBUSD_260626,BNB,USD,BNB,20.0,,0.01,2026-05-31 22:09:58.730733,20260531
Binance,SOLUSD_260626,SOL,USD,SOL,20.0,,0.01,2026-05-31 22:09:58.730733,20260531
Binance,BTCUSD_260925,BTC,USD,BTC,50.0,,0.1,2026-05-31 22:09:58.730733,20260531
Binance,ETHUSD_260925,ETH,USD,ETH,50.0,,0.01,2026-05-31 22:09:58.730733,20260531
Binance,XRPUSD_260925,XRP,USD,XRP,20.0,,0.0001,2026-05-31 22:09:58.730733,20260531
Binance,BNBUSD_260925,BNB,USD,BNB,20.0,,0.01,2026-05-31 22:09:58.730733,20260531
Binance,SOLUSD_260925,SOL,USD,SOL,20.0,,0.01,2026-05-31 22:09:58.730733,20260531
Binance,BTCUSDT,BTC,USDT,USDT,150.0,8.0,0.1,2026-05-31 22:09:58.730733,20260531
Binance,ETHUSDT,ETH,USDT,USDT,150.0,8.0,0.01,2026-05-31 22:09:58.730733,20260531
Binance,BCHUSDT,BCH,USDT,USDT,75.0,8.0,0.01,2026-05-31 22:09:58.730733,20260531
Binance,XRPUSDT,XRP,USDT,USDT,100.0,8.0,0.0001,2026-05-31 22:09:58.730733,20260531
Binance,LTCUSDT,LTC,USDT,USDT,75.0,8.0,0.01,2026-05-31 22:09:58.730733,20260531
Binance,TRXUSDT,TRX,USDT,USDT,75.0,8.0,1e-05,2026-05-31 22:09:58.730733,20260531
Binance,ETCUSDT,ETC,USDT,USDT,75.0,8.0,0.001,2026-05-31 22:09:58.730733,20260531
Binance,LINKUSDT,LINK,USDT,USDT,75.0,8.0,0.001,2026-05-31 22:09:58.730733,20260531
Binance,XLMUSDT,XLM,USDT,USDT,75.0,8.0,1e-05,2026-05-31 22:09:58.730733,20260531
Binance,ADAUSDT,ADA,USDT,USDT,75.0,8.0,0.0001,2026-05-31 22:09:58.730733,20260531
Binance,XMRUSDT,XMR,USDT,USDT,75.0,8.0,0.01,2026-05-31 22:09:58.730733,20260531
Binance,DASHUSDT,DASH,USDT,USDT,75.0,8.0,0.01,2026-05-31 22:09:58.730733,20260531
Binance,ZECUSDT,ZEC,USDT,USDT,75.0,8.0,0.01,2026-05-31 22:09:58.730733,20260531
Binance,XTZUSDT,XTZ,USDT,USDT,75.0,4.0,0.0001,2026-05-31 22:09:58.730733,20260531
Binance,BNBUSDT,BNB,USDT,USDT,75.0,8.0,0.01,2026-05-31 22:09:58.730733,20260531
Binance,ATOMUSDT,ATOM,USDT,USDT,75.0,8.0,0.001,2026-05-31 22:09:58.730733,20260531
Binance,ONTUSDT,ONT,USDT,USDT,75.0,4.0,0.0001,2026-05-31 22:09:58.730733,20260531
Binance,IOTAUSDT,IOTA,USDT,USDT,75.0,8.0,0.0001,2026-05-31 22:09:58.730733,20260531
Binance,BATUSDT,BAT,USDT,USDT,50.0,8.0,0.0001,2026-05-31 22:09:58.730733,20260531
Binance,VETUSDT,VET,USDT,USDT,75.0,8.0,1e-06,2026-05-31 22:09:58.730733,20260531
Binance,NEOUSDT,NEO,USDT,USDT,75.0,8.0,0.001,2026-05-31 22:09:58.730733,20260531
Binance,QTUMUSDT,QTUM,USDT,USDT,75.0,8.0,0.001,2026-05-31 22:09:58.730733,20260531
Binance,IOSTUSDT,IOST,USDT,USDT,50.0,8.0,1e-06,2026-05-31 22:09:58.730733,20260531
Binance,THETAUSDT,THETA,USDT,USDT,75.0,8.0,0.0001,2026-05-31 22:09:58.730733,20260531
Binance,ALGOUSDT,ALGO,USDT,USDT,75.0,8.0,0.0001,2026-05-31 22:09:58.730733,20260531
Binance,ZILUSDT,ZIL,USDT,USDT,75.0,4.0,1e-05,2026-05-31 22:09:58.730733,20260531
Binance,KNCUSDT,KNC,USDT,USDT,50.0,8.0,0.0001,2026-05-31 22:09:58.730733,20260531
Binance,ZRXUSDT,ZRX,USDT,USDT,75.0,4.0,0.0001,2026-05-31 22:09:58.730733,20260531
Binance,COMPUSDT,COMP,USDT,USDT,75.0,8.0,0.01,2026-05-31 22:09:58.730733,20260531
Binance,DOGEUSDT,DOGE,USDT,USDT,75.0,8.0,1e-05,2026-05-31 22:09:58.730733,20260531
Binance,KAVAUSDT,KAVA,USDT,USDT,50.0,4.0,0.0001,2026-05-31 22:09:58.730733,20260531
Binance,BANDUSDT,BAND,USDT,USDT,50.0,8.0,0.0001,2026-05-31 22:09:58.730733,20260531
Binance,RLCUSDT,RLC,USDT,USDT,50.0,8.0,0.0001,2026-05-31 22:09:58.730733,20260531
Binance,SNXUSDT,SNX,USDT,USDT,75.0,8.0,0.0001,2026-05-31 22:09:58.730733,20260531
Binance,DOTUSDT,DOT,USDT,USDT,75.0,8.0,0.001,2026-05-31 22:09:58.730733,20260531
Binance,YFIUSDT,YFI,USDT,USDT,75.0,8.0,1.0,2026-05-31 22:09:58.730733,20260531
Binance,CRVUSDT,CRV,USDT,USDT,75.0,8.0,0.0001,2026-05-31 22:09:58.730733,20260531
Binance,TRBUSDT,TRB,USDT,USDT,50.0,4.0,0.001,2026-05-31 22:09:58.730733,20260531
Binance,RUNEUSDT,RUNE,USDT,USDT,75.0,8.0,0.0001,2026-05-31 22:09:58.730733,20260531
Binance,SUSHIUSDT,SUSHI,USDT,USDT,75.0,8.0,0.0001,2026-05-31 22:09:58.730733,20260531
Binance,EGLDUSDT,EGLD,USDT,USDT,75.0,8.0,0.001,2026-05-31 22:09:58.730733,20260531
Binance,SOLUSDT,SOL,USDT,USDT,100.0,8.0,0.01,2026-05-31 22:09:58.730733,20260531
Binance,ICXUSDT,ICX,USDT,USDT,50.0,4.0,1e-05,2026-05-31 22:09:58.730733,20260531
Binance,STORJUSDT,STORJ,USDT,USDT,50.0,4.0,0.0001,2026-05-31 22:09:58.730733,20260531
Binance,UNIUSDT,UNI,USDT,USDT,75.0,8.0,0.001,2026-05-31 22:09:58.730733,20260531
Binance,AVAXUSDT,AVAX,USDT,USDT,75.0,8.0,0.001,2026-05-31 22:09:58.730733,20260531
Binance,ENJUSDT,ENJ,USDT,USDT,50.0,4.0,1e-05,2026-05-31 22:09:58.730733,20260531
Binance,KSMUSDT,KSM,USDT,USDT,50.0,8.0,0.001,2026-05-31 22:09:58.730733,20260531
Binance,NEARUSDT,NEAR,USDT,USDT,75.0,8.0,0.001,2026-05-31 22:09:58.730733,20260531
Binance,AAVEUSDT,AAVE,USDT,USDT,75.0,8.0,0.01,2026-05-31 22:09:58.730733,20260531
Binance,FILUSDT,FIL,USDT,USDT,75.0,8.0,0.001,2026-05-31 22:09:58.730733,20260531
Binance,RSRUSDT,RSR,USDT,USDT,75.0,8.0,1e-06,2026-05-31 22:09:58.730733,20260531
Binance,BELUSDT,BEL,USDT,USDT,10.0,8.0,0.0001,2026-05-31 22:09:58.730733,20260531
Binance,AXSUSDT,AXS,USDT,USDT,75.0,4.0,0.001,2026-05-31 22:09:58.730733,20260531
Binance,ZENUSDT,ZEN,USDT,USDT,75.0,8.0,0.001,2026-05-31 22:09:58.730733,20260531
Binance,SKLUSDT,SKL,USDT,USDT,50.0,4.0,1e-05,2026-05-31 22:09:58.730733,20260531
Binance,GRTUSDT,GRT,USDT,USDT,75.0,8.0,1e-05,2026-05-31 22:09:58.730733,20260531
Binance,1INCHUSDT,1INCH,USDT,USDT,75.0,8.0,0.0001,2026-05-31 22:09:58.730733,20260531
Binance,CHZUSDT,CHZ,USDT,USDT,75.0,8.0,1e-05,2026-05-31 22:09:58.730733,20260531
Binance,SANDUSDT,SAND,USDT,USDT,75.0,8.0,1e-05,2026-05-31 22:09:58.730733,20260531
Binance,ANKRUSDT,ANKR,USDT,USDT,50.0,4.0,1e-06,2026-05-31 22:09:58.730733,20260531
Binance,RVNUSDT,RVN,USDT,USDT,75.0,4.0,1e-05,2026-05-31 22:09:58.730733,20260531
Binance,SFPUSDT,SFP,USDT,USDT,75.0,8.0,0.0001,2026-05-31 22:09:58.730733,20260531
Binance,COTIUSDT,COTI,USDT,USDT,50.0,8.0,1e-05,2026-05-31 22:09:58.730733,20260531
Binance,CHRUSDT,CHR,USDT,USDT,50.0,8.0,1e-05,2026-05-31 22:09:58.730733,20260531
Binance,MANAUSDT,MANA,USDT,USDT,75.0,8.0,0.0001,2026-05-31 22:09:58.730733,20260531
Binance,ALICEUSDT,ALICE,USDT,USDT,50.0,4.0,0.0001,2026-05-31 22:09:58.730733,20260531
Binance,HBARUSDT,HBAR,USDT,USDT,75.0,8.0,1e-05,2026-05-31 22:09:58.730733,20260531
Binance,ONEUSDT,ONE,USDT,USDT,50.0,8.0,1e-06,2026-05-31 22:09:58.730733,20260531
Binance,CELRUSDT,CELR,USDT,USDT,50.0,8.0,1e-06,2026-05-31 22:09:58.730733,20260531
Binance,HOTUSDT,HOT,USDT,USDT,50.0,8.0,1e-06,2026-05-31 22:09:58.730733,20260531
Binance,MTLUSDT,MTL,USDT,USDT,50.0,8.0,0.0001,2026-05-31 22:09:58.730733,20260531
Binance,OGNUSDT,OGN,USDT,USDT,50.0,4.0,1e-05,2026-05-31 22:09:58.730733,20260531
Binance,1000SHIBUSDT,1000SHIB,USDT,USDT,75.0,8.0,1e-06,2026-05-31 22:09:58.730733,20260531
Binance,GTCUSDT,GTC,USDT,USDT,10.0,8.0,1e-05,2026-05-31 22:09:58.730733,20260531
Binance,BTCDOMUSDT,BTCDOM,USDT,USDT,20.0,8.0,0.1,2026-05-31 22:09:58.730733,20260531
Binance,IOTXUSDT,IOTX,USDT,USDT,50.0,8.0,1e-05,2026-05-31 22:09:58.730733,20260531
Binance,C98USDT,C98,USDT,USDT,50.0,8.0,1e-05,2026-05-31 22:09:58.730733,20260531
Binance,MASKUSDT,MASK,USDT,USDT,50.0,4.0,0.0001,2026-05-31 22:09:58.730733,20260531
Binance,DYDXUSDT,DYDX,USDT,USDT,75.0,8.0,0.0001,2026-05-31 22:09:58.730733,20260531
Binance,1000XECUSDT,1000XEC,USDT,USDT,75.0,8.0,1e-05,2026-05-31 22:09:58.730733,20260531
Binance,GALAUSDT,GALA,USDT,USDT,75.0,8.0,1e-06,2026-05-31 22:09:58.730733,20260531
Binance,CELOUSDT,CELO,USDT,USDT,50.0,8.0,1e-05,2026-05-31 22:09:58.730733,20260531
Binance,ARUSDT,AR,USDT,USDT,75.0,8.0,0.001,2026-05-31 22:09:58.730733,20260531
Binance,ARPAUSDT,ARPA,USDT,USDT,50.0,8.0,1e-05,2026-05-31 22:09:58.730733,20260531
Binance,CTSIUSDT,CTSI,USDT,USDT,50.0,8.0,1e-05,2026-05-31 22:09:58.730733,20260531
Binance,LPTUSDT,LPT,USDT,USDT,75.0,4.0,0.001,2026-05-31 22:09:58.730733,20260531
Binance,ENSUSDT,ENS,USDT,USDT,75.0,8.0,0.001,2026-05-31 22:09:58.731730,20260531
Binance,PEOPLEUSDT,PEOPLE,USDT,USDT,50.0,8.0,1e-05,2026-05-31 22:09:58.731730,20260531
Binance,ROSEUSDT,ROSE,USDT,USDT,75.0,8.0,1e-05,2026-05-31 22:09:58.731730,20260531
Binance,DUSKUSDT,DUSK,USDT,USDT,50.0,4.0,1e-05,2026-05-31 22:09:58.731730,20260531
Binance,FLOWUSDT,FLOW,USDT,USDT,10.0,4.0,1e-05,2026-05-31 22:09:58.731730,20260531
Binance,IMXUSDT,IMX,USDT,USDT,75.0,4.0,0.0001,2026-05-31 22:09:58.731730,20260531
Binance,API3USDT,API3,USDT,USDT,50.0,4.0,0.0001,2026-05-31 22:09:58.731730,20260531
Binance,GMTUSDT,GMT,USDT,USDT,50.0,4.0,1e-05,2026-05-31 22:09:58.731730,20260531
Binance,APEUSDT,APE,USDT,USDT,50.0,8.0,0.0001,2026-05-31 22:09:58.731730,20260531
Binance,WOOUSDT,WOO,USDT,USDT,50.0,8.0,1e-05,2026-05-31 22:09:58.731730,20260531
Binance,JASMYUSDT,JASMY,USDT,USDT,75.0,8.0,1e-06,2026-05-31 22:09:58.731730,20260531
Binance,OPUSDT,OP,USDT,USDT,75.0,8.0,0.0001,2026-05-31 22:09:58.731730,20260531
Binance,INJUSDT,INJ,USDT,USDT,75.0,8.0,0.001,2026-05-31 22:09:58.731730,20260531
Binance,STGUSDT,STG,USDT,USDT,50.0,8.0,0.0001,2026-05-31 22:09:58.731730,20260531
Binance,SPELLUSDT,SPELL,USDT,USDT,50.0,8.0,1e-07,2026-05-31 22:09:58.731730,20260531
Binance,1000LUNCUSDT,1000LUNC,USDT,USDT,75.0,8.0,1e-05,2026-05-31 22:09:58.731730,20260531
Binance,LUNA2USDT,LUNA2,USDT,USDT,50.0,4.0,1e-05,2026-05-31 22:09:58.731730,20260531
Binance,LDOUSDT,LDO,USDT,USDT,75.0,8.0,0.0001,2026-05-31 22:09:58.731730,20260531
Binance,ICPUSDT,ICP,USDT,USDT,75.0,8.0,0.001,2026-05-31 22:09:58.731730,20260531
Binance,APTUSDT,APT,USDT,USDT,75.0,8.0,0.0001,2026-05-31 22:09:58.731730,20260531
Binance,QNTUSDT,QNT,USDT,USDT,75.0,8.0,0.01,2026-05-31 22:09:58.731730,20260531
Binance,FETUSDT,FET,USDT,USDT,75.0,8.0,0.0001,2026-05-31 22:09:58.731730,20260531
Binance,MAGICUSDT,MAGIC,USDT,USDT,50.0,4.0,1e-05,2026-05-31 22:09:58.731730,20260531
Binance,TUSDT,T,USDT,USDT,50.0,4.0,1e-06,2026-05-31 22:09:58.731730,20260531
Binance,HIGHUSDT,HIGH,USDT,USDT,20.0,8.0,0.0001,2026-05-31 22:09:58.731730,20260531
Binance,MINAUSDT,MINA,USDT,USDT,75.0,8.0,1e-05,2026-05-31 22:09:58.731730,20260531
Binance,ASTRUSDT,ASTR,USDT,USDT,50.0,8.0,1e-06,2026-05-31 22:09:58.731730,20260531
Binance,GMXUSDT,GMX,USDT,USDT,50.0,8.0,0.001,2026-05-31 22:09:58.731730,20260531
Binance,CFXUSDT,CFX,USDT,USDT,75.0,8.0,1e-05,2026-05-31 22:09:58.731730,20260531
Binance,STXUSDT,STX,USDT,USDT,75.0,8.0,0.0001,2026-05-31 22:09:58.731730,20260531
Binance,ACHUSDT,ACH,USDT,USDT,50.0,8.0,1e-06,2026-05-31 22:09:58.731730,20260531
Binance,SSVUSDT,SSV,USDT,USDT,50.0,8.0,0.001,2026-05-31 22:09:58.731730,20260531
Binance,CKBUSDT,CKB,USDT,USDT,50.0,8.0,1e-06,2026-05-31 22:09:58.731730,20260531
Binance,LQTYUSDT,LQTY,USDT,USDT,50.0,8.0,0.0001,2026-05-31 22:09:58.731730,20260531
Binance,USDCUSDT,USDC,USDT,USDT,50.0,8.0,1e-06,2026-05-31 22:09:58.731730,20260531
Binance,IDUSDT,ID,USDT,USDT,50.0,1.0,1e-05,2026-05-31 22:09:58.731730,20260531
Binance,ARBUSDT,ARB,USDT,USDT,75.0,8.0,0.0001,2026-05-31 22:09:58.731730,20260531
Binance,JOEUSDT,JOE,USDT,USDT,25.0,8.0,1e-05,2026-05-31 22:09:58.731730,20260531
Binance,TLMUSDT,TLM,USDT,USDT,25.0,4.0,1e-06,2026-05-31 22:09:58.731730,20260531
Binance,HFTUSDT,HFT,USDT,USDT,25.0,8.0,1e-05,2026-05-31 22:09:58.731730,20260531
Binance,XVSUSDT,XVS,USDT,USDT,50.0,8.0,0.001,2026-05-31 22:09:58.731730,20260531
Binance,ETHBTC,ETH,BTC,BTC,100.0,8.0,1e-06,2026-05-31 22:09:58.731730,20260531
Binance,BLURUSDT,BLUR,USDT,USDT,75.0,4.0,1e-05,2026-05-31 22:09:58.731730,20260531
Binance,EDUUSDT,EDU,USDT,USDT,50.0,8.0,1e-05,2026-05-31 22:09:58.731730,20260531
Binance,SUIUSDT,SUI,USDT,USDT,75.0,8.0,0.0001,2026-05-31 22:09:58.731730,20260531
Binance,1000PEPEUSDT,1000PEPE,USDT,USDT,75.0,8.0,1e-07,2026-05-31 22:09:58.731730,20260531
Binance,1000FLOKIUSDT,1000FLOKI,USDT,USDT,75.0,8.0,1e-05,2026-05-31 22:09:58.731730,20260531
Binance,UMAUSDT,UMA,USDT,USDT,50.0,4.0,0.0001,2026-05-31 22:09:58.731730,20260531
Binance,NMRUSDT,NMR,USDT,USDT,75.0,4.0,0.001,2026-05-31 22:09:58.731730,20260531
Binance,MAVUSDT,MAV,USDT,USDT,50.0,8.0,1e-05,2026-05-31 22:09:58.731730,20260531
Binance,XVGUSDT,XVG,USDT,USDT,50.0,8.0,1e-06,2026-05-31 22:09:58.731730,20260531
Binance,WLDUSDT,WLD,USDT,USDT,75.0,8.0,0.0001,2026-05-31 22:09:58.731730,20260531
Binance,PENDLEUSDT,PENDLE,USDT,USDT,75.0,8.0,0.0001,2026-05-31 22:09:58.731730,20260531
Binance,ARKMUSDT,ARKM,USDT,USDT,50.0,8.0,0.0001,2026-05-31 22:09:58.731730,20260531
Binance,AGLDUSDT,AGLD,USDT,USDT,50.0,8.0,0.0001,2026-05-31 22:09:58.731730,20260531
Binance,YGGUSDT,YGG,USDT,USDT,50.0,4.0,1e-05,2026-05-31 22:09:58.731730,20260531
Binance,DODOXUSDT,DODOX,USDT,USDT,25.0,4.0,1e-06,2026-05-31 22:09:58.731730,20260531
Binance,BNTUSDT,BNT,USDT,USDT,50.0,8.0,0.0001,2026-05-31 22:09:58.731730,20260531
Binance,SEIUSDT,SEI,USDT,USDT,75.0,8.0,1e-05,2026-05-31 22:09:58.731730,20260531
Binance,CYBERUSDT,CYBER,USDT,USDT,50.0,4.0,0.0001,2026-05-31 22:09:58.731730,20260531
Binance,ARKUSDT,ARK,USDT,USDT,40.0,4.0,0.0001,2026-05-31 22:09:58.731730,20260531
Binance,BICOUSDT,BICO,USDT,USDT,50.0,8.0,1e-05,2026-05-31 22:09:58.731730,20260531
Binance,BIGTIMEUSDT,BIGTIME,USDT,USDT,50.0,4.0,1e-05,2026-05-31 22:09:58.731730,20260531
Binance,WAXPUSDT,WAXP,USDT,USDT,50.0,4.0,1e-06,2026-05-31 22:09:58.731730,20260531
Binance,BSVUSDT,BSV,USDT,USDT,75.0,4.0,0.01,2026-05-31 22:09:58.731730,20260531
Binance,RIFUSDT,RIF,USDT,USDT,50.0,4.0,1e-05,2026-05-31 22:09:58.731730,20260531
Binance,POLYXUSDT,POLYX,USDT,USDT,50.0,4.0,1e-05,2026-05-31 22:09:58.731730,20260531
Binance,GASUSDT,GAS,USDT,USDT,75.0,4.0,0.001,2026-05-31 22:09:58.731730,20260531
Binance,POWRUSDT,POWR,USDT,USDT,50.0,4.0,1e-05,2026-05-31 22:09:58.731730,20260531
Binance,TIAUSDT,TIA,USDT,USDT,75.0,4.0,0.0001,2026-05-31 22:09:58.731730,20260531
Binance,CAKEUSDT,CAKE,USDT,USDT,75.0,4.0,0.0001,2026-05-31 22:09:58.731730,20260531
Binance,MEMEUSDT,MEME,USDT,USDT,50.0,4.0,1e-07,2026-05-31 22:09:58.731730,20260531
Binance,TWTUSDT,TWT,USDT,USDT,75.0,4.0,0.0001,2026-05-31 22:09:58.731730,20260531
Binance,ORDIUSDT,ORDI,USDT,USDT,75.0,4.0,0.001,2026-05-31 22:09:58.731730,20260531
Binance,STEEMUSDT,STEEM,USDT,USDT,50.0,4.0,1e-05,2026-05-31 22:09:58.731730,20260531
Binance,ILVUSDT,ILV,USDT,USDT,50.0,4.0,0.001,2026-05-31 22:09:58.731730,20260531
Binance,KASUSDT,KAS,USDT,USDT,75.0,4.0,1e-05,2026-05-31 22:09:58.731730,20260531
Binance,BEAMXUSDT,BEAMX,USDT,USDT,50.0,4.0,1e-06,2026-05-31 22:09:58.731730,20260531
Binance,1000BONKUSDT,1000BONK,USDT,USDT,75.0,4.0,1e-06,2026-05-31 22:09:58.731730,20260531
Binance,PYTHUSDT,PYTH,USDT,USDT,75.0,4.0,1e-05,2026-05-31 22:09:58.731730,20260531
Binance,SUPERUSDT,SUPER,USDT,USDT,75.0,4.0,0.0001,2026-05-31 22:09:58.731730,20260531
Binance,USTCUSDT,USTC,USDT,USDT,50.0,4.0,1e-06,2026-05-31 22:09:58.731730,20260531
Binance,ONGUSDT,ONG,USDT,USDT,50.0,4.0,1e-05,2026-05-31 22:09:58.731730,20260531
Binance,ETHWUSDT,ETHW,USDT,USDT,50.0,4.0,0.0001,2026-05-31 22:09:58.731730,20260531
Binance,JTOUSDT,JTO,USDT,USDT,75.0,4.0,0.0001,2026-05-31 22:09:58.731730,20260531
Binance,1000SATSUSDT,1000SATS,USDT,USDT,50.0,4.0,1e-08,2026-05-31 22:09:58.731730,20260531
Binance,AUCTIONUSDT,AUCTION,USDT,USDT,50.0,4.0,0.001,2026-05-31 22:09:58.731730,20260531
Binance,1000RATSUSDT,1000RATS,USDT,USDT,40.0,4.0,1e-05,2026-05-31 22:09:58.731730,20260531
Binance,ACEUSDT,ACE,USDT,USDT,20.0,4.0,0.0001,2026-05-31 22:09:58.731730,20260531
Binance,MOVRUSDT,MOVR,USDT,USDT,50.0,4.0,0.001,2026-05-31 22:09:58.731730,20260531
Binance,NFPUSDT,NFP,USDT,USDT,10.0,4.0,1e-05,2026-05-31 22:09:58.731730,20260531
Binance,BTCUSDC,BTC,USDC,USDC,125.0,8.0,0.1,2026-05-31 22:09:58.731730,20260531
Binance,ETHUSDC,ETH,USDC,USDC,125.0,8.0,0.01,2026-05-31 22:09:58.731730,20260531
Binance,BNBUSDC,BNB,USDC,USDC,75.0,8.0,0.01,2026-05-31 22:09:58.731730,20260531
Binance,SOLUSDC,SOL,USDC,USDC,100.0,8.0,0.01,2026-05-31 22:09:58.731730,20260531
Binance,XRPUSDC,XRP,USDC,USDC,75.0,8.0,0.0001,2026-05-31 22:09:58.731730,20260531
Binance,XAIUSDT,XAI,USDT,USDT,50.0,4.0,1e-05,2026-05-31 22:09:58.731730,20260531
Binance,DOGEUSDC,DOGE,USDC,USDC,75.0,8.0,1e-05,2026-05-31 22:09:58.731730,20260531
Binance,WIFUSDT,WIF,USDT,USDT,75.0,4.0,0.0001,2026-05-31 22:09:58.731730,20260531
Binance,MANTAUSDT,MANTA,USDT,USDT,50.0,4.0,1e-05,2026-05-31 22:09:58.731730,20260531
Binance,ONDOUSDT,ONDO,USDT,USDT,75.0,4.0,0.0001,2026-05-31 22:09:58.731730,20260531
Binance,LSKUSDT,LSK,USDT,USDT,50.0,4.0,0.0001,2026-05-31 22:09:58.731730,20260531
Binance,ALTUSDT,ALT,USDT,USDT,50.0,4.0,1e-06,2026-05-31 22:09:58.731730,20260531
Binance,JUPUSDT,JUP,USDT,USDT,75.0,4.0,0.0001,2026-05-31 22:09:58.731730,20260531
Binance,ZETAUSDT,ZETA,USDT,USDT,50.0,4.0,1e-05,2026-05-31 22:09:58.731730,20260531
Binance,RONINUSDT,RONIN,USDT,USDT,75.0,4.0,0.0001,2026-05-31 22:09:58.731730,20260531
Binance,DYMUSDT,DYM,USDT,USDT,25.0,4.0,1e-05,2026-05-31 22:09:58.731730,20260531
Binance,SUIUSDC,SUI,USDC,USDC,50.0,8.0,0.0001,2026-05-31 22:09:58.731730,20260531
Binance,LINKUSDC,LINK,USDC,USDC,75.0,8.0,0.001,2026-05-31 22:09:58.731730,20260531
Binance,PIXELUSDT,PIXEL,USDT,USDT,50.0,4.0,1e-06,2026-05-31 22:09:58.731730,20260531
Binance,STRKUSDT,STRK,USDT,USDT,75.0,4.0,1e-05,2026-05-31 22:09:58.731730,20260531
Binance,ORDIUSDC,ORDI,USDC,USDC,75.0,4.0,0.001,2026-05-31 22:09:58.731730,20260531
Binance,GLMUSDT,GLM,USDT,USDT,50.0,4.0,1e-05,2026-05-31 22:09:58.731730,20260531
Binance,PORTALUSDT,PORTAL,USDT,USDT,10.0,4.0,1e-05,2026-05-31 22:09:58.731730,20260531
Binance,TONUSDT,TON,USDT,USDT,75.0,4.0,0.0001,2026-05-31 22:09:58.731730,20260531
Binance,AXLUSDT,AXL,USDT,USDT,75.0,4.0,1e-05,2026-05-31 22:09:58.731730,20260531
Binance,1000PEPEUSDC,1000PEPE,USDC,USDC,50.0,8.0,1e-07,2026-05-31 22:09:58.731730,20260531
Binance,METISUSDT,METIS,USDT,USDT,50.0,4.0,0.001,2026-05-31 22:09:58.731730,20260531
Binance,AEVOUSDT,AEVO,USDT,USDT,50.0,4.0,1e-05,2026-05-31 22:09:58.731730,20260531
Binance,WLDUSDC,WLD,USDC,USDC,75.0,8.0,0.0001,2026-05-31 22:09:58.731730,20260531
Binance,VANRYUSDT,VANRY,USDT,USDT,25.0,4.0,1e-06,2026-05-31 22:09:58.731730,20260531
Binance,BOMEUSDT,BOME,USDT,USDT,50.0,4.0,1e-07,2026-05-31 22:09:58.731730,20260531
Binance,ETHFIUSDT,ETHFI,USDT,USDT,75.0,4.0,0.0001,2026-05-31 22:09:58.731730,20260531
Binance,AVAXUSDC,AVAX,USDC,USDC,75.0,8.0,0.001,2026-05-31 22:09:58.731730,20260531
Binance,1000SHIBUSDC,1000SHIB,USDC,USDC,50.0,8.0,1e-06,2026-05-31 22:09:58.731730,20260531
Binance,ENAUSDT,ENA,USDT,USDT,75.0,4.0,1e-05,2026-05-31 22:09:58.731730,20260531
Binance,WUSDT,W,USDT,USDT,75.0,4.0,1e-05,2026-05-31 22:09:58.731730,20260531
Binance,WIFUSDC,WIF,USDC,USDC,50.0,4.0,0.0001,2026-05-31 22:09:58.731730,20260531
Binance,BCHUSDC,BCH,USDC,USDC,75.0,8.0,0.01,2026-05-31 22:09:58.731730,20260531
Binance,TNSRUSDT,TNSR,USDT,USDT,50.0,4.0,1e-05,2026-05-31 22:09:58.731730,20260531
Binance,SAGAUSDT,SAGA,USDT,USDT,20.0,4.0,1e-05,2026-05-31 22:09:58.731730,20260531
Binance,LTCUSDC,LTC,USDC,USDC,75.0,8.0,0.01,2026-05-31 22:09:58.731730,20260531
Binance,NEARUSDC,NEAR,USDC,USDC,50.0,8.0,0.001,2026-05-31 22:09:58.731730,20260531
Binance,TAOUSDT,TAO,USDT,USDT,75.0,4.0,0.01,2026-05-31 22:09:58.731730,20260531
Binance,ARBUSDC,ARB,USDC,USDC,50.0,8.0,0.0001,2026-05-31 22:09:58.731730,20260531
Binance,NEOUSDC,NEO,USDC,USDC,75.0,8.0,0.001,2026-05-31 22:09:58.731730,20260531
Binance,FILUSDC,FIL,USDC,USDC,75.0,8.0,0.001,2026-05-31 22:09:58.731730,20260531
Binance,TIAUSDC,TIA,USDC,USDC,50.0,4.0,0.0001,2026-05-31 22:09:58.731730,20260531
Binance,BOMEUSDC,BOME,USDC,USDC,75.0,4.0,1e-07,2026-05-31 22:09:58.731730,20260531
Binance,REZUSDT,REZ,USDT,USDT,50.0,4.0,1e-06,2026-05-31 22:09:58.731730,20260531
Binance,ENAUSDC,ENA,USDC,USDC,50.0,4.0,1e-05,2026-05-31 22:09:58.731730,20260531
Binance,ETHFIUSDC,ETHFI,USDC,USDC,75.0,4.0,0.0001,2026-05-31 22:09:58.731730,20260531
Binance,1000BONKUSDC,1000BONK,USDC,USDC,75.0,4.0,1e-06,2026-05-31 22:09:58.731730,20260531
Binance,BBUSDT,BB,USDT,USDT,50.0,4.0,1e-05,2026-05-31 22:09:58.731730,20260531
Binance,NOTUSDT,NOT,USDT,USDT,50.0,4.0,1e-07,2026-05-31 22:09:58.731730,20260531
Binance,TURBOUSDT,TURBO,USDT,USDT,75.0,4.0,1e-07,2026-05-31 22:09:58.731730,20260531
Binance,IOUSDT,IO,USDT,USDT,50.0,4.0,0.0001,2026-05-31 22:09:58.731730,20260531
Binance,ZKUSDT,ZK,USDT,USDT,75.0,4.0,1e-05,2026-05-31 22:09:58.731730,20260531
Binance,MEWUSDT,MEW,USDT,USDT,50.0,4.0,1e-07,2026-05-31 22:09:58.731730,20260531
Binance,LISTAUSDT,LISTA,USDT,USDT,50.0,4.0,1e-05,2026-05-31 22:09:58.731730,20260531
Binance,ZROUSDT,ZRO,USDT,USDT,75.0,4.0,0.0001,2026-05-31 22:09:58.731730,20260531
Binance,CRVUSDC,CRV,USDC,USDC,25.0,8.0,0.0001,2026-05-31 22:09:58.731730,20260531
Binance,RENDERUSDT,RENDER,USDT,USDT,75.0,4.0,0.001,2026-05-31 22:09:58.731730,20260531
Binance,BANANAUSDT,BANANA,USDT,USDT,25.0,4.0,0.001,2026-05-31 22:09:58.731730,20260531
Binance,RAREUSDT,RARE,USDT,USDT,50.0,4.0,1e-05,2026-05-31 22:09:58.731730,20260531
Binance,GUSDT,G,USDT,USDT,50.0,4.0,1e-06,2026-05-31 22:09:58.731730,20260531
Binance,SYNUSDT,SYN,USDT,USDT,10.0,4.0,1e-05,2026-05-31 22:09:58.731730,20260531
Binance,BRETTUSDT,BRETT,USDT,USDT,75.0,4.0,1e-06,2026-05-31 22:09:58.731730,20260531
Binance,POPCATUSDT,POPCAT,USDT,USDT,50.0,4.0,1e-05,2026-05-31 22:09:58.731730,20260531
Binance,SUNUSDT,SUN,USDT,USDT,50.0,4.0,1e-06,2026-05-31 22:09:58.731730,20260531
Binance,DOGSUSDT,DOGS,USDT,USDT,50.0,4.0,1e-08,2026-05-31 22:09:58.731730,20260531
Binance,MBOXUSDT,MBOX,USDT,USDT,10.0,4.0,1e-05,2026-05-31 22:09:58.731730,20260531
Binance,FLUXUSDT,FLUX,USDT,USDT,50.0,4.0,1e-05,2026-05-31 22:09:58.731730,20260531
Binance,RPLUSDT,RPL,USDT,USDT,50.0,4.0,0.001,2026-05-31 22:09:58.731730,20260531
Binance,POLUSDT,POL,USDT,USDT,75.0,4.0,1e-05,2026-05-31 22:09:58.731730,20260531
Binance,1MBABYDOGEUSDT,1MBABYDOGE,USDT,USDT,75.0,4.0,1e-07,2026-05-31 22:09:58.731730,20260531
Binance,NEIROUSDT,NEIRO,USDT,USDT,50.0,4.0,1e-08,2026-05-31 22:09:58.731730,20260531
Binance,FIDAUSDT,FIDA,USDT,USDT,25.0,4.0,1e-05,2026-05-31 22:09:58.731730,20260531
Binance,CATIUSDT,CATI,USDT,USDT,50.0,4.0,1e-05,2026-05-31 22:09:58.731730,20260531
Binance,HMSTRUSDT,HMSTR,USDT,USDT,10.0,4.0,1e-07,2026-05-31 22:09:58.731730,20260531
Binance,COSUSDT,COS,USDT,USDT,10.0,4.0,1e-06,2026-05-31 22:09:58.731730,20260531
Binance,EIGENUSDT,EIGEN,USDT,USDT,75.0,4.0,0.0001,2026-05-31 22:09:58.731730,20260531
Binance,DIAUSDT,DIA,USDT,USDT,50.0,4.0,0.0001,2026-05-31 22:09:58.731730,20260531
Binance,1000CATUSDT,1000CAT,USDT,USDT,20.0,4.0,1e-06,2026-05-31 22:09:58.731730,20260531
Binance,SCRUSDT,SCR,USDT,USDT,10.0,4.0,1e-05,2026-05-31 22:09:58.731730,20260531
Binance,GOATUSDT,GOAT,USDT,USDT,25.0,4.0,1e-05,2026-05-31 22:09:58.731730,20260531
Binance,MOODENGUSDT,MOODENG,USDT,USDT,50.0,4.0,1e-05,2026-05-31 22:09:58.731730,20260531
Binance,SAFEUSDT,SAFE,USDT,USDT,50.0,4.0,0.0001,2026-05-31 22:09:58.731730,20260531
Binance,SANTOSUSDT,SANTOS,USDT,USDT,50.0,4.0,0.001,2026-05-31 22:09:58.731730,20260531
Binance,COWUSDT,COW,USDT,USDT,75.0,4.0,0.0001,2026-05-31 22:09:58.731730,20260531
Binance,CETUSUSDT,CETUS,USDT,USDT,50.0,4.0,1e-05,2026-05-31 22:09:58.731730,20260531
Binance,1000000MOGUSDT,1000000MOG,USDT,USDT,75.0,4.0,0.0001,2026-05-31 22:09:58.731730,20260531
Binance,GRASSUSDT,GRASS,USDT,USDT,75.0,4.0,0.0001,2026-05-31 22:09:58.731730,20260531
Binance,DRIFTUSDT,DRIFT,USDT,USDT,20.0,4.0,1e-05,2026-05-31 22:09:58.731730,20260531
Binance,ACTUSDT,ACT,USDT,USDT,10.0,4.0,1e-05,2026-05-31 22:09:58.731730,20260531
Binance,PNUTUSDT,PNUT,USDT,USDT,50.0,4.0,1e-05,2026-05-31 22:09:58.731730,20260531
Binance,BANUSDT,BAN,USDT,USDT,50.0,4.0,1e-05,2026-05-31 22:09:58.731730,20260531
Binance,AKTUSDT,AKT,USDT,USDT,50.0,4.0,0.0001,2026-05-31 22:09:58.731730,20260531
Binance,SCRTUSDT,SCRT,USDT,USDT,40.0,4.0,1e-05,2026-05-31 22:09:58.731730,20260531
Binance,1000CHEEMSUSDT,1000CHEEMS,USDT,USDT,25.0,4.0,1e-07,2026-05-31 22:09:58.731730,20260531
Binance,THEUSDT,THE,USDT,USDT,50.0,4.0,0.0001,2026-05-31 22:09:58.731730,20260531
Binance,MORPHOUSDT,MORPHO,USDT,USDT,75.0,4.0,0.0001,2026-05-31 22:09:58.731730,20260531
Binance,CHILLGUYUSDT,CHILLGUY,USDT,USDT,10.0,4.0,1e-06,2026-05-31 22:09:58.731730,20260531
Binance,KAIAUSDT,KAIA,USDT,USDT,75.0,4.0,1e-05,2026-05-31 22:09:58.731730,20260531
Binance,AEROUSDT,AERO,USDT,USDT,75.0,4.0,0.0001,2026-05-31 22:09:58.731730,20260531
Binance,ACXUSDT,ACX,USDT,USDT,50.0,4.0,1e-05,2026-05-31 22:09:58.731730,20260531
Binance,ORCAUSDT,ORCA,USDT,USDT,50.0,4.0,0.001,2026-05-31 22:09:58.731730,20260531
Binance,MOVEUSDT,MOVE,USDT,USDT,75.0,4.0,1e-05,2026-05-31 22:09:58.731730,20260531
Binance,RAYSOLUSDT,RAYSOL,USDT,USDT,75.0,4.0,0.0001,2026-05-31 22:09:58.731730,20260531
Binance,KOMAUSDT,KOMA,USDT,USDT,10.0,4.0,1e-06,2026-05-31 22:09:58.731730,20260531
Binance,VIRTUALUSDT,VIRTUAL,USDT,USDT,75.0,4.0,0.0001,2026-05-31 22:09:58.731730,20260531
Binance,SPXUSDT,SPX,USDT,USDT,75.0,4.0,0.0001,2026-05-31 22:09:58.731730,20260531
Binance,MEUSDT,ME,USDT,USDT,50.0,4.0,0.0001,2026-05-31 22:09:58.731730,20260531
Binance,AVAUSDT,AVA,USDT,USDT,50.0,4.0,0.0001,2026-05-31 22:09:58.731730,20260531
Binance,VELODROMEUSDT,VELODROME,USDT,USDT,50.0,4.0,1e-05,2026-05-31 22:09:58.731730,20260531
Binance,MOCAUSDT,MOCA,USDT,USDT,50.0,4.0,1e-05,2026-05-31 22:09:58.731730,20260531
Binance,VANAUSDT,VANA,USDT,USDT,50.0,4.0,0.001,2026-05-31 22:09:58.731730,20260531
Binance,PENGUUSDT,PENGU,USDT,USDT,75.0,4.0,1e-06,2026-05-31 22:09:58.731730,20260531
Binance,LUMIAUSDT,LUMIA,USDT,USDT,10.0,4.0,1e-05,2026-05-31 22:09:58.732728,20260531
Binance,USUALUSDT,USUAL,USDT,USDT,50.0,4.0,1e-05,2026-05-31 22:09:58.732728,20260531
Binance,AIXBTUSDT,AIXBT,USDT,USDT,50.0,4.0,1e-05,2026-05-31 22:09:58.732728,20260531
Binance,FARTCOINUSDT,FARTCOIN,USDT,USDT,75.0,4.0,0.0001,2026-05-31 22:09:58.732728,20260531
Binance,KMNOUSDT,KMNO,USDT,USDT,50.0,4.0,1e-05,2026-05-31 22:09:58.732728,20260531
Binance,CGPTUSDT,CGPT,USDT,USDT,50.0,4.0,1e-05,2026-05-31 22:09:58.732728,20260531
Binance,HIVEUSDT,HIVE,USDT,USDT,50.0,1.0,1e-05,2026-05-31 22:09:58.732728,20260531
Binance,DEXEUSDT,DEXE,USDT,USDT,50.0,4.0,0.001,2026-05-31 22:09:58.732728,20260531
Binance,PHAUSDT,PHA,USDT,USDT,50.0,4.0,1e-05,2026-05-31 22:09:58.732728,20260531
Binance,GRIFFAINUSDT,GRIFFAIN,USDT,USDT,20.0,4.0,1e-06,2026-05-31 22:09:58.732728,20260531
Binance,ZEREBROUSDT,ZEREBRO,USDT,USDT,10.0,4.0,1e-06,2026-05-31 22:09:58.732728,20260531
Binance,BIOUSDT,BIO,USDT,USDT,50.0,4.0,1e-05,2026-05-31 22:09:58.732728,20260531
Binance,COOKIEUSDT,COOKIE,USDT,USDT,20.0,4.0,1e-05,2026-05-31 22:09:58.732728,20260531
Binance,ALCHUSDT,ALCH,USDT,USDT,10.0,4.0,1e-05,2026-05-31 22:09:58.732728,20260531
Binance,SWARMSUSDT,SWARMS,USDT,USDT,20.0,4.0,1e-06,2026-05-31 22:09:58.732728,20260531
Binance,SONICUSDT,SONIC,USDT,USDT,10.0,4.0,1e-05,2026-05-31 22:09:58.732728,20260531
Binance,DUSDT,D,USDT,USDT,10.0,4.0,1e-06,2026-05-31 22:09:58.732728,20260531
Binance,PROMUSDT,PROM,USDT,USDT,50.0,4.0,0.001,2026-05-31 22:09:58.732728,20260531
Binance,SUSDT,S,USDT,USDT,75.0,4.0,1e-05,2026-05-31 22:09:58.732728,20260531
Binance,SOLVUSDT,SOLV,USDT,USDT,20.0,4.0,1e-06,2026-05-31 22:09:58.732728,20260531
Binance,ARCUSDT,ARC,USDT,USDT,20.0,4.0,1e-05,2026-05-31 22:09:58.732728,20260531
Binance,AVAAIUSDT,AVAAI,USDT,USDT,20.0,4.0,1e-06,2026-05-31 22:09:58.732728,20260531
Binance,TRUMPUSDT,TRUMP,USDT,USDT,75.0,4.0,0.001,2026-05-31 22:09:58.732728,20260531
Binance,MELANIAUSDT,MELANIA,USDT,USDT,75.0,4.0,0.0001,2026-05-31 22:09:58.732728,20260531
Binance,VTHOUSDT,VTHO,USDT,USDT,50.0,4.0,1e-07,2026-05-31 22:09:58.732728,20260531
Binance,ANIMEUSDT,ANIME,USDT,USDT,50.0,4.0,1e-06,2026-05-31 22:09:58.732728,20260531
Binance,PIPPINUSDT,PIPPIN,USDT,USDT,25.0,4.0,1e-05,2026-05-31 22:09:58.732728,20260531
Binance,VVVUSDT,VVV,USDT,USDT,25.0,4.0,0.001,2026-05-31 22:09:58.732728,20260531
Binance,BERAUSDT,BERA,USDT,USDT,75.0,4.0,0.0001,2026-05-31 22:09:58.732728,20260531
Binance,TSTUSDT,TST,USDT,USDT,20.0,4.0,1e-06,2026-05-31 22:09:58.732728,20260531
Binance,LAYERUSDT,LAYER,USDT,USDT,50.0,4.0,1e-05,2026-05-31 22:09:58.732728,20260531
Binance,HEIUSDT,HEI,USDT,USDT,10.0,4.0,1e-05,2026-05-31 22:09:58.732728,20260531
Binance,IPUSDT,IP,USDT,USDT,75.0,4.0,0.0001,2026-05-31 22:09:58.732728,20260531
Binance,GPSUSDT,GPS,USDT,USDT,50.0,4.0,1e-06,2026-05-31 22:09:58.732728,20260531
Binance,SHELLUSDT,SHELL,USDT,USDT,10.0,4.0,1e-05,2026-05-31 22:09:58.732728,20260531
Binance,KAITOUSDT,KAITO,USDT,USDT,75.0,4.0,0.0001,2026-05-31 22:09:58.732728,20260531
Binance,KAITOUSDC,KAITO,USDC,USDC,75.0,4.0,0.0001,2026-05-31 22:09:58.732728,20260531
Binance,IPUSDC,IP,USDC,USDC,75.0,4.0,0.0001,2026-05-31 22:09:58.732728,20260531
Binance,TRUMPUSDC,TRUMP,USDC,USDC,25.0,4.0,0.001,2026-05-31 22:09:58.732728,20260531
Binance,ADAUSDC,ADA,USDC,USDC,25.0,4.0,0.0001,2026-05-31 22:09:58.732728,20260531
Binance,REDUSDT,RED,USDT,USDT,50.0,4.0,0.0001,2026-05-31 22:09:58.732728,20260531
Binance,PNUTUSDC,PNUT,USDC,USDC,75.0,4.0,1e-05,2026-05-31 22:09:58.732728,20260531
Binance,HBARUSDC,HBAR,USDC,USDC,25.0,4.0,1e-05,2026-05-31 22:09:58.732728,20260531
Binance,VICUSDT,VIC,USDT,USDT,20.0,4.0,1e-05,2026-05-31 22:09:58.732728,20260531
Binance,EPICUSDT,EPIC,USDT,USDT,20.0,4.0,0.0001,2026-05-31 22:09:58.732728,20260531
Binance,BMTUSDT,BMT,USDT,USDT,25.0,4.0,1e-05,2026-05-31 22:09:58.732728,20260531
Binance,MUBARAKUSDT,MUBARAK,USDT,USDT,50.0,4.0,1e-05,2026-05-31 22:09:58.732728,20260531
Binance,FORMUSDT,FORM,USDT,USDT,50.0,4.0,0.0001,2026-05-31 22:09:58.732728,20260531
Binance,TUTUSDT,TUT,USDT,USDT,10.0,4.0,1e-05,2026-05-31 22:09:58.732728,20260531
Binance,BROCCOLI714USDT,BROCCOLI714,USDT,USDT,25.0,4.0,1e-05,2026-05-31 22:09:58.732728,20260531
Binance,BROCCOLIF3BUSDT,BROCCOLIF3B,USDT,USDT,10.0,4.0,1e-06,2026-05-31 22:09:58.732728,20260531
Binance,SIRENUSDT,SIREN,USDT,USDT,25.0,4.0,0.0001,2026-05-31 22:09:58.732728,20260531
Binance,BANANAS31USDT,BANANAS31,USDT,USDT,25.0,4.0,1e-06,2026-05-31 22:09:58.732728,20260531
Binance,BRUSDT,BR,USDT,USDT,25.0,4.0,1e-05,2026-05-31 22:09:58.732728,20260531
Binance,PLUMEUSDT,PLUME,USDT,USDT,75.0,4.0,1e-05,2026-05-31 22:09:58.732728,20260531
Binance,NILUSDT,NIL,USDT,USDT,50.0,4.0,1e-05,2026-05-31 22:09:58.732728,20260531
Binance,PARTIUSDT,PARTI,USDT,USDT,25.0,4.0,1e-05,2026-05-31 22:09:58.732728,20260531
Binance,JELLYJELLYUSDT,JELLYJELLY,USDT,USDT,25.0,4.0,1e-05,2026-05-31 22:09:58.732728,20260531
Binance,MAVIAUSDT,MAVIA,USDT,USDT,10.0,4.0,1e-05,2026-05-31 22:09:58.732728,20260531
Binance,PAXGUSDT,PAXG,USDT,USDT,75.0,4.0,0.01,2026-05-31 22:09:58.732728,20260531
Binance,WALUSDT,WAL,USDT,USDT,75.0,4.0,1e-05,2026-05-31 22:09:58.732728,20260531
Binance,GUNUSDT,GUN,USDT,USDT,50.0,4.0,1e-05,2026-05-31 22:09:58.732728,20260531
Binance,ATHUSDT,ATH,USDT,USDT,50.0,4.0,1e-06,2026-05-31 22:09:58.732728,20260531
Binance,BABYUSDT,BABY,USDT,USDT,50.0,4.0,1e-05,2026-05-31 22:09:58.732728,20260531
Binance,PROMPTUSDT,PROMPT,USDT,USDT,40.0,4.0,1e-05,2026-05-31 22:09:58.732728,20260531
Binance,STOUSDT,STO,USDT,USDT,25.0,4.0,1e-05,2026-05-31 22:09:58.732728,20260531
Binance,FHEUSDT,FHE,USDT,USDT,10.0,4.0,1e-05,2026-05-31 22:09:58.732728,20260531
Binance,KERNELUSDT,KERNEL,USDT,USDT,50.0,4.0,1e-05,2026-05-31 22:09:58.732728,20260531
Binance,WCTUSDT,WCT,USDT,USDT,50.0,4.0,1e-05,2026-05-31 22:09:58.732728,20260531
Binance,INITUSDT,INIT,USDT,USDT,25.0,4.0,1e-05,2026-05-31 22:09:58.732728,20260531
Binance,AERGOUSDT,AERGO,USDT,USDT,50.0,4.0,1e-05,2026-05-31 22:09:58.732728,20260531
Binance,BANKUSDT,BANK,USDT,USDT,50.0,4.0,1e-05,2026-05-31 22:09:58.732728,20260531
Binance,DEEPUSDT,DEEP,USDT,USDT,50.0,4.0,1e-05,2026-05-31 22:09:58.732728,20260531
Binance,HYPERUSDT,HYPER,USDT,USDT,50.0,4.0,1e-05,2026-05-31 22:09:58.732728,20260531
Binance,JSTUSDT,JST,USDT,USDT,75.0,4.0,1e-05,2026-05-31 22:09:58.732728,20260531
Binance,SIGNUSDT,SIGN,USDT,USDT,50.0,4.0,1e-05,2026-05-31 22:09:58.732728,20260531
Binance,PUNDIXUSDT,PUNDIX,USDT,USDT,50.0,4.0,0.0001,2026-05-31 22:09:58.732728,20260531
Binance,CTKUSDT,CTK,USDT,USDT,50.0,4.0,0.0001,2026-05-31 22:09:58.732728,20260531
Binance,AIOTUSDT,AIOT,USDT,USDT,20.0,4.0,1e-05,2026-05-31 22:09:58.732728,20260531
Binance,DOLOUSDT,DOLO,USDT,USDT,25.0,4.0,1e-05,2026-05-31 22:09:58.732728,20260531
Binance,HAEDALUSDT,HAEDAL,USDT,USDT,10.0,4.0,1e-05,2026-05-31 22:09:58.732728,20260531
Binance,SXTUSDT,SXT,USDT,USDT,25.0,4.0,1e-05,2026-05-31 22:09:58.732728,20260531
Binance,ASRUSDT,ASR,USDT,USDT,10.0,4.0,0.001,2026-05-31 22:09:58.732728,20260531
Binance,ALPINEUSDT,ALPINE,USDT,USDT,10.0,4.0,0.0001,2026-05-31 22:09:58.732728,20260531
Binance,B2USDT,B2,USDT,USDT,50.0,4.0,0.0001,2026-05-31 22:09:58.732728,20260531
Binance,SYRUPUSDT,SYRUP,USDT,USDT,25.0,4.0,1e-05,2026-05-31 22:09:58.732728,20260531
Binance,DOODUSDT,DOOD,USDT,USDT,50.0,4.0,1e-06,2026-05-31 22:09:58.732728,20260531
Binance,OGUSDT,OG,USDT,USDT,25.0,4.0,0.001,2026-05-31 22:09:58.732728,20260531
Binance,SKYAIUSDT,SKYAI,USDT,USDT,10.0,4.0,1e-05,2026-05-31 22:09:58.732728,20260531
Binance,NXPCUSDT,NXPC,USDT,USDT,50.0,4.0,0.0001,2026-05-31 22:09:58.732728,20260531
Binance,CVCUSDT,CVC,USDT,USDT,50.0,4.0,1e-05,2026-05-31 22:09:58.732728,20260531
Binance,AGTUSDT,AGT,USDT,USDT,10.0,4.0,1e-06,2026-05-31 22:09:58.732728,20260531
Binance,AWEUSDT,AWE,USDT,USDT,40.0,4.0,1e-05,2026-05-31 22:09:58.732728,20260531
Binance,BUSDT,B,USDT,USDT,20.0,4.0,0.0001,2026-05-31 22:09:58.732728,20260531
Binance,SOONUSDT,SOON,USDT,USDT,50.0,4.0,0.0001,2026-05-31 22:09:58.732728,20260531
Binance,HUMAUSDT,HUMA,USDT,USDT,25.0,4.0,1e-06,2026-05-31 22:09:58.732728,20260531
Binance,AUSDT,A,USDT,USDT,75.0,4.0,1e-05,2026-05-31 22:09:58.732728,20260531
Binance,SOPHUSDT,SOPH,USDT,USDT,50.0,4.0,1e-06,2026-05-31 22:09:58.732728,20260531
Binance,MERLUSDT,MERL,USDT,USDT,50.0,4.0,1e-05,2026-05-31 22:09:58.732728,20260531
Binance,HYPEUSDT,HYPE,USDT,USDT,75.0,4.0,0.001,2026-05-31 22:09:58.732728,20260531
Binance,1000000BOBUSDT,1000000BOB,USDT,USDT,10.0,4.0,1e-05,2026-05-31 22:09:58.732728,20260531
Binance,LAUSDT,LA,USDT,USDT,50.0,4.0,0.0001,2026-05-31 22:09:58.732728,20260531
Binance,HOMEUSDT,HOME,USDT,USDT,75.0,4.0,1e-06,2026-05-31 22:09:58.732728,20260531
Binance,RESOLVUSDT,RESOLV,USDT,USDT,50.0,4.0,1e-05,2026-05-31 22:09:58.732728,20260531
Binance,TAIKOUSDT,TAIKO,USDT,USDT,50.0,4.0,0.0001,2026-05-31 22:09:58.732728,20260531
Binance,SQDUSDT,SQD,USDT,USDT,50.0,4.0,1e-05,2026-05-31 22:09:58.732728,20260531
Binance,PUMPBTCUSDT,PUMPBTC,USDT,USDT,10.0,4.0,1e-05,2026-05-31 22:09:58.732728,20260531
Binance,AAVEUSDC,AAVE,USDC,USDC,75.0,8.0,0.01,2026-05-31 22:09:58.732728,20260531
Binance,UNIUSDC,UNI,USDC,USDC,75.0,8.0,0.001,2026-05-31 22:09:58.732728,20260531
Binance,SPKUSDT,SPK,USDT,USDT,50.0,4.0,1e-05,2026-05-31 22:09:58.732728,20260531
Binance,MYXUSDT,MYX,USDT,USDT,10.0,4.0,0.0001,2026-05-31 22:09:58.732728,20260531
Binance,FUSDT,F,USDT,USDT,50.0,4.0,1e-06,2026-05-31 22:09:58.732728,20260531
Binance,NEWTUSDT,NEWT,USDT,USDT,25.0,4.0,1e-05,2026-05-31 22:09:58.732728,20260531
Binance,HUSDT,H,USDT,USDT,10.0,4.0,1e-05,2026-05-31 22:09:58.732728,20260531
Binance,SAHARAUSDT,SAHARA,USDT,USDT,50.0,4.0,1e-05,2026-05-31 22:09:58.732728,20260531
Binance,ICNTUSDT,ICNT,USDT,USDT,50.0,4.0,0.0001,2026-05-31 22:09:58.732728,20260531
Binance,BULLAUSDT,BULLA,USDT,USDT,10.0,4.0,1e-06,2026-05-31 22:09:58.732728,20260531
Binance,IDOLUSDT,IDOL,USDT,USDT,50.0,4.0,1e-05,2026-05-31 22:09:58.732728,20260531
Binance,MUSDT,M,USDT,USDT,10.0,4.0,0.0001,2026-05-31 22:09:58.732728,20260531
Binance,PUMPUSDT,PUMP,USDT,USDT,75.0,4.0,1e-06,2026-05-31 22:09:58.732728,20260531
Binance,CROSSUSDT,CROSS,USDT,USDT,40.0,4.0,1e-05,2026-05-31 22:09:58.732728,20260531
Binance,AINUSDT,AIN,USDT,USDT,10.0,4.0,1e-05,2026-05-31 22:09:58.732728,20260531
Binance,CUSDT,C,USDT,USDT,50.0,4.0,1e-05,2026-05-31 22:09:58.732728,20260531
Binance,VELVETUSDT,VELVET,USDT,USDT,50.0,4.0,1e-05,2026-05-31 22:09:58.732728,20260531
Binance,TACUSDT,TAC,USDT,USDT,10.0,4.0,1e-06,2026-05-31 22:09:58.732728,20260531
Binance,ERAUSDT,ERA,USDT,USDT,25.0,4.0,0.0001,2026-05-31 22:09:58.732728,20260531
Binance,TAUSDT,TA,USDT,USDT,10.0,4.0,1e-05,2026-05-31 22:09:58.732728,20260531
Binance,PENGUUSDC,PENGU,USDC,USDC,75.0,4.0,1e-06,2026-05-31 22:09:58.732728,20260531
Binance,CVXUSDT,CVX,USDT,USDT,75.0,4.0,0.001,2026-05-31 22:09:58.732728,20260531
Binance,SLPUSDT,SLP,USDT,USDT,50.0,4.0,1e-07,2026-05-31 22:09:58.732728,20260531
Binance,ZORAUSDT,ZORA,USDT,USDT,75.0,4.0,1e-05,2026-05-31 22:09:58.732728,20260531
Binance,TAGUSDT,TAG,USDT,USDT,50.0,4.0,1e-07,2026-05-31 22:09:58.732728,20260531
Binance,ESPORTSUSDT,ESPORTS,USDT,USDT,10.0,4.0,0.0001,2026-05-31 22:09:58.732728,20260531
Binance,TREEUSDT,TREE,USDT,USDT,25.0,4.0,1e-05,2026-05-31 22:09:58.732728,20260531
Binance,PLAYUSDT,PLAY,USDT,USDT,50.0,4.0,1e-05,2026-05-31 22:09:58.732728,20260531
Binance,NAORISUSDT,NAORIS,USDT,USDT,10.0,4.0,1e-05,2026-05-31 22:09:58.732728,20260531
Binance,TOWNSUSDT,TOWNS,USDT,USDT,10.0,4.0,1e-06,2026-05-31 22:09:58.732728,20260531
Binance,PROVEUSDT,PROVE,USDT,USDT,75.0,4.0,0.0001,2026-05-31 22:09:58.732728,20260531
Binance,ALLUSDT,ALLINDEX,USDT,USDT,75.0,8.0,0.0001,2026-05-31 22:09:58.732728,20260531
Binance,INUSDT,IN,USDT,USDT,50.0,4.0,1e-05,2026-05-31 22:09:58.732728,20260531
Binance,CARVUSDT,CARV,USDT,USDT,50.0,4.0,1e-05,2026-05-31 22:09:58.732728,20260531
Binance,AIOUSDT,AIO,USDT,USDT,50.0,4.0,1e-05,2026-05-31 22:09:58.732728,20260531
Binance,XNYUSDT,XNY,USDT,USDT,10.0,4.0,1e-06,2026-05-31 22:09:58.732728,20260531
Binance,USELESSUSDT,USELESS,USDT,USDT,50.0,4.0,1e-05,2026-05-31 22:09:58.732728,20260531
Binance,SAPIENUSDT,SAPIEN,USDT,USDT,50.0,4.0,1e-05,2026-05-31 22:09:58.732728,20260531
Binance,XPLUSDT,XPL,USDT,USDT,75.0,4.0,0.0001,2026-05-31 22:09:58.732728,20260531
Binance,WLFIUSDT,WLFI,USDT,USDT,75.0,4.0,0.0001,2026-05-31 22:09:58.732728,20260531
Binance,BIOUSDC,BIO,USDC,USDC,75.0,4.0,1e-05,2026-05-31 22:09:58.732728,20260531
Binance,SOMIUSDT,SOMI,USDT,USDT,50.0,4.0,0.0001,2026-05-31 22:09:58.732728,20260531
Binance,BASUSDT,BAS,USDT,USDT,10.0,4.0,1e-06,2026-05-31 22:09:58.732728,20260531
Binance,BTRUSDT,BTR,USDT,USDT,10.0,4.0,1e-05,2026-05-31 22:09:58.732728,20260531
Binance,MITOUSDT,MITO,USDT,USDT,10.0,4.0,1e-05,2026-05-31 22:09:58.732728,20260531
Binance,HEMIUSDT,HEMI,USDT,USDT,20.0,4.0,1e-06,2026-05-31 22:09:58.732728,20260531
Binance,LINEAUSDT,LINEA,USDT,USDT,50.0,4.0,1e-06,2026-05-31 22:09:58.732728,20260531
Binance,QUSDT,Q,USDT,USDT,20.0,4.0,1e-06,2026-05-31 22:09:58.732728,20260531
Binance,ARIAUSDT,ARIA,USDT,USDT,10.0,4.0,0.0001,2026-05-31 22:09:58.732728,20260531
Binance,TAKEUSDT,TAKE,USDT,USDT,10.0,4.0,1e-05,2026-05-31 22:09:58.732728,20260531
Binance,PTBUSDT,PTB,USDT,USDT,20.0,4.0,1e-07,2026-05-31 22:09:58.732728,20260531
Binance,WLFIUSDC,WLFI,USDC,USDC,75.0,4.0,0.0001,2026-05-31 22:09:58.732728,20260531
Binance,OPENUSDT,OPEN,USDT,USDT,75.0,4.0,0.0001,2026-05-31 22:09:58.732728,20260531
Binance,FLOCKUSDT,FLOCK,USDT,USDT,50.0,4.0,1e-05,2026-05-31 22:09:58.732728,20260531
Binance,SKYUSDT,SKY,USDT,USDT,75.0,4.0,1e-05,2026-05-31 22:09:58.732728,20260531
Binance,AVNTUSDT,AVNT,USDT,USDT,50.0,4.0,0.0001,2026-05-31 22:09:58.732728,20260531
Binance,HOLOUSDT,HOLO,USDT,USDT,50.0,4.0,1e-05,2026-05-31 22:09:58.732728,20260531
Binance,XPINUSDT,XPIN,USDT,USDT,50.0,4.0,1e-06,2026-05-31 22:09:58.732728,20260531
Binance,UBUSDT,UB,USDT,USDT,50.0,4.0,1e-05,2026-05-31 22:09:58.732728,20260531
Binance,ZKCUSDT,ZKC,USDT,USDT,50.0,4.0,1e-05,2026-05-31 22:09:58.732728,20260531
Binance,TOSHIUSDT,TOSHI,USDT,USDT,75.0,4.0,1e-07,2026-05-31 22:09:58.732728,20260531
Binance,STBLUSDT,STBL,USDT,USDT,50.0,4.0,1e-05,2026-05-31 22:09:58.732728,20260531
Binance,0GUSDT,0G,USDT,USDT,75.0,4.0,0.0001,2026-05-31 22:09:58.732728,20260531
Binance,BARDUSDT,BARD,USDT,USDT,25.0,4.0,0.0001,2026-05-31 22:09:58.732728,20260531
Binance,ASTERUSDT,ASTER,USDT,USDT,75.0,4.0,0.0001,2026-05-31 22:09:58.732728,20260531
Binance,TRADOORUSDT,TRADOOR,USDT,USDT,20.0,4.0,0.0001,2026-05-31 22:09:58.732728,20260531
Binance,BLESSUSDT,BLESS,USDT,USDT,40.0,4.0,1e-06,2026-05-31 22:09:58.732728,20260531
Binance,FLUIDUSDT,FLUID,USDT,USDT,75.0,4.0,0.001,2026-05-31 22:09:58.732728,20260531
Binance,COAIUSDT,COAI,USDT,USDT,10.0,4.0,0.0001,2026-05-31 22:09:58.732728,20260531
Binance,HANAUSDT,HANA,USDT,USDT,10.0,4.0,1e-05,2026-05-31 22:09:58.732728,20260531
Binance,MIRAUSDT,MIRA,USDT,USDT,50.0,4.0,1e-05,2026-05-31 22:09:58.732728,20260531
Binance,AKEUSDT,AKE,USDT,USDT,10.0,4.0,1e-07,2026-05-31 22:09:58.732728,20260531
Binance,ORDERUSDT,ORDER,USDT,USDT,50.0,4.0,1e-05,2026-05-31 22:09:58.732728,20260531
Binance,LIGHTUSDT,LIGHT,USDT,USDT,10.0,4.0,0.0001,2026-05-31 22:09:58.732728,20260531
Binance,XANUSDT,XAN,USDT,USDT,50.0,4.0,1e-06,2026-05-31 22:09:58.732728,20260531
Binance,FFUSDT,FF,USDT,USDT,50.0,4.0,1e-05,2026-05-31 22:09:58.732728,20260531
Binance,EDENUSDT,EDEN,USDT,USDT,20.0,4.0,1e-05,2026-05-31 22:09:58.732728,20260531
Binance,NOMUSDT,NOM,USDT,USDT,20.0,4.0,1e-06,2026-05-31 22:09:58.732728,20260531
Binance,TRUTHUSDT,TRUTH,USDT,USDT,20.0,4.0,1e-06,2026-05-31 22:09:58.732728,20260531
Binance,2ZUSDT,2Z,USDT,USDT,50.0,4.0,1e-05,2026-05-31 22:09:58.732728,20260531
Binance,EVAAUSDT,EVAA,USDT,USDT,10.0,4.0,0.0001,2026-05-31 22:09:58.732728,20260531
Binance,LYNUSDT,LYN,USDT,USDT,20.0,4.0,1e-05,2026-05-31 22:09:58.732728,20260531
Binance,KGENUSDT,KGEN,USDT,USDT,50.0,4.0,1e-05,2026-05-31 22:09:58.732728,20260531
Binance,4USDT,4,USDT,USDT,20.0,4.0,1e-06,2026-05-31 22:09:58.732728,20260531
Binance,GIGGLEUSDT,GIGGLE,USDT,USDT,50.0,4.0,0.01,2026-05-31 22:09:58.732728,20260531
Binance,MONUSDT,MON,USDT,USDT,75.0,4.0,1e-05,2026-05-31 22:09:58.732728,20260531
Binance,YBUSDT,YB,USDT,USDT,20.0,4.0,0.0001,2026-05-31 22:09:58.732728,20260531
Binance,METUSDT,MET,USDT,USDT,75.0,4.0,0.0001,2026-05-31 22:09:58.732728,20260531
Binance,EULUSDT,EUL,USDT,USDT,50.0,4.0,0.0001,2026-05-31 22:09:58.732728,20260531
Binance,ENSOUSDT,ENSO,USDT,USDT,50.0,4.0,0.0001,2026-05-31 22:09:58.732728,20260531
Binance,CLOUSDT,CLO,USDT,USDT,10.0,4.0,1e-05,2026-05-31 22:09:58.732728,20260531
Binance,RECALLUSDT,RECALL,USDT,USDT,40.0,4.0,1e-05,2026-05-31 22:09:58.732728,20260531
Binance,ZBTUSDT,ZBT,USDT,USDT,50.0,4.0,1e-05,2026-05-31 22:09:58.732728,20260531
Binance,LABUSDT,LAB,USDT,USDT,10.0,4.0,0.0001,2026-05-31 22:09:58.732728,20260531
Binance,RIVERUSDT,RIVER,USDT,USDT,50.0,4.0,0.001,2026-05-31 22:09:58.732728,20260531
Binance,币安人生USDT,币安人生,USDT,USDT,10.0,4.0,1e-05,2026-05-31 22:09:58.732728,20260531
Binance,BLUAIUSDT,BLUAI,USDT,USDT,10.0,4.0,1e-06,2026-05-31 22:09:58.732728,20260531
Binance,TURTLEUSDT,TURTLE,USDT,USDT,20.0,4.0,1e-05,2026-05-31 22:09:58.732728,20260531
Binance,APRUSDT,APR,USDT,USDT,50.0,4.0,1e-05,2026-05-31 22:09:58.732728,20260531
Binance,ONUSDT,ON,USDT,USDT,50.0,4.0,1e-05,2026-05-31 22:09:58.732728,20260531
Binance,KITEUSDT,KITE,USDT,USDT,10.0,4.0,1e-05,2026-05-31 22:09:58.732728,20260531
Binance,ATUSDT,AT,USDT,USDT,50.0,4.0,1e-05,2026-05-31 22:09:58.732728,20260531
Binance,CCUSDT,CC,USDT,USDT,75.0,4.0,1e-05,2026-05-31 22:09:58.732728,20260531
Binance,MMTUSDT,MMT,USDT,USDT,50.0,4.0,0.0001,2026-05-31 22:09:58.732728,20260531
Binance,TRUSTUSDT,TRUST,USDT,USDT,50.0,4.0,1e-05,2026-05-31 22:09:58.732728,20260531
Binance,UAIUSDT,UAI,USDT,USDT,50.0,4.0,0.0001,2026-05-31 22:09:58.732728,20260531
Binance,FOLKSUSDT,FOLKS,USDT,USDT,50.0,4.0,0.001,2026-05-31 22:09:58.732728,20260531
Binance,STABLEUSDT,STABLE,USDT,USDT,75.0,4.0,1e-05,2026-05-31 22:09:58.733725,20260531
Binance,JCTUSDT,JCT,USDT,USDT,20.0,4.0,1e-06,2026-05-31 22:09:58.733725,20260531
Binance,ALLOUSDT,ALLO,USDT,USDT,25.0,4.0,1e-05,2026-05-31 22:09:58.733725,20260531
Binance,CLANKERUSDT,CLANKER,USDT,USDT,25.0,4.0,0.01,2026-05-31 22:09:58.733725,20260531
Binance,BEATUSDT,BEAT,USDT,USDT,10.0,4.0,0.0001,2026-05-31 22:09:58.733725,20260531
Binance,PIEVERSEUSDT,PIEVERSE,USDT,USDT,20.0,4.0,0.0001,2026-05-31 22:09:58.733725,20260531
Binance,SENTUSDT,SENT,USDT,USDT,75.0,4.0,1e-05,2026-05-31 22:09:58.733725,20260531
Binance,ZECUSDC,ZEC,USDC,USDC,75.0,4.0,0.01,2026-05-31 22:09:58.733725,20260531
Binance,IRYSUSDT,IRYS,USDT,USDT,20.0,4.0,1e-05,2026-05-31 22:09:58.733725,20260531
Binance,POWERUSDT,POWER,USDT,USDT,20.0,4.0,1e-05,2026-05-31 22:09:58.733725,20260531
Binance,WETUSDT,WET,USDT,USDT,50.0,4.0,1e-05,2026-05-31 22:09:58.733725,20260531
Binance,NIGHTUSDT,NIGHT,USDT,USDT,50.0,4.0,1e-05,2026-05-31 22:09:58.733725,20260531
Binance,XAUUSDT,XAU,USDT,USDT,100.0,4.0,0.01,2026-05-31 22:09:58.733725,20260531
Binance,USUSDT,US,USDT,USDT,10.0,4.0,1e-06,2026-05-31 22:09:58.733725,20260531
Binance,CYSUSDT,CYS,USDT,USDT,20.0,4.0,0.0001,2026-05-31 22:09:58.733725,20260531
Binance,RAVEUSDT,RAVE,USDT,USDT,20.0,4.0,0.0001,2026-05-31 22:09:58.733725,20260531
Binance,ZKPUSDT,ZKP,USDT,USDT,40.0,4.0,1e-05,2026-05-31 22:09:58.733725,20260531
Binance,GUAUSDT,GUA,USDT,USDT,10.0,4.0,0.0001,2026-05-31 22:09:58.733725,20260531
Binance,LITUSDT,LIT,USDT,USDT,75.0,4.0,0.0001,2026-05-31 22:09:58.733725,20260531
Binance,BTCUSDT_260626,BTC,USDT,USDT,50.0,,0.1,2026-05-31 22:09:58.733725,20260531
Binance,ETHUSDT_260626,ETH,USDT,USDT,50.0,,0.01,2026-05-31 22:09:58.733725,20260531
Binance,BREVUSDT,BREV,USDT,USDT,50.0,4.0,0.0001,2026-05-31 22:09:58.733725,20260531
Binance,COLLECTUSDT,COLLECT,USDT,USDT,20.0,4.0,1e-05,2026-05-31 22:09:58.733725,20260531
Binance,MAGMAUSDT,MAGMA,USDT,USDT,20.0,4.0,1e-05,2026-05-31 22:09:58.733725,20260531
Binance,XAGUSDT,XAG,USDT,USDT,100.0,4.0,0.01,2026-05-31 22:09:58.733725,20260531
Binance,ZAMAUSDT,ZAMA,USDT,USDT,50.0,4.0,1e-05,2026-05-31 22:09:58.733725,20260531
Binance,FOGOUSDT,FOGO,USDT,USDT,50.0,4.0,1e-05,2026-05-31 22:09:58.733725,20260531
Binance,FRAXUSDT,FRAX,USDT,USDT,50.0,4.0,0.0001,2026-05-31 22:09:58.733725,20260531
Binance,SPORTFUNUSDT,SPORTFUN,USDT,USDT,20.0,4.0,1e-05,2026-05-31 22:09:58.733725,20260531
Binance,AIAUSDT,AIA,USDT,USDT,20.0,4.0,1e-05,2026-05-31 22:09:58.733725,20260531
Binance,ACUUSDT,ACU,USDT,USDT,10.0,4.0,1e-05,2026-05-31 22:09:58.733725,20260531
Binance,我踏马来了USDT,我踏马来了,USDT,USDT,20.0,4.0,1e-06,2026-05-31 22:09:58.733725,20260531
Binance,ELSAUSDT,ELSA,USDT,USDT,20.0,4.0,1e-05,2026-05-31 22:09:58.733725,20260531
Binance,SKRUSDT,SKR,USDT,USDT,20.0,4.0,1e-06,2026-05-31 22:09:58.733725,20260531
Binance,SPACEUSDT,SPACE,USDT,USDT,50.0,4.0,1e-06,2026-05-31 22:09:58.733725,20260531
Binance,FIGHTUSDT,FIGHT,USDT,USDT,20.0,4.0,1e-06,2026-05-31 22:09:58.733725,20260531
Binance,TSLAUSDT,TSLA,USDT,USDT,20.0,8.0,0.01,2026-05-31 22:09:58.733725,20260531
Binance,BIRBUSDT,BIRB,USDT,USDT,50.0,4.0,1e-05,2026-05-31 22:09:58.733725,20260531
Binance,GWEIUSDT,GWEI,USDT,USDT,50.0,4.0,1e-05,2026-05-31 22:09:58.733725,20260531
Binance,XPTUSDT,XPT,USDT,USDT,100.0,4.0,0.01,2026-05-31 22:09:58.733725,20260531
Binance,XPDUSDT,XPD,USDT,USDT,100.0,4.0,0.01,2026-05-31 22:09:58.733725,20260531
Binance,MEGAUSDT,MEGA,USDT,USDT,50.0,4.0,1e-05,2026-05-31 22:09:58.733725,20260531
Binance,INXUSDT,INX,USDT,USDT,50.0,4.0,1e-06,2026-05-31 22:09:58.733725,20260531
Binance,INTCUSDT,INTC,USDT,USDT,20.0,8.0,0.01,2026-05-31 22:09:58.733725,20260531
Binance,HOODUSDT,HOOD,USDT,USDT,20.0,8.0,0.01,2026-05-31 22:09:58.733725,20260531
Binance,TRIAUSDT,TRIA,USDT,USDT,50.0,4.0,1e-05,2026-05-31 22:09:58.733725,20260531
Binance,MSTRUSDT,MSTR,USDT,USDT,20.0,8.0,0.01,2026-05-31 22:09:58.733725,20260531
Binance,AMZNUSDT,AMZN,USDT,USDT,20.0,8.0,0.01,2026-05-31 22:09:58.733725,20260531
Binance,CRCLUSDT,CRCL,USDT,USDT,20.0,8.0,0.01,2026-05-31 22:09:58.733725,20260531
Binance,COINUSDT,COIN,USDT,USDT,20.0,8.0,0.01,2026-05-31 22:09:58.733725,20260531
Binance,PLTRUSDT,PLTR,USDT,USDT,20.0,8.0,0.01,2026-05-31 22:09:58.733725,20260531
Binance,ESPUSDT,ESP,USDT,USDT,25.0,4.0,1e-05,2026-05-31 22:09:58.733725,20260531
Binance,AZTECUSDT,AZTEC,USDT,USDT,25.0,4.0,1e-05,2026-05-31 22:09:58.733725,20260531
Binance,OPNUSDT,OPN,USDT,USDT,50.0,4.0,0.0001,2026-05-31 22:09:58.733725,20260531
Binance,ROBOUSDT,ROBO,USDT,USDT,50.0,4.0,1e-05,2026-05-31 22:09:58.733725,20260531
Binance,KATUSDT,KAT,USDT,USDT,50.0,4.0,1e-05,2026-05-31 22:09:58.733725,20260531
Binance,MANTRAUSDT,MANTRA,USDT,USDT,50.0,4.0,1e-05,2026-05-31 22:09:58.733725,20260531
Binance,COPPERUSDT,COPPER,USDT,USDT,100.0,4.0,0.001,2026-05-31 22:09:58.733725,20260531
Binance,龙虾USDT,龙虾,USDT,USDT,10.0,4.0,1e-06,2026-05-31 22:09:58.733725,20260531
Binance,EWYUSDT,EWY,USDT,USDT,20.0,8.0,0.01,2026-05-31 22:09:58.733725,20260531
Binance,CFGUSDT,CFG,USDT,USDT,50.0,4.0,0.0001,2026-05-31 22:09:58.733725,20260531
Binance,EWJUSDT,EWJ,USDT,USDT,20.0,8.0,0.01,2026-05-31 22:09:58.733725,20260531
Binance,EDGEUSDT,EDGE,USDT,USDT,50.0,4.0,0.0001,2026-05-31 22:09:58.733725,20260531
Binance,PAYPUSDT,PAYP,USDT,USDT,20.0,8.0,0.01,2026-05-31 22:09:58.733725,20260531
Binance,METAUSDT,META,USDT,USDT,20.0,8.0,0.01,2026-05-31 22:09:58.733725,20260531
Binance,NVDAUSDT,NVDA,USDT,USDT,20.0,8.0,0.01,2026-05-31 22:09:58.733725,20260531
Binance,GOOGLUSDT,GOOGL,USDT,USDT,20.0,8.0,0.01,2026-05-31 22:09:58.733725,20260531
Binance,BSBUSDT,BSB,USDT,USDT,10.0,4.0,1e-05,2026-05-31 22:09:58.733725,20260531
Binance,XAUTUSDT,XAUT,USDT,USDT,75.0,4.0,0.01,2026-05-31 22:09:58.733725,20260531
Binance,BTCUSDT_260925,BTC,USDT,USDT,50.0,,0.1,2026-05-31 22:09:58.733725,20260531
Binance,ETHUSDT_260925,ETH,USDT,USDT,50.0,,0.01,2026-05-31 22:09:58.733725,20260531
Binance,BASEDUSDT,BASED,USDT,USDT,50.0,4.0,1e-05,2026-05-31 22:09:58.733725,20260531
Binance,CLUSDT,CL,USDT,USDT,100.0,4.0,0.01,2026-05-31 22:09:58.733725,20260531
Binance,BZUSDT,BZ,USDT,USDT,100.0,4.0,0.01,2026-05-31 22:09:58.733725,20260531
Binance,NATGASUSDT,NATGAS,USDT,USDT,100.0,4.0,0.001,2026-05-31 22:09:58.733725,20260531
Binance,PRLUSDT,PRL,USDT,USDT,20.0,4.0,0.0001,2026-05-31 22:09:58.733725,20260531
Binance,QQQUSDT,QQQ,USDT,USDT,20.0,8.0,0.01,2026-05-31 22:09:58.733725,20260531
Binance,SPYUSDT,SPY,USDT,USDT,20.0,8.0,0.01,2026-05-31 22:09:58.733725,20260531
Binance,AAPLUSDT,AAPL,USDT,USDT,20.0,8.0,0.01,2026-05-31 22:09:58.733725,20260531
Binance,TSMUSDT,TSM,USDT,USDT,20.0,8.0,0.01,2026-05-31 22:09:58.733725,20260531
Binance,MUUSDT,MU,USDT,USDT,25.0,8.0,0.01,2026-05-31 22:09:58.733725,20260531
Binance,SNDKUSDT,SNDK,USDT,USDT,25.0,8.0,0.01,2026-05-31 22:09:58.733725,20260531
Binance,GENIUSUSDT,GENIUS,USDT,USDT,50.0,4.0,0.0001,2026-05-31 22:09:58.733725,20260531
Binance,CHIPUSDT,CHIP,USDT,USDT,50.0,4.0,1e-05,2026-05-31 22:09:58.733725,20260531
Binance,MSFTUSDT,MSFT,USDT,USDT,20.0,8.0,0.01,2026-05-31 22:09:58.733725,20260531
Binance,AVGOUSDT,AVGO,USDT,USDT,20.0,8.0,0.01,2026-05-31 22:09:58.733725,20260531
Binance,BABAUSDT,BABA,USDT,USDT,20.0,8.0,0.01,2026-05-31 22:09:58.733725,20260531
Binance,OPGUSDT,OPG,USDT,USDT,20.0,4.0,0.0001,2026-05-31 22:09:58.733725,20260531
Binance,AIGENSYNUSDT,AIGENSYN,USDT,USDT,25.0,4.0,1e-05,2026-05-31 22:09:58.733725,20260531
Binance,AMDUSDT,AMD,USDT,USDT,20.0,8.0,0.01,2026-05-31 22:09:58.733725,20260531
Binance,QCOMUSDT,QCOM,USDT,USDT,20.0,8.0,0.01,2026-05-31 22:09:58.733725,20260531
Binance,USARUSDT,USAR,USDT,USDT,20.0,8.0,0.01,2026-05-31 22:09:58.733725,20260531
Binance,BILLUSDT,BILL,USDT,USDT,20.0,4.0,1e-05,2026-05-31 22:09:58.733725,20260531
Binance,PHAROSUSDT,PHAROS,USDT,USDT,20.0,4.0,0.0001,2026-05-31 22:09:58.733725,20260531
Binance,STARUSDT,STAR,USDT,USDT,3.0,4.0,1e-05,2026-05-31 22:09:58.733725,20260531
Binance,LITEUSDT,LITE,USDT,USDT,20.0,8.0,0.01,2026-05-31 22:09:58.733725,20260531
Binance,ORCLUSDT,ORCL,USDT,USDT,20.0,8.0,0.01,2026-05-31 22:09:58.733725,20260531
Binance,DISUSDT,DIS,USDT,USDT,20.0,8.0,0.01,2026-05-31 22:09:58.733725,20260531
Binance,UBERUSDT,UBER,USDT,USDT,20.0,8.0,0.01,2026-05-31 22:09:58.733725,20260531
Binance,CSCOUSDT,CSCO,USDT,USDT,20.0,8.0,0.01,2026-05-31 22:09:58.733725,20260531
Binance,HDUSDT,HD,USDT,USDT,20.0,8.0,0.01,2026-05-31 22:09:58.733725,20260531
Binance,SOXLUSDT,SOXL,USDT,USDT,20.0,8.0,0.01,2026-05-31 22:09:58.733725,20260531
Binance,MRVLUSDT,MRVL,USDT,USDT,20.0,8.0,0.01,2026-05-31 22:09:58.733725,20260531
Binance,BTCUSD1,BTC,USD1,USD1,100.0,8.0,0.1,2026-05-31 22:09:58.733725,20260531
Binance,CRWVUSDT,CRWV,USDT,USDT,20.0,8.0,0.01,2026-05-31 22:09:58.733725,20260531
Binance,WMTUSDT,WMT,USDT,USDT,20.0,8.0,0.01,2026-05-31 22:09:58.733725,20260531
Binance,JPMUSDT,JPM,USDT,USDT,20.0,8.0,0.01,2026-05-31 22:09:58.733725,20260531
Binance,VUSDT,V,USDT,USDT,20.0,8.0,0.01,2026-05-31 22:09:58.733725,20260531
Binance,BRKBUSDT,BRKB,USDT,USDT,20.0,8.0,0.01,2026-05-31 22:09:58.733725,20260531
Binance,FLNCUSDT,FLNC,USDT,USDT,20.0,8.0,0.01,2026-05-31 22:09:58.733725,20260531
Binance,DRAMUSDT,DRAM,USDT,USDT,20.0,8.0,0.01,2026-05-31 22:09:58.733725,20260531
Binance,RKLBUSDT,RKLB,USDT,USDT,20.0,8.0,0.01,2026-05-31 22:09:58.733725,20260531
Binance,CBRSUSDT,CBRS,USDT,USDT,20.0,8.0,0.01,2026-05-31 22:09:58.733725,20260531
Binance,SPCXUSDT,SPCX,USDT,USDT,20.0,8.0,0.01,2026-05-31 22:09:58.733725,20260531
Binance,OPENAIUSDT,OPENAI,USDT,USDT,20.0,8.0,0.01,2026-05-31 22:09:58.733725,20260531
Binance,NBISUSDT,NBIS,USDT,USDT,20.0,8.0,0.01,2026-05-31 22:09:58.733725,20260531
Binance,WDCUSDT,WDC,USDT,USDT,20.0,8.0,0.01,2026-05-31 22:09:58.733725,20260531
Binance,ARMUSDT,ARM,USDT,USDT,20.0,8.0,0.01,2026-05-31 22:09:58.733725,20260531
Binance,BEUSDT,BE,USDT,USDT,20.0,8.0,0.01,2026-05-31 22:09:58.733725,20260531
Binance,COHRUSDT,COHR,USDT,USDT,20.0,8.0,0.01,2026-05-31 22:09:58.733725,20260531
Binance,CTRUSDT,CTR,USDT,USDT,20.0,4.0,1e-05,2026-05-31 22:09:58.733725,20260531
Binance,QNTXUSDT,QNTX,USDT,USDT,20.0,8.0,0.01,2026-05-31 22:09:58.733725,20260531
BingX,BTC-USDT,BTC,USDT,USDT,,8.0,0.1,2026-05-31 22:09:58.733725,20260531
BingX,ETH-USDT,ETH,USDT,USDT,,8.0,0.01,2026-05-31 22:09:58.733725,20260531
BingX,LINK-USDT,LINK,USDT,USDT,,8.0,0.001,2026-05-31 22:09:58.733725,20260531
BingX,BCH-USDT,BCH,USDT,USDT,,8.0,0.01,2026-05-31 22:09:58.733725,20260531
BingX,ADA-USDT,ADA,USDT,USDT,,8.0,0.0001,2026-05-31 22:09:58.734723,20260531
BingX,XRP-USDT,XRP,USDT,USDT,,8.0,0.0001,2026-05-31 22:09:58.734723,20260531
BingX,LTC-USDT,LTC,USDT,USDT,,8.0,0.01,2026-05-31 22:09:58.734723,20260531
BingX,DOT-USDT,DOT,USDT,USDT,,8.0,0.001,2026-05-31 22:09:58.734723,20260531
BingX,AVAX-USDT,AVAX,USDT,USDT,,8.0,0.001,2026-05-31 22:09:58.734723,20260531
BingX,THETA-USDT,THETA,USDT,USDT,,8.0,0.0001,2026-05-31 22:09:58.734723,20260531
BingX,ALGO-USDT,ALGO,USDT,USDT,,8.0,0.0001,2026-05-31 22:09:58.734723,20260531
BingX,AXS-USDT,AXS,USDT,USDT,,4.0,0.001,2026-05-31 22:09:58.734723,20260531
BingX,DYDX-USDT,DYDX,USDT,USDT,,8.0,1e-05,2026-05-31 22:09:58.734723,20260531
BingX,SHIB-USDT,SHIB,USDT,USDT,,8.0,1e-09,2026-05-31 22:09:58.734723,20260531
BingX,ICP-USDT,ICP,USDT,USDT,,8.0,0.001,2026-05-31 22:09:58.734723,20260531
BingX,SAND-USDT,SAND,USDT,USDT,,8.0,1e-05,2026-05-31 22:09:58.734723,20260531
BingX,KSM-USDT,KSM,USDT,USDT,,8.0,0.001,2026-05-31 22:09:58.734723,20260531
BingX,VET-USDT,VET,USDT,USDT,,8.0,1e-06,2026-05-31 22:09:58.734723,20260531
BingX,SUSHI-USDT,SUSHI,USDT,USDT,,8.0,0.0001,2026-05-31 22:09:58.734723,20260531
BingX,SOL-USDT,SOL,USDT,USDT,,8.0,0.001,2026-05-31 22:09:58.734723,20260531
BingX,NEAR-USDT,NEAR,USDT,USDT,,8.0,0.0001,2026-05-31 22:09:58.734723,20260531
BingX,ATOM-USDT,ATOM,USDT,USDT,,8.0,0.001,2026-05-31 22:09:58.734723,20260531
BingX,BSV-USDT,BSV,USDT,USDT,,4.0,0.01,2026-05-31 22:09:58.734723,20260531
BingX,UNI-USDT,UNI,USDT,USDT,,8.0,0.001,2026-05-31 22:09:58.734723,20260531
BingX,FIL-USDT,FIL,USDT,USDT,,8.0,0.001,2026-05-31 22:09:58.734723,20260531
BingX,AAVE-USDT,AAVE,USDT,USDT,,8.0,0.01,2026-05-31 22:09:58.734723,20260531
BingX,DOGE-USDT,DOGE,USDT,USDT,,8.0,1e-05,2026-05-31 22:09:58.734723,20260531
BingX,ENJ-USDT,ENJ,USDT,USDT,,4.0,1e-05,2026-05-31 22:09:58.734723,20260531
BingX,MANA-USDT,MANA,USDT,USDT,,8.0,0.0001,2026-05-31 22:09:58.734723,20260531
BingX,CHZ-USDT,CHZ,USDT,USDT,,8.0,1e-05,2026-05-31 22:09:58.734723,20260531
BingX,TRX-USDT,TRX,USDT,USDT,,8.0,1e-05,2026-05-31 22:09:58.734723,20260531
BingX,SKL-USDT,SKL,USDT,USDT,,4.0,1e-05,2026-05-31 22:09:58.734723,20260531
BingX,ZRX-USDT,ZRX,USDT,USDT,,4.0,0.0001,2026-05-31 22:09:58.734723,20260531
BingX,SNX-USDT,SNX,USDT,USDT,,8.0,0.0001,2026-05-31 22:09:58.734723,20260531
BingX,CRV-USDT,CRV,USDT,USDT,,8.0,0.0001,2026-05-31 22:09:58.734723,20260531
BingX,YFI-USDT,YFI,USDT,USDT,,8.0,1.0,2026-05-31 22:09:58.734723,20260531
BingX,1INCH-USDT,1INCH,USDT,USDT,,8.0,0.0001,2026-05-31 22:09:58.734723,20260531
BingX,COMP-USDT,COMP,USDT,USDT,,8.0,0.01,2026-05-31 22:09:58.734723,20260531
BingX,GRT-USDT,GRT,USDT,USDT,,8.0,1e-05,2026-05-31 22:09:58.734723,20260531
BingX,MASK-USDT,MASK,USDT,USDT,,4.0,0.0001,2026-05-31 22:09:58.734723,20260531
BingX,AR-USDT,AR,USDT,USDT,,8.0,0.001,2026-05-31 22:09:58.734723,20260531
BingX,ENS-USDT,ENS,USDT,USDT,,8.0,0.001,2026-05-31 22:09:58.734723,20260531
BingX,BAT-USDT,BAT,USDT,USDT,,8.0,0.0001,2026-05-31 22:09:58.734723,20260531
BingX,STORJ-USDT,STORJ,USDT,USDT,,4.0,0.0001,2026-05-31 22:09:58.734723,20260531
BingX,IMX-USDT,IMX,USDT,USDT,,4.0,0.0001,2026-05-31 22:09:58.734723,20260531
BingX,XLM-USDT,XLM,USDT,USDT,,8.0,1e-05,2026-05-31 22:09:58.734723,20260531
BingX,ZEC-USDT,ZEC,USDT,USDT,,8.0,0.01,2026-05-31 22:09:58.734723,20260531
BingX,DASH-USDT,DASH,USDT,USDT,,8.0,0.01,2026-05-31 22:09:58.734723,20260531
BingX,XMR-USDT,XMR,USDT,USDT,,8.0,0.01,2026-05-31 22:09:58.734723,20260531
BingX,WAVES-USDT,WAVES,USDT,USDT,,8.0,0.0001,2026-05-31 22:09:58.734723,20260531
BingX,ONT-USDT,ONT,USDT,USDT,,4.0,0.0001,2026-05-31 22:09:58.734723,20260531
BingX,ONE-USDT,ONE,USDT,USDT,,8.0,1e-06,2026-05-31 22:09:58.734723,20260531
BingX,EGLD-USDT,EGLD,USDT,USDT,,8.0,0.001,2026-05-31 22:09:58.734723,20260531
BingX,HBAR-USDT,HBAR,USDT,USDT,,8.0,1e-05,2026-05-31 22:09:58.734723,20260531
BingX,CELO-USDT,CELO,USDT,USDT,,8.0,0.0001,2026-05-31 22:09:58.734723,20260531
BingX,KAVA-USDT,KAVA,USDT,USDT,,4.0,0.0001,2026-05-31 22:09:58.734723,20260531
BingX,BNB-USDT,BNB,USDT,USDT,,8.0,0.01,2026-05-31 22:09:58.734723,20260531
BingX,GALA-USDT,GALA,USDT,USDT,,8.0,1e-06,2026-05-31 22:09:58.734723,20260531
BingX,YGG-USDT,YGG,USDT,USDT,,4.0,1e-05,2026-05-31 22:09:58.734723,20260531
BingX,ALICE-USDT,ALICE,USDT,USDT,,4.0,0.0001,2026-05-31 22:09:58.734723,20260531
BingX,CHR-USDT,CHR,USDT,USDT,,8.0,1e-05,2026-05-31 22:09:58.734723,20260531
BingX,APE-USDT,APE,USDT,USDT,,8.0,0.0001,2026-05-31 22:09:58.734723,20260531
BingX,RSR-USDT,RSR,USDT,USDT,,8.0,1e-06,2026-05-31 22:09:58.734723,20260531
BingX,KNC-USDT,KNC,USDT,USDT,,8.0,0.0001,2026-05-31 22:09:58.734723,20260531
BingX,FLOW-USDT,FLOW,USDT,USDT,,4.0,0.0001,2026-05-31 22:09:58.734723,20260531
BingX,GMT-USDT,GMT,USDT,USDT,,4.0,1e-05,2026-05-31 22:09:58.734723,20260531
BingX,RUNE-USDT,RUNE,USDT,USDT,,8.0,0.0001,2026-05-31 22:09:58.734723,20260531
BingX,RVN-USDT,RVN,USDT,USDT,,4.0,1e-05,2026-05-31 22:09:58.734723,20260531
BingX,NEO-USDT,NEO,USDT,USDT,,8.0,0.001,2026-05-31 22:09:58.734723,20260531
BingX,IOST-USDT,IOST,USDT,USDT,,8.0,1e-06,2026-05-31 22:09:58.734723,20260531
BingX,ETC-USDT,ETC,USDT,USDT,,8.0,0.001,2026-05-31 22:09:58.734723,20260531
BingX,ROSE-USDT,ROSE,USDT,USDT,,8.0,1e-05,2026-05-31 22:09:58.734723,20260531
BingX,MINA-USDT,MINA,USDT,USDT,,8.0,0.0001,2026-05-31 22:09:58.734723,20260531
BingX,CFX-USDT,CFX,USDT,USDT,,8.0,1e-05,2026-05-31 22:09:58.734723,20260531
BingX,API3-USDT,API3,USDT,USDT,,4.0,0.0001,2026-05-31 22:09:58.734723,20260531
BingX,AGLD-USDT,AGLD,USDT,USDT,,8.0,0.0001,2026-05-31 22:09:58.734723,20260531
BingX,SLP-USDT,SLP,USDT,USDT,,4.0,1e-07,2026-05-31 22:09:58.734723,20260531
BingX,JASMY-USDT,JASMY,USDT,USDT,,8.0,1e-06,2026-05-31 22:09:58.734723,20260531
BingX,CTK-USDT,CTK,USDT,USDT,,4.0,0.0001,2026-05-31 22:09:58.734723,20260531
BingX,MTL-USDT,MTL,USDT,USDT,,8.0,0.0001,2026-05-31 22:09:58.734723,20260531
BingX,PEOPLE-USDT,PEOPLE,USDT,USDT,,8.0,1e-05,2026-05-31 22:09:58.734723,20260531
BingX,ANKR-USDT,ANKR,USDT,USDT,,4.0,1e-06,2026-05-31 22:09:58.734723,20260531
BingX,WOO-USDT,WOO,USDT,USDT,,8.0,1e-05,2026-05-31 22:09:58.734723,20260531
BingX,CRO-USDT,CRO,USDT,USDT,,8.0,1e-05,2026-05-31 22:09:58.734723,20260531
BingX,LUNC-USDT,LUNC,USDT,USDT,,8.0,1e-08,2026-05-31 22:09:58.734723,20260531
BingX,LUNA-USDT,LUNA,USDT,USDT,,4.0,1e-05,2026-05-31 22:09:58.734723,20260531
BingX,OP-USDT,OP,USDT,USDT,,8.0,0.0001,2026-05-31 22:09:58.734723,20260531
BingX,LDO-USDT,LDO,USDT,USDT,,8.0,0.0001,2026-05-31 22:09:58.734723,20260531
BingX,STG-USDT,STG,USDT,USDT,,8.0,0.0001,2026-05-31 22:09:58.734723,20260531
BingX,INJ-USDT,INJ,USDT,USDT,,8.0,0.001,2026-05-31 22:09:58.734723,20260531
BingX,APT-USDT,APT,USDT,USDT,,8.0,0.0001,2026-05-31 22:09:58.734723,20260531
BingX,QNT-USDT,QNT,USDT,USDT,,8.0,0.01,2026-05-31 22:09:58.734723,20260531
BingX,ARPA-USDT,ARPA,USDT,USDT,,8.0,1e-05,2026-05-31 22:09:58.734723,20260531
BingX,SFP-USDT,SFP,USDT,USDT,,8.0,0.0001,2026-05-31 22:09:58.734723,20260531
BingX,TONCOIN-USDT,TONCOIN,USDT,USDT,,4.0,0.001,2026-05-31 22:09:58.734723,20260531
BingX,MAGIC-USDT,MAGIC,USDT,USDT,,4.0,0.0001,2026-05-31 22:09:58.734723,20260531
BingX,FET-USDT,FET,USDT,USDT,,8.0,0.0001,2026-05-31 22:09:58.734723,20260531
BingX,GMX-USDT,GMX,USDT,USDT,,8.0,0.001,2026-05-31 22:09:58.734723,20260531
BingX,HIGH-USDT,HIGH,USDT,USDT,,8.0,0.0001,2026-05-31 22:09:58.734723,20260531
BingX,COTI-USDT,COTI,USDT,USDT,,8.0,1e-05,2026-05-31 22:09:58.734723,20260531
BingX,METIS-USDT,METIS,USDT,USDT,,4.0,0.001,2026-05-31 22:09:58.734723,20260531
BingX,ASTR-USDT,ASTR,USDT,USDT,,8.0,1e-06,2026-05-31 22:09:58.734723,20260531
BingX,DUSK-USDT,DUSK,USDT,USDT,,4.0,1e-05,2026-05-31 22:09:58.734723,20260531
BingX,BLUR-USDT,BLUR,USDT,USDT,,4.0,1e-05,2026-05-31 22:09:58.734723,20260531
BingX,STX-USDT,STX,USDT,USDT,,8.0,0.0001,2026-05-31 22:09:58.734723,20260531
BingX,ACH-USDT,ACH,USDT,USDT,,8.0,1e-06,2026-05-31 22:09:58.734723,20260531
BingX,TRB-USDT,TRB,USDT,USDT,,4.0,0.001,2026-05-31 22:09:58.734723,20260531
BingX,FLOKI-USDT,FLOKI,USDT,USDT,,8.0,1e-08,2026-05-31 22:09:58.734723,20260531
BingX,ILV-USDT,ILV,USDT,USDT,,4.0,0.001,2026-05-31 22:09:58.734723,20260531
BingX,ZEN-USDT,ZEN,USDT,USDT,,8.0,0.001,2026-05-31 22:09:58.734723,20260531
BingX,SCRT-USDT,SCRT,USDT,USDT,,4.0,0.0001,2026-05-31 22:09:58.734723,20260531
BingX,RLC-USDT,RLC,USDT,USDT,,8.0,0.0001,2026-05-31 22:09:58.734723,20260531
BingX,LPT-USDT,LPT,USDT,USDT,,4.0,0.001,2026-05-31 22:09:58.734723,20260531
BingX,CKB-USDT,CKB,USDT,USDT,,8.0,1e-06,2026-05-31 22:09:58.734723,20260531
BingX,QTUM-USDT,QTUM,USDT,USDT,,8.0,0.001,2026-05-31 22:09:58.734723,20260531
BingX,SUN-USDT,SUN,USDT,USDT,,4.0,1e-06,2026-05-31 22:09:58.734723,20260531
BingX,IOTA-USDT,IOTA,USDT,USDT,,8.0,0.0001,2026-05-31 22:09:58.734723,20260531
BingX,SSV-USDT,SSV,USDT,USDT,,8.0,0.001,2026-05-31 22:09:58.734723,20260531
BingX,TLM-USDT,TLM,USDT,USDT,,4.0,1e-06,2026-05-31 22:09:58.734723,20260531
BingX,XCN-USDT,XCN,USDT,USDT,,4.0,1e-07,2026-05-31 22:09:58.734723,20260531
BingX,TWT-USDT,TWT,USDT,USDT,,4.0,0.0001,2026-05-31 22:09:58.734723,20260531
BingX,LQTY-USDT,LQTY,USDT,USDT,,8.0,0.0001,2026-05-31 22:09:58.734723,20260531
BingX,ID-USDT,ID,USDT,USDT,,1.0,1e-05,2026-05-31 22:09:58.734723,20260531
BingX,ARB-USDT,ARB,USDT,USDT,,8.0,0.0001,2026-05-31 22:09:58.734723,20260531
BingX,EDU-USDT,EDU,USDT,USDT,,8.0,0.0001,2026-05-31 22:09:58.734723,20260531
BingX,SUI-USDT,SUI,USDT,USDT,,8.0,0.0001,2026-05-31 22:09:58.734723,20260531
BingX,TURBO-USDT,TURBO,USDT,USDT,,4.0,1e-07,2026-05-31 22:09:58.734723,20260531
BingX,ORDI-USDT,ORDI,USDT,USDT,,4.0,0.001,2026-05-31 22:09:58.734723,20260531
BingX,UMA-USDT,UMA,USDT,USDT,,4.0,0.0001,2026-05-31 22:09:58.734723,20260531
BingX,OKB-USDT,OKB,USDT,USDT,,4.0,0.01,2026-05-31 22:09:58.734723,20260531
BingX,NMR-USDT,NMR,USDT,USDT,,4.0,0.001,2026-05-31 22:09:58.734723,20260531
BingX,MAV-USDT,MAV,USDT,USDT,,8.0,1e-05,2026-05-31 22:09:58.734723,20260531
BingX,WLD-USDT,WLD,USDT,USDT,,8.0,0.0001,2026-05-31 22:09:58.734723,20260531
BingX,PENDLE-USDT,PENDLE,USDT,USDT,,8.0,0.0001,2026-05-31 22:09:58.734723,20260531
BingX,ARKM-USDT,ARKM,USDT,USDT,,8.0,0.0001,2026-05-31 22:09:58.734723,20260531
BingX,CYBER-USDT,CYBER,USDT,USDT,,4.0,0.0001,2026-05-31 22:09:58.734723,20260531
BingX,SEI-USDT,SEI,USDT,USDT,,8.0,0.0001,2026-05-31 22:09:58.734723,20260531
BingX,1000PEPE-USDT,1000PEPE,USDT,USDT,,8.0,1e-07,2026-05-31 22:09:58.734723,20260531
BingX,ARK-USDT,ARK,USDT,USDT,,4.0,0.0001,2026-05-31 22:09:58.734723,20260531
BingX,KAS-USDT,KAS,USDT,USDT,,4.0,1e-05,2026-05-31 22:09:58.734723,20260531
BingX,BIGTIME-USDT,BIGTIME,USDT,USDT,,4.0,1e-05,2026-05-31 22:09:58.734723,20260531
BingX,POLYX-USDT,POLYX,USDT,USDT,,4.0,1e-05,2026-05-31 22:09:58.734723,20260531
BingX,GAS-USDT,GAS,USDT,USDT,,4.0,0.001,2026-05-31 22:09:58.734723,20260531
BingX,TIA-USDT,TIA,USDT,USDT,,4.0,0.0001,2026-05-31 22:09:58.734723,20260531
BingX,CAKE-USDT,CAKE,USDT,USDT,,4.0,0.0001,2026-05-31 22:09:58.734723,20260531
BingX,MEME-USDT,MEME,USDT,USDT,,4.0,1e-06,2026-05-31 22:09:58.734723,20260531
BingX,10000SATS-USDT,10000SATS,USDT,USDT,,4.0,1e-08,2026-05-31 22:09:58.734723,20260531
BingX,BEAM-USDT,BEAM,USDT,USDT,,4.0,1e-06,2026-05-31 22:09:58.734723,20260531
BingX,RATS-USDT,RATS,USDT,USDT,,4.0,1e-08,2026-05-31 22:09:58.734723,20260531
BingX,PYTH-USDT,PYTH,USDT,USDT,,4.0,1e-05,2026-05-31 22:09:58.734723,20260531
BingX,1000BONK-USDT,1000BONK,USDT,USDT,,4.0,1e-06,2026-05-31 22:09:58.734723,20260531
BingX,SUPER-USDT,SUPER,USDT,USDT,,4.0,0.0001,2026-05-31 22:09:58.734723,20260531
BingX,ONG-USDT,ONG,USDT,USDT,,4.0,1e-05,2026-05-31 22:09:58.734723,20260531
BingX,AXL-USDT,AXL,USDT,USDT,,4.0,0.0001,2026-05-31 22:09:58.734723,20260531
BingX,JTO-USDT,JTO,USDT,USDT,,4.0,0.0001,2026-05-31 22:09:58.734723,20260531
BingX,AUCTION-USDT,AUCTION,USDT,USDT,,4.0,0.001,2026-05-31 22:09:58.734723,20260531
BingX,ACE-USDT,ACE,USDT,USDT,,4.0,0.0001,2026-05-31 22:09:58.734723,20260531
BingX,MOVR-USDT,MOVR,USDT,USDT,,4.0,0.001,2026-05-31 22:09:58.734723,20260531
BingX,NFP-USDT,NFP,USDT,USDT,,4.0,1e-05,2026-05-31 22:09:58.734723,20260531
BingX,CETUS-USDT,CETUS,USDT,USDT,,4.0,1e-05,2026-05-31 22:09:58.734723,20260531
BingX,XAI-USDT,XAI,USDT,USDT,,4.0,1e-05,2026-05-31 22:09:58.734723,20260531
BingX,WIF-USDT,WIF,USDT,USDT,,4.0,0.0001,2026-05-31 22:09:58.734723,20260531
BingX,MANTA-USDT,MANTA,USDT,USDT,,4.0,1e-05,2026-05-31 22:09:58.734723,20260531
BingX,ONDO-USDT,ONDO,USDT,USDT,,4.0,0.0001,2026-05-31 22:09:58.734723,20260531
BingX,LSK-USDT,LSK,USDT,USDT,,4.0,0.0001,2026-05-31 22:09:58.734723,20260531
BingX,ALT-USDT,ALT,USDT,USDT,,4.0,1e-05,2026-05-31 22:09:58.734723,20260531
BingX,TAO-USDT,TAO,USDT,USDT,,4.0,0.01,2026-05-31 22:09:58.734723,20260531
BingX,JUP-USDT,JUP,USDT,USDT,,4.0,0.0001,2026-05-31 22:09:58.734723,20260531
BingX,ZETA-USDT,ZETA,USDT,USDT,,4.0,1e-05,2026-05-31 22:09:58.734723,20260531
BingX,RON-USDT,RON,USDT,USDT,,4.0,0.0001,2026-05-31 22:09:58.734723,20260531
BingX,DYM-USDT,DYM,USDT,USDT,,4.0,1e-05,2026-05-31 22:09:58.734723,20260531
BingX,PIXEL-USDT,PIXEL,USDT,USDT,,4.0,1e-06,2026-05-31 22:09:58.734723,20260531
BingX,MAVIA-USDT,MAVIA,USDT,USDT,,4.0,1e-05,2026-05-31 22:09:58.734723,20260531
BingX,STRK-USDT,STRK,USDT,USDT,,4.0,1e-05,2026-05-31 22:09:58.734723,20260531
BingX,GLM-USDT,GLM,USDT,USDT,,4.0,1e-05,2026-05-31 22:09:58.734723,20260531
BingX,PORTAL-USDT,PORTAL,USDT,USDT,,4.0,1e-05,2026-05-31 22:09:58.734723,20260531
BingX,AEVO-USDT,AEVO,USDT,USDT,,4.0,1e-05,2026-05-31 22:09:58.734723,20260531
BingX,VANRY-USDT,VANRY,USDT,USDT,,4.0,1e-06,2026-05-31 22:09:58.734723,20260531
BingX,BOME-USDT,BOME,USDT,USDT,,4.0,1e-07,2026-05-31 22:09:58.734723,20260531
BingX,ETHFI-USDT,ETHFI,USDT,USDT,,4.0,0.0001,2026-05-31 22:09:58.734723,20260531
BingX,ENA-USDT,ENA,USDT,USDT,,4.0,0.0001,2026-05-31 22:09:58.734723,20260531
BingX,W-USDT,W,USDT,USDT,,4.0,1e-05,2026-05-31 22:09:58.734723,20260531
BingX,TNSR-USDT,TNSR,USDT,USDT,,4.0,1e-05,2026-05-31 22:09:58.734723,20260531
BingX,SAGA-USDT,SAGA,USDT,USDT,,4.0,1e-05,2026-05-31 22:09:58.734723,20260531
BingX,MERL-USDT,MERL,USDT,USDT,,4.0,1e-05,2026-05-31 22:09:58.734723,20260531
BingX,MEW-USDT,MEW,USDT,USDT,,4.0,1e-06,2026-05-31 22:09:58.734723,20260531
BingX,REZ-USDT,REZ,USDT,USDT,,4.0,1e-06,2026-05-31 22:09:58.734723,20260531
BingX,BB-USDT,BB,USDT,USDT,,4.0,1e-05,2026-05-31 22:09:58.734723,20260531
BingX,NOT-USDT,NOT,USDT,USDT,,4.0,1e-07,2026-05-31 22:09:58.734723,20260531
BingX,IO-USDT,IO,USDT,USDT,,4.0,0.0001,2026-05-31 22:09:58.734723,20260531
BingX,1000000BABYDOGE-USDT,1000000BABYDOGE,USDT,USDT,,4.0,1e-07,2026-05-31 22:09:58.734723,20260531
BingX,BRETT-USDT,BRETT,USDT,USDT,,4.0,1e-05,2026-05-31 22:09:58.734723,20260531
BingX,ATH-USDT,ATH,USDT,USDT,,4.0,1e-05,2026-05-31 22:09:58.734723,20260531
BingX,BTC-USDC,BTC,USDC,USDC,,,0.1,2026-05-31 22:09:58.734723,20260531
BingX,ZK-USDT,ZK,USDT,USDT,,4.0,1e-05,2026-05-31 22:09:58.734723,20260531
BingX,LISTA-USDT,LISTA,USDT,USDT,,4.0,0.0001,2026-05-31 22:09:58.734723,20260531
BingX,ZRO-USDT,ZRO,USDT,USDT,,4.0,0.0001,2026-05-31 22:09:58.734723,20260531
BingX,ETH-USDC,ETH,USDC,USDC,,,0.01,2026-05-31 22:09:58.734723,20260531
BingX,SOL-USDC,SOL,USDC,USDC,,,0.001,2026-05-31 22:09:58.734723,20260531
BingX,DOGE-USDC,DOGE,USDC,USDC,,,1e-05,2026-05-31 22:09:58.734723,20260531
BingX,XRP-USDC,XRP,USDC,USDC,,,0.0001,2026-05-31 22:09:58.734723,20260531
BingX,BNB-USDC,BNB,USDC,USDC,,,0.01,2026-05-31 22:09:58.734723,20260531
BingX,ORDI-USDC,ORDI,USDC,USDC,,,0.001,2026-05-31 22:09:58.734723,20260531
BingX,1000PEPE-USDC,1000PEPE,USDC,USDC,,,1e-07,2026-05-31 22:09:58.734723,20260531
BingX,WIF-USDC,WIF,USDC,USDC,,,0.0001,2026-05-31 22:09:58.734723,20260531
BingX,BANANA-USDT,BANANA,USDT,USDT,,4.0,0.001,2026-05-31 22:09:58.734723,20260531
BingX,RENDER-USDT,RENDER,USDT,USDT,,4.0,0.001,2026-05-31 22:09:58.734723,20260531
BingX,RARE-USDT,RARE,USDT,USDT,,4.0,1e-05,2026-05-31 22:09:58.734723,20260531
BingX,G-USDT,G,USDT,USDT,,4.0,1e-06,2026-05-31 22:09:58.734723,20260531
BingX,SYN-USDT,SYN,USDT,USDT,,4.0,1e-05,2026-05-31 22:09:58.734723,20260531
BingX,CATI-USDT,CATI,USDT,USDT,,4.0,1e-05,2026-05-31 22:09:58.734723,20260531
BingX,POPCAT-USDT,POPCAT,USDT,USDT,,4.0,1e-05,2026-05-31 22:09:58.734723,20260531
BingX,DOGS-USDT,DOGS,USDT,USDT,,4.0,1e-08,2026-05-31 22:09:58.734723,20260531
BingX,ORDER-USDT,ORDER,USDT,USDT,,4.0,0.0001,2026-05-31 22:09:58.734723,20260531
BingX,FLUX-USDT,FLUX,USDT,USDT,,4.0,0.0001,2026-05-31 22:09:58.734723,20260531
BingX,POL-USDT,POL,USDT,USDT,,4.0,1e-05,2026-05-31 22:09:58.734723,20260531
BingX,AERGO-USDT,AERGO,USDT,USDT,,4.0,1e-05,2026-05-31 22:09:58.734723,20260531
BingX,NEIROCTO-USDT,NEIROCTO,USDT,USDT,,4.0,1e-08,2026-05-31 22:09:58.734723,20260531
BingX,RPL-USDT,RPL,USDT,USDT,,4.0,0.001,2026-05-31 22:09:58.734723,20260531
BingX,FIDA-USDT,FIDA,USDT,USDT,,4.0,1e-05,2026-05-31 22:09:58.734723,20260531
BingX,HMSTR-USDT,HMSTR,USDT,USDT,,4.0,1e-07,2026-05-31 22:09:58.734723,20260531
BingX,EIGEN-USDT,EIGEN,USDT,USDT,,4.0,0.0001,2026-05-31 22:09:58.734723,20260531
BingX,DIA-USDT,DIA,USDT,USDT,,4.0,0.0001,2026-05-31 22:09:58.734723,20260531
BingX,CARV-USDT,CARV,USDT,USDT,,4.0,0.0001,2026-05-31 22:09:58.734723,20260531
BingX,1000CAT-USDT,1000CAT,USDT,USDT,,4.0,1e-06,2026-05-31 22:09:58.734723,20260531
BingX,GOAT-USDT,GOAT,USDT,USDT,,4.0,1e-05,2026-05-31 22:09:58.734723,20260531
BingX,SAFE-USDT,SAFE,USDT,USDT,,4.0,0.0001,2026-05-31 22:09:58.735720,20260531
BingX,SANTOS-USDT,SANTOS,USDT,USDT,,4.0,0.001,2026-05-31 22:09:58.735720,20260531
BingX,GRASS-USDT,GRASS,USDT,USDT,,4.0,0.0001,2026-05-31 22:09:58.735720,20260531
BingX,MOODENG-USDT,MOODENG,USDT,USDT,,4.0,1e-05,2026-05-31 22:09:58.735720,20260531
BingX,KAIA-USDT,KAIA,USDT,USDT,,4.0,1e-05,2026-05-31 22:09:58.735720,20260531
BingX,COW-USDT,COW,USDT,USDT,,4.0,0.0001,2026-05-31 22:09:58.735720,20260531
BingX,1000000MOG-USDT,1000000MOG,USDT,USDT,,4.0,0.0001,2026-05-31 22:09:58.735720,20260531
BingX,DRIFT-USDT,DRIFT,USDT,USDT,,4.0,1e-05,2026-05-31 22:09:58.735720,20260531
BingX,SPX-USDT,SPX,USDT,USDT,,4.0,0.0001,2026-05-31 22:09:58.735720,20260531
BingX,ACT-USDT,ACT,USDT,USDT,,4.0,1e-05,2026-05-31 22:09:58.735720,20260531
BingX,PNUT-USDT,PNUT,USDT,USDT,,4.0,1e-05,2026-05-31 22:09:58.735720,20260531
BingX,RAY-USDT,RAY,USDT,USDT,,8.0,0.0001,2026-05-31 22:09:58.735720,20260531
BingX,AKT-USDT,AKT,USDT,USDT,,4.0,0.0001,2026-05-31 22:09:58.735720,20260531
BingX,CHILLGUY-USDT,CHILLGUY,USDT,USDT,,4.0,1e-06,2026-05-31 22:09:58.735720,20260531
BingX,1000CHEEMS-USDT,1000CHEEMS,USDT,USDT,,4.0,1e-07,2026-05-31 22:09:58.735720,20260531
BingX,THE-USDT,THE,USDT,USDT,,4.0,0.0001,2026-05-31 22:09:58.735720,20260531
BingX,MORPHO-USDT,MORPHO,USDT,USDT,,4.0,0.0001,2026-05-31 22:09:58.735720,20260531
BingX,AERO-USDT,AERO,USDT,USDT,,4.0,0.0001,2026-05-31 22:09:58.735720,20260531
BingX,MOVE-USDT,MOVE,USDT,USDT,,4.0,1e-05,2026-05-31 22:09:58.735720,20260531
BingX,ME-USDT,ME,USDT,USDT,,4.0,1e-05,2026-05-31 22:09:58.735720,20260531
BingX,AVA-USDT,AVA,USDT,USDT,,4.0,0.0001,2026-05-31 22:09:58.735720,20260531
BingX,VELODROME-USDT,VELODROME,USDT,USDT,,4.0,1e-05,2026-05-31 22:09:58.735720,20260531
BingX,VANA-USDT,VANA,USDT,USDT,,4.0,0.001,2026-05-31 22:09:58.735720,20260531
BingX,PENGU-USDT,PENGU,USDT,USDT,,4.0,1e-06,2026-05-31 22:09:58.735720,20260531
BingX,LUMIA-USDT,LUMIA,USDT,USDT,,4.0,0.0001,2026-05-31 22:09:58.735720,20260531
BingX,USUAL-USDT,USUAL,USDT,USDT,,4.0,1e-05,2026-05-31 22:09:58.735720,20260531
BingX,HYPE-USDT,HYPE,USDT,USDT,,4.0,0.001,2026-05-31 22:09:58.735720,20260531
BingX,ALTCOIN-USDT,ALTCOIN,USDT,USDT,,8.0,0.01,2026-05-31 22:09:58.735720,20260531
BingX,HIVE-USDT,HIVE,USDT,USDT,,1.0,1e-05,2026-05-31 22:09:58.735720,20260531
BingX,PHA-USDT,PHA,USDT,USDT,,4.0,1e-05,2026-05-31 22:09:58.735720,20260531
BingX,AIXBT-USDT,AIXBT,USDT,USDT,,4.0,1e-05,2026-05-31 22:09:58.735720,20260531
BingX,VIRTUAL-USDT,VIRTUAL,USDT,USDT,,4.0,0.0001,2026-05-31 22:09:58.735720,20260531
BingX,CGPT-USDT,CGPT,USDT,USDT,,4.0,1e-05,2026-05-31 22:09:58.735720,20260531
BingX,FARTCOIN-USDT,FARTCOIN,USDT,USDT,,4.0,0.0001,2026-05-31 22:09:58.735720,20260531
BingX,KMNO-USDT,KMNO,USDT,USDT,,4.0,1e-05,2026-05-31 22:09:58.735720,20260531
BingX,GRIFFAIN-USDT,GRIFFAIN,USDT,USDT,,4.0,1e-06,2026-05-31 22:09:58.735720,20260531
BingX,ZEREBRO-USDT,ZEREBRO,USDT,USDT,,4.0,1e-05,2026-05-31 22:09:58.735720,20260531
BingX,BIO-USDT,BIO,USDT,USDT,,4.0,1e-05,2026-05-31 22:09:58.735720,20260531
BingX,SUI-USDC,SUI,USDC,USDC,,,1e-05,2026-05-31 22:09:58.735720,20260531
BingX,ALCH-USDT,ALCH,USDT,USDT,,4.0,1e-05,2026-05-31 22:09:58.735720,20260531
BingX,COOKIE-USDT,COOKIE,USDT,USDT,,4.0,1e-05,2026-05-31 22:09:58.735720,20260531
BingX,SWARMS-USDT,SWARMS,USDT,USDT,,4.0,1e-05,2026-05-31 22:09:58.735720,20260531
BingX,WLD-USDC,WLD,USDC,USDC,,,1e-05,2026-05-31 22:09:58.735720,20260531
BingX,D-USDT,D,USDT,USDT,,4.0,1e-06,2026-05-31 22:09:58.735720,20260531
BingX,PROM-USDT,PROM,USDT,USDT,,4.0,0.001,2026-05-31 22:09:58.735720,20260531
BingX,S-USDT,S,USDT,USDT,,4.0,1e-05,2026-05-31 22:09:58.735720,20260531
BingX,SOLV-USDT,SOLV,USDT,USDT,,4.0,1e-05,2026-05-31 22:09:58.735720,20260531
BingX,TRUMPSOL-USDT,TRUMPSOL,USDT,USDT,,4.0,0.001,2026-05-31 22:09:58.735720,20260531
BingX,MELANIA-USDT,MELANIA,USDT,USDT,,4.0,0.0001,2026-05-31 22:09:58.735720,20260531
BingX,ARC-USDT,ARC,USDT,USDT,,4.0,1e-05,2026-05-31 22:09:58.735720,20260531
BingX,AVAAI-USDT,AVAAI,USDT,USDT,,4.0,1e-06,2026-05-31 22:09:58.735720,20260531
BingX,VINE-USDT,VINE,USDT,USDT,,4.0,1e-05,2026-05-31 22:09:58.735720,20260531
BingX,ANIME-USDT,ANIME,USDT,USDT,,4.0,1e-06,2026-05-31 22:09:58.735720,20260531
BingX,PIPPIN-USDT,PIPPIN,USDT,USDT,,4.0,1e-05,2026-05-31 22:09:58.735720,20260531
BingX,TOSHI-USDT,TOSHI,USDT,USDT,,4.0,1e-07,2026-05-31 22:09:58.735720,20260531
BingX,VVV-USDT,VVV,USDT,USDT,,4.0,0.001,2026-05-31 22:09:58.735720,20260531
BingX,BERA-USDT,BERA,USDT,USDT,,4.0,0.0001,2026-05-31 22:09:58.735720,20260531
BingX,LAYER-USDT,LAYER,USDT,USDT,,4.0,1e-05,2026-05-31 22:09:58.735720,20260531
BingX,IP-USDT,IP,USDT,USDT,,4.0,1e-05,2026-05-31 22:09:58.735720,20260531
BingX,BROCCOLI-USDT,BROCCOLI,USDT,USDT,,4.0,1e-05,2026-05-31 22:09:58.735720,20260531
BingX,SHELL-USDT,SHELL,USDT,USDT,,4.0,1e-05,2026-05-31 22:09:58.735720,20260531
BingX,GPS-USDT,GPS,USDT,USDT,,4.0,1e-06,2026-05-31 22:09:58.735720,20260531
BingX,KAITO-USDT,KAITO,USDT,USDT,,4.0,0.0001,2026-05-31 22:09:58.735720,20260531
BingX,REDSTONE-USDT,REDSTONE,USDT,USDT,,4.0,0.0001,2026-05-31 22:09:58.735720,20260531
BingX,ARB-USDC,ARB,USDC,USDC,,,0.0001,2026-05-31 22:09:58.735720,20260531
BingX,LTC-USDC,LTC,USDC,USDC,,,0.01,2026-05-31 22:09:58.735720,20260531
BingX,ENA-USDC,ENA,USDC,USDC,,,0.0001,2026-05-31 22:09:58.735720,20260531
BingX,1000BONK-USDC,1000BONK,USDC,USDC,,,1e-06,2026-05-31 22:09:58.735720,20260531
BingX,BCH-USDC,BCH,USDC,USDC,,,0.01,2026-05-31 22:09:58.735720,20260531
BingX,NEAR-USDC,NEAR,USDC,USDC,,,0.001,2026-05-31 22:09:58.735720,20260531
BingX,LINK-USDC,LINK,USDC,USDC,,,0.001,2026-05-31 22:09:58.735720,20260531
BingX,AVAX-USDC,AVAX,USDC,USDC,,,0.001,2026-05-31 22:09:58.735720,20260531
BingX,TIA-USDC,TIA,USDC,USDC,,,0.0001,2026-05-31 22:09:58.735720,20260531
BingX,BOME-USDC,BOME,USDC,USDC,,,1e-07,2026-05-31 22:09:58.735720,20260531
BingX,MUBARAK-USDT,MUBARAK,USDT,USDT,,4.0,1e-05,2026-05-31 22:09:58.735720,20260531
BingX,EPIC-USDT,EPIC,USDT,USDT,,4.0,0.0001,2026-05-31 22:09:58.735720,20260531
BingX,FIL-USDC,FIL,USDC,USDC,,,0.001,2026-05-31 22:09:58.735720,20260531
BingX,ETHFI-USDC,ETHFI,USDC,USDC,,,0.0001,2026-05-31 22:09:58.735720,20260531
BingX,NEO-USDC,NEO,USDC,USDC,,,0.001,2026-05-31 22:09:58.735720,20260531
BingX,POPCAT-USDC,POPCAT,USDC,USDC,,,0.0001,2026-05-31 22:09:58.735720,20260531
BingX,ONDO-USDC,ONDO,USDC,USDC,,,0.0001,2026-05-31 22:09:58.735720,20260531
BingX,NOT-USDC,NOT,USDC,USDC,,,1e-07,2026-05-31 22:09:58.735720,20260531
BingX,FORM-USDT,FORM,USDT,USDT,,4.0,0.0001,2026-05-31 22:09:58.735720,20260531
BingX,KOMA-USDT,KOMA,USDT,USDT,,4.0,1e-06,2026-05-31 22:09:58.735720,20260531
BingX,TUT-USDT,TUT,USDT,USDT,,4.0,1e-05,2026-05-31 22:09:58.735720,20260531
BingX,OP-USDC,OP,USDC,USDC,,,0.0001,2026-05-31 22:09:58.735720,20260531
BingX,POL-USDC,POL,USDC,USDC,,,0.0001,2026-05-31 22:09:58.735720,20260531
BingX,ETC-USDC,ETC,USDC,USDC,,,0.001,2026-05-31 22:09:58.735720,20260531
BingX,TONCOIN-USDC,TONCOIN,USDC,USDC,,,0.0001,2026-05-31 22:09:58.735720,20260531
BingX,BANANAS31-USDT,BANANAS31,USDT,USDT,,4.0,1e-06,2026-05-31 22:09:58.735720,20260531
BingX,BR-USDT,BR,USDT,USDT,,4.0,1e-05,2026-05-31 22:09:58.735720,20260531
BingX,STRK-USDC,STRK,USDC,USDC,,,1e-05,2026-05-31 22:09:58.735720,20260531
BingX,DOT-USDC,DOT,USDC,USDC,,,0.001,2026-05-31 22:09:58.735720,20260531
BingX,AEVO-USDC,AEVO,USDC,USDC,,,1e-05,2026-05-31 22:09:58.735720,20260531
BingX,XLM-USDC,XLM,USDC,USDC,,,1e-05,2026-05-31 22:09:58.735720,20260531
BingX,SIREN-USDT,SIREN,USDT,USDT,,4.0,1e-05,2026-05-31 22:09:58.735720,20260531
BingX,BROCCOLIF3B-USDT,BROCCOLIF3B,USDT,USDT,,4.0,1e-06,2026-05-31 22:09:58.735720,20260531
BingX,ORCA-USDT,ORCA,USDT,USDT,,4.0,0.001,2026-05-31 22:09:58.735720,20260531
BingX,PLUME-USDT,PLUME,USDT,USDT,,4.0,1e-05,2026-05-31 22:09:58.735720,20260531
BingX,SHIB-USDC,SHIB,USDC,USDC,,,1e-09,2026-05-31 22:09:58.735720,20260531
BingX,ADA-USDC,ADA,USDC,USDC,,,0.0001,2026-05-31 22:09:58.735720,20260531
BingX,HBAR-USDC,HBAR,USDC,USDC,,,1e-05,2026-05-31 22:09:58.735720,20260531
BingX,CRV-USDC,CRV,USDC,USDC,,,0.0001,2026-05-31 22:09:58.735720,20260531
BingX,NIL-USDT,NIL,USDT,USDT,,4.0,1e-05,2026-05-31 22:09:58.735720,20260531
BingX,TRX-USDC,TRX,USDC,USDC,,,1e-05,2026-05-31 22:09:58.735720,20260531
BingX,APT-USDC,APT,USDC,USDC,,,0.0001,2026-05-31 22:09:58.735720,20260531
BingX,UNI-USDC,UNI,USDC,USDC,,,0.001,2026-05-31 22:09:58.735720,20260531
BingX,EIGEN-USDC,EIGEN,USDC,USDC,,,0.0001,2026-05-31 22:09:58.735720,20260531
BingX,PARTI-USDT,PARTI,USDT,USDT,,4.0,1e-05,2026-05-31 22:09:58.735720,20260531
BingX,AAVE-USDC,AAVE,USDC,USDC,,,0.01,2026-05-31 22:09:58.735720,20260531
BingX,PNUT-USDC,PNUT,USDC,USDC,,,1e-05,2026-05-31 22:09:58.735720,20260531
BingX,PAXG-USDT,PAXG,USDT,USDT,,4.0,0.01,2026-05-31 22:09:58.735720,20260531
BingX,WAL-USDT,WAL,USDT,USDT,,4.0,1e-05,2026-05-31 22:09:58.735720,20260531
BingX,IP-USDC,IP,USDC,USDC,,,0.0001,2026-05-31 22:09:58.735720,20260531
BingX,KAITO-USDC,KAITO,USDC,USDC,,,0.0001,2026-05-31 22:09:58.735720,20260531
BingX,FARTCOIN-USDC,FARTCOIN,USDC,USDC,,,0.0001,2026-05-31 22:09:58.735720,20260531
BingX,MLN-USDT,MLN,USDT,USDT,,4.0,0.001,2026-05-31 22:09:58.735720,20260531
BingX,GUN-USDT,GUN,USDT,USDT,,4.0,1e-05,2026-05-31 22:09:58.735720,20260531
BingX,XAUT-USDT,XAUT,USDT,USDT,,4.0,0.01,2026-05-31 22:09:58.735720,20260531
BingX,BABY-USDT,BABY,USDT,USDT,,4.0,1e-05,2026-05-31 22:09:58.735720,20260531
BingX,PROMPT-USDT,PROMPT,USDT,USDT,,4.0,1e-05,2026-05-31 22:09:58.735720,20260531
BingX,PUMPBTC-USDT,PUMPBTC,USDT,USDT,,4.0,1e-05,2026-05-31 22:09:58.735720,20260531
BingX,FHE-USDT,FHE,USDT,USDT,,4.0,1e-05,2026-05-31 22:09:58.735720,20260531
BingX,STO-USDT,STO,USDT,USDT,,4.0,1e-05,2026-05-31 22:09:58.735720,20260531
BingX,KERNEL-USDT,KERNEL,USDT,USDT,,4.0,1e-05,2026-05-31 22:09:58.735720,20260531
BingX,WCT-USDT,WCT,USDT,USDT,,4.0,1e-05,2026-05-31 22:09:58.735720,20260531
BingX,DEEP-USDT,DEEP,USDT,USDT,,4.0,1e-05,2026-05-31 22:09:58.735720,20260531
BingX,INIT-USDT,INIT,USDT,USDT,,4.0,1e-05,2026-05-31 22:09:58.735720,20260531
BingX,BANK-USDT,BANK,USDT,USDT,,4.0,1e-06,2026-05-31 22:09:58.735720,20260531
BingX,HYPERLANE-USDT,HYPERLANE,USDT,USDT,,4.0,1e-05,2026-05-31 22:09:58.735720,20260531
BingX,ZORA-USDT,ZORA,USDT,USDT,,4.0,1e-05,2026-05-31 22:09:58.735720,20260531
BingX,SIGN-USDT,SIGN,USDT,USDT,,4.0,1e-05,2026-05-31 22:09:58.735720,20260531
BingX,AIOT-USDT,AIOT,USDT,USDT,,4.0,1e-05,2026-05-31 22:09:58.735720,20260531
BingX,HAEDAL-USDT,HAEDAL,USDT,USDT,,4.0,1e-06,2026-05-31 22:09:58.735720,20260531
BingX,DOLO-USDT,DOLO,USDT,USDT,,4.0,1e-06,2026-05-31 22:09:58.735720,20260531
BingX,ASR-USDT,ASR,USDT,USDT,,4.0,0.001,2026-05-31 22:09:58.735720,20260531
BingX,ALPINE-USDT,ALPINE,USDT,USDT,,4.0,0.0001,2026-05-31 22:09:58.735720,20260531
BingX,B2-USDT,B2,USDT,USDT,,4.0,0.0001,2026-05-31 22:09:58.735720,20260531
BingX,SYRUP-USDT,SYRUP,USDT,USDT,,4.0,1e-05,2026-05-31 22:09:58.735720,20260531
BingX,SXT-USDT,SXT,USDT,USDT,,4.0,1e-05,2026-05-31 22:09:58.735720,20260531
BingX,DOOD-USDT,DOOD,USDT,USDT,,4.0,1e-07,2026-05-31 22:09:58.735720,20260531
BingX,OG-USDT,OG,USDT,USDT,,4.0,0.0001,2026-05-31 22:09:58.735720,20260531
BingX,SKYAI-USDT,SKYAI,USDT,USDT,,4.0,1e-05,2026-05-31 22:09:58.735720,20260531
BingX,MYX-USDT,MYX,USDT,USDT,,4.0,1e-05,2026-05-31 22:09:58.735720,20260531
BingX,NXPC-USDT,NXPC,USDT,USDT,,4.0,1e-05,2026-05-31 22:09:58.735720,20260531
BingX,AWE-USDT,AWE,USDT,USDT,,4.0,1e-06,2026-05-31 22:09:58.735720,20260531
BingX,B-USDT,B,USDT,USDT,,4.0,0.0001,2026-05-31 22:09:58.735720,20260531
BingX,SOON-USDT,SOON,USDT,USDT,,4.0,1e-05,2026-05-31 22:09:58.735720,20260531
BingX,HUMA-USDT,HUMA,USDT,USDT,,4.0,1e-06,2026-05-31 22:09:58.735720,20260531
BingX,A-USDT,A,USDT,USDT,,4.0,1e-05,2026-05-31 22:09:58.735720,20260531
BingX,SOPH-USDT,SOPH,USDT,USDT,,4.0,1e-06,2026-05-31 22:09:58.735720,20260531
BingX,FLOCK-USDT,FLOCK,USDT,USDT,,4.0,1e-05,2026-05-31 22:09:58.735720,20260531
BingX,LA-USDT,LA,USDT,USDT,,4.0,0.0001,2026-05-31 22:09:58.735720,20260531
BingX,1000000BOB-USDT,1000000BOB,USDT,USDT,,4.0,1e-05,2026-05-31 22:09:58.735720,20260531
BingX,RESOLV-USDT,RESOLV,USDT,USDT,,4.0,1e-05,2026-05-31 22:09:58.735720,20260531
BingX,HOME-USDT,HOME,USDT,USDT,,4.0,1e-06,2026-05-31 22:09:58.735720,20260531
BingX,IDOL-USDT,IDOL,USDT,USDT,,4.0,1e-05,2026-05-31 22:09:58.735720,20260531
BingX,TAIKO-USDT,TAIKO,USDT,USDT,,4.0,0.0001,2026-05-31 22:09:58.735720,20260531
BingX,SQD-USDT,SQD,USDT,USDT,,4.0,1e-05,2026-05-31 22:09:58.735720,20260531
BingX,SPK-USDT,SPK,USDT,USDT,,4.0,1e-05,2026-05-31 22:09:58.735720,20260531
BingX,F-USDT,F,USDT,USDT,,4.0,1e-06,2026-05-31 22:09:58.735720,20260531
BingX,SAHARA-USDT,SAHARA,USDT,USDT,,4.0,1e-05,2026-05-31 22:09:58.735720,20260531
BingX,H-USDT,H,USDT,USDT,,4.0,1e-05,2026-05-31 22:09:58.735720,20260531
BingX,HFT-USDT,HFT,USDT,USDT,,8.0,1e-05,2026-05-31 22:09:58.735720,20260531
BingX,USELESS-USDT,USELESS,USDT,USDT,,4.0,1e-05,2026-05-31 22:09:58.735720,20260531
BingX,AAPLX-USDT,AAPLX,USDT,USDT,,8.0,0.01,2026-05-31 22:09:58.735720,20260531
BingX,ICNT-USDT,ICNT,USDT,USDT,,4.0,0.0001,2026-05-31 22:09:58.735720,20260531
BingX,NVDAX-USDT,NVDAX,USDT,USDT,,8.0,0.01,2026-05-31 22:09:58.735720,20260531
BingX,CRCLX-USDT,CRCLX,USDT,USDT,,8.0,0.01,2026-05-31 22:09:58.735720,20260531
BingX,METAX-USDT,METAX,USDT,USDT,,8.0,0.01,2026-05-31 22:09:58.735720,20260531
BingX,M-USDT,M,USDT,USDT,,4.0,0.0001,2026-05-31 22:09:58.735720,20260531
BingX,PUMP-USDT,PUMP,USDT,USDT,,4.0,1e-06,2026-05-31 22:09:58.735720,20260531
BingX,AIN-USDT,AIN,USDT,USDT,,4.0,1e-05,2026-05-31 22:09:58.735720,20260531
BingX,CROSS-USDT,CROSS,USDT,USDT,,4.0,1e-05,2026-05-31 22:09:58.735720,20260531
BingX,C-USDT,C,USDT,USDT,,4.0,1e-05,2026-05-31 22:09:58.735720,20260531
BingX,VELVET-USDT,VELVET,USDT,USDT,,4.0,1e-05,2026-05-31 22:09:58.735720,20260531
BingX,TAC-USDT,TAC,USDT,USDT,,4.0,1e-06,2026-05-31 22:09:58.735720,20260531
BingX,ERA-USDT,ERA,USDT,USDT,,4.0,0.0001,2026-05-31 22:09:58.735720,20260531
BingX,TA-USDT,TA,USDT,USDT,,4.0,1e-05,2026-05-31 22:09:58.735720,20260531
BingX,PENGU-USDC,PENGU,USDC,USDC,,,1e-06,2026-05-31 22:09:58.735720,20260531
BingX,TAG-USDT,TAG,USDT,USDT,,4.0,1e-07,2026-05-31 22:09:58.735720,20260531
BingX,ESPORTS-USDT,ESPORTS,USDT,USDT,,4.0,0.0001,2026-05-31 22:09:58.735720,20260531
BingX,TREE-USDT,TREE,USDT,USDT,,4.0,0.0001,2026-05-31 22:09:58.735720,20260531
BingX,NAORIS-USDT,NAORIS,USDT,USDT,,4.0,1e-05,2026-05-31 22:09:58.735720,20260531
BingX,PLAYSOUT-USDT,PLAYSOUT,USDT,USDT,,4.0,1e-05,2026-05-31 22:09:58.735720,20260531
BingX,TOWNS-USDT,TOWNS,USDT,USDT,,4.0,1e-06,2026-05-31 22:09:58.735720,20260531
BingX,PROVE-USDT,PROVE,USDT,USDT,,4.0,0.0001,2026-05-31 22:09:58.735720,20260531
BingX,MNT-USDT,MNT,USDT,USDT,,8.0,1e-05,2026-05-31 22:09:58.735720,20260531
BingX,IN-USDT,IN,USDT,USDT,,4.0,1e-05,2026-05-31 22:09:58.735720,20260531
BingX,XNY-USDT,XNY,USDT,USDT,,4.0,1e-06,2026-05-31 22:09:58.735720,20260531
BingX,NCFXEUR2JPY-USDT,NCFXEUR2JPY,USDT,USDT,,,0.001,2026-05-31 22:09:58.735720,20260531
BingX,SAPIEN-USDT,SAPIEN,USDT,USDT,,4.0,1e-05,2026-05-31 22:09:58.735720,20260531
BingX,XPL-USDT,XPL,USDT,USDT,,4.0,0.0001,2026-05-31 22:09:58.735720,20260531
BingX,WLFI-USDT,WLFI,USDT,USDT,,4.0,0.0001,2026-05-31 22:09:58.735720,20260531
BingX,SOMI-USDT,SOMI,USDT,USDT,,4.0,0.0001,2026-05-31 22:09:58.735720,20260531
BingX,BAS-USDT,BAS,USDT,USDT,,4.0,1e-06,2026-05-31 22:09:58.735720,20260531
BingX,NCFXEUR2USD-USDT,NCFXEUR2USD,USDT,USDT,,,1e-05,2026-05-31 22:09:58.735720,20260531
BingX,NCFXUSD2JPY-USDT,NCFXUSD2JPY,USDT,USDT,,,0.001,2026-05-31 22:09:58.735720,20260531
BingX,NCFXNZD2USD-USDT,NCFXNZD2USD,USDT,USDT,,,1e-05,2026-05-31 22:09:58.735720,20260531
BingX,NCFXEUR2CAD-USDT,NCFXEUR2CAD,USDT,USDT,,,1e-05,2026-05-31 22:09:58.735720,20260531
BingX,NCFXGBP2JPY-USDT,NCFXGBP2JPY,USDT,USDT,,,0.001,2026-05-31 22:09:58.735720,20260531
BingX,NCFXGBP2USD-USDT,NCFXGBP2USD,USDT,USDT,,,1e-05,2026-05-31 22:09:58.735720,20260531
BingX,NCFXUSD2CHF-USDT,NCFXUSD2CHF,USDT,USDT,,,1e-05,2026-05-31 22:09:58.735720,20260531
BingX,NCFXUSD2CAD-USDT,NCFXUSD2CAD,USDT,USDT,,,1e-05,2026-05-31 22:09:58.735720,20260531
BingX,NCFXAUD2USD-USDT,NCFXAUD2USD,USDT,USDT,,,1e-05,2026-05-31 22:09:58.735720,20260531
BingX,HEMI-USDT,HEMI,USDT,USDT,,4.0,1e-06,2026-05-31 22:09:58.735720,20260531
BingX,LINEA-USDT,LINEA,USDT,USDT,,4.0,1e-06,2026-05-31 22:09:58.735720,20260531
BingX,Q-USDT,Q,USDT,USDT,,4.0,1e-06,2026-05-31 22:09:58.735720,20260531
BingX,ARIA-USDT,ARIA,USDT,USDT,,4.0,1e-05,2026-05-31 22:09:58.735720,20260531
BingX,TAKE-USDT,TAKE,USDT,USDT,,4.0,1e-05,2026-05-31 22:09:58.735720,20260531
BingX,PTB-USDT,PTB,USDT,USDT,,4.0,1e-07,2026-05-31 22:09:58.736717,20260531
BingX,WLFI-USDC,WLFI,USDC,USDC,,,0.0001,2026-05-31 22:09:58.736717,20260531
BingX,OPENLEDGER-USDT,OPENLEDGER,USDT,USDT,,4.0,0.0001,2026-05-31 22:09:58.736717,20260531
BingX,SKY-USDT,SKY,USDT,USDT,,4.0,1e-05,2026-05-31 22:09:58.736717,20260531
BingX,AVNT-USDT,AVNT,USDT,USDT,,4.0,1e-05,2026-05-31 22:09:58.736717,20260531
BingX,HOLO-USDT,HOLO,USDT,USDT,,4.0,1e-05,2026-05-31 22:09:58.736717,20260531
BingX,XPIN-USDT,XPIN,USDT,USDT,,4.0,1e-07,2026-05-31 22:09:58.736717,20260531
BingX,UB-USDT,UB,USDT,USDT,,4.0,1e-06,2026-05-31 22:09:58.736717,20260531
BingX,ZKC-USDT,ZKC,USDT,USDT,,4.0,0.0001,2026-05-31 22:09:58.736717,20260531
BingX,BARD-USDT,BARD,USDT,USDT,,4.0,0.0001,2026-05-31 22:09:58.736717,20260531
BingX,STBL-USDT,STBL,USDT,USDT,,4.0,1e-05,2026-05-31 22:09:58.736717,20260531
BingX,0G-USDT,0G,USDT,USDT,,4.0,0.0001,2026-05-31 22:09:58.736717,20260531
BingX,AIA-USDT,AIA,USDT,USDT,,4.0,1e-05,2026-05-31 22:09:58.736717,20260531
BingX,ASTER-USDT,ASTER,USDT,USDT,,4.0,0.0001,2026-05-31 22:09:58.736717,20260531
BingX,TRADOOR-USDT,TRADOOR,USDT,USDT,,4.0,0.0001,2026-05-31 22:09:58.736717,20260531
BingX,GIGGLE-USDT,GIGGLE,USDT,USDT,,4.0,0.01,2026-05-31 22:09:58.736717,20260531
BingX,RIVER-USDT,RIVER,USDT,USDT,,4.0,0.001,2026-05-31 22:09:58.736717,20260531
BingX,BLESS-USDT,BLESS,USDT,USDT,,4.0,1e-06,2026-05-31 22:09:58.736717,20260531
BingX,FLUID-USDT,FLUID,USDT,USDT,,4.0,0.0001,2026-05-31 22:09:58.736717,20260531
BingX,COAI-USDT,COAI,USDT,USDT,,4.0,1e-05,2026-05-31 22:09:58.736717,20260531
BingX,MIRANETWORK-USDT,MIRANETWORK,USDT,USDT,,4.0,0.0001,2026-05-31 22:09:58.736717,20260531
BingX,HANA-USDT,HANA,USDT,USDT,,4.0,1e-05,2026-05-31 22:09:58.736717,20260531
BingX,AKE-USDT,AKE,USDT,USDT,,4.0,1e-07,2026-05-31 22:09:58.736717,20260531
BingX,BITLIGHT-USDT,BITLIGHT,USDT,USDT,,4.0,1e-05,2026-05-31 22:09:58.736717,20260531
BingX,APEX-USDT,APEX,USDT,USDT,,4.0,0.0001,2026-05-31 22:09:58.736717,20260531
BingX,XAN-USDT,XAN,USDT,USDT,,4.0,1e-06,2026-05-31 22:09:58.736717,20260531
BingX,FF-USDT,FF,USDT,USDT,,4.0,1e-05,2026-05-31 22:09:58.736717,20260531
BingX,OPENEDEN-USDT,OPENEDEN,USDT,USDT,,4.0,1e-05,2026-05-31 22:09:58.736717,20260531
BingX,NOMINA-USDT,NOMINA,USDT,USDT,,4.0,1e-06,2026-05-31 22:09:58.736717,20260531
BingX,TRUTH-USDT,TRUTH,USDT,USDT,,4.0,1e-06,2026-05-31 22:09:58.736717,20260531
BingX,2Z-USDT,2Z,USDT,USDT,,4.0,1e-05,2026-05-31 22:09:58.736717,20260531
BingX,4-USDT,4,USDT,USDT,,4.0,1e-05,2026-05-31 22:09:58.736717,20260531
BingX,EVAA-USDT,EVAA,USDT,USDT,,4.0,0.0001,2026-05-31 22:09:58.736717,20260531
BingX,LYN-USDT,LYN,USDT,USDT,,4.0,1e-05,2026-05-31 22:09:58.736717,20260531
BingX,KGEN-USDT,KGEN,USDT,USDT,,4.0,1e-05,2026-05-31 22:09:58.736717,20260531
BingX,MONAD-USDT,MONAD,USDT,USDT,,4.0,1e-05,2026-05-31 22:09:58.736717,20260531
BingX,METEORA-USDT,METEORA,USDT,USDT,,4.0,0.0001,2026-05-31 22:09:58.736717,20260531
BingX,YB-USDT,YB,USDT,USDT,,4.0,0.0001,2026-05-31 22:09:58.736717,20260531
BingX,NCCOGOLD2USD-USDT,NCCOGOLD2USD,USDT,USDT,,4.0,0.01,2026-05-31 22:09:58.736717,20260531
BingX,NCCONATURALGAS2USD-USDT,NCCONATURALGAS2USD,USDT,USDT,,4.0,0.1,2026-05-31 22:09:58.736717,20260531
BingX,ENSO-USDT,ENSO,USDT,USDT,,4.0,0.0001,2026-05-31 22:09:58.736717,20260531
BingX,CLO-USDT,CLO,USDT,USDT,,4.0,1e-05,2026-05-31 22:09:58.736717,20260531
BingX,LAB-USDT,LAB,USDT,USDT,,4.0,0.0001,2026-05-31 22:09:58.736717,20260531
BingX,RECALL-USDT,RECALL,USDT,USDT,,4.0,1e-05,2026-05-31 22:09:58.736717,20260531
BingX,ZBT-USDT,ZBT,USDT,USDT,,4.0,1e-05,2026-05-31 22:09:58.736717,20260531
BingX,BNLIFE-USDT,BNLIFE,USDT,USDT,,4.0,1e-05,2026-05-31 22:09:58.736717,20260531
BingX,BLUAI-USDT,BLUAI,USDT,USDT,,4.0,1e-06,2026-05-31 22:09:58.736717,20260531
BingX,TURTLE-USDT,TURTLE,USDT,USDT,,4.0,1e-05,2026-05-31 22:09:58.736717,20260531
BingX,MEGA-USDT,MEGA,USDT,USDT,,4.0,1e-05,2026-05-31 22:09:58.736717,20260531
BingX,APR-USDT,APR,USDT,USDT,,4.0,1e-05,2026-05-31 22:09:58.736717,20260531
BingX,ON-USDT,ON,USDT,USDT,,4.0,1e-05,2026-05-31 22:09:58.736717,20260531
BingX,AT-USDT,AT,USDT,USDT,,4.0,1e-05,2026-05-31 22:09:58.736717,20260531
BingX,NCFXEUR2GBP-USDT,NCFXEUR2GBP,USDT,USDT,,,1e-05,2026-05-31 22:09:58.736717,20260531
BingX,NCFXEUR2CHF-USDT,NCFXEUR2CHF,USDT,USDT,,,1e-05,2026-05-31 22:09:58.736717,20260531
BingX,NCFXAUD2JPY-USDT,NCFXAUD2JPY,USDT,USDT,,,0.001,2026-05-31 22:09:58.736717,20260531
BingX,NCFXGBP2CHF-USDT,NCFXGBP2CHF,USDT,USDT,,,1e-05,2026-05-31 22:09:58.736717,20260531
BingX,MMT-USDT,MMT,USDT,USDT,,4.0,0.0001,2026-05-31 22:09:58.736717,20260531
BingX,CLANKER-USDT,CLANKER,USDT,USDT,,4.0,0.01,2026-05-31 22:09:58.736717,20260531
BingX,KITE-USDT,KITE,USDT,USDT,,4.0,1e-05,2026-05-31 22:09:58.736717,20260531
BingX,CC-USDT,CC,USDT,USDT,,4.0,1e-05,2026-05-31 22:09:58.736717,20260531
BingX,BEAT-USDT,BEAT,USDT,USDT,,4.0,0.0001,2026-05-31 22:09:58.736717,20260531
BingX,NCSKTSLA2USD-USDT,NCSKTSLA2USD,USDT,USDT,,8.0,0.01,2026-05-31 22:09:58.736717,20260531
BingX,NCSKMSFT2USD-USDT,NCSKMSFT2USD,USDT,USDT,,8.0,0.01,2026-05-31 22:09:58.736717,20260531
BingX,NCSKGOOGL2USD-USDT,NCSKGOOGL2USD,USDT,USDT,,8.0,0.01,2026-05-31 22:09:58.736717,20260531
BingX,NCSKARM2USD-USDT,NCSKARM2USD,USDT,USDT,,8.0,0.01,2026-05-31 22:09:58.736717,20260531
BingX,NCSKAMZN2USD-USDT,NCSKAMZN2USD,USDT,USDT,,8.0,0.01,2026-05-31 22:09:58.736717,20260531
BingX,NCSKINTC2USD-USDT,NCSKINTC2USD,USDT,USDT,,8.0,0.01,2026-05-31 22:09:58.736717,20260531
BingX,NCCOCOFFEE2USD-USDT,NCCOCOFFEE2USD,USDT,USDT,,,0.1,2026-05-31 22:09:58.736717,20260531
BingX,NCCOGASOLINE2USD-USDT,NCCOGASOLINE2USD,USDT,USDT,,,0.1,2026-05-31 22:09:58.736717,20260531
BingX,TRUST-USDT,TRUST,USDT,USDT,,4.0,0.0001,2026-05-31 22:09:58.736717,20260531
BingX,UAI-USDT,UAI,USDT,USDT,,4.0,0.0001,2026-05-31 22:09:58.736717,20260531
BingX,STABLE-USDT,STABLE,USDT,USDT,,4.0,1e-06,2026-05-31 22:09:58.736717,20260531
BingX,FOLKS-USDT,FOLKS,USDT,USDT,,4.0,0.001,2026-05-31 22:09:58.736717,20260531
BingX,ELIZAOS-USDT,ELIZAOS,USDT,USDT,,,1e-06,2026-05-31 22:09:58.736717,20260531
BingX,TIMI-USDT,TIMI,USDT,USDT,,1.0,1e-07,2026-05-31 22:09:58.736717,20260531
BingX,JCT-USDT,JCT,USDT,USDT,,4.0,1e-06,2026-05-31 22:09:58.736717,20260531
BingX,ALLO-USDT,ALLO,USDT,USDT,,4.0,1e-05,2026-05-31 22:09:58.736717,20260531
BingX,NCSKAAPL2USD-USDT,NCSKAAPL2USD,USDT,USDT,,8.0,0.01,2026-05-31 22:09:58.736717,20260531
BingX,NCSKCOIN2USD-USDT,NCSKCOIN2USD,USDT,USDT,,8.0,0.01,2026-05-31 22:09:58.736717,20260531
BingX,NCSKNVDA2USD-USDT,NCSKNVDA2USD,USDT,USDT,,8.0,0.01,2026-05-31 22:09:58.736717,20260531
BingX,NCSKMETA2USD-USDT,NCSKMETA2USD,USDT,USDT,,8.0,0.01,2026-05-31 22:09:58.736717,20260531
BingX,NCSKHOOD2USD-USDT,NCSKHOOD2USD,USDT,USDT,,8.0,0.01,2026-05-31 22:09:58.736717,20260531
BingX,NCSKCRCL2USD-USDT,NCSKCRCL2USD,USDT,USDT,,8.0,0.01,2026-05-31 22:09:58.736717,20260531
BingX,NCSKPLTR2USD-USDT,NCSKPLTR2USD,USDT,USDT,,8.0,0.01,2026-05-31 22:09:58.736717,20260531
BingX,NCSKASML2USD-USDT,NCSKASML2USD,USDT,USDT,,8.0,0.01,2026-05-31 22:09:58.736717,20260531
BingX,NCSKORCL2USD-USDT,NCSKORCL2USD,USDT,USDT,,8.0,0.01,2026-05-31 22:09:58.736717,20260531
BingX,NCSKRDDT2USD-USDT,NCSKRDDT2USD,USDT,USDT,,8.0,0.01,2026-05-31 22:09:58.736717,20260531
BingX,NCSKMRVL2USD-USDT,NCSKMRVL2USD,USDT,USDT,,8.0,0.01,2026-05-31 22:09:58.736717,20260531
BingX,NCSKAPP2USD-USDT,NCSKAPP2USD,USDT,USDT,,8.0,0.01,2026-05-31 22:09:58.736717,20260531
BingX,NCSKGME2USD-USDT,NCSKGME2USD,USDT,USDT,,8.0,0.01,2026-05-31 22:09:58.736717,20260531
BingX,NCSKGE2USD-USDT,NCSKGE2USD,USDT,USDT,,8.0,0.01,2026-05-31 22:09:58.736717,20260531
BingX,NCSKMCD2USD-USDT,NCSKMCD2USD,USDT,USDT,,8.0,0.01,2026-05-31 22:09:58.736717,20260531
BingX,NCSKMSTR2USD-USDT,NCSKMSTR2USD,USDT,USDT,,8.0,0.01,2026-05-31 22:09:58.736717,20260531
BingX,PIEVERSE-USDT,PIEVERSE,USDT,USDT,,4.0,0.0001,2026-05-31 22:09:58.736717,20260531
BingX,SENT-USDT,SENT,USDT,USDT,,4.0,1e-05,2026-05-31 22:09:58.736717,20260531
BingX,SUP-USDT,SUP,USDT,USDT,,1.0,1e-05,2026-05-31 22:09:58.736717,20260531
BingX,ZEC-USDC,ZEC,USDC,USDC,,,0.01,2026-05-31 22:09:58.736717,20260531
BingX,REAL-USDT,REAL,USDT,USDT,,1.0,1e-05,2026-05-31 22:09:58.736717,20260531
BingX,IRYS-USDT,IRYS,USDT,USDT,,4.0,1e-06,2026-05-31 22:09:58.736717,20260531
BingX,NCSINASDAQ1002USD-USDT,NCSINASDAQ1002USD,USDT,USDT,,,0.01,2026-05-31 22:09:58.736717,20260531
BingX,NCSISP5002USD-USDT,NCSISP5002USD,USDT,USDT,,,0.01,2026-05-31 22:09:58.736717,20260531
BingX,GUA-USDT,GUA,USDT,USDT,,4.0,0.0001,2026-05-31 22:09:58.736717,20260531
BingX,WET-USDT,WET,USDT,USDT,,4.0,1e-05,2026-05-31 22:09:58.736717,20260531
BingX,POWER-USDT,POWER,USDT,USDT,,4.0,1e-05,2026-05-31 22:09:58.736717,20260531
BingX,ULTIMA-USDT,ULTIMA,USDT,USDT,,4.0,0.1,2026-05-31 22:09:58.736717,20260531
BingX,WHITEWHALE-USDT,WHITEWHALE,USDT,USDT,,4.0,1e-06,2026-05-31 22:09:58.736717,20260531
BingX,NCSINIKKEI2252USD-USDT,NCSINIKKEI2252USD,USDT,USDT,,,0.1,2026-05-31 22:09:58.736717,20260531
BingX,NCSIRUSSELL20002USD-USDT,NCSIRUSSELL20002USD,USDT,USDT,,,0.01,2026-05-31 22:09:58.736717,20260531
BingX,NCSIDOWJONES2USD-USDT,NCSIDOWJONES2USD,USDT,USDT,,,0.1,2026-05-31 22:09:58.736717,20260531
BingX,NIGHT-USDT,NIGHT,USDT,USDT,,4.0,1e-05,2026-05-31 22:09:58.736717,20260531
BingX,NCCOCOPPER2USD-USDT,NCCOCOPPER2USD,USDT,USDT,,,0.1,2026-05-31 22:09:58.736717,20260531
BingX,NCCOPALLADIUM2USD-USDT,NCCOPALLADIUM2USD,USDT,USDT,,,0.01,2026-05-31 22:09:58.736717,20260531
BingX,NCCONICKEL2USD-USDT,NCCONICKEL2USD,USDT,USDT,,,0.1,2026-05-31 22:09:58.736717,20260531
BingX,NCCOZINC2USD-USDT,NCCOZINC2USD,USDT,USDT,,,0.01,2026-05-31 22:09:58.736717,20260531
BingX,NCCOHEATINGOIL2USD-USDT,NCCOHEATINGOIL2USD,USDT,USDT,,,0.1,2026-05-31 22:09:58.736717,20260531
BingX,CYS-USDT,CYS,USDT,USDT,,4.0,0.0001,2026-05-31 22:09:58.736717,20260531
BingX,US-USDT,US,USDT,USDT,,4.0,1e-05,2026-05-31 22:09:58.736717,20260531
BingX,RAVE-USDT,RAVE,USDT,USDT,,4.0,0.0001,2026-05-31 22:09:58.736717,20260531
BingX,MAGMA-USDT,MAGMA,USDT,USDT,,4.0,1e-05,2026-05-31 22:09:58.736717,20260531
BingX,ZKP-USDT,ZKP,USDT,USDT,,4.0,1e-05,2026-05-31 22:09:58.736717,20260531
BingX,LIGHTER-USDT,LIGHTER,USDT,USDT,,4.0,0.001,2026-05-31 22:09:58.736717,20260531
BingX,COLLECT-USDT,COLLECT,USDT,USDT,,4.0,1e-05,2026-05-31 22:09:58.736717,20260531
BingX,BREV-USDT,BREV,USDT,USDT,,4.0,0.0001,2026-05-31 22:09:58.736717,20260531
BingX,NCFXUSDBRL2USD-USDT,NCFXUSDBRL2USD,USDT,USDT,,,1e-05,2026-05-31 22:09:58.736717,20260531
BingX,NCFXGBPSGD2USD-USDT,NCFXGBPSGD2USD,USDT,USDT,,,1e-05,2026-05-31 22:09:58.736717,20260531
BingX,NCFXEURSGD2USD-USDT,NCFXEURSGD2USD,USDT,USDT,,,1e-05,2026-05-31 22:09:58.736717,20260531
BingX,NCFXUSDSGD2USD-USDT,NCFXUSDSGD2USD,USDT,USDT,,,1e-05,2026-05-31 22:09:58.736717,20260531
BingX,NCCOSOYBEANS2USD-USDT,NCCOSOYBEANS2USD,USDT,USDT,,,0.01,2026-05-31 22:09:58.736717,20260531
BingX,NCCOCOCOA2USD-USDT,NCCOCOCOA2USD,USDT,USDT,,,0.01,2026-05-31 22:09:58.736717,20260531
BingX,NCCOLEAD2USD-USDT,NCCOLEAD2USD,USDT,USDT,,,0.01,2026-05-31 22:09:58.736717,20260531
BingX,NCCOALUMINIUM2USD-USDT,NCCOALUMINIUM2USD,USDT,USDT,,,0.01,2026-05-31 22:09:58.736717,20260531
BingX,ZAMA-USDT,ZAMA,USDT,USDT,,4.0,0.0001,2026-05-31 22:09:58.736717,20260531
BingX,FOGO-USDT,FOGO,USDT,USDT,,4.0,1e-05,2026-05-31 22:09:58.736717,20260531
BingX,WOTAMALAILE-USDT,WOTAMALAILE,USDT,USDT,,4.0,1e-06,2026-05-31 22:09:58.736717,20260531
BingX,TESTICLE-USDT,TESTICLE,USDT,USDT,,4.0,1e-05,2026-05-31 22:09:58.736717,20260531
BingX,FRAX-USDT,FRAX,USDT,USDT,,4.0,0.0001,2026-05-31 22:09:58.736717,20260531
BingX,OWL-USDT,OWL,USDT,USDT,,8.0,1e-05,2026-05-31 22:09:58.736717,20260531
BingX,SPORTFUN-USDT,SPORTFUN,USDT,USDT,,4.0,1e-05,2026-05-31 22:09:58.736717,20260531
BingX,BUTTCOIN-USDT,BUTTCOIN,USDT,USDT,,4.0,1e-05,2026-05-31 22:09:58.736717,20260531
BingX,XUEQIU-USDT,XUEQIU,USDT,USDT,,,1e-05,2026-05-31 22:09:58.736717,20260531
BingX,ELSA-USDT,ELSA,USDT,USDT,,4.0,1e-05,2026-05-31 22:09:58.736717,20260531
BingX,ACU-USDT,ACU,USDT,USDT,,4.0,0.0001,2026-05-31 22:09:58.736717,20260531
BingX,SKR-USDT,SKR,USDT,USDT,,4.0,1e-06,2026-05-31 22:09:58.736717,20260531
BingX,NCFXUSD2NOK-USDT,NCFXUSD2NOK,USDT,USDT,,,1e-05,2026-05-31 22:09:58.736717,20260531
BingX,NCFXUSD2ZAR-USDT,NCFXUSD2ZAR,USDT,USDT,,,1e-05,2026-05-31 22:09:58.736717,20260531
BingX,NCFXUSD2SEK-USDT,NCFXUSD2SEK,USDT,USDT,,,1e-05,2026-05-31 22:09:58.736717,20260531
BingX,NCFXUSD2TRY-USDT,NCFXUSD2TRY,USDT,USDT,,,1e-05,2026-05-31 22:09:58.736717,20260531
BingX,NCFXCAD2JPY-USDT,NCFXCAD2JPY,USDT,USDT,,,0.001,2026-05-31 22:09:58.736717,20260531
BingX,NCFXUSD2MXN-USDT,NCFXUSD2MXN,USDT,USDT,,,1e-05,2026-05-31 22:09:58.736717,20260531
BingX,NCFXNZD2JPY-USDT,NCFXNZD2JPY,USDT,USDT,,,0.001,2026-05-31 22:09:58.736717,20260531
BingX,NCFXUSD2DKK-USDT,NCFXUSD2DKK,USDT,USDT,,,1e-05,2026-05-31 22:09:58.736717,20260531
BingX,NCFXUSD2ILS-USDT,NCFXUSD2ILS,USDT,USDT,,,1e-05,2026-05-31 22:09:58.736717,20260531
BingX,GWEI-USDT,GWEI,USDT,USDT,,4.0,1e-06,2026-05-31 22:09:58.736717,20260531
BingX,FIGHTID-USDT,FIGHTID,USDT,USDT,,4.0,1e-06,2026-05-31 22:09:58.736717,20260531
BingX,SPACECOIN-USDT,SPACECOIN,USDT,USDT,,4.0,1e-06,2026-05-31 22:09:58.736717,20260531
BingX,PENGUIN-USDT,PENGUIN,USDT,USDT,,,1e-05,2026-05-31 22:09:58.736717,20260531
BingX,BIRB-USDT,BIRB,USDT,USDT,,4.0,1e-05,2026-05-31 22:09:58.736717,20260531
BingX,INX-USDT,INX,USDT,USDT,,4.0,1e-06,2026-05-31 22:09:58.736717,20260531
BingX,KIN-USDT,KIN,USDT,USDT,,1.0,1e-05,2026-05-31 22:09:58.736717,20260531
BingX,TRIA-USDT,TRIA,USDT,USDT,,4.0,1e-05,2026-05-31 22:09:58.736717,20260531
BingX,ESP-USDT,ESP,USDT,USDT,,4.0,1e-05,2026-05-31 22:09:58.736717,20260531
BingX,NCCOXAG2USD-USDT,NCCOXAG2USD,USDT,USDT,,4.0,0.01,2026-05-31 22:09:58.736717,20260531
BingX,AZTEC-USDT,AZTEC,USDT,USDT,,4.0,1e-05,2026-05-31 22:09:58.736717,20260531
BingX,NCSKMU2USD-USDT,NCSKMU2USD,USDT,USDT,,8.0,0.01,2026-05-31 22:09:58.736717,20260531
BingX,NCSKRACE2USD-USDT,NCSKRACE2USD,USDT,USDT,,,0.01,2026-05-31 22:09:58.736717,20260531
BingX,OPN-USDT,OPN,USDT,USDT,,4.0,0.0001,2026-05-31 22:09:58.736717,20260531
BingX,MAXXING-USDT,MAXXING,USDT,USDT,,,1e-06,2026-05-31 22:09:58.736717,20260531
BingX,ROBO-USDT,ROBO,USDT,USDT,,4.0,1e-05,2026-05-31 22:09:58.736717,20260531
BingX,CFG-USDT,CFG,USDT,USDT,,4.0,0.0001,2026-05-31 22:09:58.736717,20260531
BingX,FREEDOMMONEY-USDT,FREEDOMMONEY,USDT,USDT,,1.0,1e-06,2026-05-31 22:09:58.736717,20260531
BingX,KAT-USDT,KAT,USDT,USDT,,4.0,1e-05,2026-05-31 22:09:58.736717,20260531
BingX,FAI-USDT,FAI,USDT,USDT,,4.0,1e-06,2026-05-31 22:09:58.736717,20260531
BingX,BSB-USDT,BSB,USDT,USDT,,4.0,1e-05,2026-05-31 22:09:58.736717,20260531
BingX,MANTRA-USDT,MANTRA,USDT,USDT,,4.0,1e-05,2026-05-31 22:09:58.736717,20260531
BingX,NCCO1OILBRENT2USD-USDT,NCCO1OILBRENT2USD,USDT,USDT,,4.0,0.01,2026-05-31 22:09:58.736717,20260531
BingX,NCCO1OILWTI2USD-USDT,NCCO1OILWTI2USD,USDT,USDT,,4.0,0.01,2026-05-31 22:09:58.736717,20260531
BingX,LONGXIA-USDT,LONGXIA,USDT,USDT,,4.0,1e-06,2026-05-31 22:09:58.736717,20260531
BingX,NCCOXPT2USD-USDT,NCCOXPT2USD,USDT,USDT,,4.0,0.01,2026-05-31 22:09:58.736717,20260531
BingX,ACX-USDT,ACX,USDT,USDT,,4.0,1e-05,2026-05-31 22:09:58.736717,20260531
BingX,NCCOWHEAT2USD-USDT,NCCOWHEAT2USD,USDT,USDT,,,0.001,2026-05-31 22:09:58.736717,20260531
BingX,NCCOCOTTON2USD-USDT,NCCOCOTTON2USD,USDT,USDT,,,1e-05,2026-05-31 22:09:58.736717,20260531
BingX,NCCOSUGAR2USD-USDT,NCCOSUGAR2USD,USDT,USDT,,,1e-05,2026-05-31 22:09:58.736717,20260531
BingX,UNITAS-USDT,UNITAS,USDT,USDT,,1.0,1e-05,2026-05-31 22:09:58.736717,20260531
BingX,NCSIFLKR2USD-USDT,NCSIFLKR2USD,USDT,USDT,,,0.01,2026-05-31 22:09:58.736717,20260531
BingX,NCSIEWY2USD-USDT,NCSIEWY2USD,USDT,USDT,,8.0,0.01,2026-05-31 22:09:58.736717,20260531
BingX,NCSIEWJ2USD-USDT,NCSIEWJ2USD,USDT,USDT,,8.0,0.01,2026-05-31 22:09:58.736717,20260531
BingX,EDGEX-USDT,EDGE,USDT,USDT,,4.0,0.0001,2026-05-31 22:09:58.736717,20260531
BingX,NCSI724NASDAQ1002USD-USDT,NCSI724NASDAQ1002USD,USDT,USDT,,8.0,1.0,2026-05-31 22:09:58.736717,20260531
BingX,NCSI724SP5002USD-USDT,NCSI724SP5002USD,USDT,USDT,,8.0,0.1,2026-05-31 22:09:58.736717,20260531
BingX,NCSIDXY2USD-USDT,NCSIDXY2USD,USDT,USDT,,,0.01,2026-05-31 22:09:58.736717,20260531
BingX,NCSKJPM2USD-USDT,NCSKJPM2USD,USDT,USDT,,8.0,0.01,2026-05-31 22:09:58.736717,20260531
BingX,NCSKGS2USD-USDT,NCSKGS2USD,USDT,USDT,,,0.01,2026-05-31 22:09:58.736717,20260531
BingX,NCSKJNJ2USD-USDT,NCSKJNJ2USD,USDT,USDT,,,0.01,2026-05-31 22:09:58.736717,20260531
BingX,NCSKMS2USD-USDT,NCSKMS2USD,USDT,USDT,,,0.01,2026-05-31 22:09:58.736717,20260531
BingX,NCSKCOP2USD-USDT,NCSKCOP2USD,USDT,USDT,,,0.01,2026-05-31 22:09:58.736717,20260531
BingX,NCSKXOM2USD-USDT,NCSKXOM2USD,USDT,USDT,,,0.01,2026-05-31 22:09:58.736717,20260531
BingX,IQ-USDT,IQ,USDT,USDT,,4.0,1e-06,2026-05-31 22:09:58.736717,20260531
BingX,NCSKOXY2USD-USDT,NCSKOXY2USD,USDT,USDT,,,0.01,2026-05-31 22:09:58.736717,20260531
BingX,PRL-USDT,PRL,USDT,USDT,,4.0,0.0001,2026-05-31 22:09:58.736717,20260531
BingX,NCSKVCX2USD-USDT,NCSKVCX2USD,USDT,USDT,,,0.01,2026-05-31 22:09:58.736717,20260531
BingX,BASED-USDT,BASED,USDT,USDT,,4.0,1e-05,2026-05-31 22:09:58.736717,20260531
BingX,STEEM-USDT,STEEM,USDT,USDT,,4.0,1e-05,2026-05-31 22:09:58.736717,20260531
BingX,AMP-USDT,AMP,USDT,USDT,,4.0,1e-06,2026-05-31 22:09:58.736717,20260531
BingX,MEZO-USDT,MEZO,USDT,USDT,,4.0,1e-05,2026-05-31 22:09:58.736717,20260531
BingX,NCSKXLE2USD-USDT,NCSKXLE2USD,USDT,USDT,,,0.01,2026-05-31 22:09:58.736717,20260531
BingX,NCSKXOP2USD-USDT,NCSKXOP2USD,USDT,USDT,,,0.01,2026-05-31 22:09:58.736717,20260531
BingX,NCSKLNG2USD-USDT,NCSKLNG2USD,USDT,USDT,,,0.01,2026-05-31 22:09:58.736717,20260531
BingX,NCSKSLB2USD-USDT,NCSKSLB2USD,USDT,USDT,,,0.01,2026-05-31 22:09:58.736717,20260531
BingX,EITHER-USDT,EITHER,USDT,USDT,,1.0,0.0001,2026-05-31 22:09:58.736717,20260531
BingX,BURNIE-USDT,BURNIE,USDT,USDT,,1.0,1e-06,2026-05-31 22:09:58.736717,20260531
BingX,NCSKDRAM2USD-USDT,NCSKDRAM2USD,USDT,USDT,,,0.01,2026-05-31 22:09:58.736717,20260531
BingX,NCSKSNDK2USD-USDT,NCSKSNDK2USD,USDT,USDT,,8.0,0.01,2026-05-31 22:09:58.736717,20260531
BingX,OFC-USDT,OFC,USDT,USDT,,4.0,1e-05,2026-05-31 22:09:58.736717,20260531
BingX,NCSKSPACEXV2USD-USDT,NCSKSPACEXV2USD,USDT,USDT,,4.0,0.1,2026-05-31 22:09:58.736717,20260531
BingX,BULLSOL-USDT,BULLSOL,USDT,USDT,,4.0,1e-06,2026-05-31 22:09:58.736717,20260531
BingX,GENIUS-USDT,GENIUS,USDT,USDT,,4.0,0.0001,2026-05-31 22:09:58.736717,20260531
BingX,NCSKSPACEXP2USD-USDT,NCSKSPACEXP2USD,USDT,USDT,,8.0,0.01,2026-05-31 22:09:58.736717,20260531
BingX,NCCO7241OILBRENT2USD-USDT,NCCO7241OILBRENT2USD,USDT,USDT,,4.0,0.01,2026-05-31 22:09:58.736717,20260531
BingX,NCSKQQQ2USD-USDT,NCSKQQQ2USD,USDT,USDT,,8.0,0.01,2026-05-31 22:09:58.736717,20260531
BingX,NCSKSPY2USD-USDT,NCSKSPY2USD,USDT,USDT,,8.0,0.01,2026-05-31 22:09:58.736717,20260531
BingX,NCSKTSMU2USD-USDT,NCSKTSMU2USD,USDT,USDT,,8.0,0.01,2026-05-31 22:09:58.736717,20260531
BingX,UNC-USDT,UNC,USDT,USDT,,,1e-06,2026-05-31 22:09:58.736717,20260531
BingX,ST-USDT,ST,USDT,USDT,,4.0,1e-05,2026-05-31 22:09:58.736717,20260531
BingX,NCCO7241NATGAS2USD-USDT,NCCO7241NATGAS2USD,USDT,USDT,,4.0,0.001,2026-05-31 22:09:58.736717,20260531
BingX,CHIP-USDT,CHIP,USDT,USDT,,4.0,1e-05,2026-05-31 22:09:58.736717,20260531
BingX,ASTEROID-USDT,ASTEROID,USDT,USDT,,4.0,1e-07,2026-05-31 22:09:58.736717,20260531
BingX,ASTEROIDETH-USDT,ASTEROIDETH,USDT,USDT,,4.0,1e-07,2026-05-31 22:09:58.736717,20260531
BingX,NCSKNETFLIX2USD-USDT,NCSKNETFLIX2USD,USDT,USDT,,8.0,0.01,2026-05-31 22:09:58.736717,20260531
BingX,NCSKAVGO2USD-USDT,NCSKAVGO2USD,USDT,USDT,,8.0,0.01,2026-05-31 22:09:58.737715,20260531
BingX,NCSKSOXL2USD-USDT,NCSKSOXL2USD,USDT,USDT,,8.0,0.01,2026-05-31 22:09:58.737715,20260531
BingX,NCSKCOHR2USD-USDT,NCSKCOHR2USD,USDT,USDT,,8.0,0.01,2026-05-31 22:09:58.737715,20260531
BingX,NCSKAMAT2USD-USDT,NCSKAMAT2USD,USDT,USDT,,8.0,0.01,2026-05-31 22:09:58.737715,20260531
BingX,NCSKLRCX2USD-USDT,NCSKLRCX2USD,USDT,USDT,,8.0,0.01,2026-05-31 22:09:58.737715,20260531
BingX,NCSKOPENAIV2USD-USDT,NCSKOPENAIV2USD,USDT,USDT,,8.0,0.1,2026-05-31 22:09:58.737715,20260531
BingX,OPG-USDT,OPG,USDT,USDT,,4.0,0.0001,2026-05-31 22:09:58.737715,20260531
BingX,MAGASOL-USDT,MAGASOL,USDT,USDT,,1.0,1e-05,2026-05-31 22:09:58.737715,20260531
BingX,FLORKETH-USDT,FLORKETH,USDT,USDT,,,1e-09,2026-05-31 22:09:58.737715,20260531
BingX,NCCO724COPPER2USD-USDT,NCCO724COPPER2USD,USDT,USDT,,4.0,0.001,2026-05-31 22:09:58.737715,20260531
BingX,10000NAT-USDT,10000NAT,USDT,USDT,,1.0,1e-06,2026-05-31 22:09:58.737715,20260531
BingX,BLEND-USDT,BLEND,USDT,USDT,,4.0,1e-05,2026-05-31 22:09:58.737715,20260531
BingX,SCAM-USDT,SCAM,USDT,USDT,,,1e-07,2026-05-31 22:09:58.737715,20260531
BingX,NCSKAMD2USD-USDT,NCSKAMD2USD,USDT,USDT,,8.0,0.01,2026-05-31 22:09:58.737715,20260531
BingX,NCSKQCOM2USD-USDT,NCSKQCOM2USD,USDT,USDT,,8.0,0.01,2026-05-31 22:09:58.737715,20260531
BingX,UPEG-USDT,UPEG,USDT,USDT,,4.0,0.1,2026-05-31 22:09:58.737715,20260531
BingX,PHAROS-USDT,PHAROS,USDT,USDT,,4.0,0.0001,2026-05-31 22:09:58.737715,20260531
BingX,GENSYN-USDT,GENSYN,USDT,USDT,,4.0,1e-05,2026-05-31 22:09:58.737715,20260531
BingX,BILL-USDT,BILL,USDT,USDT,,4.0,1e-05,2026-05-31 22:09:58.737715,20260531
BingX,NCSKSMCI2USD-USDT,NCSKSMCI2USD,USDT,USDT,,8.0,0.01,2026-05-31 22:09:58.737715,20260531
BingX,NCSKWDC2USD-USDT,NCSKWDC2USD,USDT,USDT,,8.0,0.01,2026-05-31 22:09:58.737715,20260531
BingX,NCSKSTX2USD-USDT,NCSKSTX2USD,USDT,USDT,,8.0,0.01,2026-05-31 22:09:58.737715,20260531
BingX,NCSKUSAR2USD-USDT,NCSKUSAR2USD,USDT,USDT,,8.0,0.01,2026-05-31 22:09:58.737715,20260531
BingX,NCSKLITE2USD-USDT,NCSKLITE2USD,USDT,USDT,,8.0,0.01,2026-05-31 22:09:58.737715,20260531
BingX,KAIO-USDT,KAIO,USDT,USDT,,,0.0001,2026-05-31 22:09:58.737715,20260531
BingX,SATO-USDT,SATO,USDT,USDT,,4.0,0.0001,2026-05-31 22:09:58.737715,20260531
BingX,GOBLIN-USDT,GOBLIN,USDT,USDT,,4.0,1e-06,2026-05-31 22:09:58.737715,20260531
BingX,HANTA-USDT,HANTA,USDT,USDT,,1.0,1e-06,2026-05-31 22:09:58.737715,20260531
BingX,USDUCPUMP-USDT,USDUCPUMP,USDT,USDT,,,1e-06,2026-05-31 22:09:58.737715,20260531
BingX,SHARE-USDT,SHARE,USDT,USDT,,4.0,0.0001,2026-05-31 22:09:58.737715,20260531
BingX,NCSKSKHYNIX2USD-USDT,NCSKSKHYNIX2USD,USDT,USDT,,8.0,0.01,2026-05-31 22:09:58.737715,20260531
BingX,NCSKRKLB2USD-USDT,NCSKRKLB2USD,USDT,USDT,,8.0,0.01,2026-05-31 22:09:58.737715,20260531
BingX,NCSKAAOI2USD-USDT,NCSKAAOI2USD,USDT,USDT,,8.0,0.01,2026-05-31 22:09:58.737715,20260531
BingX,NCSKFLY2USD-USDT,NCSKFLY2USD,USDT,USDT,,8.0,0.01,2026-05-31 22:09:58.737715,20260531
BingX,NCSKIREN2USD-USDT,NCSKIREN2USD,USDT,USDT,,8.0,0.01,2026-05-31 22:09:58.737715,20260531
BingX,NCSKASTS2USD-USDT,NCSKASTS2USD,USDT,USDT,,8.0,0.01,2026-05-31 22:09:58.737715,20260531
BingX,DOLPHIN-USDT,DOLPHIN,USDT,USDT,,4.0,0.0001,2026-05-31 22:09:58.737715,20260531
BingX,NCSKSAMSUNG2USD-USDT,NCSKSAMSUNG2USD,USDT,USDT,,8.0,0.01,2026-05-31 22:09:58.737715,20260531
BingX,NCSIKOSPI2USD-USDT,NCSIKOSPI2USD,USDT,USDT,,8.0,0.01,2026-05-31 22:09:58.737715,20260531
BingX,RKC-USDT,RKC,USDT,USDT,,4.0,1e-06,2026-05-31 22:09:58.737715,20260531
BingX,STAR-USDT,STAR,USDT,USDT,,4.0,1e-05,2026-05-31 22:09:58.737715,20260531
BingX,NCSKCBRS2USD-USDT,NCSKCBRS2USD,USDT,USDT,,8.0,0.01,2026-05-31 22:09:58.737715,20260531
BingX,NCSKAXTI2USD-USDT,NCSKAXTI2USD,USDT,USDT,,8.0,0.01,2026-05-31 22:09:58.737715,20260531
BingX,NCSKLMT2USD-USDT,NCSKLMT2USD,USDT,USDT,,8.0,0.01,2026-05-31 22:09:58.737715,20260531
BingX,NCSKIONQ2USD-USDT,NCSKIONQ2USD,USDT,USDT,,8.0,0.01,2026-05-31 22:09:58.737715,20260531
BingX,NCSKNBIS2USD-USDT,NCSKNBIS2USD,USDT,USDT,,8.0,0.01,2026-05-31 22:09:58.737715,20260531
BingX,NCSKLWLG2USD-USDT,NCSKLWLG2USD,USDT,USDT,,,0.01,2026-05-31 22:09:58.737715,20260531
BingX,NCSKCRDO2USD-USDT,NCSKCRDO2USD,USDT,USDT,,,0.01,2026-05-31 22:09:58.737715,20260531
BingX,NCSKKOPN2USD-USDT,NCSKKOPN2USD,USDT,USDT,,8.0,0.01,2026-05-31 22:09:58.737715,20260531
BingX,BABYSHARK-USDT,BABYSHARK,USDT,USDT,,1.0,1e-05,2026-05-31 22:09:58.737715,20260531
BingX,HOOLI-USDT,HOOLI,USDT,USDT,,4.0,1e-05,2026-05-31 22:09:58.737715,20260531
BingX,GITLAWB-USDT,GITLAWB,USDT,USDT,,4.0,1e-07,2026-05-31 22:09:58.737715,20260531
BingX,NCCOXAUAUD2USD-USDT,NCCOXAUAUD2USD,USDT,USDT,,,0.01,2026-05-31 22:09:58.737715,20260531
BingX,NCCOXAUEUR2USD-USDT,NCCOXAUEUR2USD,USDT,USDT,,,0.01,2026-05-31 22:09:58.737715,20260531
BingX,NCCOXAUJPY2USD-USDT,NCCOXAUJPY2USD,USDT,USDT,,,0.01,2026-05-31 22:09:58.737715,20260531
BingX,ZEST-USDT,ZEST,USDT,USDT,,4.0,1e-05,2026-05-31 22:09:58.737715,20260531
BingX,AEON-USDT,AEON,USDT,USDT,,4.0,1e-07,2026-05-31 22:09:58.737715,20260531
BingX,NCSKLLY2USD-USDT,NCSKLLY2USD,USDT,USDT,,8.0,0.01,2026-05-31 22:09:58.737715,20260531
BingX,NCSKBE2USD-USDT,NCSKBE2USD,USDT,USDT,,8.0,0.01,2026-05-31 22:09:58.737715,20260531
BingX,NCSKMP2USD-USDT,NCSKMP2USD,USDT,USDT,,,0.01,2026-05-31 22:09:58.737715,20260531
BingX,NCSKGLW2USD-USDT,NCSKGLW2USD,USDT,USDT,,8.0,0.01,2026-05-31 22:09:58.737715,20260531
BingX,NCSKTXN2USD-USDT,NCSKTXN2USD,USDT,USDT,,8.0,0.01,2026-05-31 22:09:58.737715,20260531
BingX,NEX-USDT,NEX,USDT,USDT,,4.0,1e-09,2026-05-31 22:09:58.737715,20260531
BingX,NCSKSPCX2USD-USDT,NCSKSPCX2USD,USDT,USDT,,8.0,0.01,2026-05-31 22:09:58.737715,20260531
BingX,NCSKANTHROPIC2USD-USDT,NCSKANTHROPIC2USD,USDT,USDT,,8.0,0.1,2026-05-31 22:09:58.737715,20260531
BingX,NCSKOPENAI2USD-USDT,NCSKOPENAI2USD,USDT,USDT,,8.0,0.01,2026-05-31 22:09:58.737715,20260531
BingX,DEXE-USDT,DEXE,USDT,USDT,,4.0,0.01,2026-05-31 22:09:58.737715,20260531
BingX,SLX-USDT,SLX,USDT,USDT,,4.0,0.0001,2026-05-31 22:09:58.737715,20260531
BingX,NCSKINFQ2USD-USDT,NCSKINFQ2USD,USDT,USDT,,8.0,0.01,2026-05-31 22:09:58.737715,20260531
BingX,NCSKIBMR2USD-USDT,NCSKIBMR2USD,USDT,USDT,,8.0,0.01,2026-05-31 22:09:58.737715,20260531
BingX,CITREA-USDT,CITREA,USDT,USDT,,4.0,1e-05,2026-05-31 22:09:58.737715,20260531
BingX,DEUS-USDT,DEUS,USDT,USDT,,1.0,1e-05,2026-05-31 22:09:58.737715,20260531
BingX,QAIT-USDT,QAIT,USDT,USDT,,1.0,1e-05,2026-05-31 22:09:58.737715,20260531
BingX,HYPE-USD,HYPE,USD,HYPE,,,,2026-05-31 22:09:58.737715,20260531
BingX,SOL-USD,SOL,USD,SOL,,,,2026-05-31 22:09:58.737715,20260531
BingX,ETC-USD,ETC,USD,ETC,,,,2026-05-31 22:09:58.737715,20260531
BingX,LINK-USD,LINK,USD,LINK,,,,2026-05-31 22:09:58.737715,20260531
BingX,FIL-USD,FIL,USD,FIL,,,,2026-05-31 22:09:58.737715,20260531
BingX,XRP-USD,XRP,USD,XRP,,,,2026-05-31 22:09:58.737715,20260531
BingX,TRUMPSOL-USD,TRUMPSOL,USD,TRUMPSOL,,,,2026-05-31 22:09:58.737715,20260531
BingX,LTC-USD,LTC,USD,LTC,,,,2026-05-31 22:09:58.737715,20260531
BingX,BTC-USD,BTC,USD,BTC,,,,2026-05-31 22:09:58.737715,20260531
BingX,DOGE-USD,DOGE,USD,DOGE,,,,2026-05-31 22:09:58.737715,20260531
BingX,ETH-USD,ETH,USD,ETH,,,,2026-05-31 22:09:58.737715,20260531
BingX,ADA-USD,ADA,USD,ADA,,,,2026-05-31 22:09:58.737715,20260531
BingX,TONCOIN-USD,TONCOIN,USD,TONCOIN,,,,2026-05-31 22:09:58.737715,20260531
BingX,SUI-USD,SUI,USD,SUI,,,,2026-05-31 22:09:58.737715,20260531
BingX,DOT-USD,DOT,USD,DOT,,,,2026-05-31 22:09:58.737715,20260531
BingX,BCH-USD,BCH,USD,BCH,,,,2026-05-31 22:09:58.737715,20260531
BingX,AVAX-USD,AVAX,USD,AVAX,,,,2026-05-31 22:09:58.737715,20260531
BingX,AAVE-USD,AAVE,USD,AAVE,,,,2026-05-31 22:09:58.737715,20260531
BingX,BNB-USD,BNB,USD,BNB,,,,2026-05-31 22:09:58.737715,20260531
BingX,UNI-USD,UNI,USD,UNI,,,,2026-05-31 22:09:58.737715,20260531
BingX,NEAR-USD,NEAR,USD,NEAR,,,,2026-05-31 22:09:58.737715,20260531
Bitfinex,tBTCF0:USTF0,BTC,USDT,USDT,,,,2026-05-31 22:09:58.737715,20260531
Bitfinex,tETHF0:USTF0,ETH,USDT,USDT,,,,2026-05-31 22:09:58.737715,20260531
Bitget,YGGUSDT_UMCBL,YGG,USDT,USDT,50.0,4.0,1e-05,2026-05-31 22:09:58.737715,20260531
Bitget,COSTUSDT_UMCBL,COST,USDT,USDT,25.0,8.0,0.01,2026-05-31 22:09:58.737715,20260531
Bitget,TNSRUSDT_UMCBL,TNSR,USDT,USDT,50.0,4.0,1e-05,2026-05-31 22:09:58.737715,20260531
Bitget,CTRUSDT_UMCBL,CTR,USDT,USDT,20.0,4.0,1e-05,2026-05-31 22:09:58.737715,20260531
Bitget,ATHUSDT_UMCBL,ATH,USDT,USDT,25.0,4.0,1e-06,2026-05-31 22:09:58.737715,20260531
Bitget,BLURUSDT_UMCBL,BLUR,USDT,USDT,50.0,4.0,1e-05,2026-05-31 22:09:58.737715,20260531
Bitget,RUNEUSDT_UMCBL,RUNE,USDT,USDT,75.0,8.0,0.0001,2026-05-31 22:09:58.737715,20260531
Bitget,CSCOUSDT_UMCBL,CSCO,USDT,USDT,20.0,8.0,0.01,2026-05-31 22:09:58.737715,20260531
Bitget,HIVEUSDT_UMCBL,HIVE,USDT,USDT,50.0,1.0,1e-05,2026-05-31 22:09:58.737715,20260531
Bitget,ASTSUSDT_UMCBL,ASTS,USDT,USDT,20.0,8.0,0.01,2026-05-31 22:09:58.737715,20260531
Bitget,TIAUSDT_UMCBL,TIA,USDT,USDT,75.0,4.0,0.0001,2026-05-31 22:09:58.737715,20260531
Bitget,FUSDT_UMCBL,F,USDT,USDT,50.0,4.0,1e-06,2026-05-31 22:09:58.737715,20260531
Bitget,ETHUSDT_UMCBL,ETH,USDT,USDT,150.0,8.0,0.01,2026-05-31 22:09:58.737715,20260531
Bitget,1MCHEEMSUSDT_UMCBL,1MCHEEMS,USDT,USDT,25.0,4.0,0.0001,2026-05-31 22:09:58.737715,20260531
Bitget,ELSAUSDT_UMCBL,ELSA,USDT,USDT,20.0,4.0,1e-05,2026-05-31 22:09:58.737715,20260531
Bitget,ONGUSDT_UMCBL,ONG,USDT,USDT,50.0,4.0,1e-05,2026-05-31 22:09:58.737715,20260531
Bitget,KAVAUSDT_UMCBL,KAVA,USDT,USDT,25.0,4.0,1e-05,2026-05-31 22:09:58.737715,20260531
Bitget,BIGTIMEUSDT_UMCBL,BIGTIME,USDT,USDT,50.0,4.0,1e-05,2026-05-31 22:09:58.737715,20260531
Bitget,APTUSDT_UMCBL,APT,USDT,USDT,75.0,8.0,0.0001,2026-05-31 22:09:58.737715,20260531
Bitget,IONQUSDT_UMCBL,IONQ,USDT,USDT,20.0,8.0,0.01,2026-05-31 22:09:58.737715,20260531
Bitget,VTHOUSDT_UMCBL,VTHO,USDT,USDT,50.0,4.0,1e-07,2026-05-31 22:09:58.737715,20260531
Bitget,ASMLUSDT_UMCBL,ASML,USDT,USDT,10.0,8.0,0.01,2026-05-31 22:09:58.737715,20260531
Bitget,JSTUSDT_UMCBL,JST,USDT,USDT,25.0,4.0,1e-05,2026-05-31 22:09:58.737715,20260531
Bitget,SUNUSDT_UMCBL,SUN,USDT,USDT,50.0,4.0,1e-06,2026-05-31 22:09:58.737715,20260531
Bitget,FRAXUSDT_UMCBL,FRAX,USDT,USDT,50.0,4.0,1e-05,2026-05-31 22:09:58.737715,20260531
Bitget,CTSIUSDT_UMCBL,CTSI,USDT,USDT,50.0,8.0,1e-05,2026-05-31 22:09:58.737715,20260531
Bitget,ORDIUSDT_UMCBL,ORDI,USDT,USDT,75.0,4.0,0.001,2026-05-31 22:09:58.737715,20260531
Bitget,DIAUSDT_UMCBL,DIA,USDT,USDT,50.0,4.0,0.0001,2026-05-31 22:09:58.737715,20260531
Bitget,TRADOORUSDT_UMCBL,TRADOOR,USDT,USDT,20.0,4.0,0.0001,2026-05-31 22:09:58.737715,20260531
Bitget,TOSHIUSDT_UMCBL,TOSHI,USDT,USDT,20.0,4.0,1e-07,2026-05-31 22:09:58.737715,20260531
Bitget,SEIUSDT_UMCBL,SEI,USDT,USDT,75.0,8.0,1e-05,2026-05-31 22:09:58.737715,20260531
Bitget,STOUSDT_UMCBL,STO,USDT,USDT,10.0,4.0,1e-05,2026-05-31 22:09:58.737715,20260531
Bitget,RDDTUSDT_UMCBL,RDDT,USDT,USDT,20.0,8.0,0.01,2026-05-31 22:09:58.737715,20260531
Bitget,MCDUSDT_UMCBL,MCD,USDT,USDT,20.0,8.0,0.01,2026-05-31 22:09:58.737715,20260531
Bitget,ARCUSDT_UMCBL,ARC,USDT,USDT,10.0,4.0,1e-05,2026-05-31 22:09:58.737715,20260531
Bitget,FETUSDT_UMCBL,FET,USDT,USDT,75.0,8.0,0.0001,2026-05-31 22:09:58.737715,20260531
Bitget,JASMYUSDT_UMCBL,JASMY,USDT,USDT,75.0,8.0,1e-06,2026-05-31 22:09:58.737715,20260531
Bitget,AVGOUSDT_UMCBL,AVGO,USDT,USDT,25.0,8.0,0.01,2026-05-31 22:09:58.737715,20260531
Bitget,MERLUSDT_UMCBL,MERL,USDT,USDT,25.0,4.0,1e-05,2026-05-31 22:09:58.737715,20260531
Bitget,ALGOUSDT_UMCBL,ALGO,USDT,USDT,75.0,8.0,0.0001,2026-05-31 22:09:58.737715,20260531
Bitget,PENGUUSDT_UMCBL,PENGU,USDT,USDT,75.0,4.0,1e-06,2026-05-31 22:09:58.737715,20260531
Bitget,XPINUSDT_UMCBL,XPIN,USDT,USDT,50.0,4.0,1e-07,2026-05-31 22:09:58.737715,20260531
Bitget,SKRUSDT_UMCBL,SKR,USDT,USDT,20.0,4.0,1e-06,2026-05-31 22:09:58.737715,20260531
Bitget,AXSUSDT_UMCBL,AXS,USDT,USDT,50.0,4.0,0.001,2026-05-31 22:09:58.737715,20260531
Bitget,BBUSDT_UMCBL,BB,USDT,USDT,50.0,4.0,1e-05,2026-05-31 22:09:58.737715,20260531
Bitget,QTUMUSDT_UMCBL,QTUM,USDT,USDT,75.0,8.0,0.001,2026-05-31 22:09:58.737715,20260531
Bitget,XTZUSDT_UMCBL,XTZ,USDT,USDT,75.0,4.0,0.0001,2026-05-31 22:09:58.737715,20260531
Bitget,AWEUSDT_UMCBL,AWE,USDT,USDT,40.0,4.0,1e-06,2026-05-31 22:09:58.737715,20260531
Bitget,GUNUSDT_UMCBL,GUN,USDT,USDT,50.0,4.0,1e-05,2026-05-31 22:09:58.737715,20260531
Bitget,BAUSDT_UMCBL,BA,USDT,USDT,20.0,8.0,0.01,2026-05-31 22:09:58.737715,20260531
Bitget,QNTSTOCKUSDT_UMCBL,QNTSTOCK,USDT,USDT,20.0,8.0,0.001,2026-05-31 22:09:58.737715,20260531
Bitget,VETUSDT_UMCBL,VET,USDT,USDT,50.0,8.0,1e-06,2026-05-31 22:09:58.737715,20260531
Bitget,BEAMUSDT_UMCBL,BEAM,USDT,USDT,20.0,4.0,1e-06,2026-05-31 22:09:58.737715,20260531
Bitget,ESPUSDT_UMCBL,ESP,USDT,USDT,20.0,4.0,1e-06,2026-05-31 22:09:58.737715,20260531
Bitget,CETUSUSDT_UMCBL,CETUS,USDT,USDT,25.0,4.0,1e-05,2026-05-31 22:09:58.737715,20260531
Bitget,TACUSDT_UMCBL,TAC,USDT,USDT,10.0,4.0,1e-06,2026-05-31 22:09:58.737715,20260531
Bitget,XLMUSDT_UMCBL,XLM,USDT,USDT,75.0,8.0,1e-05,2026-05-31 22:09:58.737715,20260531
Bitget,APEUSDT_UMCBL,APE,USDT,USDT,25.0,8.0,0.0001,2026-05-31 22:09:58.737715,20260531
Bitget,TLMUSDT_UMCBL,TLM,USDT,USDT,25.0,4.0,1e-06,2026-05-31 22:09:58.737715,20260531
Bitget,METISUSDT_UMCBL,METIS,USDT,USDT,50.0,4.0,0.001,2026-05-31 22:09:58.737715,20260531
Bitget,SPCXUSDT_UMCBL,SPCX,USDT,USDT,5.0,8.0,0.01,2026-05-31 22:09:58.737715,20260531
Bitget,AAOIUSDT_UMCBL,AAOI,USDT,USDT,20.0,8.0,0.01,2026-05-31 22:09:58.737715,20260531
Bitget,VELODROMEUSDT_UMCBL,VELODROME,USDT,USDT,20.0,4.0,1e-06,2026-05-31 22:09:58.737715,20260531
Bitget,TSMUSDT_UMCBL,TSM,USDT,USDT,100.0,8.0,0.01,2026-05-31 22:09:58.737715,20260531
Bitget,ACHRUSDT_UMCBL,ACHR,USDT,USDT,20.0,8.0,0.001,2026-05-31 22:09:58.737715,20260531
Bitget,POWRUSDT_UMCBL,POWR,USDT,USDT,50.0,4.0,1e-05,2026-05-31 22:09:58.737715,20260531
Bitget,SQDUSDT_UMCBL,SQD,USDT,USDT,25.0,4.0,1e-05,2026-05-31 22:09:58.737715,20260531
Bitget,APPUSDT_UMCBL,APP,USDT,USDT,20.0,8.0,0.01,2026-05-31 22:09:58.737715,20260531
Bitget,MINAUSDT_UMCBL,MINA,USDT,USDT,75.0,8.0,1e-05,2026-05-31 22:09:58.737715,20260531
Bitget,MANAUSDT_UMCBL,MANA,USDT,USDT,25.0,8.0,0.0001,2026-05-31 22:09:58.737715,20260531
Bitget,SFPUSDT_UMCBL,SFP,USDT,USDT,75.0,8.0,0.0001,2026-05-31 22:09:58.737715,20260531
Bitget,EGLDUSDT_UMCBL,EGLD,USDT,USDT,75.0,8.0,0.001,2026-05-31 22:09:58.737715,20260531
Bitget,MAVUSDT_UMCBL,MAV,USDT,USDT,20.0,8.0,1e-05,2026-05-31 22:09:58.737715,20260531
Bitget,CYBERUSDT_UMCBL,CYBER,USDT,USDT,50.0,4.0,0.0001,2026-05-31 22:09:58.737715,20260531
Bitget,ARKUSDT_UMCBL,ARK,USDT,USDT,25.0,4.0,0.0001,2026-05-31 22:09:58.737715,20260531
Bitget,BEATUSDT_UMCBL,BEAT,USDT,USDT,25.0,4.0,1e-05,2026-05-31 22:09:58.737715,20260531
Bitget,GMXUSDT_UMCBL,GMX,USDT,USDT,50.0,8.0,0.001,2026-05-31 22:09:58.737715,20260531
Bitget,DYDXUSDT_UMCBL,DYDX,USDT,USDT,10.0,8.0,0.0001,2026-05-31 22:09:58.737715,20260531
Bitget,SHIBUSDT_UMCBL,SHIB,USDT,USDT,75.0,8.0,1e-09,2026-05-31 22:09:58.737715,20260531
Bitget,CFXUSDT_UMCBL,CFX,USDT,USDT,75.0,8.0,1e-05,2026-05-31 22:09:58.737715,20260531
Bitget,KOPNUSDT_UMCBL,KOPN,USDT,USDT,20.0,8.0,0.001,2026-05-31 22:09:58.737715,20260531
Bitget,MYXUSDT_UMCBL,MYX,USDT,USDT,10.0,4.0,0.0001,2026-05-31 22:09:58.737715,20260531
Bitget,CRCLUSDT_UMCBL,CRCL,USDT,USDT,25.0,8.0,0.01,2026-05-31 22:09:58.737715,20260531
Bitget,RENDERUSDT_UMCBL,RENDER,USDT,USDT,50.0,4.0,0.001,2026-05-31 22:09:58.737715,20260531
Bitget,LWLGUSDT_UMCBL,LWLG,USDT,USDT,20.0,8.0,0.001,2026-05-31 22:09:58.737715,20260531
Bitget,HOLOUSDT_UMCBL,HOLO,USDT,USDT,20.0,4.0,1e-05,2026-05-31 22:09:58.737715,20260531
Bitget,POLYXUSDT_UMCBL,POLYX,USDT,USDT,50.0,4.0,1e-05,2026-05-31 22:09:58.737715,20260531
Bitget,FARTCOINUSDT_UMCBL,FARTCOIN,USDT,USDT,50.0,4.0,0.0001,2026-05-31 22:09:58.737715,20260531
Bitget,VANRYUSDT_UMCBL,VANRY,USDT,USDT,25.0,4.0,1e-06,2026-05-31 22:09:58.737715,20260531
Bitget,ZENUSDT_UMCBL,ZEN,USDT,USDT,50.0,8.0,0.001,2026-05-31 22:09:58.737715,20260531
Bitget,HYPEUSDT_UMCBL,HYPE,USDT,USDT,75.0,4.0,0.001,2026-05-31 22:09:58.737715,20260531
Bitget,NIOUSDT_UMCBL,NIO,USDT,USDT,20.0,8.0,0.001,2026-05-31 22:09:58.737715,20260531
Bitget,IMXUSDT_UMCBL,IMX,USDT,USDT,75.0,4.0,0.0001,2026-05-31 22:09:58.737715,20260531
Bitget,FOGOUSDT_UMCBL,FOGO,USDT,USDT,25.0,4.0,1e-05,2026-05-31 22:09:58.737715,20260531
Bitget,TAIKOUSDT_UMCBL,TAIKO,USDT,USDT,25.0,4.0,0.0001,2026-05-31 22:09:58.737715,20260531
Bitget,SCRTUSDT_UMCBL,SCRT,USDT,USDT,25.0,4.0,0.0001,2026-05-31 22:09:58.737715,20260531
Bitget,USELESSUSDT_UMCBL,USELESS,USDT,USDT,20.0,4.0,1e-05,2026-05-31 22:09:58.737715,20260531
Bitget,MOODENGUSDT_UMCBL,MOODENG,USDT,USDT,50.0,4.0,1e-05,2026-05-31 22:09:58.737715,20260531
Bitget,DASHUSDT_UMCBL,DASH,USDT,USDT,50.0,8.0,0.01,2026-05-31 22:09:58.737715,20260531
Bitget,WIFUSDT_UMCBL,WIF,USDT,USDT,50.0,4.0,0.0001,2026-05-31 22:09:58.737715,20260531
Bitget,SOXSUSDT_UMCBL,SOXS,USDT,USDT,20.0,8.0,0.01,2026-05-31 22:09:58.737715,20260531
Bitget,RECALLUSDT_UMCBL,RECALL,USDT,USDT,25.0,4.0,1e-05,2026-05-31 22:09:58.737715,20260531
Bitget,ARBUSDT_UMCBL,ARB,USDT,USDT,50.0,8.0,0.0001,2026-05-31 22:09:58.737715,20260531
Bitget,1MBABYDOGEUSDT_UMCBL,1MBABYDOGE,USDT,USDT,75.0,4.0,1e-07,2026-05-31 22:09:58.737715,20260531
Bitget,HFTUSDT_UMCBL,HFT,USDT,USDT,25.0,8.0,1e-05,2026-05-31 22:09:58.737715,20260531
Bitget,GPSUSDT_UMCBL,GPS,USDT,USDT,50.0,4.0,1e-06,2026-05-31 22:09:58.737715,20260531
Bitget,UNHUSDT_UMCBL,UNH,USDT,USDT,20.0,8.0,0.01,2026-05-31 22:09:58.737715,20260531
Bitget,COHRUSDT_UMCBL,COHR,USDT,USDT,20.0,8.0,0.01,2026-05-31 22:09:58.737715,20260531
Bitget,SOLUSDT_UMCBL,SOL,USDT,USDT,100.0,8.0,0.001,2026-05-31 22:09:58.737715,20260531
Bitget,AXTIUSDT_UMCBL,AXTI,USDT,USDT,20.0,8.0,0.01,2026-05-31 22:09:58.737715,20260531
Bitget,FIDAUSDT_UMCBL,FIDA,USDT,USDT,25.0,4.0,1e-05,2026-05-31 22:09:58.737715,20260531
Bitget,ACTUSDT_UMCBL,ACT,USDT,USDT,10.0,4.0,1e-05,2026-05-31 22:09:58.737715,20260531
Bitget,CROSSUSDT_UMCBL,CROSS,USDT,USDT,20.0,4.0,1e-05,2026-05-31 22:09:58.737715,20260531
Bitget,1000BONKUSDT_UMCBL,1000BONK,USDT,USDT,75.0,4.0,1e-06,2026-05-31 22:09:58.737715,20260531
Bitget,MEUSDT_UMCBL,ME,USDT,USDT,25.0,4.0,0.0001,2026-05-31 22:09:58.737715,20260531
Bitget,OUSTUSDT_UMCBL,OUST,USDT,USDT,20.0,8.0,0.01,2026-05-31 22:09:58.737715,20260531
Bitget,BIRBUSDT_UMCBL,BIRB,USDT,USDT,20.0,4.0,1e-05,2026-05-31 22:09:58.737715,20260531
Bitget,OPUSDT_UMCBL,OP,USDT,USDT,75.0,8.0,0.0001,2026-05-31 22:09:58.737715,20260531
Bitget,EPICUSDT_UMCBL,EPIC,USDT,USDT,10.0,4.0,0.0001,2026-05-31 22:09:58.737715,20260531
Bitget,RDWUSDT_UMCBL,RDW,USDT,USDT,20.0,8.0,0.001,2026-05-31 22:09:58.737715,20260531
Bitget,SLPUSDT_UMCBL,SLP,USDT,USDT,25.0,4.0,1e-07,2026-05-31 22:09:58.737715,20260531
Bitget,IPUSDT_UMCBL,IP,USDT,USDT,50.0,4.0,0.0001,2026-05-31 22:09:58.737715,20260531
Bitget,2ZUSDT_UMCBL,2Z,USDT,USDT,50.0,4.0,1e-05,2026-05-31 22:09:58.737715,20260531
Bitget,C98USDT_UMCBL,C98,USDT,USDT,50.0,8.0,1e-05,2026-05-31 22:09:58.737715,20260531
Bitget,ASRUSDT_UMCBL,ASR,USDT,USDT,10.0,4.0,0.001,2026-05-31 22:09:58.737715,20260531
Bitget,MASKUSDT_UMCBL,MASK,USDT,USDT,50.0,4.0,0.0001,2026-05-31 22:09:58.737715,20260531
Bitget,GMEUSDT_UMCBL,GME,USDT,USDT,20.0,8.0,0.01,2026-05-31 22:09:58.737715,20260531
Bitget,COAIUSDT_UMCBL,COAI,USDT,USDT,10.0,4.0,0.0001,2026-05-31 22:09:58.737715,20260531
Bitget,EWTUSDT_UMCBL,EWT,USDT,USDT,25.0,8.0,0.01,2026-05-31 22:09:58.737715,20260531
Bitget,GRIFFAINUSDT_UMCBL,GRIFFAIN,USDT,USDT,10.0,4.0,1e-05,2026-05-31 22:09:58.737715,20260531
Bitget,ARUSDT_UMCBL,AR,USDT,USDT,75.0,8.0,0.001,2026-05-31 22:09:58.737715,20260531
Bitget,ZKUSDT_UMCBL,ZKJ,USDT,USDT,75.0,4.0,1e-05,2026-05-31 22:09:58.737715,20260531
Bitget,CHILLGUYUSDT_UMCBL,CHILLGUY,USDT,USDT,10.0,4.0,1e-05,2026-05-31 22:09:58.737715,20260531
Bitget,JOBYUSDT_UMCBL,JOBY,USDT,USDT,20.0,8.0,0.001,2026-05-31 22:09:58.737715,20260531
Bitget,AINUSDT_UMCBL,AIN,USDT,USDT,10.0,4.0,1e-05,2026-05-31 22:09:58.737715,20260531
Bitget,DYMUSDT_UMCBL,DYM,USDT,USDT,25.0,4.0,1e-05,2026-05-31 22:09:58.738711,20260531
Bitget,WDCUSDT_UMCBL,WDC,USDT,USDT,20.0,8.0,0.01,2026-05-31 22:09:58.738711,20260531
Bitget,CKBUSDT_UMCBL,CKB,USDT,USDT,50.0,8.0,1e-06,2026-05-31 22:09:58.738711,20260531
Bitget,FLYUSDT_UMCBL,FLY,USDT,USDT,20.0,8.0,0.01,2026-05-31 22:09:58.738711,20260531
Bitget,BTCUSDT_UMCBL,BTC,USDT,USDT,150.0,8.0,0.1,2026-05-31 22:09:58.738711,20260531
Bitget,RAYUSDT_UMCBL,RAY,USDT,USDT,75.0,4.0,0.0001,2026-05-31 22:09:58.738711,20260531
Bitget,ALLOUSDT_UMCBL,ALLO,USDT,USDT,20.0,4.0,0.0001,2026-05-31 22:09:58.738711,20260531
Bitget,ATOMUSDT_UMCBL,ATOM,USDT,USDT,75.0,8.0,0.0001,2026-05-31 22:09:58.738711,20260531
Bitget,LYNUSDT_UMCBL,LYN,USDT,USDT,25.0,4.0,1e-05,2026-05-31 22:09:58.738711,20260531
Bitget,SANTOSUSDT_UMCBL,SANTOS,USDT,USDT,50.0,4.0,0.001,2026-05-31 22:09:58.738711,20260531
Bitget,AUCTIONUSDT_UMCBL,AUCTION,USDT,USDT,25.0,4.0,0.001,2026-05-31 22:09:58.738711,20260531
Bitget,HUMAUSDT_UMCBL,HUMA,USDT,USDT,20.0,4.0,1e-05,2026-05-31 22:09:58.738711,20260531
Bitget,EDGEUSDT_UMCBL,EDGE,USDT,USDT,20.0,4.0,0.0001,2026-05-31 22:09:58.738711,20260531
Bitget,BANANAS31USDT_UMCBL,BANANAS31,USDT,USDT,25.0,4.0,1e-06,2026-05-31 22:09:58.738711,20260531
Bitget,BCHUSDT_UMCBL,BCH,USDT,USDT,75.0,8.0,0.01,2026-05-31 22:09:58.738711,20260531
Bitget,SKYUSDT_UMCBL,SKY,USDT,USDT,75.0,4.0,1e-05,2026-05-31 22:09:58.738711,20260531
Bitget,B2USDT_UMCBL,B2,USDT,USDT,50.0,4.0,0.0001,2026-05-31 22:09:58.738711,20260531
Bitget,MUSDT_UMCBL,M,USDT,USDT,10.0,4.0,1e-05,2026-05-31 22:09:58.738711,20260531
Bitget,DEXEUSDT_UMCBL,DEXE,USDT,USDT,25.0,4.0,0.001,2026-05-31 22:09:58.738711,20260531
Bitget,PENDLEUSDT_UMCBL,PENDLE,USDT,USDT,75.0,8.0,0.0001,2026-05-31 22:09:58.738711,20260531
Bitget,LINEAUSDT_UMCBL,LINEA,USDT,USDT,50.0,4.0,1e-06,2026-05-31 22:09:58.738711,20260531
Bitget,ADAUSDT_UMCBL,ADA,USDT,USDT,75.0,8.0,0.0001,2026-05-31 22:09:58.738711,20260531
Bitget,QNTUSDT_UMCBL,QNT,USDT,USDT,75.0,8.0,0.01,2026-05-31 22:09:58.738711,20260531
Bitget,NEWTUSDT_UMCBL,NEWT,USDT,USDT,20.0,4.0,1e-05,2026-05-31 22:09:58.738711,20260531
Bitget,TRUMPUSDT_UMCBL,TRUMP,USDT,USDT,75.0,4.0,0.001,2026-05-31 22:09:58.738711,20260531
Bitget,SSVUSDT_UMCBL,SSV,USDT,USDT,50.0,8.0,0.001,2026-05-31 22:09:58.738711,20260531
Bitget,KERNELUSDT_UMCBL,KERNEL,USDT,USDT,50.0,4.0,1e-05,2026-05-31 22:09:58.738711,20260531
Bitget,REZUSDT_UMCBL,REZ,USDT,USDT,50.0,4.0,1e-06,2026-05-31 22:09:58.738711,20260531
Bitget,QUBTUSDT_UMCBL,QUBT,USDT,USDT,20.0,8.0,0.001,2026-05-31 22:09:58.738711,20260531
Bitget,TOWNSUSDT_UMCBL,TOWNS,USDT,USDT,10.0,4.0,1e-06,2026-05-31 22:09:58.738711,20260531
Bitget,APRUSDT_UMCBL,APR,USDT,USDT,50.0,4.0,1e-05,2026-05-31 22:09:58.738711,20260531
Bitget,BRETTUSDT_UMCBL,BRETT,USDT,USDT,75.0,4.0,1e-06,2026-05-31 22:09:58.738711,20260531
Bitget,LITEUSDT_UMCBL,LITE,USDT,USDT,20.0,8.0,0.01,2026-05-31 22:09:58.738711,20260531
Bitget,HYPERUSDT_UMCBL,HYPER,USDT,USDT,50.0,4.0,0.0001,2026-05-31 22:09:58.738711,20260531
Bitget,TUTUSDT_UMCBL,TUT,USDT,USDT,20.0,4.0,1e-05,2026-05-31 22:09:58.738711,20260531
Bitget,IOTXUSDT_UMCBL,IOTX,USDT,USDT,50.0,8.0,1e-06,2026-05-31 22:09:58.738711,20260531
Bitget,UNIUSDT_UMCBL,UNI,USDT,USDT,75.0,8.0,0.001,2026-05-31 22:09:58.738711,20260531
Bitget,ARQQUSDT_UMCBL,ARQQ,USDT,USDT,20.0,8.0,0.001,2026-05-31 22:09:58.738711,20260531
Bitget,EWYUSDT_UMCBL,EWY,USDT,USDT,20.0,8.0,0.01,2026-05-31 22:09:58.738711,20260531
Bitget,KASUSDT_UMCBL,KAS,USDT,USDT,50.0,4.0,1e-05,2026-05-31 22:09:58.738711,20260531
Bitget,JUPUSDT_UMCBL,JUP,USDT,USDT,75.0,4.0,0.0001,2026-05-31 22:09:58.738711,20260531
Bitget,GASUSDT_UMCBL,GAS,USDT,USDT,50.0,4.0,0.001,2026-05-31 22:09:58.738711,20260531
Bitget,QQQUSDT_UMCBL,QQQ,USDT,USDT,20.0,8.0,0.01,2026-05-31 22:09:58.738711,20260531
Bitget,PUMPUSDT_UMCBL,PUMP,USDT,USDT,75.0,4.0,1e-06,2026-05-31 22:09:58.738711,20260531
Bitget,COWUSDT_UMCBL,COW,USDT,USDT,50.0,4.0,0.0001,2026-05-31 22:09:58.738711,20260531
Bitget,LUNAUSDT_UMCBL,LUNA,USDT,USDT,50.0,4.0,1e-05,2026-05-31 22:09:58.738711,20260531
Bitget,RIVERUSDT_UMCBL,RIVER,USDT,USDT,20.0,4.0,0.001,2026-05-31 22:09:58.738711,20260531
Bitget,LINKUSDT_UMCBL,LINK,USDT,USDT,75.0,8.0,0.001,2026-05-31 22:09:58.738711,20260531
Bitget,RKLBUSDT_UMCBL,RKLB,USDT,USDT,20.0,8.0,0.01,2026-05-31 22:09:58.738711,20260531
Bitget,QBTSUSDT_UMCBL,QBTS,USDT,USDT,20.0,8.0,0.001,2026-05-31 22:09:58.738711,20260531
Bitget,CELRUSDT_UMCBL,CELR,USDT,USDT,50.0,8.0,1e-06,2026-05-31 22:09:58.738711,20260531
Bitget,MORPHOUSDT_UMCBL,MORPHO,USDT,USDT,75.0,4.0,0.0001,2026-05-31 22:09:58.738711,20260531
Bitget,GEUSDT_UMCBL,GE,USDT,USDT,20.0,8.0,0.01,2026-05-31 22:09:58.738711,20260531
Bitget,BGBUSDT_UMCBL,BGB,USDT,USDT,50.0,8.0,0.0001,2026-05-31 22:09:58.738711,20260531
Bitget,BARDUSDT_UMCBL,BARD,USDT,USDT,20.0,4.0,0.0001,2026-05-31 22:09:58.738711,20260531
Bitget,BABYUSDT_UMCBL,BABY,USDT,USDT,50.0,4.0,1e-05,2026-05-31 22:09:58.738711,20260531
Bitget,CATIUSDT_UMCBL,CATI,USDT,USDT,50.0,4.0,1e-05,2026-05-31 22:09:58.738711,20260531
Bitget,SPYUSDT_UMCBL,SPY,USDT,USDT,50.0,8.0,0.01,2026-05-31 22:09:58.738711,20260531
Bitget,ACXUSDT_UMCBL,ACX,USDT,USDT,20.0,4.0,1e-05,2026-05-31 22:09:58.738711,20260531
Bitget,MSTRUSDT_UMCBL,MSTR,USDT,USDT,25.0,8.0,0.01,2026-05-31 22:09:58.738711,20260531
Bitget,ORCAUSDT_UMCBL,ORCA,USDT,USDT,25.0,4.0,0.001,2026-05-31 22:09:58.738711,20260531
Bitget,INUSDT_UMCBL,IN,USDT,USDT,50.0,4.0,1e-05,2026-05-31 22:09:58.738711,20260531
Bitget,STBLUSDT_UMCBL,STBL,USDT,USDT,50.0,4.0,1e-05,2026-05-31 22:09:58.738711,20260531
Bitget,UBUSDT_UMCBL,UB,USDT,USDT,50.0,4.0,1e-05,2026-05-31 22:09:58.738711,20260531
Bitget,1000000MOGUSDT_UMCBL,1000000MOG,USDT,USDT,50.0,4.0,0.0001,2026-05-31 22:09:58.738711,20260531
Bitget,NEARUSDT_UMCBL,NEAR,USDT,USDT,75.0,8.0,0.0001,2026-05-31 22:09:58.738711,20260531
Bitget,GUSDT_UMCBL,G,USDT,USDT,50.0,4.0,1e-06,2026-05-31 22:09:58.738711,20260531
Bitget,ASTERUSDT_UMCBL,ASTER,USDT,USDT,50.0,4.0,0.0001,2026-05-31 22:09:58.738711,20260531
Bitget,SPKUSDT_UMCBL,SPK,USDT,USDT,50.0,4.0,1e-05,2026-05-31 22:09:58.738711,20260531
Bitget,BZUSDT_UMCBL,BZ,USDT,USDT,100.0,4.0,0.01,2026-05-31 22:09:58.738711,20260531
Bitget,PHAUSDT_UMCBL,PHA,USDT,USDT,50.0,4.0,1e-05,2026-05-31 22:09:58.738711,20260531
Bitget,GRASSUSDT_UMCBL,GRASS,USDT,USDT,75.0,4.0,0.0001,2026-05-31 22:09:58.738711,20260531
Bitget,SPACEUSDT_UMCBL,SPACE,USDT,USDT,20.0,4.0,1e-06,2026-05-31 22:09:58.738711,20260531
Bitget,BATUSDT_UMCBL,BAT,USDT,USDT,50.0,8.0,0.0001,2026-05-31 22:09:58.738711,20260531
Bitget,LUNCUSDT_UMCBL,LUNC,USDT,USDT,25.0,8.0,1e-08,2026-05-31 22:09:58.738711,20260531
Bitget,POLUSDT_UMCBL,POL,USDT,USDT,50.0,4.0,1e-05,2026-05-31 22:09:58.738711,20260531
Bitget,ZROUSDT_UMCBL,ZRO,USDT,USDT,75.0,4.0,0.0001,2026-05-31 22:09:58.738711,20260531
Bitget,BNBUSDT_UMCBL,BNB,USDT,USDT,75.0,8.0,0.01,2026-05-31 22:09:58.738711,20260531
Bitget,TAOUSDT_UMCBL,TAO,USDT,USDT,50.0,4.0,0.01,2026-05-31 22:09:58.738711,20260531
Bitget,SANDUSDT_UMCBL,SAND,USDT,USDT,75.0,8.0,1e-05,2026-05-31 22:09:58.738711,20260531
Bitget,PANWUSDT_UMCBL,PANW,USDT,USDT,20.0,8.0,0.01,2026-05-31 22:09:58.738711,20260531
Bitget,0GUSDT_UMCBL,0G,USDT,USDT,50.0,4.0,0.0001,2026-05-31 22:09:58.738711,20260531
Bitget,OXYUSDT_UMCBL,OXY,USDT,USDT,50.0,8.0,0.01,2026-05-31 22:09:58.738711,20260531
Bitget,GOOGLUSDT_UMCBL,GOOGL,USDT,USDT,100.0,8.0,0.01,2026-05-31 22:09:58.738711,20260531
Bitget,LAUSDT_UMCBL,LA,USDT,USDT,50.0,4.0,0.0001,2026-05-31 22:09:58.738711,20260531
Bitget,REDUSDT_UMCBL,RED,USDT,USDT,20.0,4.0,0.0001,2026-05-31 22:09:58.738711,20260531
Bitget,PUNDIXUSDT_UMCBL,PUNDIX,USDT,USDT,20.0,4.0,0.0001,2026-05-31 22:09:58.738711,20260531
Bitget,ACEUSDT_UMCBL,ACE,USDT,USDT,10.0,4.0,0.0001,2026-05-31 22:09:58.738711,20260531
Bitget,BOMEUSDT_UMCBL,BOME,USDT,USDT,50.0,4.0,1e-07,2026-05-31 22:09:58.738711,20260531
Bitget,SOONUSDT_UMCBL,SOON,USDT,USDT,25.0,4.0,0.0001,2026-05-31 22:09:58.738711,20260531
Bitget,CUSDT_UMCBL,C,USDT,USDT,20.0,4.0,1e-05,2026-05-31 22:09:58.738711,20260531
Bitget,TUSDT_UMCBL,T,USDT,USDT,50.0,4.0,1e-06,2026-05-31 22:09:58.738711,20260531
Bitget,CRWVUSDT_UMCBL,CRWV,USDT,USDT,20.0,8.0,0.01,2026-05-31 22:09:58.738711,20260531
Bitget,MEGAUSDT_UMCBL,MEGA,USDT,USDT,50.0,4.0,1e-05,2026-05-31 22:09:58.738711,20260531
Bitget,ARMUSDT_UMCBL,ARM,USDT,USDT,10.0,8.0,0.01,2026-05-31 22:09:58.738711,20260531
Bitget,AEROUSDT_UMCBL,AERO,USDT,USDT,75.0,4.0,0.0001,2026-05-31 22:09:58.738711,20260531
Bitget,BANDUSDT_UMCBL,BAND,USDT,USDT,50.0,8.0,0.0001,2026-05-31 22:09:58.738711,20260531
Bitget,WCTUSDT_UMCBL,WCT,USDT,USDT,50.0,4.0,1e-05,2026-05-31 22:09:58.738711,20260531
Bitget,POWERUSDT_UMCBL,POWER,USDT,USDT,20.0,4.0,1e-05,2026-05-31 22:09:58.738711,20260531
Bitget,SOMIUSDT_UMCBL,SOMI,USDT,USDT,50.0,4.0,0.0001,2026-05-31 22:09:58.738711,20260531
Bitget,IOSTUSDT_UMCBL,IOST,USDT,USDT,25.0,8.0,1e-06,2026-05-31 22:09:58.738711,20260531
Bitget,TONUSDT_UMCBL,TON,USDT,USDT,75.0,4.0,0.0001,2026-05-31 22:09:58.738711,20260531
Bitget,COMPUSDT_UMCBL,COMP,USDT,USDT,75.0,8.0,0.01,2026-05-31 22:09:58.738711,20260531
Bitget,CFGUSDT_UMCBL,CFG,USDT,USDT,20.0,4.0,1e-05,2026-05-31 22:09:58.738711,20260531
Bitget,SONICUSDT_UMCBL,SONIC,USDT,USDT,10.0,4.0,1e-05,2026-05-31 22:09:58.738711,20260531
Bitget,CRDOUSDT_UMCBL,CRDO,USDT,USDT,20.0,8.0,0.01,2026-05-31 22:09:58.738711,20260531
Bitget,NBISUSDT_UMCBL,NBIS,USDT,USDT,20.0,8.0,0.01,2026-05-31 22:09:58.738711,20260531
Bitget,XAUTUSDT_UMCBL,XAUT,USDT,USDT,75.0,4.0,0.01,2026-05-31 22:09:58.738711,20260531
Bitget,FUTUUSDT_UMCBL,FUTU,USDT,USDT,20.0,8.0,0.01,2026-05-31 22:09:58.738711,20260531
Bitget,DOTUSDT_UMCBL,DOT,USDT,USDT,75.0,8.0,0.001,2026-05-31 22:09:58.738711,20260531
Bitget,ENSUSDT_UMCBL,ENS,USDT,USDT,75.0,8.0,0.001,2026-05-31 22:09:58.738711,20260531
Bitget,CHRUSDT_UMCBL,CHR,USDT,USDT,50.0,8.0,1e-05,2026-05-31 22:09:58.738711,20260531
Bitget,SAFEUSDT_UMCBL,SAFE,USDT,USDT,50.0,4.0,0.0001,2026-05-31 22:09:58.738711,20260531
Bitget,NOTUSDT_UMCBL,NOT,USDT,USDT,50.0,4.0,1e-07,2026-05-31 22:09:58.738711,20260531
Bitget,MONUSDT_UMCBL,MON,USDT,USDT,25.0,4.0,1e-05,2026-05-31 22:09:58.738711,20260531
Bitget,IDUSDT_UMCBL,ID,USDT,USDT,50.0,1.0,1e-05,2026-05-31 22:09:58.738711,20260531
Bitget,LDOUSDT_UMCBL,LDO,USDT,USDT,75.0,8.0,0.0001,2026-05-31 22:09:58.738711,20260531
Bitget,BSBUSDT_UMCBL,BSB,USDT,USDT,20.0,4.0,1e-05,2026-05-31 22:09:58.738711,20260531
Bitget,KWEBUSDT_UMCBL,KWEB,USDT,USDT,25.0,8.0,0.001,2026-05-31 22:09:58.738711,20260531
Bitget,COPPERUSDT_UMCBL,COPPER,USDT,USDT,100.0,4.0,0.001,2026-05-31 22:09:58.738711,20260531
Bitget,SHELLUSDT_UMCBL,SHELL,USDT,USDT,10.0,4.0,1e-05,2026-05-31 22:09:58.738711,20260531
Bitget,NFLXUSDT_UMCBL,NFLX,USDT,USDT,50.0,8.0,0.01,2026-05-31 22:09:58.738711,20260531
Bitget,DEEPUSDT_UMCBL,DEEP,USDT,USDT,50.0,4.0,1e-05,2026-05-31 22:09:58.738711,20260531
Bitget,STABLEUSDT_UMCBL,STABLE,USDT,USDT,25.0,4.0,1e-05,2026-05-31 22:09:58.738711,20260531
Bitget,SXTUSDT_UMCBL,SXT,USDT,USDT,25.0,4.0,1e-05,2026-05-31 22:09:58.738711,20260531
Bitget,SIRENUSDT_UMCBL,SIREN,USDT,USDT,10.0,4.0,1e-05,2026-05-31 22:09:58.738711,20260531
Bitget,EIGENUSDT_UMCBL,EIGEN,USDT,USDT,75.0,4.0,0.0001,2026-05-31 22:09:58.738711,20260531
Bitget,OPGUSDT_UMCBL,OPG,USDT,USDT,20.0,4.0,0.0001,2026-05-31 22:09:58.738711,20260531
Bitget,LQTYUSDT_UMCBL,LQTY,USDT,USDT,50.0,8.0,0.0001,2026-05-31 22:09:58.738711,20260531
Bitget,BRUSDT_UMCBL,BR,USDT,USDT,10.0,4.0,1e-05,2026-05-31 22:09:58.738711,20260531
Bitget,OGNUSDT_UMCBL,OGN,USDT,USDT,50.0,4.0,1e-05,2026-05-31 22:09:58.738711,20260531
Bitget,EWHUSDT_UMCBL,EWH,USDT,USDT,20.0,8.0,0.001,2026-05-31 22:09:58.738711,20260531
Bitget,AZTECUSDT_UMCBL,AZTEC,USDT,USDT,20.0,4.0,1e-05,2026-05-31 22:09:58.738711,20260531
Bitget,USUSDT_UMCBL,US,USDT,USDT,10.0,4.0,1e-06,2026-05-31 22:09:58.738711,20260531
Bitget,AUSDT_UMCBL,A,USDT,USDT,75.0,4.0,1e-05,2026-05-31 22:09:58.738711,20260531
Bitget,CRVUSDT_UMCBL,CRV,USDT,USDT,75.0,8.0,0.0001,2026-05-31 22:09:58.738711,20260531
Bitget,BIOUSDT_UMCBL,BIO,USDT,USDT,50.0,4.0,1e-05,2026-05-31 22:09:58.738711,20260531
Bitget,TRUSTUSDT_UMCBL,TRUST,USDT,USDT,50.0,4.0,1e-05,2026-05-31 22:09:58.738711,20260531
Bitget,SUSHIUSDT_UMCBL,SUSHI,USDT,USDT,50.0,8.0,0.0001,2026-05-31 22:09:58.738711,20260531
Bitget,JCTUSDT_UMCBL,JCT,USDT,USDT,25.0,4.0,1e-06,2026-05-31 22:09:58.738711,20260531
Bitget,EWJUSDT_UMCBL,EWJ,USDT,USDT,20.0,8.0,0.01,2026-05-31 22:09:58.738711,20260531
Bitget,ORDERUSDT_UMCBL,ORDER,USDT,USDT,20.0,4.0,1e-05,2026-05-31 22:09:58.738711,20260531
Bitget,PIEVERSEUSDT_UMCBL,PIEVERSE,USDT,USDT,10.0,4.0,1e-05,2026-05-31 22:09:58.738711,20260531
Bitget,VRTUSDT_UMCBL,VRT,USDT,USDT,20.0,8.0,0.01,2026-05-31 22:09:58.738711,20260531
Bitget,CLUSDT_UMCBL,CL,USDT,USDT,100.0,4.0,0.001,2026-05-31 22:09:58.738711,20260531
Bitget,XPTUSDT_UMCBL,XPT,USDT,USDT,100.0,4.0,0.01,2026-05-31 22:09:58.738711,20260531
Bitget,AMATUSDT_UMCBL,AMAT,USDT,USDT,20.0,8.0,0.01,2026-05-31 22:09:58.738711,20260531
Bitget,MEWUSDT_UMCBL,MEW,USDT,USDT,50.0,4.0,1e-07,2026-05-31 22:09:58.738711,20260531
Bitget,SENTUSDT_UMCBL,SENT,USDT,USDT,20.0,4.0,1e-05,2026-05-31 22:09:58.738711,20260531
Bitget,PLTRUSDT_UMCBL,PLTR,USDT,USDT,20.0,8.0,0.01,2026-05-31 22:09:58.738711,20260531
Bitget,BERAUSDT_UMCBL,BERA,USDT,USDT,50.0,4.0,0.0001,2026-05-31 22:09:58.738711,20260531
Bitget,SKYAIUSDT_UMCBL,SKYAI,USDT,USDT,10.0,4.0,1e-05,2026-05-31 22:09:58.738711,20260531
Bitget,MTLUSDT_UMCBL,MTL,USDT,USDT,25.0,8.0,0.0001,2026-05-31 22:09:58.738711,20260531
Bitget,ARIAUSDT_UMCBL,ARIA,USDT,USDT,10.0,4.0,1e-05,2026-05-31 22:09:58.738711,20260531
Bitget,BROCCOLIUSDT_UMCBL,BROCCOLI,USDT,USDT,20.0,4.0,1e-05,2026-05-31 22:09:58.738711,20260531
Bitget,ILVUSDT_UMCBL,ILV,USDT,USDT,50.0,4.0,0.001,2026-05-31 22:09:58.738711,20260531
Bitget,BANUSDT_UMCBL,BAN,USDT,USDT,50.0,4.0,1e-05,2026-05-31 22:09:58.738711,20260531
Bitget,XAUUSDT_UMCBL,XAU,USDT,USDT,100.0,4.0,0.01,2026-05-31 22:09:58.738711,20260531
Bitget,GALAUSDT_UMCBL,GALA,USDT,USDT,75.0,8.0,1e-06,2026-05-31 22:09:58.738711,20260531
Bitget,OKLOUSDT_UMCBL,OKLO,USDT,USDT,20.0,8.0,0.01,2026-05-31 22:09:58.738711,20260531
Bitget,WAXPUSDT_UMCBL,WAXP,USDT,USDT,50.0,4.0,1e-06,2026-05-31 22:09:58.738711,20260531
Bitget,PIXELUSDT_UMCBL,PIXEL,USDT,USDT,50.0,4.0,1e-06,2026-05-31 22:09:58.738711,20260531
Bitget,QUSDT_UMCBL,Q,USDT,USDT,20.0,4.0,1e-06,2026-05-31 22:09:58.738711,20260531
Bitget,CHIPUSDT_UMCBL,CHIP,USDT,USDT,50.0,4.0,1e-05,2026-05-31 22:09:58.738711,20260531
Bitget,ZBTUSDT_UMCBL,ZBT,USDT,USDT,10.0,4.0,1e-05,2026-05-31 22:09:58.738711,20260531
Bitget,VANAUSDT_UMCBL,VANA,USDT,USDT,50.0,4.0,0.001,2026-05-31 22:09:58.738711,20260531
Bitget,PNUTUSDT_UMCBL,PNUT,USDT,USDT,50.0,4.0,1e-05,2026-05-31 22:09:58.738711,20260531
Bitget,AIGENSYNUSDT_UMCBL,AIGENSYN,USDT,USDT,20.0,4.0,1e-05,2026-05-31 22:09:58.738711,20260531
Bitget,SOPHUSDT_UMCBL,SOPH,USDT,USDT,50.0,4.0,1e-06,2026-05-31 22:09:58.738711,20260531
Bitget,ARPAUSDT_UMCBL,ARPA,USDT,USDT,50.0,8.0,1e-05,2026-05-31 22:09:58.738711,20260531
Bitget,MPUSDT_UMCBL,MP,USDT,USDT,20.0,8.0,0.01,2026-05-31 22:09:58.738711,20260531
Bitget,RPLUSDT_UMCBL,RPL,USDT,USDT,50.0,4.0,0.001,2026-05-31 22:09:58.738711,20260531
Bitget,MUBARAKUSDT_UMCBL,MUBARAK,USDT,USDT,25.0,4.0,1e-05,2026-05-31 22:09:58.738711,20260531
Bitget,BABAUSDT_UMCBL,BABA,USDT,USDT,20.0,8.0,0.01,2026-05-31 22:09:58.738711,20260531
Bitget,INTCUSDT_UMCBL,INTC,USDT,USDT,50.0,8.0,0.01,2026-05-31 22:09:58.738711,20260531
Bitget,GENIUSUSDT_UMCBL,GENIUS,USDT,USDT,20.0,4.0,1e-05,2026-05-31 22:09:58.738711,20260531
Bitget,KNCUSDT_UMCBL,KNC,USDT,USDT,50.0,8.0,0.0001,2026-05-31 22:09:58.738711,20260531
Bitget,KSMUSDT_UMCBL,KSM,USDT,USDT,50.0,8.0,0.001,2026-05-31 22:09:58.738711,20260531
Bitget,BEUSDT_UMCBL,BE,USDT,USDT,20.0,8.0,0.01,2026-05-31 22:09:58.738711,20260531
Bitget,AMDUSDT_UMCBL,AMD,USDT,USDT,20.0,8.0,0.01,2026-05-31 22:09:58.738711,20260531
Bitget,ACHUSDT_UMCBL,ACH,USDT,USDT,50.0,8.0,1e-06,2026-05-31 22:09:58.738711,20260531
Bitget,OPENUSDT_UMCBL,OPEN,USDT,USDT,20.0,4.0,0.0001,2026-05-31 22:09:58.738711,20260531
Bitget,SYNUSDT_UMCBL,SYN,USDT,USDT,10.0,4.0,1e-05,2026-05-31 22:09:58.738711,20260531
Bitget,ZKCUSDT_UMCBL,ZKC,USDT,USDT,50.0,4.0,1e-05,2026-05-31 22:09:58.738711,20260531
Bitget,AIXBTUSDT_UMCBL,AIXBT,USDT,USDT,20.0,4.0,1e-05,2026-05-31 22:09:58.738711,20260531
Bitget,GLMUSDT_UMCBL,GLM,USDT,USDT,25.0,4.0,0.0001,2026-05-31 22:09:58.738711,20260531
Bitget,ALCHUSDT_UMCBL,ALCH,USDT,USDT,10.0,4.0,1e-05,2026-05-31 22:09:58.738711,20260531
Bitget,USUALUSDT_UMCBL,USUAL,USDT,USDT,50.0,4.0,1e-05,2026-05-31 22:09:58.738711,20260531
Bitget,1000XECUSDT_UMCBL,1000XEC,USDT,USDT,50.0,8.0,1e-05,2026-05-31 22:09:58.738711,20260531
Bitget,BICOUSDT_UMCBL,BICO,USDT,USDT,50.0,8.0,1e-05,2026-05-31 22:09:58.738711,20260531
Bitget,XPLUSDT_UMCBL,XPL,USDT,USDT,75.0,4.0,1e-05,2026-05-31 22:09:58.738711,20260531
Bitget,XANUSDT_UMCBL,XAN,USDT,USDT,50.0,4.0,1e-06,2026-05-31 22:09:58.738711,20260531
Bitget,ZAMAUSDT_UMCBL,ZAMA,USDT,USDT,20.0,4.0,1e-05,2026-05-31 22:09:58.738711,20260531
Bitget,GWEIUSDT_UMCBL,GWEI,USDT,USDT,20.0,4.0,1e-05,2026-05-31 22:09:58.738711,20260531
Bitget,NIGHTUSDT_UMCBL,NIGHT,USDT,USDT,25.0,4.0,1e-05,2026-05-31 22:09:58.738711,20260531
Bitget,METUSDT_UMCBL,MET,USDT,USDT,25.0,4.0,0.0001,2026-05-31 22:09:58.738711,20260531
Bitget,SNOWUSDT_UMCBL,SNOW,USDT,USDT,20.0,8.0,0.01,2026-05-31 22:09:58.738711,20260531
Bitget,FILUSDT_UMCBL,FIL,USDT,USDT,75.0,8.0,0.0001,2026-05-31 22:09:58.738711,20260531
Bitget,RAREUSDT_UMCBL,RARE,USDT,USDT,20.0,4.0,1e-05,2026-05-31 22:09:58.738711,20260531
Bitget,TURBOUSDT_UMCBL,TURBO,USDT,USDT,25.0,4.0,1e-06,2026-05-31 22:09:58.738711,20260531
Bitget,NILUSDT_UMCBL,NIL,USDT,USDT,50.0,4.0,1e-05,2026-05-31 22:09:58.738711,20260531
Bitget,SUPERUSDT_UMCBL,SUPER,USDT,USDT,25.0,4.0,0.0001,2026-05-31 22:09:58.738711,20260531
Bitget,SPXUSDT_UMCBL,SPX,USDT,USDT,50.0,4.0,0.0001,2026-05-31 22:09:58.738711,20260531
Bitget,BRKBUSDT_UMCBL,BRKB,USDT,USDT,20.0,8.0,0.01,2026-05-31 22:09:58.738711,20260531
Bitget,GOATUSDT_UMCBL,GOAT,USDT,USDT,10.0,4.0,1e-05,2026-05-31 22:09:58.738711,20260531
Bitget,ZILUSDT_UMCBL,ZIL,USDT,USDT,75.0,4.0,1e-06,2026-05-31 22:09:58.738711,20260531
Bitget,AAPLUSDT_UMCBL,AAPL,USDT,USDT,100.0,8.0,0.01,2026-05-31 22:09:58.738711,20260531
Bitget,SAHARAUSDT_UMCBL,SAHARA,USDT,USDT,25.0,4.0,1e-05,2026-05-31 22:09:58.738711,20260531
Bitget,MIRAUSDT_UMCBL,MIRA,USDT,USDT,20.0,4.0,0.0001,2026-05-31 22:09:58.738711,20260531
Bitget,ENJUSDT_UMCBL,ENJ,USDT,USDT,50.0,4.0,1e-05,2026-05-31 22:09:58.738711,20260531
Bitget,XOMUSDT_UMCBL,XOM,USDT,USDT,50.0,8.0,0.01,2026-05-31 22:09:58.738711,20260531
Bitget,XPDUSDT_UMCBL,XPD,USDT,USDT,100.0,4.0,0.01,2026-05-31 22:09:58.738711,20260531
Bitget,INJUSDT_UMCBL,INJ,USDT,USDT,75.0,8.0,0.001,2026-05-31 22:09:58.738711,20260531
Bitget,BILLUSDT_UMCBL,BILL,USDT,USDT,20.0,4.0,1e-05,2026-05-31 22:09:58.738711,20260531
Bitget,MMTUSDT_UMCBL,MMT,USDT,USDT,50.0,4.0,0.0001,2026-05-31 22:09:58.738711,20260531
Bitget,CTKUSDT_UMCBL,CTK,USDT,USDT,50.0,4.0,0.0001,2026-05-31 22:09:58.738711,20260531
Bitget,NXPCUSDT_UMCBL,NXPC,USDT,USDT,50.0,4.0,0.0001,2026-05-31 22:09:58.738711,20260531
Bitget,DRAMUSDT_UMCBL,DRAM,USDT,USDT,20.0,8.0,0.01,2026-05-31 22:09:58.738711,20260531
Bitget,ZETAUSDT_UMCBL,ZETA,USDT,USDT,50.0,4.0,1e-05,2026-05-31 22:09:58.738711,20260531
Bitget,NAORISUSDT_UMCBL,NAORIS,USDT,USDT,20.0,4.0,1e-05,2026-05-31 22:09:58.738711,20260531
Bitget,JDUSDT_UMCBL,JD,USDT,USDT,20.0,8.0,0.01,2026-05-31 22:09:58.738711,20260531
Bitget,POPCATUSDT_UMCBL,POPCAT,USDT,USDT,50.0,4.0,1e-05,2026-05-31 22:09:58.738711,20260531
Bitget,KAITOUSDT_UMCBL,KAITO,USDT,USDT,75.0,4.0,0.0001,2026-05-31 22:09:58.738711,20260531
Bitget,ARKMUSDT_UMCBL,ARKM,USDT,USDT,50.0,8.0,0.0001,2026-05-31 22:09:58.738711,20260531
Bitget,PIPPINUSDT_UMCBL,PIPPIN,USDT,USDT,10.0,4.0,1e-05,2026-05-31 22:09:58.738711,20260531
Bitget,ONDSUSDT_UMCBL,ONDS,USDT,USDT,20.0,8.0,0.001,2026-05-31 22:09:58.738711,20260531
Bitget,TRXUSDT_UMCBL,TRX,USDT,USDT,75.0,8.0,1e-05,2026-05-31 22:09:58.738711,20260531
Bitget,1000SATSUSDT_UMCBL,1000SATS,USDT,USDT,25.0,4.0,1e-08,2026-05-31 22:09:58.738711,20260531
Bitget,FLOCKUSDT_UMCBL,FLOCK,USDT,USDT,20.0,4.0,1e-05,2026-05-31 22:09:58.738711,20260531
Bitget,JOEUSDT_UMCBL,JOE,USDT,USDT,10.0,8.0,1e-05,2026-05-31 22:09:58.738711,20260531
Bitget,CVCUSDT_UMCBL,CVC,USDT,USDT,50.0,4.0,1e-05,2026-05-31 22:09:58.739709,20260531
Bitget,TAGUSDT_UMCBL,TAG,USDT,USDT,20.0,4.0,1e-07,2026-05-31 22:09:58.739709,20260531
Bitget,ICNTUSDT_UMCBL,ICNT,USDT,USDT,50.0,4.0,0.0001,2026-05-31 22:09:58.739709,20260531
Bitget,RVNUSDT_UMCBL,RVN,USDT,USDT,50.0,4.0,1e-06,2026-05-31 22:09:58.739709,20260531
Bitget,ICPUSDT_UMCBL,ICP,USDT,USDT,50.0,8.0,0.001,2026-05-31 22:09:58.739709,20260531
Bitget,AVAXUSDT_UMCBL,AVAX,USDT,USDT,75.0,8.0,0.001,2026-05-31 22:09:58.739709,20260531
Bitget,1000CATUSDT_UMCBL,1000CAT,USDT,USDT,10.0,4.0,1e-06,2026-05-31 22:09:58.739709,20260531
Bitget,KATUSDT_UMCBL,KAT,USDT,USDT,20.0,4.0,1e-05,2026-05-31 22:09:58.739709,20260531
Bitget,CROUSDT_UMCBL,CRO,USDT,USDT,25.0,8.0,1e-05,2026-05-31 22:09:58.739709,20260531
Bitget,ETCUSDT_UMCBL,ETC,USDT,USDT,75.0,8.0,0.001,2026-05-31 22:09:58.739709,20260531
Bitget,STRKUSDT_UMCBL,STRK,USDT,USDT,75.0,4.0,1e-06,2026-05-31 22:09:58.739709,20260531
Bitget,AIOUSDT_UMCBL,AIO,USDT,USDT,50.0,4.0,1e-05,2026-05-31 22:09:58.739709,20260531
Bitget,LUMIAUSDT_UMCBL,LUMIA,USDT,USDT,10.0,4.0,1e-05,2026-05-31 22:09:58.739709,20260531
Bitget,MOVEUSDT_UMCBL,MOVE,USDT,USDT,50.0,4.0,1e-05,2026-05-31 22:09:58.739709,20260531
Bitget,AAVEUSDT_UMCBL,AAVE,USDT,USDT,75.0,8.0,0.01,2026-05-31 22:09:58.739709,20260531
Bitget,ETHWUSDT_UMCBL,ETHW,USDT,USDT,50.0,4.0,0.0001,2026-05-31 22:09:58.739709,20260531
Bitget,MAGICUSDT_UMCBL,MAGIC,USDT,USDT,25.0,4.0,1e-05,2026-05-31 22:09:58.739709,20260531
Bitget,YBUSDT_UMCBL,YB,USDT,USDT,10.0,4.0,0.0001,2026-05-31 22:09:58.739709,20260531
Bitget,NOKSTOCKUSDT_UMCBL,NOKSTOCK,USDT,USDT,20.0,8.0,0.001,2026-05-31 22:09:58.739709,20260531
Bitget,HOTUSDT_UMCBL,HOT,USDT,USDT,25.0,8.0,1e-07,2026-05-31 22:09:58.739709,20260531
Bitget,DOGSUSDT_UMCBL,DOGS,USDT,USDT,50.0,4.0,1e-08,2026-05-31 22:09:58.739709,20260531
Bitget,4USDT_UMCBL,4,USDT,USDT,10.0,4.0,1e-05,2026-05-31 22:09:58.739709,20260531
Bitget,GRTUSDT_UMCBL,GRT,USDT,USDT,75.0,8.0,1e-05,2026-05-31 22:09:58.739709,20260531
Bitget,API3USDT_UMCBL,API3,USDT,USDT,20.0,4.0,0.0001,2026-05-31 22:09:58.739709,20260531
Bitget,ATUSDT_UMCBL,AT,USDT,USDT,50.0,4.0,0.0001,2026-05-31 22:09:58.739709,20260531
Bitget,MANTRAUSDT_UMCBL,MANTRA,USDT,USDT,50.0,4.0,1e-05,2026-05-31 22:09:58.739709,20260531
Bitget,COTIUSDT_UMCBL,COTI,USDT,USDT,50.0,8.0,1e-05,2026-05-31 22:09:58.739709,20260531
Bitget,CCUSDT_UMCBL,CC,USDT,USDT,20.0,4.0,1e-05,2026-05-31 22:09:58.739709,20260531
Bitget,PROSUSDT_UMCBL,PROS,USDT,USDT,20.0,4.0,0.0001,2026-05-31 22:09:58.739709,20260531
Bitget,ZRXUSDT_UMCBL,ZRX,USDT,USDT,50.0,4.0,0.0001,2026-05-31 22:09:58.739709,20260531
Bitget,CGPTUSDT_UMCBL,CGPT,USDT,USDT,50.0,4.0,1e-05,2026-05-31 22:09:58.739709,20260531
Bitget,LABUSDT_UMCBL,LAB,USDT,USDT,10.0,4.0,1e-05,2026-05-31 22:09:58.739709,20260531
Bitget,SAPIENUSDT_UMCBL,SAPIEN,USDT,USDT,50.0,4.0,1e-05,2026-05-31 22:09:58.739709,20260531
Bitget,APLDUSDT_UMCBL,APLD,USDT,USDT,20.0,8.0,0.01,2026-05-31 22:09:58.739709,20260531
Bitget,FLUIDUSDT_UMCBL,FLUID,USDT,USDT,75.0,4.0,0.001,2026-05-31 22:09:58.739709,20260531
Bitget,CVXUSDT_UMCBL,CVX,USDT,USDT,25.0,4.0,0.001,2026-05-31 22:09:58.739709,20260531
Bitget,VVVUSDT_UMCBL,VVV,USDT,USDT,20.0,4.0,0.001,2026-05-31 22:09:58.739709,20260531
Bitget,NATGASUSDT_UMCBL,NATGAS,USDT,USDT,100.0,4.0,0.001,2026-05-31 22:09:58.739709,20260531
Bitget,KAIAUSDT_UMCBL,KAIA,USDT,USDT,75.0,4.0,1e-05,2026-05-31 22:09:58.739709,20260531
Bitget,SQQQUSDT_UMCBL,SQQQ,USDT,USDT,20.0,8.0,0.01,2026-05-31 22:09:58.739709,20260531
Bitget,XVGUSDT_UMCBL,XVG,USDT,USDT,20.0,8.0,1e-06,2026-05-31 22:09:58.739709,20260531
Bitget,ALICEUSDT_UMCBL,ALICE,USDT,USDT,50.0,4.0,0.0001,2026-05-31 22:09:58.739709,20260531
Bitget,SPELLUSDT_UMCBL,SPELL,USDT,USDT,50.0,8.0,1e-07,2026-05-31 22:09:58.739709,20260531
Bitget,CHZUSDT_UMCBL,CHZ,USDT,USDT,75.0,8.0,1e-05,2026-05-31 22:09:58.739709,20260531
Bitget,HOMEUSDT_UMCBL,HOME,USDT,USDT,50.0,4.0,1e-05,2026-05-31 22:09:58.739709,20260531
Bitget,XRPUSDT_UMCBL,XRP,USDT,USDT,125.0,8.0,0.0001,2026-05-31 22:09:58.739709,20260531
Bitget,SUIUSDT_UMCBL,SUI,USDT,USDT,75.0,8.0,0.0001,2026-05-31 22:09:58.739709,20260531
Bitget,SMCIUSDT_UMCBL,SMCI,USDT,USDT,20.0,8.0,0.001,2026-05-31 22:09:58.739709,20260531
Bitget,IOTAUSDT_UMCBL,IOTA,USDT,USDT,75.0,8.0,1e-05,2026-05-31 22:09:58.739709,20260531
Bitget,WLFIUSDT_UMCBL,WLFI,USDT,USDT,75.0,4.0,1e-05,2026-05-31 22:09:58.739709,20260531
Bitget,DELLUSDT_UMCBL,DELL,USDT,USDT,20.0,8.0,0.01,2026-05-31 22:09:58.739709,20260531
Bitget,TRBUSDT_UMCBL,TRB,USDT,USDT,50.0,4.0,0.001,2026-05-31 22:09:58.739709,20260531
Bitget,WETUSDT_UMCBL,WET,USDT,USDT,25.0,4.0,1e-05,2026-05-31 22:09:58.739709,20260531
Bitget,PEOPLEUSDT_UMCBL,PEOPLE,USDT,USDT,50.0,8.0,1e-06,2026-05-31 22:09:58.739709,20260531
Bitget,WLDUSDT_UMCBL,WLD,USDT,USDT,75.0,8.0,0.0001,2026-05-31 22:09:58.739709,20260531
Bitget,MOCAUSDT_UMCBL,MOCA,USDT,USDT,50.0,4.0,1e-05,2026-05-31 22:09:58.739709,20260531
Bitget,AKTUSDT_UMCBL,AKT,USDT,USDT,50.0,4.0,0.0001,2026-05-31 22:09:58.739709,20260531
Bitget,龙虾USDT_UMCBL,龙虾,USDT,USDT,10.0,4.0,1e-06,2026-05-31 22:09:58.739709,20260531
Bitget,FORMUSDT_UMCBL,FORM,USDT,USDT,50.0,4.0,0.0001,2026-05-31 22:09:58.739709,20260531
Bitget,SNXUSDT_UMCBL,SNX,USDT,USDT,50.0,8.0,0.0001,2026-05-31 22:09:58.739709,20260531
Bitget,ROBOUSDT_UMCBL,ROBO,USDT,USDT,20.0,4.0,1e-05,2026-05-31 22:09:58.739709,20260531
Bitget,USARUSDT_UMCBL,USAR,USDT,USDT,20.0,8.0,0.01,2026-05-31 22:09:58.739709,20260531
Bitget,AEVOUSDT_UMCBL,AEVO,USDT,USDT,50.0,4.0,1e-05,2026-05-31 22:09:58.739709,20260531
Bitget,GMTUSDT_UMCBL,GMT,USDT,USDT,50.0,4.0,1e-05,2026-05-31 22:09:58.739709,20260531
Bitget,LITUSDT_UMCBL,LIT,USDT,USDT,20.0,4.0,0.001,2026-05-31 22:09:58.739709,20260531
Bitget,BANKUSDT_UMCBL,BANK,USDT,USDT,25.0,4.0,1e-05,2026-05-31 22:09:58.739709,20260531
Bitget,KITEUSDT_UMCBL,KITE,USDT,USDT,10.0,4.0,1e-05,2026-05-31 22:09:58.739709,20260531
Bitget,LPTUSDT_UMCBL,LPT,USDT,USDT,75.0,4.0,0.001,2026-05-31 22:09:58.739709,20260531
Bitget,WMTUSDT_UMCBL,WMT,USDT,USDT,50.0,8.0,0.01,2026-05-31 22:09:58.739709,20260531
Bitget,AVNTUSDT_UMCBL,AVNT,USDT,USDT,20.0,4.0,1e-05,2026-05-31 22:09:58.739709,20260531
Bitget,ONTUSDT_UMCBL,ONT,USDT,USDT,50.0,4.0,1e-05,2026-05-31 22:09:58.739709,20260531
Bitget,COOKIEUSDT_UMCBL,COOKIE,USDT,USDT,10.0,4.0,1e-05,2026-05-31 22:09:58.739709,20260531
Bitget,METAUSDT_UMCBL,META,USDT,USDT,100.0,8.0,0.01,2026-05-31 22:09:58.739709,20260531
Bitget,COINUSDT_UMCBL,COIN,USDT,USDT,25.0,8.0,0.01,2026-05-31 22:09:58.739709,20260531
Bitget,RESOLVUSDT_UMCBL,RESOLV,USDT,USDT,25.0,4.0,1e-05,2026-05-31 22:09:58.739709,20260531
Bitget,SKLUSDT_UMCBL,SKL,USDT,USDT,25.0,4.0,1e-06,2026-05-31 22:09:58.739709,20260531
Bitget,BNTUSDT_UMCBL,BNT,USDT,USDT,50.0,8.0,0.0001,2026-05-31 22:09:58.739709,20260531
Bitget,ONEUSDT_UMCBL,ONE,USDT,USDT,50.0,8.0,1e-06,2026-05-31 22:09:58.739709,20260531
Bitget,FIGHTUSDT_UMCBL,FIGHT,USDT,USDT,10.0,4.0,1e-06,2026-05-31 22:09:58.739709,20260531
Bitget,PEPEUSDT_UMCBL,PEPE,USDT,USDT,75.0,8.0,1e-10,2026-05-31 22:09:58.739709,20260531
Bitget,PYTHUSDT_UMCBL,PYTH,USDT,USDT,75.0,4.0,1e-05,2026-05-31 22:09:58.739709,20260531
Bitget,SP500USDT_UMCBL,SP500,USDT,USDT,50.0,8.0,0.1,2026-05-31 22:09:58.739709,20260531
Bitget,LSKUSDT_UMCBL,LSK,USDT,USDT,50.0,4.0,0.0001,2026-05-31 22:09:58.739709,20260531
Bitget,KLACUSDT_UMCBL,KLAC,USDT,USDT,20.0,8.0,0.01,2026-05-31 22:09:58.739709,20260531
Bitget,BSVUSDT_UMCBL,BSV,USDT,USDT,75.0,4.0,0.01,2026-05-31 22:09:58.739709,20260531
Bitget,ROSEUSDT_UMCBL,ROSE,USDT,USDT,50.0,8.0,1e-05,2026-05-31 22:09:58.739709,20260531
Bitget,MEMEUSDT_UMCBL,MEME,USDT,USDT,25.0,4.0,1e-07,2026-05-31 22:09:58.739709,20260531
Bitget,FLOKIUSDT_UMCBL,FLOKI,USDT,USDT,75.0,8.0,1e-08,2026-05-31 22:09:58.739709,20260531
Bitget,XVSUSDT_UMCBL,XVS,USDT,USDT,50.0,8.0,0.001,2026-05-31 22:09:58.739709,20260531
Bitget,INXUSDT_UMCBL,INX,USDT,USDT,25.0,4.0,1e-06,2026-05-31 22:09:58.739709,20260531
Bitget,VELVETUSDT_UMCBL,VELVET,USDT,USDT,10.0,4.0,1e-05,2026-05-31 22:09:58.739709,20260531
Bitget,PLUMEUSDT_UMCBL,PLUME,USDT,USDT,25.0,4.0,1e-05,2026-05-31 22:09:58.739709,20260531
Bitget,KGENUSDT_UMCBL,KGEN,USDT,USDT,50.0,4.0,1e-05,2026-05-31 22:09:58.739709,20260531
Bitget,ACUUSDT_UMCBL,ACU,USDT,USDT,10.0,4.0,1e-05,2026-05-31 22:09:58.739709,20260531
Bitget,VIRTUALUSDT_UMCBL,VIRTUAL,USDT,USDT,25.0,4.0,0.0001,2026-05-31 22:09:58.739709,20260531
Bitget,STORJUSDT_UMCBL,STORJ,USDT,USDT,50.0,4.0,0.0001,2026-05-31 22:09:58.739709,20260531
Bitget,OPENAIUSDT_UMCBL,OPENAI,USDT,USDT,20.0,8.0,0.01,2026-05-31 22:09:58.739709,20260531
Bitget,TREEUSDT_UMCBL,TREE,USDT,USDT,25.0,4.0,1e-05,2026-05-31 22:09:58.739709,20260531
Bitget,LAYERUSDT_UMCBL,LAYER,USDT,USDT,50.0,4.0,0.0001,2026-05-31 22:09:58.739709,20260531
Bitget,DOODUSDT_UMCBL,DOOD,USDT,USDT,50.0,4.0,1e-06,2026-05-31 22:09:58.739709,20260531
Bitget,OPNUSDT_UMCBL,OPN,USDT,USDT,20.0,4.0,0.0001,2026-05-31 22:09:58.739709,20260531
Bitget,CYSUSDT_UMCBL,CYS,USDT,USDT,25.0,4.0,1e-05,2026-05-31 22:09:58.739709,20260531
Bitget,INFQUSDT_UMCBL,INFQ,USDT,USDT,20.0,8.0,0.001,2026-05-31 22:09:58.739709,20260531
Bitget,MSFTUSDT_UMCBL,MSFT,USDT,USDT,100.0,8.0,0.01,2026-05-31 22:09:58.739709,20260531
Bitget,PRLUSDT_UMCBL,PRL,USDT,USDT,20.0,4.0,0.0001,2026-05-31 22:09:58.739709,20260531
Bitget,SIGNUSDT_UMCBL,SIGN,USDT,USDT,50.0,4.0,1e-05,2026-05-31 22:09:58.739709,20260531
Bitget,AGLDUSDT_UMCBL,AGLD,USDT,USDT,50.0,8.0,0.0001,2026-05-31 22:09:58.739709,20260531
Bitget,ETHFIUSDT_UMCBL,ETHFI,USDT,USDT,75.0,4.0,0.0001,2026-05-31 22:09:58.739709,20260531
Bitget,EULUSDT_UMCBL,EUL,USDT,USDT,50.0,4.0,0.001,2026-05-31 22:09:58.739709,20260531
Bitget,LISTAUSDT_UMCBL,LISTA,USDT,USDT,50.0,4.0,0.0001,2026-05-31 22:09:58.739709,20260531
Bitget,IOUSDT_UMCBL,IO,USDT,USDT,50.0,4.0,0.0001,2026-05-31 22:09:58.739709,20260531
Bitget,MOVRUSDT_UMCBL,MOVR,USDT,USDT,50.0,4.0,0.001,2026-05-31 22:09:58.739709,20260531
Bitget,ANIMEUSDT_UMCBL,ANIME,USDT,USDT,50.0,4.0,1e-06,2026-05-31 22:09:58.739709,20260531
Bitget,HBARUSDT_UMCBL,HBAR,USDT,USDT,75.0,8.0,1e-05,2026-05-31 22:09:58.739709,20260531
Bitget,ICXUSDT_UMCBL,ICX,USDT,USDT,50.0,4.0,1e-05,2026-05-31 22:09:58.739709,20260531
Bitget,QCOMUSDT_UMCBL,QCOM,USDT,USDT,20.0,8.0,0.01,2026-05-31 22:09:58.739709,20260531
Bitget,CAKEUSDT_UMCBL,CAKE,USDT,USDT,75.0,4.0,0.0001,2026-05-31 22:09:58.739709,20260531
Bitget,ENAUSDT_UMCBL,ENA,USDT,USDT,75.0,4.0,1e-05,2026-05-31 22:09:58.739709,20260531
Bitget,POETUSDT_UMCBL,POET,USDT,USDT,20.0,8.0,0.001,2026-05-31 22:09:58.739709,20260531
Bitget,PROVEUSDT_UMCBL,PROVE,USDT,USDT,50.0,4.0,0.0001,2026-05-31 22:09:58.739709,20260531
Bitget,ORCLUSDT_UMCBL,ORCL,USDT,USDT,20.0,8.0,0.01,2026-05-31 22:09:58.739709,20260531
Bitget,IRYSUSDT_UMCBL,IRYS,USDT,USDT,20.0,4.0,1e-05,2026-05-31 22:09:58.739709,20260531
Bitget,ONDOUSDT_UMCBL,ONDO,USDT,USDT,50.0,4.0,0.0001,2026-05-31 22:09:58.739709,20260531
Bitget,TSLAUSDT_UMCBL,TSLA,USDT,USDT,100.0,8.0,0.01,2026-05-31 22:09:58.739709,20260531
Bitget,PROMUSDT_UMCBL,PROM,USDT,USDT,50.0,4.0,0.0001,2026-05-31 22:09:58.739709,20260531
Bitget,HUSDT_UMCBL,H,USDT,USDT,10.0,4.0,1e-05,2026-05-31 22:09:58.739709,20260531
Bitget,STXUSDT_UMCBL,STX,USDT,USDT,50.0,8.0,0.0001,2026-05-31 22:09:58.739709,20260531
Bitget,FOLKSUSDT_UMCBL,FOLKS,USDT,USDT,50.0,4.0,0.0001,2026-05-31 22:09:58.739709,20260531
Bitget,ZKPUSDT_UMCBL,ZKP,USDT,USDT,20.0,4.0,1e-05,2026-05-31 22:09:58.739709,20260531
Bitget,USTCUSDT_UMCBL,USTC,USDT,USDT,50.0,4.0,1e-05,2026-05-31 22:09:58.739709,20260531
Bitget,THEUSDT_UMCBL,THE,USDT,USDT,50.0,4.0,0.0001,2026-05-31 22:09:58.739709,20260531
Bitget,MAGMAUSDT_UMCBL,MAGMA,USDT,USDT,20.0,4.0,1e-05,2026-05-31 22:09:58.739709,20260531
Bitget,TRIAUSDT_UMCBL,TRIA,USDT,USDT,20.0,4.0,1e-06,2026-05-31 22:09:58.739709,20260531
Bitget,PARTIUSDT_UMCBL,PARTI,USDT,USDT,20.0,4.0,1e-05,2026-05-31 22:09:58.739709,20260531
Bitget,ZORAUSDT_UMCBL,ZORA,USDT,USDT,25.0,4.0,1e-05,2026-05-31 22:09:58.739709,20260531
Bitget,KMNOUSDT_UMCBL,KMNO,USDT,USDT,50.0,4.0,1e-05,2026-05-31 22:09:58.739709,20260531
Bitget,DOLOUSDT_UMCBL,DOLO,USDT,USDT,20.0,4.0,1e-05,2026-05-31 22:09:58.739709,20260531
Bitget,XMRUSDT_UMCBL,XMR,USDT,USDT,50.0,8.0,0.01,2026-05-31 22:09:58.739709,20260531
Bitget,LTCUSDT_UMCBL,LTC,USDT,USDT,75.0,8.0,0.01,2026-05-31 22:09:58.739709,20260531
Bitget,BASUSDT_UMCBL,BAS,USDT,USDT,10.0,4.0,1e-06,2026-05-31 22:09:58.739709,20260531
Bitget,ERAUSDT_UMCBL,ERA,USDT,USDT,25.0,4.0,0.0001,2026-05-31 22:09:58.739709,20260531
Bitget,WALUSDT_UMCBL,WAL,USDT,USDT,20.0,4.0,1e-05,2026-05-31 22:09:58.739709,20260531
Bitget,AVAUSDT_UMCBL,AVA,USDT,USDT,50.0,4.0,0.0001,2026-05-31 22:09:58.739709,20260531
Bitget,STEEMUSDT_UMCBL,STEEM,USDT,USDT,25.0,4.0,1e-05,2026-05-31 22:09:58.739709,20260531
Bitget,SNDKUSDT_UMCBL,SNDK,USDT,USDT,50.0,8.0,0.01,2026-05-31 22:09:58.739709,20260531
Bitget,NDX100USDT_UMCBL,NDX100,USDT,USDT,50.0,8.0,1.0,2026-05-31 22:09:58.739709,20260531
Bitget,SUSDT_UMCBL,S,USDT,USDT,50.0,4.0,1e-05,2026-05-31 22:09:58.739709,20260531
Bitget,CBRSUSDT_UMCBL,CBRS,USDT,USDT,10.0,8.0,0.01,2026-05-31 22:09:58.739709,20260531
Bitget,RSRUSDT_UMCBL,RSR,USDT,USDT,50.0,8.0,1e-06,2026-05-31 22:09:58.739709,20260531
Bitget,LLYUSDT_UMCBL,LLY,USDT,USDT,20.0,8.0,0.01,2026-05-31 22:09:58.739709,20260531
Bitget,INDAUSDT_UMCBL,INDA,USDT,USDT,20.0,8.0,0.01,2026-05-31 22:09:58.739709,20260531
Bitget,HAEDALUSDT_UMCBL,HAEDAL,USDT,USDT,10.0,4.0,1e-05,2026-05-31 22:09:58.739709,20260531
Bitget,XAGUSDT_UMCBL,XAG,USDT,USDT,100.0,4.0,0.01,2026-05-31 22:09:58.739709,20260531
Bitget,FLUXUSDT_UMCBL,FLUX,USDT,USDT,50.0,4.0,1e-05,2026-05-31 22:09:58.739709,20260531
Bitget,AXLUSDT_UMCBL,AXL,USDT,USDT,50.0,4.0,1e-05,2026-05-31 22:09:58.739709,20260531
Bitget,OGUSDT_UMCBL,OG,USDT,USDT,20.0,4.0,0.0001,2026-05-31 22:09:58.739709,20260531
Bitget,BLESSUSDT_UMCBL,BLESS,USDT,USDT,10.0,4.0,1e-06,2026-05-31 22:09:58.739709,20260531
Bitget,1000RATSUSDT_UMCBL,1000RATS,USDT,USDT,25.0,4.0,1e-05,2026-05-31 22:09:58.739709,20260531
Bitget,ESPORTSUSDT_UMCBL,ESPORTS,USDT,USDT,10.0,4.0,1e-05,2026-05-31 22:09:58.739709,20260531
Bitget,ENSOUSDT_UMCBL,ENSO,USDT,USDT,25.0,4.0,0.0001,2026-05-31 22:09:58.739709,20260531
Bitget,RAVEUSDT_UMCBL,RAVE,USDT,USDT,20.0,4.0,1e-05,2026-05-31 22:09:58.739709,20260531
Bitget,MELANIAUSDT_UMCBL,MELANIA,USDT,USDT,50.0,4.0,0.0001,2026-05-31 22:09:58.739709,20260531
Bitget,NEIROCTOUSDT_UMCBL,NEIROCTO,USDT,USDT,25.0,4.0,1e-07,2026-05-31 22:09:58.739709,20260531
Bitget,ASTRUSDT_UMCBL,ASTR,USDT,USDT,50.0,8.0,1e-05,2026-05-31 22:09:58.739709,20260531
Bitget,10000NEXUSDT_UMCBL,10000NEX,USDT,USDT,20.0,4.0,1e-05,2026-05-31 22:09:58.739709,20260531
Bitget,HOODUSDT_UMCBL,HOOD,USDT,USDT,25.0,8.0,0.01,2026-05-31 22:09:58.739709,20260531
Bitget,USDCUSDT_UMCBL,USDC,USDT,USDT,50.0,8.0,0.0001,2026-05-31 22:09:58.739709,20260531
Bitget,INITUSDT_UMCBL,INIT,USDT,USDT,25.0,4.0,1e-05,2026-05-31 22:09:58.739709,20260531
Bitget,UAIUSDT_UMCBL,UAI,USDT,USDT,25.0,4.0,1e-05,2026-05-31 22:09:58.739709,20260531
Bitget,FFUSDT_UMCBL,FF,USDT,USDT,50.0,4.0,1e-05,2026-05-31 22:09:58.739709,20260531
Bitget,PAXGUSDT_UMCBL,PAXG,USDT,USDT,50.0,4.0,0.01,2026-05-31 22:09:58.739709,20260531
Bitget,BASEDUSDT_UMCBL,BASED,USDT,USDT,50.0,4.0,1e-05,2026-05-31 22:09:58.739709,20260531
Bitget,RGTIUSDT_UMCBL,RGTI,USDT,USDT,20.0,8.0,0.001,2026-05-31 22:09:58.739709,20260531
Bitget,CELOUSDT_UMCBL,CELO,USDT,USDT,50.0,8.0,0.0001,2026-05-31 22:09:58.739709,20260531
Bitget,IDOLUSDT_UMCBL,IDOL,USDT,USDT,20.0,4.0,1e-05,2026-05-31 22:09:58.739709,20260531
Bitget,STXSTOCKUSDT_UMCBL,STXSTOCK,USDT,USDT,20.0,8.0,0.01,2026-05-31 22:09:58.739709,20260531
Bitget,ETNUSDT_UMCBL,ETN,USDT,USDT,20.0,8.0,0.01,2026-05-31 22:09:58.739709,20260531
Bitget,UMAUSDT_UMCBL,UMA,USDT,USDT,50.0,4.0,0.0001,2026-05-31 22:09:58.739709,20260531
Bitget,COPUSDT_UMCBL,COP,USDT,USDT,50.0,8.0,0.01,2026-05-31 22:09:58.739709,20260531
Bitget,TQQQUSDT_UMCBL,TQQQ,USDT,USDT,20.0,8.0,0.01,2026-05-31 22:09:58.739709,20260531
Bitget,MUUSDT_UMCBL,MU,USDT,USDT,50.0,8.0,0.01,2026-05-31 22:09:58.739709,20260531
Bitget,ALTUSDT_UMCBL,ALT,USDT,USDT,50.0,4.0,1e-06,2026-05-31 22:09:58.739709,20260531
Bitget,1INCHUSDT_UMCBL,1INCH,USDT,USDT,75.0,8.0,0.0001,2026-05-31 22:09:58.739709,20260531
Bitget,CLANKERUSDT_UMCBL,CLANKER,USDT,USDT,20.0,4.0,0.01,2026-05-31 22:09:58.739709,20260531
Bitget,SYRUPUSDT_UMCBL,SYRUP,USDT,USDT,20.0,4.0,0.0001,2026-05-31 22:09:58.739709,20260531
Bitget,WUSDT_UMCBL,W,USDT,USDT,75.0,4.0,1e-05,2026-05-31 22:09:58.739709,20260531
Bitget,NMRUSDT_UMCBL,NMR,USDT,USDT,50.0,4.0,0.001,2026-05-31 22:09:58.739709,20260531
Bitget,AMZNUSDT_UMCBL,AMZN,USDT,USDT,100.0,8.0,0.01,2026-05-31 22:09:58.739709,20260531
Bitget,ZECUSDT_UMCBL,ZEC,USDT,USDT,75.0,4.0,0.01,2026-05-31 22:09:58.739709,20260531
Bitget,DRIFTUSDT_UMCBL,DRIFT,USDT,USDT,10.0,4.0,1e-05,2026-05-31 22:09:58.739709,20260531
Bitget,THETAUSDT_UMCBL,THETA,USDT,USDT,50.0,8.0,0.0001,2026-05-31 22:09:58.739709,20260531
Bitget,BREVUSDT_UMCBL,BREV,USDT,USDT,20.0,4.0,0.0001,2026-05-31 22:09:58.739709,20260531
Bitget,SOXLUSDT_UMCBL,SOXL,USDT,USDT,20.0,8.0,0.01,2026-05-31 22:09:58.739709,20260531
Bitget,MRVLUSDT_UMCBL,MRVL,USDT,USDT,20.0,8.0,0.01,2026-05-31 22:09:58.739709,20260531
Bitget,MANTAUSDT_UMCBL,MANTA,USDT,USDT,50.0,4.0,1e-05,2026-05-31 22:09:58.739709,20260531
Bitget,BANANAUSDT_UMCBL,BANANA,USDT,USDT,20.0,4.0,0.001,2026-05-31 22:09:58.739709,20260531
Bitget,GIGGLEUSDT_UMCBL,GIGGLE,USDT,USDT,25.0,4.0,0.01,2026-05-31 22:09:58.739709,20260531
Bitget,DOGEUSDT_UMCBL,DOGE,USDT,USDT,75.0,8.0,1e-05,2026-05-31 22:09:58.739709,20260531
Bitget,WOOUSDT_UMCBL,WOO,USDT,USDT,50.0,8.0,1e-05,2026-05-31 22:09:58.739709,20260531
Bitget,ANKRUSDT_UMCBL,ANKR,USDT,USDT,50.0,4.0,1e-06,2026-05-31 22:09:58.739709,20260531
Bitget,XAIUSDT_UMCBL,XAI,USDT,USDT,50.0,4.0,1e-05,2026-05-31 22:09:58.739709,20260531
Bitget,NVDAUSDT_UMCBL,NVDA,USDT,USDT,100.0,8.0,0.01,2026-05-31 22:09:58.739709,20260531
Bitget,NEOUSDT_UMCBL,NEO,USDT,USDT,75.0,8.0,0.001,2026-05-31 22:09:58.739709,20260531
Bitget,CARVUSDT_UMCBL,CARV,USDT,USDT,25.0,4.0,1e-05,2026-05-31 22:09:58.739709,20260531
Bitget,STGUSDT_UMCBL,STG,USDT,USDT,50.0,8.0,0.0001,2026-05-31 22:09:58.739709,20260531
Bitget,JTOUSDT_UMCBL,JTO,USDT,USDT,50.0,4.0,0.0001,2026-05-31 22:09:58.739709,20260531
Bitget,BUSDT_UMCBL,B,USDT,USDT,10.0,4.0,0.0001,2026-05-31 22:09:58.739709,20260531
Bitget,LINKUSD_DMCBL,LINK,USD,LINK,20.0,8.0,0.001,2026-05-31 22:09:58.739709,20260531
Bitget,FILUSD_DMCBL,FIL,USD,FIL,25.0,8.0,0.001,2026-05-31 22:09:58.739709,20260531
Bitget,BCHUSD_DMCBL,BCH,USD,BCH,100.0,8.0,0.01,2026-05-31 22:09:58.739709,20260531
Bitget,AAVEUSD_DMCBL,AAVE,USD,AAVE,25.0,8.0,0.01,2026-05-31 22:09:58.739709,20260531
Bitget,XLMUSD_DMCBL,XLM,USD,XLM,25.0,8.0,1e-05,2026-05-31 22:09:58.739709,20260531
Bitget,SOLUSD_DMCBL,SOL,USD,SOL,50.0,8.0,0.001,2026-05-31 22:09:58.739709,20260531
Bitget,ETCUSD_DMCBL,ETC,USD,ETC,25.0,8.0,0.001,2026-05-31 22:09:58.739709,20260531
Bitget,SUIUSD_DMCBL,SUI,USD,SUI,25.0,8.0,0.0001,2026-05-31 22:09:58.739709,20260531
Bitget,XRPUSD_DMCBL,XRP,USD,XRP,50.0,8.0,1e-05,2026-05-31 22:09:58.739709,20260531
Bitget,ETHUSDM26_DMCBL,ETH,USD,ETH,50.0,,0.01,2026-05-31 22:09:58.739709,20260531
Bitget,DOGEUSD_DMCBL,DOGE,USD,DOGE,25.0,8.0,1e-06,2026-05-31 22:09:58.739709,20260531
Bitget,ADAUSD_DMCBL,ADA,USD,ADA,20.0,8.0,0.0001,2026-05-31 22:09:58.739709,20260531
Bitget,ETHUSDU26_DMCBL,ETH,USD,ETH,50.0,,0.01,2026-05-31 22:09:58.739709,20260531
Bitget,BTCUSDU26_DMCBL,BTC,USD,BTC,50.0,,0.1,2026-05-31 22:09:58.739709,20260531
Bitget,ETHUSD_DMCBL,ETH,USD,ETH,100.0,8.0,0.01,2026-05-31 22:09:58.739709,20260531
Bitget,UNIUSD_DMCBL,UNI,USD,UNI,50.0,8.0,0.001,2026-05-31 22:09:58.739709,20260531
Bitget,LTCUSD_DMCBL,LTC,USD,LTC,50.0,8.0,0.01,2026-05-31 22:09:58.739709,20260531
Bitget,AVAXUSD_DMCBL,AVAX,USD,AVAX,25.0,8.0,0.001,2026-05-31 22:09:58.739709,20260531
Bitget,DOTUSD_DMCBL,DOT,USD,DOT,20.0,8.0,0.001,2026-05-31 22:09:58.739709,20260531
Bitget,BTCUSD_DMCBL,BTC,USD,BTC,125.0,8.0,0.1,2026-05-31 22:09:58.739709,20260531
Bitget,TRXUSD_DMCBL,TRX,USD,TRX,20.0,8.0,1e-05,2026-05-31 22:09:58.739709,20260531
Bitget,NEARUSD_DMCBL,NEAR,USD,NEAR,25.0,8.0,0.001,2026-05-31 22:09:58.739709,20260531
Bitget,BTCUSDM26_DMCBL,BTC,USD,BTC,50.0,,0.1,2026-05-31 22:09:58.739709,20260531
Bitget,ETHPERP_UMCBL,ETH,USDC,USDC,100.0,8.0,0.01,2026-05-31 22:09:58.740706,20260531
Bitget,TIAPERP_UMCBL,TIA,USDC,USDC,50.0,4.0,0.0001,2026-05-31 22:09:58.740706,20260531
Bitget,XLMPERP_UMCBL,XLM,USDC,USDC,75.0,8.0,1e-05,2026-05-31 22:09:58.740706,20260531
Bitget,TONPERP_UMCBL,TON,USDC,USDC,25.0,8.0,0.001,2026-05-31 22:09:58.740706,20260531
Bitget,1000BONKPERP_UMCBL,1000BONK,USDC,USDC,75.0,4.0,1e-06,2026-05-31 22:09:58.740706,20260531
Bitget,BCHPERP_UMCBL,BCH,USDC,USDC,75.0,8.0,0.01,2026-05-31 22:09:58.740706,20260531
Bitget,ARBPERP_UMCBL,ARB,USDC,USDC,50.0,8.0,0.0001,2026-05-31 22:09:58.740706,20260531
Bitget,ORDIPERP_UMCBL,ORDI,USDC,USDC,75.0,4.0,0.001,2026-05-31 22:09:58.740706,20260531
Bitget,PENGUPERP_UMCBL,PENGU,USDC,USDC,50.0,4.0,1e-06,2026-05-31 22:09:58.740706,20260531
Bitget,IPPERP_UMCBL,IP,USDC,USDC,25.0,4.0,0.0001,2026-05-31 22:09:58.740706,20260531
Bitget,SHIBPERP_UMCBL,SHIB,USDC,USDC,50.0,8.0,1e-09,2026-05-31 22:09:58.740706,20260531
Bitget,FARTCOINPERP_UMCBL,FARTCOIN,USDC,USDC,25.0,4.0,0.0001,2026-05-31 22:09:58.740706,20260531
Bitget,BTCPERP_UMCBL,BTC,USDC,USDC,125.0,8.0,0.1,2026-05-31 22:09:58.740706,20260531
Bitget,OPPERP_UMCBL,OP,USDC,USDC,50.0,8.0,0.0001,2026-05-31 22:09:58.740706,20260531
Bitget,TRUMPPERP_UMCBL,TRUMP,USDC,USDC,25.0,4.0,0.001,2026-05-31 22:09:58.740706,20260531
Bitget,ADAPERP_UMCBL,ADA,USDC,USDC,75.0,4.0,0.0001,2026-05-31 22:09:58.740706,20260531
Bitget,WLDPERP_UMCBL,WLD,USDC,USDC,75.0,8.0,0.0001,2026-05-31 22:09:58.740706,20260531
Bitget,NEARPERP_UMCBL,NEAR,USDC,USDC,50.0,8.0,0.001,2026-05-31 22:09:58.740706,20260531
Bitget,SOLPERP_UMCBL,SOL,USDC,USDC,100.0,8.0,0.01,2026-05-31 22:09:58.740706,20260531
Bitget,BOMEPERP_UMCBL,BOME,USDC,USDC,50.0,4.0,1e-07,2026-05-31 22:09:58.740706,20260531
Bitget,BNBPERP_UMCBL,BNB,USDC,USDC,75.0,8.0,0.01,2026-05-31 22:09:58.740706,20260531
Bitget,CRVPERP_UMCBL,CRV,USDC,USDC,25.0,8.0,0.0001,2026-05-31 22:09:58.740706,20260531
Bitget,BIOPERP_UMCBL,BIO,USDC,USDC,25.0,4.0,1e-05,2026-05-31 22:09:58.740706,20260531
Bitget,POLPERP_UMCBL,POL,USDC,USDC,50.0,8.0,0.0001,2026-05-31 22:09:58.740706,20260531
Bitget,EIGENPERP_UMCBL,EIGEN,USDC,USDC,75.0,8.0,0.0001,2026-05-31 22:09:58.740706,20260531
Bitget,DOTPERP_UMCBL,DOT,USDC,USDC,75.0,8.0,0.001,2026-05-31 22:09:58.740706,20260531
Bitget,LINKPERP_UMCBL,LINK,USDC,USDC,75.0,8.0,0.001,2026-05-31 22:09:58.740706,20260531
Bitget,PNUTPERP_UMCBL,PNUT,USDC,USDC,50.0,4.0,1e-05,2026-05-31 22:09:58.740706,20260531
Bitget,FILPERP_UMCBL,FIL,USDC,USDC,75.0,8.0,0.001,2026-05-31 22:09:58.740706,20260531
Bitget,WLFIPERP_UMCBL,WLFI,USDC,USDC,50.0,4.0,0.0001,2026-05-31 22:09:58.740706,20260531
Bitget,POPCATPERP_UMCBL,POPCAT,USDC,USDC,50.0,8.0,0.0001,2026-05-31 22:09:58.740706,20260531
Bitget,TRXPERP_UMCBL,TRX,USDC,USDC,75.0,8.0,1e-05,2026-05-31 22:09:58.740706,20260531
Bitget,AVAXPERP_UMCBL,AVAX,USDC,USDC,75.0,8.0,0.001,2026-05-31 22:09:58.740706,20260531
Bitget,KAITOPERP_UMCBL,KAITO,USDC,USDC,25.0,4.0,0.0001,2026-05-31 22:09:58.740706,20260531
Bitget,XRPPERP_UMCBL,XRP,USDC,USDC,75.0,8.0,0.0001,2026-05-31 22:09:58.740706,20260531
Bitget,STRKPERP_UMCBL,STRK,USDC,USDC,50.0,8.0,1e-05,2026-05-31 22:09:58.740706,20260531
Bitget,ETCPERP_UMCBL,ETC,USDC,USDC,50.0,8.0,0.001,2026-05-31 22:09:58.740706,20260531
Bitget,AAVEPERP_UMCBL,AAVE,USDC,USDC,75.0,8.0,0.01,2026-05-31 22:09:58.740706,20260531
Bitget,UNIPERP_UMCBL,UNI,USDC,USDC,75.0,8.0,0.001,2026-05-31 22:09:58.740706,20260531
Bitget,PEPEPERP_UMCBL,PEPE,USDC,USDC,50.0,8.0,1e-10,2026-05-31 22:09:58.740706,20260531
Bitget,NEOPERP_UMCBL,NEO,USDC,USDC,50.0,8.0,0.001,2026-05-31 22:09:58.740706,20260531
Bitget,DOGEPERP_UMCBL,DOGE,USDC,USDC,75.0,8.0,1e-05,2026-05-31 22:09:58.740706,20260531
Bitget,ETHFIPERP_UMCBL,ETHFI,USDC,USDC,50.0,4.0,0.0001,2026-05-31 22:09:58.740706,20260531
Bitget,SUIPERP_UMCBL,SUI,USDC,USDC,50.0,8.0,0.0001,2026-05-31 22:09:58.740706,20260531
Bitget,HBARPERP_UMCBL,HBAR,USDC,USDC,75.0,4.0,1e-05,2026-05-31 22:09:58.740706,20260531
Bitget,ENAPERP_UMCBL,ENA,USDC,USDC,50.0,4.0,0.0001,2026-05-31 22:09:58.740706,20260531
Bitget,WIFPERP_UMCBL,WIF,USDC,USDC,50.0,4.0,0.0001,2026-05-31 22:09:58.740706,20260531
Bitget,LTCPERP_UMCBL,LTC,USDC,USDC,75.0,8.0,0.01,2026-05-31 22:09:58.740706,20260531
Bitget,ONDOPERP_UMCBL,ONDO,USDC,USDC,50.0,8.0,0.0001,2026-05-31 22:09:58.740706,20260531
Bitmex,SUIUSDT,SUI,USDT,USDT,,,0.0001,2026-05-31 22:09:58.740706,20260531
Bitmex,XRPUSDT,XRP,USDT,USDT,,,0.0001,2026-05-31 22:09:58.740706,20260531
Bitmex,SUIUSD,SUI,USD,BTC,,,0.001,2026-05-31 22:09:58.740706,20260531
Bitmex,SOLUSD,SOL,USD,BTC,,,0.01,2026-05-31 22:09:58.740706,20260531
Bitmex,DOGEUSD,DOGE,USD,BTC,,,1e-05,2026-05-31 22:09:58.740706,20260531
Bitmex,DOGEUSDT,DOGE,USDT,USDT,,,1e-05,2026-05-31 22:09:58.740706,20260531
Bitmex,SOLUSDT,SOL,USDT,USDT,,,0.01,2026-05-31 22:09:58.740706,20260531
Bitmex,XRPUSD,XRP,USD,BTC,,,0.0001,2026-05-31 22:09:58.740706,20260531
Bitmex,BCHUSDT,BCH,USDT,USDT,,,0.05,2026-05-31 22:09:58.740706,20260531
Bitmex,LINKUSD,LINK,USD,BTC,,,0.001,2026-05-31 22:09:58.740706,20260531
Bitmex,LITUSDT,LIT,USDT,USDT,,,0.0001,2026-05-31 22:09:58.740706,20260531
Bitmex,WIFUSDT,WIF,USDT,USDT,,,0.0001,2026-05-31 22:09:58.740706,20260531
Bitmex,ASTERUSDT,ASTER,USDT,USDT,,,0.0001,2026-05-31 22:09:58.740706,20260531
Bitmex,HYPEUSDT,HYPE,USDT,USDT,,,0.001,2026-05-31 22:09:58.740706,20260531
Bitmex,LOTUSDT,LOT,USDT,USDT,,,1e-06,2026-05-31 22:09:58.740706,20260531
Bitmex,BNBUSDT,BNB,USDT,USDT,,,0.01,2026-05-31 22:09:58.740706,20260531
Bitmex,POPCATUSDT,POPCAT,USDT,USDT,,,0.0001,2026-05-31 22:09:58.740706,20260531
Bitmex,WLFIUSDT,WLFI,USDT,USDT,,,1e-05,2026-05-31 22:09:58.740706,20260531
Bitmex,BCHUSD,BCH,USD,BTC,,,0.05,2026-05-31 22:09:58.740706,20260531
Bitmex,OPNUSDT,OPN,USDT,USDT,,,1e-05,2026-05-31 22:09:58.740706,20260531
Bitmex,PUMPUSDT,PUMP,USDT,USDT,,,1e-06,2026-05-31 22:09:58.740706,20260531
Bitmex,BNBUSD,BNB,USD,BTC,,,0.01,2026-05-31 22:09:58.740706,20260531
Bitmex,JUPUSDT,JUP,USDT,USDT,,,0.0001,2026-05-31 22:09:58.740706,20260531
Bitmex,LINKUSDT,LINK,USDT,USDT,,,0.001,2026-05-31 22:09:58.740706,20260531
Bitmex,WLDUSDT,WLD,USDT,USDT,,,0.0001,2026-05-31 22:09:58.740706,20260531
Bitmex,MONUSDT,MON,USDT,USDT,,,1e-06,2026-05-31 22:09:58.740706,20260531
Bitmex,ENAUSDT,ENA,USDT,USDT,,,0.0001,2026-05-31 22:09:58.740706,20260531
Bitmex,ZECUSDT,ZEC,USDT,USDT,,,0.01,2026-05-31 22:09:58.740706,20260531
Bitmex,SHIBUSDT,SHIB,USDT,USDT,,,1e-09,2026-05-31 22:09:58.740706,20260531
Bitmex,NEARUSDT,NEAR,USDT,USDT,,,0.0001,2026-05-31 22:09:58.740706,20260531
Bitmex,CRVUSDT,CRV,USDT,USDT,,,0.0001,2026-05-31 22:09:58.740706,20260531
Bitmex,XMRUSDT,XMR,USDT,USDT,,,0.01,2026-05-31 22:09:58.740706,20260531
Bitmex,ADAUSD,ADA,USD,BTC,,,0.0001,2026-05-31 22:09:58.740706,20260531
Bitmex,ADAUSDT,ADA,USDT,USDT,,,0.0001,2026-05-31 22:09:58.740706,20260531
Bitmex,XAUTUSDT,XAUT,USDT,USDT,,,0.01,2026-05-31 22:09:58.740706,20260531
Bitmex,POLUSDT,POL,USDT,USDT,,,0.0001,2026-05-31 22:09:58.740706,20260531
Bitmex,DOTUSDT,DOT,USDT,USDT,,,0.001,2026-05-31 22:09:58.740706,20260531
Bitmex,DOTUSD,DOT,USD,BTC,,,0.001,2026-05-31 22:09:58.740706,20260531
Bitmex,APEUSDT,APE,USDT,USDT,,,0.0001,2026-05-31 22:09:58.740706,20260531
Bitmex,ARBUSDT,ARB,USDT,USDT,,,0.0001,2026-05-31 22:09:58.740706,20260531
Bitmex,NEARUSD,NEAR,USD,BTC,,,0.001,2026-05-31 22:09:58.740706,20260531
Bitmex,PEPEUSD,PEPE,USD,BTC,,,1e-09,2026-05-31 22:09:58.740706,20260531
Bitmex,TRUMPOFFICIALUSDT,TRUMPOFFICIAL,USDT,USDT,,,0.001,2026-05-31 22:09:58.740706,20260531
Bitmex,PEPEUSDT,PEPE,USDT,USDT,,,1e-09,2026-05-31 22:09:58.740706,20260531
Bitmex,TONUSD,TON,USD,BTC,,,0.0001,2026-05-31 22:09:58.740706,20260531
Bitmex,SEIUSDT,SEI,USDT,USDT,,,0.0001,2026-05-31 22:09:58.740706,20260531
Bitmex,TONUSDT,TON,USDT,USDT,,,0.0001,2026-05-31 22:09:58.740706,20260531
Bitmex,WLDUSD,WLD,USD,BTC,,,0.0001,2026-05-31 22:09:58.740706,20260531
Bitmex,AVAXUSD,AVAX,USD,BTC,,,0.001,2026-05-31 22:09:58.740706,20260531
Bitmex,AAVEUSDT,AAVE,USDT,USDT,,,0.01,2026-05-31 22:09:58.740706,20260531
Bitmex,AVAXUSDT,AVAX,USDT,USDT,,,0.001,2026-05-31 22:09:58.740706,20260531
Bitmex,UNIUSDT,UNI,USDT,USDT,,,0.001,2026-05-31 22:09:58.740706,20260531
Bitmex,OPUSDT,OP,USDT,USDT,,,0.0001,2026-05-31 22:09:58.740706,20260531
Bitmex,FILUSDT,FIL,USDT,USDT,,,0.0001,2026-05-31 22:09:58.740706,20260531
Bitmex,FILUSD,FIL,USD,BTC,,,0.0001,2026-05-31 22:09:58.740706,20260531
Bitmex,BMEXUSDT,BMEX,USDT,USDT,,,0.001,2026-05-31 22:09:58.740706,20260531
Bitmex,ADAM26,ADA,BTC,BTC,,,1e-08,2026-05-31 22:09:58.740706,20260531
Bitmex,XRPM26,XRP,BTC,BTC,,,1e-08,2026-05-31 22:09:58.740706,20260531
Bitmex,XBTUSDT,BTC,USDT,USDT,,,0.1,2026-05-31 22:09:58.740706,20260531
Bitmex,XBTUSD,BTC,USD,BTC,,,0.1,2026-05-31 22:09:58.740706,20260531
Bitmex,XBTETH,BTC,ETH,BTC,,,0.001,2026-05-31 22:09:58.740706,20260531
Bitmex,XBTEUR,BTC,EUR,BTC,,,0.5,2026-05-31 22:09:58.740706,20260531
Bitmex,XBTM26,BTC,USD,BTC,,,0.5,2026-05-31 22:09:58.740706,20260531
Bitmex,XBTUSDTM26,BTC,USDT,USDT,,,0.5,2026-05-31 22:09:58.740706,20260531
Bitmex,XBTN26,BTC,USD,BTC,,,0.5,2026-05-31 22:09:58.740706,20260531
Bitmex,XBTU26,BTC,USD,BTC,,,0.5,2026-05-31 22:09:58.740706,20260531
Bitmex,XBTZ26,BTC,USD,BTC,,,0.5,2026-05-31 22:09:58.740706,20260531
Bitmex,ETHUSD,ETH,USD,BTC,,,0.01,2026-05-31 22:09:58.740706,20260531
Bitmex,ETHUSDT,ETH,USDT,USDT,,,0.01,2026-05-31 22:09:58.740706,20260531
Bitmex,ETHUSDM26,ETH,USD,BTC,,,0.05,2026-05-31 22:09:58.740706,20260531
Bitmex,ETHM26,ETH,BTC,BTC,,,1e-05,2026-05-31 22:09:58.740706,20260531
Bitmex,LTCUSDT,LTC,USDT,USDT,,,0.01,2026-05-31 22:09:58.740706,20260531
Bitmex,LTCUSD,LTC,USD,BTC,,,0.01,2026-05-31 22:09:58.740706,20260531
Bitunix,BTCUSDT,BTC,USDT,USDT,200.0,8.0,0.1,2026-05-31 22:09:58.740706,20260531
Bitunix,ETHUSDT,ETH,USDT,USDT,200.0,8.0,0.01,2026-05-31 22:09:58.740706,20260531
Bitunix,BNBUSDT,BNB,USDT,USDT,75.0,8.0,0.01,2026-05-31 22:09:58.740706,20260531
Bitunix,XRPUSDT,XRP,USDT,USDT,100.0,8.0,0.0001,2026-05-31 22:09:58.740706,20260531
Bitunix,ADAUSDT,ADA,USDT,USDT,75.0,8.0,0.0001,2026-05-31 22:09:58.740706,20260531
Bitunix,LTCUSDT,LTC,USDT,USDT,75.0,8.0,0.01,2026-05-31 22:09:58.740706,20260531
Bitunix,DOGEUSDT,DOGE,USDT,USDT,75.0,8.0,1e-05,2026-05-31 22:09:58.740706,20260531
Bitunix,SOLUSDT,SOL,USDT,USDT,100.0,8.0,0.01,2026-05-31 22:09:58.740706,20260531
Bitunix,DOTUSDT,DOT,USDT,USDT,75.0,8.0,0.001,2026-05-31 22:09:58.740706,20260531
Bitunix,AVAXUSDT,AVAX,USDT,USDT,75.0,8.0,0.001,2026-05-31 22:09:58.740706,20260531
Bitunix,TRXUSDT,TRX,USDT,USDT,75.0,8.0,1e-05,2026-05-31 22:09:58.740706,20260531
Bitunix,LINKUSDT,LINK,USDT,USDT,75.0,8.0,0.001,2026-05-31 22:09:58.740706,20260531
Bitunix,ATOMUSDT,ATOM,USDT,USDT,75.0,8.0,0.001,2026-05-31 22:09:58.740706,20260531
Bitunix,ETCUSDT,ETC,USDT,USDT,75.0,8.0,0.001,2026-05-31 22:09:58.740706,20260531
Bitunix,UNIUSDT,UNI,USDT,USDT,75.0,8.0,0.001,2026-05-31 22:09:58.740706,20260531
Bitunix,XLMUSDT,XLM,USDT,USDT,75.0,8.0,1e-05,2026-05-31 22:09:58.740706,20260531
Bitunix,ICPUSDT,ICP,USDT,USDT,75.0,8.0,0.001,2026-05-31 22:09:58.740706,20260531
Bitunix,FILUSDT,FIL,USDT,USDT,75.0,8.0,0.001,2026-05-31 22:09:58.740706,20260531
Bitunix,BCHUSDT,BCH,USDT,USDT,75.0,8.0,0.01,2026-05-31 22:09:58.740706,20260531
Bitunix,APTUSDT,APT,USDT,USDT,50.0,8.0,0.0001,2026-05-31 22:09:58.740706,20260531
Bitunix,BATUSDT,BAT,USDT,USDT,50.0,8.0,0.0001,2026-05-31 22:09:58.740706,20260531
Bitunix,DYDXUSDT,DYDX,USDT,USDT,75.0,8.0,0.0001,2026-05-31 22:09:58.740706,20260531
Bitunix,ARBUSDT,ARB,USDT,USDT,50.0,8.0,0.0001,2026-05-31 22:09:58.740706,20260531
Bitunix,APEUSDT,APE,USDT,USDT,50.0,8.0,0.0001,2026-05-31 22:09:58.740706,20260531
Bitunix,LDOUSDT,LDO,USDT,USDT,50.0,8.0,0.0001,2026-05-31 22:09:58.740706,20260531
Bitunix,CRVUSDT,CRV,USDT,USDT,75.0,8.0,0.0001,2026-05-31 22:09:58.740706,20260531
Bitunix,MASKUSDT,MASK,USDT,USDT,50.0,4.0,0.0001,2026-05-31 22:09:58.740706,20260531
Bitunix,VETUSDT,VET,USDT,USDT,50.0,8.0,1e-06,2026-05-31 22:09:58.740706,20260531
Bitunix,NEARUSDT,NEAR,USDT,USDT,50.0,8.0,0.001,2026-05-31 22:09:58.740706,20260531
Bitunix,AAVEUSDT,AAVE,USDT,USDT,75.0,8.0,0.01,2026-05-31 22:09:58.740706,20260531
Bitunix,GRTUSDT,GRT,USDT,USDT,50.0,8.0,1e-05,2026-05-31 22:09:58.740706,20260531
Bitunix,OPUSDT,OP,USDT,USDT,50.0,8.0,0.0001,2026-05-31 22:09:58.740706,20260531
Bitunix,EGLDUSDT,EGLD,USDT,USDT,25.0,8.0,0.001,2026-05-31 22:09:58.740706,20260531
Bitunix,STXUSDT,STX,USDT,USDT,25.0,8.0,0.0001,2026-05-31 22:09:58.740706,20260531
Bitunix,SANDUSDT,SAND,USDT,USDT,50.0,8.0,1e-05,2026-05-31 22:09:58.740706,20260531
Bitunix,ALGOUSDT,ALGO,USDT,USDT,75.0,8.0,0.0001,2026-05-31 22:09:58.740706,20260531
Bitunix,SUIUSDT,SUI,USDT,USDT,75.0,8.0,0.0001,2026-05-31 22:09:58.740706,20260531
Bitunix,IMXUSDT,IMX,USDT,USDT,50.0,4.0,0.0001,2026-05-31 22:09:58.740706,20260531
Bitunix,SNXUSDT,SNX,USDT,USDT,50.0,8.0,0.0001,2026-05-31 22:09:58.740706,20260531
Bitunix,GALAUSDT,GALA,USDT,USDT,50.0,8.0,1e-06,2026-05-31 22:09:58.740706,20260531
Bitunix,THETAUSDT,THETA,USDT,USDT,50.0,8.0,0.0001,2026-05-31 22:09:58.740706,20260531
Bitunix,MANAUSDT,MANA,USDT,USDT,50.0,8.0,0.0001,2026-05-31 22:09:58.740706,20260531
Bitunix,XTZUSDT,XTZ,USDT,USDT,50.0,4.0,0.0001,2026-05-31 22:09:58.740706,20260531
Bitunix,AXSUSDT,AXS,USDT,USDT,50.0,4.0,0.001,2026-05-31 22:09:58.740706,20260531
Bitunix,COMPUSDT,COMP,USDT,USDT,25.0,8.0,0.01,2026-05-31 22:09:58.740706,20260531
Bitunix,CYBERUSDT,CYBER,USDT,USDT,20.0,4.0,0.0001,2026-05-31 22:09:58.740706,20260531
Bitunix,WLDUSDT,WLD,USDT,USDT,75.0,8.0,0.0001,2026-05-31 22:09:58.740706,20260531
Bitunix,TRBUSDT,TRB,USDT,USDT,50.0,4.0,0.001,2026-05-31 22:09:58.740706,20260531
Bitunix,RUNEUSDT,RUNE,USDT,USDT,50.0,8.0,0.0001,2026-05-31 22:09:58.740706,20260531
Bitunix,BIGTIMEUSDT,BIGTIME,USDT,USDT,50.0,4.0,1e-05,2026-05-31 22:09:58.740706,20260531
Bitunix,INJUSDT,INJ,USDT,USDT,25.0,8.0,0.001,2026-05-31 22:09:58.740706,20260531
Bitunix,CAKEUSDT,CAKE,USDT,USDT,50.0,4.0,0.0001,2026-05-31 22:09:58.740706,20260531
Bitunix,CELOUSDT,CELO,USDT,USDT,50.0,8.0,1e-05,2026-05-31 22:09:58.740706,20260531
Bitunix,XAIUSDT,XAI,USDT,USDT,50.0,4.0,1e-05,2026-05-31 22:09:58.740706,20260531
Bitunix,ORDIUSDT,ORDI,USDT,USDT,75.0,4.0,0.001,2026-05-31 22:09:58.740706,20260531
Bitunix,JTOUSDT,JTO,USDT,USDT,50.0,4.0,0.0001,2026-05-31 22:09:58.740706,20260531
Bitunix,TIAUSDT,TIA,USDT,USDT,50.0,4.0,0.0001,2026-05-31 22:09:58.740706,20260531
Bitunix,ENSUSDT,ENS,USDT,USDT,50.0,8.0,0.001,2026-05-31 22:09:58.740706,20260531
Bitunix,1000RATSUSDT,RATS,USDT,USDT,50.0,4.0,1e-05,2026-05-31 22:09:58.740706,20260531
Bitunix,PEOPLEUSDT,PEOPLE,USDT,USDT,50.0,8.0,1e-05,2026-05-31 22:09:58.740706,20260531
Bitunix,SEIUSDT,SEI,USDT,USDT,50.0,8.0,1e-05,2026-05-31 22:09:58.740706,20260531
Bitunix,1000BONKUSDT,BONK,USDT,USDT,75.0,4.0,1e-06,2026-05-31 22:09:58.740706,20260531
Bitunix,MEMEUSDT,MEME,USDT,USDT,50.0,4.0,1e-07,2026-05-31 22:09:58.740706,20260531
Bitunix,ACEUSDT,ACE,USDT,USDT,20.0,4.0,0.0001,2026-05-31 22:09:58.740706,20260531
Bitunix,1000SATSUSDT,SATS,USDT,USDT,50.0,4.0,1e-08,2026-05-31 22:09:58.740706,20260531
Bitunix,PYTHUSDT,PYTH,USDT,USDT,50.0,4.0,1e-05,2026-05-31 22:09:58.740706,20260531
Bitunix,NFPUSDT,NFP,USDT,USDT,50.0,4.0,1e-05,2026-05-31 22:09:58.740706,20260531
Bitunix,BLURUSDT,BLUR,USDT,USDT,50.0,4.0,1e-05,2026-05-31 22:09:58.740706,20260531
Bitunix,TUSDT,T,USDT,USDT,50.0,4.0,1e-06,2026-05-31 22:09:58.740706,20260531
Bitunix,GMTUSDT,GMT,USDT,USDT,50.0,4.0,1e-05,2026-05-31 22:09:58.740706,20260531
Bitunix,1000PEPEUSDT,PEPE,USDT,USDT,75.0,8.0,1e-07,2026-05-31 22:09:58.740706,20260531
Bitunix,1000SHIBUSDT,SHIB,USDT,USDT,125.0,8.0,1e-06,2026-05-31 22:09:58.740706,20260531
Bitunix,CFXUSDT,CFX,USDT,USDT,50.0,8.0,1e-05,2026-05-31 22:09:58.740706,20260531
Bitunix,MOVRUSDT,MOVR,USDT,USDT,50.0,4.0,0.001,2026-05-31 22:09:58.740706,20260531
Bitunix,BSVUSDT,BSV,USDT,USDT,50.0,4.0,0.01,2026-05-31 22:09:58.740706,20260531
Bitunix,MINAUSDT,MINA,USDT,USDT,75.0,8.0,1e-05,2026-05-31 22:09:58.740706,20260531
Bitunix,AUCTIONUSDT,AUCTION,USDT,USDT,50.0,4.0,0.001,2026-05-31 22:09:58.740706,20260531
Bitunix,1000LUNCUSDT,LUNC,USDT,USDT,50.0,8.0,1e-05,2026-05-31 22:09:58.740706,20260531
Bitunix,ARUSDT,AR,USDT,USDT,50.0,8.0,0.001,2026-05-31 22:09:58.740706,20260531
Bitunix,SSVUSDT,SSV,USDT,USDT,50.0,8.0,0.001,2026-05-31 22:09:58.740706,20260531
Bitunix,MAGICUSDT,MAGIC,USDT,USDT,50.0,4.0,1e-05,2026-05-31 22:09:58.740706,20260531
Bitunix,CHZUSDT,CHZ,USDT,USDT,50.0,8.0,1e-05,2026-05-31 22:09:58.740706,20260531
Bitunix,POWRUSDT,POWR,USDT,USDT,50.0,4.0,1e-05,2026-05-31 22:09:58.740706,20260531
Bitunix,LUNA2USDT,LUNA2,USDT,USDT,20.0,4.0,1e-05,2026-05-31 22:09:58.740706,20260531
Bitunix,PENDLEUSDT,PENDLE,USDT,USDT,50.0,8.0,0.0001,2026-05-31 22:09:58.740706,20260531
Bitunix,LPTUSDT,LPT,USDT,USDT,50.0,4.0,0.001,2026-05-31 22:09:58.740706,20260531
Bitunix,1INCHUSDT,1INCH,USDT,USDT,50.0,8.0,0.0001,2026-05-31 22:09:58.740706,20260531
Bitunix,FETUSDT,FET,USDT,USDT,25.0,8.0,0.0001,2026-05-31 22:09:58.740706,20260531
Bitunix,ASTRUSDT,ASTR,USDT,USDT,50.0,8.0,1e-06,2026-05-31 22:09:58.740706,20260531
Bitunix,WOOUSDT,WOO,USDT,USDT,50.0,8.0,1e-05,2026-05-31 22:09:58.740706,20260531
Bitunix,USTCUSDT,USTC,USDT,USDT,50.0,4.0,1e-06,2026-05-31 22:09:58.740706,20260531
Bitunix,ROSEUSDT,ROSE,USDT,USDT,50.0,8.0,1e-05,2026-05-31 22:09:58.740706,20260531
Bitunix,BEAMXUSDT,BEAMX,USDT,USDT,50.0,4.0,1e-06,2026-05-31 22:09:58.740706,20260531
Bitunix,SKLUSDT,SKL,USDT,USDT,50.0,4.0,1e-05,2026-05-31 22:09:58.740706,20260531
Bitunix,GASUSDT,GAS,USDT,USDT,50.0,4.0,0.001,2026-05-31 22:09:58.740706,20260531
Bitunix,MAVUSDT,MAV,USDT,USDT,50.0,8.0,1e-05,2026-05-31 22:09:58.740706,20260531
Bitunix,DUSKUSDT,DUSK,USDT,USDT,50.0,4.0,1e-05,2026-05-31 22:09:58.740706,20260531
Bitunix,FLOWUSDT,FLOW,USDT,USDT,50.0,4.0,1e-05,2026-05-31 22:09:58.740706,20260531
Bitunix,STORJUSDT,STORJ,USDT,USDT,25.0,4.0,0.0001,2026-05-31 22:09:58.740706,20260531
Bitunix,NEOUSDT,NEO,USDT,USDT,50.0,8.0,0.001,2026-05-31 22:09:58.740706,20260531
Bitunix,ZENUSDT,ZEN,USDT,USDT,50.0,8.0,0.001,2026-05-31 22:09:58.740706,20260531
Bitunix,OGNUSDT,OGN,USDT,USDT,50.0,4.0,1e-05,2026-05-31 22:09:58.740706,20260531
Bitunix,ONTUSDT,ONT,USDT,USDT,75.0,4.0,0.0001,2026-05-31 22:09:58.740706,20260531
Bitunix,HBARUSDT,HBAR,USDT,USDT,75.0,8.0,1e-05,2026-05-31 22:09:58.740706,20260531
Bitunix,C98USDT,C98,USDT,USDT,50.0,8.0,1e-05,2026-05-31 22:09:58.740706,20260531
Bitunix,ETHWUSDT,ETHW,USDT,USDT,50.0,4.0,0.0001,2026-05-31 22:09:58.740706,20260531
Bitunix,SUSHIUSDT,SUSHI,USDT,USDT,75.0,8.0,0.0001,2026-05-31 22:09:58.740706,20260531
Bitunix,ARPAUSDT,ARPA,USDT,USDT,75.0,8.0,1e-05,2026-05-31 22:09:58.741704,20260531
Bitunix,KSMUSDT,KSM,USDT,USDT,50.0,8.0,0.001,2026-05-31 22:09:58.741704,20260531
Bitunix,IDUSDT,ID,USDT,USDT,50.0,1.0,1e-05,2026-05-31 22:09:58.741704,20260531
Bitunix,CHRUSDT,CHR,USDT,USDT,50.0,8.0,1e-05,2026-05-31 22:09:58.741704,20260531
Bitunix,ARKMUSDT,ARKM,USDT,USDT,20.0,8.0,0.0001,2026-05-31 22:09:58.741704,20260531
Bitunix,HIGHUSDT,HIGH,USDT,USDT,25.0,8.0,0.0001,2026-05-31 22:09:58.741704,20260531
Bitunix,AGLDUSDT,AGLD,USDT,USDT,50.0,8.0,0.0001,2026-05-31 22:09:58.741704,20260531
Bitunix,JOEUSDT,JOE,USDT,USDT,20.0,8.0,1e-05,2026-05-31 22:09:58.741704,20260531
Bitunix,KASUSDT,KAS,USDT,USDT,50.0,4.0,1e-05,2026-05-31 22:09:58.741704,20260531
Bitunix,ZRXUSDT,ZRX,USDT,USDT,50.0,4.0,0.0001,2026-05-31 22:09:58.741704,20260531
Bitunix,KAVAUSDT,KAVA,USDT,USDT,25.0,4.0,0.0001,2026-05-31 22:09:58.741704,20260531
Bitunix,ARKUSDT,ARK,USDT,USDT,20.0,4.0,0.0001,2026-05-31 22:09:58.741704,20260531
Bitunix,HFTUSDT,HFT,USDT,USDT,20.0,8.0,1e-05,2026-05-31 22:09:58.741704,20260531
Bitunix,JASMYUSDT,JASMY,USDT,USDT,50.0,8.0,1e-06,2026-05-31 22:09:58.741704,20260531
Bitunix,ONGUSDT,ONG,USDT,USDT,50.0,4.0,1e-05,2026-05-31 22:09:58.741704,20260531
Bitunix,IOTAUSDT,IOTA,USDT,USDT,50.0,8.0,0.0001,2026-05-31 22:09:58.741704,20260531
Bitunix,QTUMUSDT,QTUM,USDT,USDT,50.0,8.0,0.001,2026-05-31 22:09:58.741704,20260531
Bitunix,YFIUSDT,YFI,USDT,USDT,50.0,8.0,1.0,2026-05-31 22:09:58.741704,20260531
Bitunix,SUPERUSDT,SUPER,USDT,USDT,50.0,4.0,0.0001,2026-05-31 22:09:58.741704,20260531
Bitunix,ZILUSDT,ZIL,USDT,USDT,50.0,4.0,1e-05,2026-05-31 22:09:58.741704,20260531
Bitunix,GMXUSDT,GMX,USDT,USDT,25.0,8.0,0.001,2026-05-31 22:09:58.741704,20260531
Bitunix,RIFUSDT,RIF,USDT,USDT,50.0,4.0,1e-05,2026-05-31 22:09:58.741704,20260531
Bitunix,1000FLOKIUSDT,FLOKI,USDT,USDT,20.0,8.0,1e-05,2026-05-31 22:09:58.741704,20260531
Bitunix,HOTUSDT,HOT,USDT,USDT,25.0,8.0,1e-06,2026-05-31 22:09:58.741704,20260531
Bitunix,LQTYUSDT,LQTY,USDT,USDT,25.0,8.0,0.0001,2026-05-31 22:09:58.741704,20260531
Bitunix,ANKRUSDT,ANKR,USDT,USDT,25.0,4.0,1e-06,2026-05-31 22:09:58.741704,20260531
Bitunix,POLYXUSDT,POLYX,USDT,USDT,50.0,4.0,1e-05,2026-05-31 22:09:58.741704,20260531
Bitunix,ENJUSDT,ENJ,USDT,USDT,25.0,4.0,1e-05,2026-05-31 22:09:58.741704,20260531
Bitunix,ALICEUSDT,ALICE,USDT,USDT,20.0,4.0,0.0001,2026-05-31 22:09:58.741704,20260531
Bitunix,RSRUSDT,RSR,USDT,USDT,25.0,8.0,1e-06,2026-05-31 22:09:58.741704,20260531
Bitunix,MTLUSDT,MTL,USDT,USDT,25.0,8.0,0.0001,2026-05-31 22:09:58.741704,20260531
Bitunix,API3USDT,API3,USDT,USDT,50.0,4.0,0.0001,2026-05-31 22:09:58.741704,20260531
Bitunix,GTCUSDT,GTC,USDT,USDT,20.0,8.0,1e-05,2026-05-31 22:09:58.741704,20260531
Bitunix,QNTUSDT,QNT,USDT,USDT,20.0,8.0,0.01,2026-05-31 22:09:58.741704,20260531
Bitunix,WIFUSDT,WIF,USDT,USDT,75.0,4.0,0.0001,2026-05-31 22:09:58.741704,20260531
Bitunix,JUPUSDT,JUP,USDT,USDT,75.0,4.0,0.0001,2026-05-31 22:09:58.741704,20260531
Bitunix,BOMEUSDT,BOME,USDT,USDT,50.0,4.0,1e-07,2026-05-31 22:09:58.741704,20260531
Bitunix,ONDOUSDT,ONDO,USDT,USDT,75.0,4.0,0.0001,2026-05-31 22:09:58.741704,20260531
Bitunix,ETHFIUSDT,ETHFI,USDT,USDT,50.0,4.0,0.0001,2026-05-31 22:09:58.741704,20260531
Bitunix,WUSDT,W,USDT,USDT,50.0,4.0,1e-05,2026-05-31 22:09:58.741704,20260531
Bitunix,ENAUSDT,ENA,USDT,USDT,75.0,4.0,1e-05,2026-05-31 22:09:58.741704,20260531
Bitunix,PIXELUSDT,PIXEL,USDT,USDT,50.0,4.0,1e-06,2026-05-31 22:09:58.741704,20260531
Bitunix,EDUUSDT,EDU,USDT,USDT,50.0,8.0,1e-05,2026-05-31 22:09:58.741704,20260531
Bitunix,CTSIUSDT,CTSI,USDT,USDT,25.0,8.0,1e-05,2026-05-31 22:09:58.741704,20260531
Bitunix,KNCUSDT,KNC,USDT,USDT,50.0,8.0,0.0001,2026-05-31 22:09:58.741704,20260531
Bitunix,ONEUSDT,ONE,USDT,USDT,50.0,8.0,1e-06,2026-05-31 22:09:58.741704,20260531
Bitunix,AEVOUSDT,AEVO,USDT,USDT,50.0,4.0,1e-05,2026-05-31 22:09:58.741704,20260531
Bitunix,TONUSDT,TON,USDT,USDT,50.0,4.0,0.0001,2026-05-31 22:09:58.741704,20260531
Bitunix,ZETAUSDT,ZETA,USDT,USDT,50.0,4.0,1e-05,2026-05-31 22:09:58.741704,20260531
Bitunix,SAGAUSDT,SAGA,USDT,USDT,50.0,4.0,1e-05,2026-05-31 22:09:58.741704,20260531
Bitunix,TAOUSDT,TAO,USDT,USDT,75.0,4.0,0.01,2026-05-31 22:09:58.741704,20260531
Bitunix,TNSRUSDT,TNSR,USDT,USDT,50.0,4.0,1e-05,2026-05-31 22:09:58.741704,20260531
Bitunix,BNTUSDT,BNT,USDT,USDT,50.0,8.0,0.0001,2026-05-31 22:09:58.741704,20260531
Bitunix,CKBUSDT,CKB,USDT,USDT,20.0,8.0,1e-06,2026-05-31 22:09:58.741704,20260531
Bitunix,MANTAUSDT,MANTA,USDT,USDT,50.0,4.0,1e-05,2026-05-31 22:09:58.741704,20260531
Bitunix,ACHUSDT,ACH,USDT,USDT,50.0,8.0,1e-06,2026-05-31 22:09:58.741704,20260531
Bitunix,YGGUSDT,YGG,USDT,USDT,50.0,4.0,1e-05,2026-05-31 22:09:58.741704,20260531
Bitunix,REZUSDT,REZ,USDT,USDT,50.0,4.0,1e-06,2026-05-31 22:09:58.741704,20260531
Bitunix,SLPUSDT,SLP,USDT,USDT,75.0,4.0,1e-07,2026-05-31 22:09:58.741704,20260531
Bitunix,CELRUSDT,CELR,USDT,USDT,25.0,8.0,1e-06,2026-05-31 22:09:58.741704,20260531
Bitunix,STRKUSDT,STRK,USDT,USDT,50.0,4.0,1e-05,2026-05-31 22:09:58.741704,20260531
Bitunix,TLMUSDT,TLM,USDT,USDT,50.0,4.0,1e-06,2026-05-31 22:09:58.741704,20260531
Bitunix,DYMUSDT,DYM,USDT,USDT,50.0,4.0,1e-05,2026-05-31 22:09:58.741704,20260531
Bitunix,GLMUSDT,GLM,USDT,USDT,50.0,4.0,1e-05,2026-05-31 22:09:58.741704,20260531
Bitunix,BBUSDT,BB,USDT,USDT,50.0,4.0,1e-05,2026-05-31 22:09:58.741704,20260531
Bitunix,UMAUSDT,UMA,USDT,USDT,50.0,4.0,0.0001,2026-05-31 22:09:58.741704,20260531
Bitunix,LSKUSDT,LSK,USDT,USDT,50.0,4.0,0.0001,2026-05-31 22:09:58.741704,20260531
Bitunix,NOTUSDT,NOT,USDT,USDT,50.0,4.0,1e-07,2026-05-31 22:09:58.741704,20260531
Bitunix,BICOUSDT,BICO,USDT,USDT,20.0,8.0,1e-05,2026-05-31 22:09:58.741704,20260531
Bitunix,VANRYUSDT,VANRY,USDT,USDT,50.0,4.0,1e-06,2026-05-31 22:09:58.741704,20260531
Bitunix,AXLUSDT,AXL,USDT,USDT,50.0,4.0,1e-05,2026-05-31 22:09:58.741704,20260531
Bitunix,BANDUSDT,BAND,USDT,USDT,50.0,8.0,0.0001,2026-05-31 22:09:58.741704,20260531
Bitunix,NMRUSDT,NMR,USDT,USDT,20.0,4.0,0.001,2026-05-31 22:09:58.741704,20260531
Bitunix,IOTXUSDT,IOTX,USDT,USDT,20.0,8.0,1e-05,2026-05-31 22:09:58.741704,20260531
Bitunix,SPELLUSDT,SPELL,USDT,USDT,50.0,8.0,1e-07,2026-05-31 22:09:58.741704,20260531
Bitunix,TURBOUSDT,TURBO,USDT,USDT,50.0,4.0,1e-07,2026-05-31 22:09:58.741704,20260531
Bitunix,RVNUSDT,RVN,USDT,USDT,50.0,4.0,1e-05,2026-05-31 22:09:58.741704,20260531
Bitunix,ALTUSDT,ALT,USDT,USDT,50.0,4.0,1e-06,2026-05-31 22:09:58.741704,20260531
Bitunix,STGUSDT,STG,USDT,USDT,50.0,8.0,0.0001,2026-05-31 22:09:58.741704,20260531
Bitunix,ILVUSDT,ILV,USDT,USDT,50.0,4.0,0.001,2026-05-31 22:09:58.741704,20260531
Bitunix,IOUSDT,IO,USDT,USDT,50.0,4.0,0.0001,2026-05-31 22:09:58.741704,20260531
Bitunix,ZKUSDT,ZK,USDT,USDT,50.0,4.0,1e-05,2026-05-31 22:09:58.741704,20260531
Bitunix,IOSTUSDT,IOST,USDT,USDT,50.0,8.0,1e-06,2026-05-31 22:09:58.741704,20260531
Bitunix,ZROUSDT,ZRO,USDT,USDT,50.0,4.0,0.0001,2026-05-31 22:09:58.741704,20260531
Bitunix,LISTAUSDT,LISTA,USDT,USDT,50.0,4.0,1e-05,2026-05-31 22:09:58.741704,20260531
Bitunix,TWTUSDT,TWT,USDT,USDT,50.0,4.0,0.0001,2026-05-31 22:09:58.741704,20260531
Bitunix,MEWUSDT,MEW,USDT,USDT,50.0,4.0,1e-07,2026-05-31 22:09:58.741704,20260531
Bitunix,SFPUSDT,SFP,USDT,USDT,25.0,8.0,0.0001,2026-05-31 22:09:58.741704,20260531
Bitunix,ICXUSDT,ICX,USDT,USDT,50.0,4.0,1e-05,2026-05-31 22:09:58.741704,20260531
Bitunix,WAXPUSDT,WAXP,USDT,USDT,50.0,4.0,1e-06,2026-05-31 22:09:58.741704,20260531
Bitunix,RENDERUSDT,RENDER,USDT,USDT,50.0,4.0,0.001,2026-05-31 22:09:58.741704,20260531
Bitunix,COTIUSDT,COTI,USDT,USDT,50.0,8.0,1e-05,2026-05-31 22:09:58.741704,20260531
Bitunix,RAREUSDT,RARE,USDT,USDT,50.0,4.0,1e-05,2026-05-31 22:09:58.741704,20260531
Bitunix,BANANAUSDT,BANANA,USDT,USDT,50.0,4.0,0.001,2026-05-31 22:09:58.741704,20260531
Bitunix,SYNUSDT,SYN,USDT,USDT,50.0,4.0,1e-05,2026-05-31 22:09:58.741704,20260531
Bitunix,DOGSUSDT,DOGS,USDT,USDT,75.0,4.0,1e-08,2026-05-31 22:09:58.741704,20260531
Bitunix,POPCATUSDT,POPCAT,USDT,USDT,75.0,4.0,1e-05,2026-05-31 22:09:58.741704,20260531
Bitunix,POLUSDT,POL,USDT,USDT,75.0,4.0,1e-05,2026-05-31 22:09:58.741704,20260531
Bitunix,FIDAUSDT,FIDA,USDT,USDT,75.0,4.0,1e-05,2026-05-31 22:09:58.741704,20260531
Bitunix,EIGENUSDT,EIGEN,USDT,USDT,75.0,4.0,0.0001,2026-05-31 22:09:58.741704,20260531
Bitunix,DIAUSDT,DIA,USDT,USDT,75.0,4.0,0.0001,2026-05-31 22:09:58.741704,20260531
Bitunix,SUNUSDT,SUN,USDT,USDT,75.0,4.0,1e-06,2026-05-31 22:09:58.741704,20260531
Bitunix,GOATUSDT,GOAT,USDT,USDT,75.0,4.0,1e-05,2026-05-31 22:09:58.741704,20260531
Bitunix,MOODENGUSDT,MOODENG,USDT,USDT,75.0,4.0,1e-05,2026-05-31 22:09:58.741704,20260531
Bitunix,SAFEUSDT,SAFE,USDT,USDT,75.0,4.0,0.0001,2026-05-31 22:09:58.741704,20260531
Bitunix,CATIUSDT,CATI,USDT,USDT,75.0,4.0,1e-05,2026-05-31 22:09:58.741704,20260531
Bitunix,HMSTRUSDT,HMSTR,USDT,USDT,75.0,4.0,1e-07,2026-05-31 22:09:58.741704,20260531
Bitunix,GRASSUSDT,GRASS,USDT,USDT,75.0,4.0,0.0001,2026-05-31 22:09:58.741704,20260531
Bitunix,COWUSDT,COW,USDT,USDT,75.0,4.0,0.0001,2026-05-31 22:09:58.741704,20260531
Bitunix,PNUTUSDT,PNUT,USDT,USDT,75.0,4.0,1e-05,2026-05-31 22:09:58.741704,20260531
Bitunix,ACTUSDT,ACT,USDT,USDT,75.0,4.0,1e-05,2026-05-31 22:09:58.741704,20260531
Bitunix,METISUSDT,METIS,USDT,USDT,50.0,4.0,0.001,2026-05-31 22:09:58.741704,20260531
Bitunix,BANUSDT,BAN,USDT,USDT,75.0,4.0,1e-05,2026-05-31 22:09:58.741704,20260531
Bitunix,DRIFTUSDT,DRIFT,USDT,USDT,75.0,4.0,1e-05,2026-05-31 22:09:58.741704,20260531
Bitunix,BRETTUSDT,BRETT,USDT,USDT,75.0,4.0,1e-06,2026-05-31 22:09:58.741704,20260531
Bitunix,1000CHEEMSUSDT,CHEEMS,USDT,USDT,75.0,4.0,1e-07,2026-05-31 22:09:58.741704,20260531
Bitunix,THEUSDT,THE,USDT,USDT,125.0,4.0,0.0001,2026-05-31 22:09:58.741704,20260531
Bitunix,MORPHOUSDT,MORPHO,USDT,USDT,75.0,4.0,0.0001,2026-05-31 22:09:58.741704,20260531
Bitunix,CHILLGUYUSDT,CHILLGUY,USDT,USDT,75.0,4.0,1e-06,2026-05-31 22:09:58.741704,20260531
Bitunix,SCRUSDT,SCR,USDT,USDT,75.0,4.0,1e-05,2026-05-31 22:09:58.741704,20260531
Bitunix,CETUSUSDT,CETUS,USDT,USDT,75.0,4.0,1e-05,2026-05-31 22:09:58.741704,20260531
Bitunix,ACXUSDT,ACX,USDT,USDT,75.0,4.0,1e-05,2026-05-31 22:09:58.741704,20260531
Bitunix,MOVEUSDT,MOVE,USDT,USDT,75.0,4.0,1e-05,2026-05-31 22:09:58.741704,20260531
Bitunix,MEUSDT,ME,USDT,USDT,75.0,4.0,0.0001,2026-05-31 22:09:58.741704,20260531
Bitunix,VELODROMEUSDT,VELODROME,USDT,USDT,75.0,4.0,1e-05,2026-05-31 22:09:58.741704,20260531
Bitunix,MOCAUSDT,MOCA,USDT,USDT,75.0,4.0,1e-05,2026-05-31 22:09:58.741704,20260531
Bitunix,PENGUUSDT,PENGU,USDT,USDT,75.0,4.0,1e-06,2026-05-31 22:09:58.741704,20260531
Bitunix,1000CATUSDT,1000CAT,USDT,USDT,75.0,4.0,1e-06,2026-05-31 22:09:58.741704,20260531
Bitunix,USUALUSDT,USUAL,USDT,USDT,75.0,4.0,1e-05,2026-05-31 22:09:58.741704,20260531
Bitunix,KOMAUSDT,KOMA,USDT,USDT,75.0,4.0,1e-06,2026-05-31 22:09:58.741704,20260531
Bitunix,VANAUSDT,VANA,USDT,USDT,75.0,4.0,0.001,2026-05-31 22:09:58.741704,20260531
Bitunix,STEEMUSDT,STEEM,USDT,USDT,50.0,4.0,1e-05,2026-05-31 22:09:58.741704,20260531
Bitunix,AIXBTUSDT,AIXBT,USDT,USDT,75.0,4.0,1e-05,2026-05-31 22:09:58.741704,20260531
Bitunix,HIVEUSDT,HIVE,USDT,USDT,50.0,1.0,1e-05,2026-05-31 22:09:58.741704,20260531
Bitunix,VIRTUALUSDT,VIRTUAL,USDT,USDT,75.0,4.0,0.0001,2026-05-31 22:09:58.741704,20260531
Bitunix,GRIFFAINUSDT,GRIFFAIN,USDT,USDT,75.0,4.0,1e-06,2026-05-31 22:09:58.741704,20260531
Bitunix,FARTCOINUSDT,FARTCOIN,USDT,USDT,75.0,4.0,0.0001,2026-05-31 22:09:58.741704,20260531
Bitunix,ZEREBROUSDT,ZEREBRO,USDT,USDT,50.0,4.0,1e-06,2026-05-31 22:09:58.741704,20260531
Bitunix,BIOUSDT,BIO,USDT,USDT,50.0,4.0,1e-05,2026-05-31 22:09:58.741704,20260531
Bitunix,PORTALUSDT,PORTAL,USDT,USDT,50.0,4.0,1e-05,2026-05-31 22:09:58.741704,20260531
Bitunix,SWARMSUSDT,SWARMS,USDT,USDT,50.0,4.0,1e-06,2026-05-31 22:09:58.741704,20260531
Bitunix,ALCHUSDT,ALCH,USDT,USDT,50.0,4.0,1e-05,2026-05-31 22:09:58.741704,20260531
Bitunix,COOKIEUSDT,COOKIE,USDT,USDT,50.0,4.0,1e-05,2026-05-31 22:09:58.741704,20260531
Bitunix,SONICUSDT,SONIC,USDT,USDT,75.0,4.0,1e-05,2026-05-31 22:09:58.741704,20260531
Bitunix,1MBABYDOGEUSDT,BABYDOGE,USDT,USDT,75.0,4.0,1e-07,2026-05-31 22:09:58.741704,20260531
Bitunix,SUSDT,S,USDT,USDT,75.0,4.0,1e-05,2026-05-31 22:09:58.741704,20260531
Bitunix,TRUMPUSDT,TRUMP,USDT,USDT,75.0,4.0,0.001,2026-05-31 22:09:58.741704,20260531
Bitunix,MELANIAUSDT,MELANIA,USDT,USDT,50.0,4.0,0.0001,2026-05-31 22:09:58.741704,20260531
Bitunix,SPXUSDT,SPX,USDT,USDT,50.0,4.0,0.0001,2026-05-31 22:09:58.741704,20260531
Bitunix,SOLVUSDT,SOLV,USDT,USDT,25.0,4.0,1e-06,2026-05-31 22:09:58.741704,20260531
Bitunix,DEXEUSDT,DEXE,USDT,USDT,50.0,4.0,0.001,2026-05-31 22:09:58.741704,20260531
Bitunix,VTHOUSDT,VTHO,USDT,USDT,50.0,4.0,1e-07,2026-05-31 22:09:58.741704,20260531
Bitunix,ANIMEUSDT,ANIME,USDT,USDT,50.0,4.0,1e-06,2026-05-31 22:09:58.741704,20260531
Bitunix,PIPPINUSDT,PIPPIN,USDT,USDT,25.0,4.0,1e-05,2026-05-31 22:09:58.741704,20260531
Bitunix,CGPTUSDT,CGPT,USDT,USDT,25.0,4.0,1e-05,2026-05-31 22:09:58.741704,20260531
Bitunix,AVAUSDT,AVA,USDT,USDT,75.0,4.0,0.0001,2026-05-31 22:09:58.741704,20260531
Bitunix,KMNOUSDT,KMNO,USDT,USDT,75.0,4.0,1e-05,2026-05-31 22:09:58.741704,20260531
Bitunix,VVVUSDT,VVV,USDT,USDT,25.0,4.0,0.001,2026-05-31 22:09:58.741704,20260531
Bitunix,BERAUSDT,BERA,USDT,USDT,75.0,4.0,0.0001,2026-05-31 22:09:58.741704,20260531
Bitunix,TSTUSDT,TST,USDT,USDT,75.0,4.0,1e-06,2026-05-31 22:09:58.741704,20260531
Bitunix,LAYERUSDT,LAYER,USDT,USDT,25.0,4.0,1e-05,2026-05-31 22:09:58.741704,20260531
Bitunix,PROMUSDT,PROM,USDT,USDT,50.0,4.0,0.001,2026-05-31 22:09:58.741704,20260531
Bitunix,HEIUSDT,HEI,USDT,USDT,50.0,4.0,1e-05,2026-05-31 22:09:58.741704,20260531
Bitunix,IPUSDT,IP,USDT,USDT,75.0,4.0,0.0001,2026-05-31 22:09:58.741704,20260531
Bitunix,SHELLUSDT,SHELL,USDT,USDT,25.0,4.0,1e-05,2026-05-31 22:09:58.741704,20260531
Bitunix,GPSUSDT,GPS,USDT,USDT,25.0,4.0,1e-06,2026-05-31 22:09:58.741704,20260531
Bitunix,KAITOUSDT,KAITO,USDT,USDT,75.0,4.0,0.0001,2026-05-31 22:09:58.741704,20260531
Bitunix,RLCUSDT,RLC,USDT,USDT,25.0,8.0,0.0001,2026-05-31 22:09:58.741704,20260531
Bitunix,GUSDT,G,USDT,USDT,50.0,4.0,1e-06,2026-05-31 22:09:58.741704,20260531
Bitunix,REDUSDT,RED,USDT,USDT,75.0,4.0,0.0001,2026-05-31 22:09:58.741704,20260531
Bitunix,VICUSDT,VIC,USDT,USDT,75.0,4.0,1e-05,2026-05-31 22:09:58.741704,20260531
Bitunix,MUBARAKUSDT,MUBARAK,USDT,USDT,25.0,4.0,1e-05,2026-05-31 22:09:58.741704,20260531
Bitunix,BMTUSDT,BMT,USDT,USDT,25.0,4.0,1e-05,2026-05-31 22:09:58.741704,20260531
Bitunix,EPICUSDT,EPIC,USDT,USDT,25.0,4.0,0.0001,2026-05-31 22:09:58.741704,20260531
Bitunix,FORMUSDT,FORM,USDT,USDT,75.0,4.0,0.0001,2026-05-31 22:09:58.741704,20260531
Bitunix,TUTUSDT,TUT,USDT,USDT,25.0,4.0,1e-05,2026-05-31 22:09:58.741704,20260531
Bitunix,PLUMEUSDT,PLUME,USDT,USDT,25.0,4.0,1e-05,2026-05-31 22:09:58.741704,20260531
Bitunix,BRUSDT,BR,USDT,USDT,25.0,4.0,1e-05,2026-05-31 22:09:58.741704,20260531
Bitunix,SIRENUSDT,SIREN,USDT,USDT,25.0,4.0,0.0001,2026-05-31 22:09:58.741704,20260531
Bitunix,ORCAUSDT,ORCA,USDT,USDT,25.0,4.0,0.001,2026-05-31 22:09:58.741704,20260531
Bitunix,BANANAS31USDT,BANANAS31,USDT,USDT,25.0,4.0,1e-06,2026-05-31 22:09:58.741704,20260531
Bitunix,XAUTUSDT,XAUT,USDT,USDT,75.0,4.0,0.1,2026-05-31 22:09:58.741704,20260531
Bitunix,PARTIUSDT,PARTI,USDT,USDT,75.0,4.0,1e-05,2026-05-31 22:09:58.741704,20260531
Bitunix,NILUSDT,NIL,USDT,USDT,75.0,4.0,1e-05,2026-05-31 22:09:58.741704,20260531
Bitunix,JELLYJELLYUSDT,JELLYJELLY,USDT,USDT,25.0,4.0,1e-05,2026-05-31 22:09:58.741704,20260531
Bitunix,MAVIAUSDT,MAVIA,USDT,USDT,25.0,4.0,1e-05,2026-05-31 22:09:58.741704,20260531
Bitunix,HYPEUSDT,HYPE,USDT,USDT,75.0,4.0,0.001,2026-05-31 22:09:58.741704,20260531
Bitunix,WALUSDT,WAL,USDT,USDT,25.0,4.0,1e-05,2026-05-31 22:09:58.741704,20260531
Bitunix,GUNUSDT,GUN,USDT,USDT,50.0,4.0,1e-05,2026-05-31 22:09:58.741704,20260531
Bitunix,PAXGUSDT,PAXG,USDT,USDT,200.0,4.0,0.01,2026-05-31 22:09:58.741704,20260531
Bitunix,RAYUSDT,RAY,USDT,USDT,75.0,4.0,0.0001,2026-05-31 22:09:58.741704,20260531
Bitunix,ATHUSDT,ATH,USDT,USDT,50.0,4.0,1e-06,2026-05-31 22:09:58.741704,20260531
Bitunix,AEROUSDT,AERO,USDT,USDT,25.0,4.0,0.0001,2026-05-31 22:09:58.741704,20260531
Bitunix,KAIAUSDT,KAIA,USDT,USDT,50.0,4.0,1e-05,2026-05-31 22:09:58.741704,20260531
Bitunix,BABYUSDT,BABY,USDT,USDT,75.0,4.0,1e-05,2026-05-31 22:09:58.741704,20260531
Bitunix,BROCCOLIUSDT,BROCCOLI,USDT,USDT,25.0,4.0,1e-05,2026-05-31 22:09:58.741704,20260531
Bitunix,PROMPTUSDT,PROMPT,USDT,USDT,25.0,4.0,1e-05,2026-05-31 22:09:58.741704,20260531
Bitunix,PUMPUSDT,PUMP,USDT,USDT,20.0,4.0,1e-05,2026-05-31 22:09:58.741704,20260531
Bitunix,STOUSDT,STO,USDT,USDT,20.0,4.0,1e-05,2026-05-31 22:09:58.741704,20260531
Bitunix,FHEUSDT,FHE,USDT,USDT,20.0,4.0,1e-05,2026-05-31 22:09:58.741704,20260531
Bitunix,KERNELUSDT,KERNEL,USDT,USDT,75.0,4.0,1e-05,2026-05-31 22:09:58.741704,20260531
Bitunix,WCTUSDT,WCT,USDT,USDT,75.0,4.0,1e-05,2026-05-31 22:09:58.741704,20260531
Bitunix,DEEPUSDT,DEEP,USDT,USDT,25.0,4.0,1e-05,2026-05-31 22:09:58.741704,20260531
Bitunix,BANKUSDT,BANK,USDT,USDT,50.0,4.0,1e-05,2026-05-31 22:09:58.741704,20260531
Bitunix,HYPERUSDT,HYPER,USDT,USDT,50.0,4.0,1e-05,2026-05-31 22:09:58.741704,20260531
Bitunix,INITUSDT,INIT,USDT,USDT,75.0,4.0,1e-05,2026-05-31 22:09:58.741704,20260531
Bitunix,ZBCNUSDT,ZBCN,USDT,USDT,20.0,8.0,1e-07,2026-05-31 22:09:58.741704,20260531
Bitunix,SIGNUSDT,SIGN,USDT,USDT,50.0,4.0,1e-05,2026-05-31 22:09:58.741704,20260531
Bitunix,JSTUSDT,JST,USDT,USDT,50.0,4.0,1e-05,2026-05-31 22:09:58.741704,20260531
Bitunix,COREUSDT,CORE,USDT,USDT,25.0,8.0,1e-05,2026-05-31 22:09:58.741704,20260531
Bitunix,PUNDIXUSDT,PUNDIX,USDT,USDT,75.0,4.0,0.0001,2026-05-31 22:09:58.741704,20260531
Bitunix,CTKUSDT,CTK,USDT,USDT,75.0,4.0,0.0001,2026-05-31 22:09:58.741704,20260531
Bitunix,DOLOUSDT,DOLO,USDT,USDT,50.0,4.0,1e-05,2026-05-31 22:09:58.741704,20260531
Bitunix,HAEDALUSDT,HAEDAL,USDT,USDT,50.0,4.0,1e-05,2026-05-31 22:09:58.741704,20260531
Bitunix,AVAAIUSDT,AVAAI,USDT,USDT,25.0,4.0,1e-06,2026-05-31 22:09:58.741704,20260531
Bitunix,B2USDT,B2,USDT,USDT,50.0,4.0,0.0001,2026-05-31 22:09:58.741704,20260531
Bitunix,SYRUPUSDT,SYRUP,USDT,USDT,75.0,4.0,1e-05,2026-05-31 22:09:58.741704,20260531
Bitunix,ALPINEUSDT,ALPINE,USDT,USDT,75.0,4.0,0.0001,2026-05-31 22:09:58.741704,20260531
Bitunix,SXTUSDT,SXT,USDT,USDT,50.0,4.0,1e-05,2026-05-31 22:09:58.741704,20260531
Bitunix,ASRUSDT,ASR,USDT,USDT,75.0,4.0,0.001,2026-05-31 22:09:58.741704,20260531
Bitunix,DOODUSDT,DOOD,USDT,USDT,50.0,4.0,1e-06,2026-05-31 22:09:58.741704,20260531
Bitunix,OGUSDT,OG,USDT,USDT,25.0,4.0,0.001,2026-05-31 22:09:58.741704,20260531
Bitunix,SKYAIUSDT,SKYAI,USDT,USDT,50.0,4.0,1e-05,2026-05-31 22:09:58.741704,20260531
Bitunix,NXPCUSDT,NXPC,USDT,USDT,50.0,4.0,0.0001,2026-05-31 22:09:58.741704,20260531
Bitunix,CVCUSDT,CVC,USDT,USDT,75.0,4.0,1e-05,2026-05-31 22:09:58.741704,20260531
Bitunix,AWEUSDT,AWE,USDT,USDT,25.0,4.0,1e-05,2026-05-31 22:09:58.741704,20260531
Bitunix,BUSDT,B,USDT,USDT,50.0,4.0,0.0001,2026-05-31 22:09:58.741704,20260531
Bitunix,SOONUSDT,SOON,USDT,USDT,50.0,4.0,0.0001,2026-05-31 22:09:58.741704,20260531
Bitunix,HUMAUSDT,HUMA,USDT,USDT,50.0,4.0,1e-06,2026-05-31 22:09:58.741704,20260531
Bitunix,AUSDT,A,USDT,USDT,75.0,4.0,1e-05,2026-05-31 22:09:58.741704,20260531
Bitunix,SOPHUSDT,SOPH,USDT,USDT,75.0,4.0,1e-06,2026-05-31 22:09:58.742701,20260531
Bitunix,MERLUSDT,MERL,USDT,USDT,75.0,4.0,1e-05,2026-05-31 22:09:58.742701,20260531
Bitunix,MNTUSDT,MNT,USDT,USDT,20.0,8.0,0.0001,2026-05-31 22:09:58.742701,20260531
Bitunix,1000000MOGUSDT,MOG,USDT,USDT,50.0,4.0,0.0001,2026-05-31 22:09:58.742701,20260531
Bitunix,LAUSDT,LA,USDT,USDT,50.0,4.0,0.0001,2026-05-31 22:09:58.742701,20260531
Bitunix,HOMEUSDT,HOME,USDT,USDT,50.0,4.0,1e-06,2026-05-31 22:09:58.742701,20260531
Bitunix,RESOLVUSDT,RESOLV,USDT,USDT,50.0,4.0,1e-05,2026-05-31 22:09:58.742701,20260531
Bitunix,SQDUSDT,SQD,USDT,USDT,50.0,4.0,1e-05,2026-05-31 22:09:58.742701,20260531
Bitunix,TAIKOUSDT,TAIKO,USDT,USDT,50.0,4.0,0.0001,2026-05-31 22:09:58.742701,20260531
Bitunix,SPKUSDT,SPK,USDT,USDT,75.0,4.0,1e-05,2026-05-31 22:09:58.742701,20260531
Bitunix,MYXUSDT,MYX,USDT,USDT,50.0,4.0,0.0001,2026-05-31 22:09:58.742701,20260531
Bitunix,FUSDT,F,USDT,USDT,50.0,4.0,1e-06,2026-05-31 22:09:58.742701,20260531
Bitunix,NEWTUSDT,NEWT,USDT,USDT,75.0,4.0,1e-05,2026-05-31 22:09:58.742701,20260531
Bitunix,HUSDT,H,USDT,USDT,50.0,4.0,1e-05,2026-05-31 22:09:58.742701,20260531
Bitunix,SAHARAUSDT,SAHARA,USDT,USDT,75.0,4.0,1e-05,2026-05-31 22:09:58.742701,20260531
Bitunix,ICNTUSDT,ICNT,USDT,USDT,50.0,4.0,0.0001,2026-05-31 22:09:58.742701,20260531
Bitunix,DOGUSDT,DOG,USDT,USDT,25.0,4.0,1e-07,2026-05-31 22:09:58.742701,20260531
Bitunix,IDOLUSDT,IDOL,USDT,USDT,50.0,4.0,1e-05,2026-05-31 22:09:58.742701,20260531
Bitunix,AINUSDT,AIN,USDT,USDT,50.0,4.0,1e-05,2026-05-31 22:09:58.742701,20260531
Bitunix,CROSSUSDT,CROSS,USDT,USDT,50.0,4.0,1e-05,2026-05-31 22:09:58.742701,20260531
Bitunix,MUSDT,M,USDT,USDT,50.0,4.0,0.0001,2026-05-31 22:09:58.742701,20260531
Bitunix,PUMPFUNUSDT,PUMPFUN,USDT,USDT,75.0,4.0,1e-06,2026-05-31 22:09:58.742701,20260531
Bitunix,CUSDT,C,USDT,USDT,50.0,4.0,1e-05,2026-05-31 22:09:58.742701,20260531
Bitunix,TACUSDT,TAC,USDT,USDT,50.0,4.0,1e-06,2026-05-31 22:09:58.742701,20260531
Bitunix,VELVETUSDT,VELVET,USDT,USDT,50.0,4.0,1e-05,2026-05-31 22:09:58.742701,20260531
Bitunix,CVXUSDT,CVX,USDT,USDT,25.0,4.0,0.001,2026-05-31 22:09:58.742701,20260531
Bitunix,ERAUSDT,ERA,USDT,USDT,75.0,4.0,0.0001,2026-05-31 22:09:58.742701,20260531
Bitunix,TAUSDT,TA,USDT,USDT,50.0,4.0,1e-05,2026-05-31 22:09:58.742701,20260531
Bitunix,USELESSUSDT,USELESS,USDT,USDT,25.0,4.0,1e-05,2026-05-31 22:09:58.742701,20260531
Bitunix,ZORAUSDT,ZORA,USDT,USDT,75.0,4.0,1e-05,2026-05-31 22:09:58.742701,20260531
Bitunix,TAGUSDT,TAG,USDT,USDT,50.0,4.0,1e-07,2026-05-31 22:09:58.742701,20260531
Bitunix,TREEUSDT,TREE,USDT,USDT,75.0,4.0,1e-05,2026-05-31 22:09:58.742701,20260531
Bitunix,ESPORTSUSDT,ESPORTS,USDT,USDT,50.0,4.0,0.0001,2026-05-31 22:09:58.742701,20260531
Bitunix,NAORISUSDT,NAORIS,USDT,USDT,50.0,4.0,1e-05,2026-05-31 22:09:58.742701,20260531
Bitunix,TOWNSUSDT,TOWNS,USDT,USDT,75.0,4.0,1e-06,2026-05-31 22:09:58.742701,20260531
Bitunix,PROVEUSDT,PROVE,USDT,USDT,75.0,4.0,0.0001,2026-05-31 22:09:58.742701,20260531
Bitunix,INUSDT,IN,USDT,USDT,50.0,4.0,1e-05,2026-05-31 22:09:58.742701,20260531
Bitunix,CARVUSDT,CARV,USDT,USDT,50.0,4.0,1e-05,2026-05-31 22:09:58.742701,20260531
Bitunix,RPLUSDT,RPL,USDT,USDT,75.0,4.0,0.001,2026-05-31 22:09:58.742701,20260531
Bitunix,CROUSDT,CRO,USDT,USDT,25.0,8.0,1e-05,2026-05-31 22:09:58.742701,20260531
Bitunix,XNYUSDT,XNY,USDT,USDT,50.0,4.0,1e-06,2026-05-31 22:09:58.742701,20260531
Bitunix,LUMIAUSDT,LUMIA,USDT,USDT,50.0,4.0,1e-05,2026-05-31 22:09:58.742701,20260531
Bitunix,AIOUSDT,AIO,USDT,USDT,50.0,4.0,1e-05,2026-05-31 22:09:58.742701,20260531
Bitunix,COSUSDT,COS,USDT,USDT,50.0,4.0,1e-06,2026-05-31 22:09:58.742701,20260531
Bitunix,SAPIENUSDT,SAPIEN,USDT,USDT,50.0,4.0,1e-05,2026-05-31 22:09:58.742701,20260531
Bitunix,OKBUSDT,OKB,USDT,USDT,25.0,4.0,0.01,2026-05-31 22:09:58.742701,20260531
Bitunix,WLFIUSDT,WLFI,USDT,USDT,50.0,4.0,0.0001,2026-05-31 22:09:58.742701,20260531
Bitunix,XPLUSDT,XPL,USDT,USDT,75.0,4.0,0.0001,2026-05-31 22:09:58.742701,20260531
Bitunix,BTCUSD,BTC,USD,BTC,125.0,8.0,0.1,2026-05-31 22:09:58.742701,20260531
Bitunix,BTRUSDT,BTR,USDT,USDT,50.0,4.0,1e-05,2026-05-31 22:09:58.742701,20260531
Bitunix,MITOUSDT,MITO,USDT,USDT,50.0,4.0,1e-05,2026-05-31 22:09:58.742701,20260531
Bitunix,BASUSDT,BAS,USDT,USDT,50.0,4.0,1e-06,2026-05-31 22:09:58.742701,20260531
Bitunix,AIOTUSDT,AIOT,USDT,USDT,50.0,4.0,1e-05,2026-05-31 22:09:58.742701,20260531
Bitunix,QUSDT,Q,USDT,USDT,50.0,4.0,1e-06,2026-05-31 22:09:58.742701,20260531
Bitunix,SOMIUSDT,SOMI,USDT,USDT,50.0,4.0,0.0001,2026-05-31 22:09:58.742701,20260531
Bitunix,XVSUSDT,XVS,USDT,USDT,50.0,8.0,0.001,2026-05-31 22:09:58.742701,20260531
Bitunix,ARIAUSDT,ARIA,USDT,USDT,50.0,4.0,0.0001,2026-05-31 22:09:58.742701,20260531
Bitunix,PTBUSDT,PTB,USDT,USDT,50.0,4.0,1e-07,2026-05-31 22:09:58.742701,20260531
Bitunix,TAKEUSDT,TAKE,USDT,USDT,50.0,4.0,1e-05,2026-05-31 22:09:58.742701,20260531
Bitunix,HEMIUSDT,HEMI,USDT,USDT,50.0,4.0,1e-06,2026-05-31 22:09:58.742701,20260531
Bitunix,OPENUSDT,OPEN,USDT,USDT,75.0,4.0,0.0001,2026-05-31 22:09:58.742701,20260531
Bitunix,FLOCKUSDT,FLOCK,USDT,USDT,75.0,4.0,1e-05,2026-05-31 22:09:58.742701,20260531
Bitunix,AVNTUSDT,AVNT,USDT,USDT,50.0,4.0,0.0001,2026-05-31 22:09:58.742701,20260531
Bitunix,SKYUSDT,SKY,USDT,USDT,50.0,4.0,1e-05,2026-05-31 22:09:58.742701,20260531
Bitunix,ETHUSD,ETH,USD,ETH,100.0,8.0,0.01,2026-05-31 22:09:58.742701,20260531
Bitunix,XRPUSD,XRP,USD,XRP,20.0,8.0,0.0001,2026-05-31 22:09:58.742701,20260531
Bitunix,SOLUSD,SOL,USD,SOL,20.0,8.0,0.01,2026-05-31 22:09:58.742701,20260531
Bitunix,ADAUSD,ADA,USD,ADA,20.0,8.0,0.0001,2026-05-31 22:09:58.742701,20260531
Bitunix,LINEAUSDT,LINEA,USDT,USDT,50.0,4.0,1e-06,2026-05-31 22:09:58.742701,20260531
Bitunix,HOLOUSDT,HOLO,USDT,USDT,75.0,4.0,1e-05,2026-05-31 22:09:58.742701,20260531
Bitunix,XPINUSDT,XPIN,USDT,USDT,50.0,4.0,1e-06,2026-05-31 22:09:58.742701,20260531
Bitunix,UBUSDT,UB,USDT,USDT,50.0,4.0,1e-05,2026-05-31 22:09:58.742701,20260531
Bitunix,ZKCUSDT,ZKC,USDT,USDT,50.0,4.0,1e-05,2026-05-31 22:09:58.742701,20260531
Bitunix,TOSHIUSDT,TOSHI,USDT,USDT,50.0,4.0,1e-07,2026-05-31 22:09:58.742701,20260531
Bitunix,AIAUSDT,AIA,USDT,USDT,20.0,4.0,1e-05,2026-05-31 22:09:58.742701,20260531
Bitunix,BARDUSDT,BARD,USDT,USDT,50.0,4.0,0.0001,2026-05-31 22:09:58.742701,20260531
Bitunix,ASTERUSDT,ASTER,USDT,USDT,50.0,4.0,0.0001,2026-05-31 22:09:58.742701,20260531
Bitunix,0GUSDT,0G,USDT,USDT,75.0,4.0,0.0001,2026-05-31 22:09:58.742701,20260531
Bitunix,TRADOORUSDT,TRADOOR,USDT,USDT,50.0,4.0,0.0001,2026-05-31 22:09:58.742701,20260531
Bitunix,STBLUSDT,STBL,USDT,USDT,50.0,4.0,1e-05,2026-05-31 22:09:58.742701,20260531
Bitunix,BLESSUSDT,BLESS,USDT,USDT,50.0,4.0,1e-06,2026-05-31 22:09:58.742701,20260531
Bitunix,FLUIDUSDT,FLUID,USDT,USDT,75.0,4.0,0.001,2026-05-31 22:09:58.742701,20260531
Bitunix,COAIUSDT,COAI,USDT,USDT,50.0,4.0,0.0001,2026-05-31 22:09:58.742701,20260531
Bitunix,MIRAUSDT,MIRA,USDT,USDT,75.0,4.0,1e-05,2026-05-31 22:09:58.742701,20260531
Bitunix,HANAUSDT,HANA,USDT,USDT,50.0,4.0,1e-05,2026-05-31 22:09:58.742701,20260531
Bitunix,ORDERUSDT,ORDER,USDT,USDT,50.0,4.0,1e-05,2026-05-31 22:09:58.742701,20260531
Bitunix,FFUSDT,FF,USDT,USDT,75.0,4.0,1e-05,2026-05-31 22:09:58.742701,20260531
Bitunix,LIGHTUSDT,LIGHT,USDT,USDT,50.0,4.0,0.0001,2026-05-31 22:09:58.742701,20260531
Bitunix,AKEUSDT,AKE,USDT,USDT,50.0,4.0,1e-07,2026-05-31 22:09:58.742701,20260531
Bitunix,EDENUSDT,EDEN,USDT,USDT,75.0,4.0,1e-05,2026-05-31 22:09:58.742701,20260531
Bitunix,APEXUSDT,APEX,USDT,USDT,50.0,4.0,0.0001,2026-05-31 22:09:58.742701,20260531
Bitunix,XANUSDT,XAN,USDT,USDT,50.0,4.0,1e-06,2026-05-31 22:09:58.742701,20260531
Bitunix,NOMUSDT,NOM,USDT,USDT,75.0,4.0,1e-06,2026-05-31 22:09:58.742701,20260531
Bitunix,2ZUSDT,2Z,USDT,USDT,50.0,4.0,1e-05,2026-05-31 22:09:58.742701,20260531
Bitunix,TRUTHUSDT,TRUTH,USDT,USDT,50.0,4.0,1e-06,2026-05-31 22:09:58.742701,20260531
Bitunix,EVAAUSDT,EVAA,USDT,USDT,50.0,4.0,0.0001,2026-05-31 22:09:58.742701,20260531
Bitunix,LYNUSDT,LYN,USDT,USDT,50.0,4.0,1e-05,2026-05-31 22:09:58.742701,20260531
Bitunix,KGENUSDT,KGEN,USDT,USDT,50.0,4.0,1e-05,2026-05-31 22:09:58.742701,20260531
Bitunix,4USDT,4,USDT,USDT,50.0,4.0,1e-06,2026-05-31 22:09:58.742701,20260531
Bitunix,GIGGLEUSDT,GIGGLE,USDT,USDT,50.0,4.0,0.01,2026-05-31 22:09:58.742701,20260531
Bitunix,EULUSDT,EUL,USDT,USDT,75.0,4.0,0.0001,2026-05-31 22:09:58.742701,20260531
Bitunix,ENSOUSDT,ENSO,USDT,USDT,75.0,4.0,0.0001,2026-05-31 22:09:58.742701,20260531
Bitunix,YBUSDT,YB,USDT,USDT,25.0,4.0,0.0001,2026-05-31 22:09:58.742701,20260531
Bitunix,RECALLUSDT,RECALL,USDT,USDT,50.0,4.0,1e-05,2026-05-31 22:09:58.742701,20260531
Bitunix,CLOUSDT,CLO,USDT,USDT,50.0,4.0,1e-05,2026-05-31 22:09:58.742701,20260531
Bitunix,ZBTUSDT,ZBT,USDT,USDT,50.0,4.0,1e-05,2026-05-31 22:09:58.742701,20260531
Bitunix,RIVERUSDT,RIVER,USDT,USDT,50.0,4.0,0.001,2026-05-31 22:09:58.742701,20260531
Bitunix,LABUSDT,LAB,USDT,USDT,50.0,4.0,0.0001,2026-05-31 22:09:58.742701,20260531
Bitunix,BLUAIUSDT,BLUAI,USDT,USDT,50.0,4.0,1e-06,2026-05-31 22:09:58.742701,20260531
Bitunix,TURTLEUSDT,TURTLE,USDT,USDT,50.0,4.0,1e-05,2026-05-31 22:09:58.742701,20260531
Bitunix,METUSDT,MET,USDT,USDT,50.0,4.0,0.0001,2026-05-31 22:09:58.742701,20260531
Bitunix,APRUSDT,APR,USDT,USDT,50.0,4.0,1e-05,2026-05-31 22:09:58.742701,20260531
Bitunix,ONUSDT,ON,USDT,USDT,50.0,4.0,1e-05,2026-05-31 22:09:58.742701,20260531
Bitunix,ATUSDT,AT,USDT,USDT,50.0,4.0,1e-05,2026-05-31 22:09:58.742701,20260531
Bitunix,KITEUSDT,KITE,USDT,USDT,50.0,4.0,1e-05,2026-05-31 22:09:58.742701,20260531
Bitunix,MMTUSDT,MMT,USDT,USDT,50.0,4.0,0.0001,2026-05-31 22:09:58.742701,20260531
Bitunix,TRUSTUSDT,TRUST,USDT,USDT,50.0,4.0,1e-05,2026-05-31 22:09:58.742701,20260531
Bitunix,UAIUSDT,UAI,USDT,USDT,50.0,4.0,0.0001,2026-05-31 22:09:58.742701,20260531
Bitunix,JCTUSDT,JCT,USDT,USDT,40.0,4.0,1e-06,2026-05-31 22:09:58.742701,20260531
Bitunix,CCUSDT,CC,USDT,USDT,75.0,4.0,1e-05,2026-05-31 22:09:58.742701,20260531
Bitunix,FOLKSUSDT,FOLKS,USDT,USDT,50.0,4.0,0.001,2026-05-31 22:09:58.742701,20260531
Bitunix,ALLOUSDT,ALLO,USDT,USDT,50.0,4.0,1e-05,2026-05-31 22:09:58.742701,20260531
Bitunix,CLANKERUSDT,CLANKER,USDT,USDT,25.0,4.0,0.01,2026-05-31 22:09:58.742701,20260531
Bitunix,BEATUSDT,BEAT,USDT,USDT,25.0,4.0,0.0001,2026-05-31 22:09:58.742701,20260531
Bitunix,PIEVERSEUSDT,PIEVERSE,USDT,USDT,50.0,4.0,0.0001,2026-05-31 22:09:58.742701,20260531
Bitunix,MONUSDT,MON,USDT,USDT,50.0,4.0,1e-05,2026-05-31 22:09:58.742701,20260531
Bitunix,IRYSUSDT,IRYS,USDT,USDT,20.0,4.0,1e-05,2026-05-31 22:09:58.742701,20260531
Bitunix,LTCUSD,LTC,USD,LTC,20.0,8.0,0.01,2026-05-31 22:09:58.742701,20260531
Bitunix,BNBUSD,BNB,USD,BNB,20.0,8.0,0.01,2026-05-31 22:09:58.742701,20260531
Bitunix,DOGEUSD,DOGE,USD,DOGE,25.0,8.0,1e-05,2026-05-31 22:09:58.742701,20260531
Bitunix,LINKUSD,LINK,USD,LINK,20.0,8.0,0.001,2026-05-31 22:09:58.742701,20260531
Bitunix,AVAXUSD,AVAX,USD,AVAX,20.0,8.0,0.01,2026-05-31 22:09:58.742701,20260531
Bitunix,POWERUSDT,POWER,USDT,USDT,20.0,4.0,1e-05,2026-05-31 22:09:58.742701,20260531
Bitunix,STABLEUSDT,STABLE,USDT,USDT,75.0,4.0,1e-05,2026-05-31 22:09:58.742701,20260531
Bitunix,DOTUSD,DOT,USD,DOT,20.0,8.0,0.001,2026-05-31 22:09:58.742701,20260531
Bitunix,BCHUSD,BCH,USD,BCH,20.0,8.0,0.01,2026-05-31 22:09:58.742701,20260531
Bitunix,XLMUSD,XLM,USD,XLM,20.0,8.0,1e-05,2026-05-31 22:09:58.742701,20260531
Bitunix,SUIUSD,SUI,USD,SUI,20.0,8.0,0.0001,2026-05-31 22:09:58.742701,20260531
Bitunix,AAVEUSD,AAVE,USD,AAVE,20.0,8.0,0.01,2026-05-31 22:09:58.742701,20260531
Bitunix,WETUSDT,WET,USDT,USDT,50.0,4.0,1e-05,2026-05-31 22:09:58.742701,20260531
Bitunix,BTCUSDC,BTC,USDC,USDC,125.0,8.0,0.1,2026-05-31 22:09:58.742701,20260531
Bitunix,ETHUSDC,ETH,USDC,USDC,125.0,8.0,0.01,2026-05-31 22:09:58.742701,20260531
Bitunix,SOLUSDC,SOL,USDC,USDC,100.0,8.0,0.01,2026-05-31 22:09:58.742701,20260531
Bitunix,XRPUSDC,XRP,USDC,USDC,75.0,8.0,0.0001,2026-05-31 22:09:58.742701,20260531
Bitunix,BNBUSDC,BNB,USDC,USDC,75.0,8.0,0.01,2026-05-31 22:09:58.742701,20260531
Bitunix,DOGEUSDC,DOGE,USDC,USDC,75.0,8.0,1e-05,2026-05-31 22:09:58.742701,20260531
Bitunix,SUIUSDC,SUI,USDC,USDC,50.0,8.0,0.0001,2026-05-31 22:09:58.742701,20260531
Bitunix,BCHUSDC,BCH,USDC,USDC,75.0,8.0,0.01,2026-05-31 22:09:58.742701,20260531
Bitunix,ADAUSDC,ADA,USDC,USDC,75.0,4.0,0.0001,2026-05-31 22:09:58.742701,20260531
Bitunix,ENAUSDC,ENA,USDC,USDC,50.0,4.0,0.0001,2026-05-31 22:09:58.742701,20260531
Bitunix,NIGHTUSDT,NIGHT,USDT,USDT,50.0,4.0,1e-05,2026-05-31 22:09:58.742701,20260531
Bitunix,CYSUSDT,CYS,USDT,USDT,20.0,4.0,0.0001,2026-05-31 22:09:58.742701,20260531
Bitunix,LINKUSDC,LINK,USDC,USDC,75.0,8.0,0.001,2026-05-31 22:09:58.742701,20260531
Bitunix,AVAXUSDC,AVAX,USDC,USDC,75.0,8.0,0.001,2026-05-31 22:09:58.742701,20260531
Bitunix,FILUSDC,FIL,USDC,USDC,75.0,8.0,0.001,2026-05-31 22:09:58.742701,20260531
Bitunix,LTCUSDC,LTC,USDC,USDC,75.0,8.0,0.01,2026-05-31 22:09:58.742701,20260531
Bitunix,ARBUSDC,ARB,USDC,USDC,50.0,8.0,0.0001,2026-05-31 22:09:58.742701,20260531
Bitunix,UNIUSDC,UNI,USDC,USDC,75.0,8.0,0.001,2026-05-31 22:09:58.742701,20260531
Bitunix,AAVEUSDC,AAVE,USDC,USDC,75.0,8.0,0.01,2026-05-31 22:09:58.742701,20260531
Bitunix,NEARUSDC,NEAR,USDC,USDC,50.0,8.0,0.001,2026-05-31 22:09:58.742701,20260531
Bitunix,HBARUSDC,HBAR,USDC,USDC,75.0,4.0,1e-05,2026-05-31 22:09:58.742701,20260531
Bitunix,RAVEUSDT,RAVE,USDT,USDT,50.0,4.0,0.0001,2026-05-31 22:09:58.742701,20260531
Bitunix,1000SHIBUSDC,SHIB,USDC,USDC,50.0,8.0,1e-06,2026-05-31 22:09:58.742701,20260531
Bitunix,USUSDT,US,USDT,USDT,50.0,4.0,1e-06,2026-05-31 22:09:58.742701,20260531
Bitunix,ZKPUSDT,ZKP,USDT,USDT,40.0,4.0,1e-05,2026-05-31 22:09:58.742701,20260531
Bitunix,GUAUSDT,GUA,USDT,USDT,20.0,4.0,0.0001,2026-05-31 22:09:58.742701,20260531
Bitunix,LIGHTERUSDT,LIGHTER,USDT,USDT,50.0,4.0,0.0001,2026-05-31 22:09:58.742701,20260531
Bitunix,COLLECTUSDT,COLLECT,USDT,USDT,20.0,4.0,1e-05,2026-05-31 22:09:58.742701,20260531
Bitunix,MAGMAUSDT,MAGMA,USDT,USDT,20.0,4.0,1e-05,2026-05-31 22:09:58.742701,20260531
Bitunix,BREVUSDT,BREV,USDT,USDT,50.0,4.0,0.0001,2026-05-31 22:09:58.742701,20260531
Bitunix,XAGUSDT,XAG,USDT,USDT,200.0,4.0,0.01,2026-05-31 22:09:58.742701,20260531
Bitunix,FOGOUSDT,FOGO,USDT,USDT,25.0,4.0,1e-05,2026-05-31 22:09:58.742701,20260531
Bitunix,WLDUSDC,WLD,USDC,USDC,75.0,8.0,0.0001,2026-05-31 22:09:58.742701,20260531
Bitunix,WIFUSDC,WIF,USDC,USDC,50.0,4.0,0.0001,2026-05-31 22:09:58.742701,20260531
Bitunix,WLFIUSDC,WLFI,USDC,USDC,75.0,4.0,0.0001,2026-05-31 22:09:58.742701,20260531
Bitunix,1000PEPEUSDC,PEPE,USDC,USDC,50.0,8.0,1e-07,2026-05-31 22:09:58.742701,20260531
Bitunix,1000BONKUSDC,BONK,USDC,USDC,75.0,4.0,1e-06,2026-05-31 22:09:58.742701,20260531
Bitunix,SPORTFUNUSDT,SPORTFUN,USDT,USDT,20.0,4.0,1e-05,2026-05-31 22:09:58.742701,20260531
Bitunix,ACUUSDT,ACU,USDT,USDT,10.0,4.0,1e-05,2026-05-31 22:09:58.742701,20260531
Bitunix,SENTUSDT,SENT,USDT,USDT,40.0,4.0,1e-05,2026-05-31 22:09:58.742701,20260531
Bitunix,SKRUSDT,SKR,USDT,USDT,20.0,4.0,1e-06,2026-05-31 22:09:58.742701,20260531
Bitunix,ELSAUSDT,ELSA,USDT,USDT,20.0,4.0,1e-05,2026-05-31 22:09:58.742701,20260531
Bitunix,SPACEUSDT,SPACE,USDT,USDT,20.0,4.0,1e-06,2026-05-31 22:09:58.742701,20260531
Bitunix,FIGHTUSDT,FIGHT,USDT,USDT,20.0,4.0,1e-06,2026-05-31 22:09:58.742701,20260531
Bitunix,BIRBUSDT,BIRB,USDT,USDT,50.0,4.0,1e-05,2026-05-31 22:09:58.742701,20260531
Bitunix,GWEIUSDT,GWEI,USDT,USDT,50.0,4.0,1e-05,2026-05-31 22:09:58.742701,20260531
Bitunix,XPTUSDT,XPT,USDT,USDT,100.0,4.0,0.01,2026-05-31 22:09:58.742701,20260531
Bitunix,INXUSDT,INX,USDT,USDT,50.0,4.0,1e-06,2026-05-31 22:09:58.742701,20260531
Bitunix,XPDUSDT,XPD,USDT,USDT,100.0,4.0,0.01,2026-05-31 22:09:58.742701,20260531
Bitunix,ZAMAUSDT,ZAMA,USDT,USDT,50.0,4.0,1e-05,2026-05-31 22:09:58.742701,20260531
Bitunix,TRIAUSDT,TRIA,USDT,USDT,50.0,4.0,1e-05,2026-05-31 22:09:58.742701,20260531
Bitunix,XAUUSDT,XAU,USDT,USDT,200.0,4.0,0.01,2026-05-31 22:09:58.742701,20260531
Bitunix,ESPUSDT,ESP,USDT,USDT,25.0,4.0,1e-05,2026-05-31 22:09:58.742701,20260531
Bitunix,AZTECUSDT,AZTEC,USDT,USDT,25.0,4.0,1e-05,2026-05-31 22:09:58.742701,20260531
Bitunix,MEGAUSDT,MEGA,USDT,USDT,50.0,4.0,1e-05,2026-05-31 22:09:58.742701,20260531
Bitunix,OPNUSDT,OPN,USDT,USDT,25.0,4.0,0.0001,2026-05-31 22:09:58.742701,20260531
Bitunix,ROBOUSDT,ROBO,USDT,USDT,20.0,4.0,1e-05,2026-05-31 22:09:58.742701,20260531
Bitunix,KATUSDT,KAT,USDT,USDT,50.0,4.0,1e-05,2026-05-31 22:09:58.742701,20260531
Bitunix,MANTRAUSDT,MANTRA,USDT,USDT,50.0,4.0,1e-05,2026-05-31 22:09:58.742701,20260531
Bitunix,COPPERUSDT,COPPER,USDT,USDT,100.0,4.0,0.001,2026-05-31 22:09:58.742701,20260531
Bitunix,TSLAUSDT,TSLA,USDT,USDT,50.0,8.0,0.01,2026-05-31 22:09:58.742701,20260531
Bitunix,CRCLUSDT,CRCL,USDT,USDT,50.0,8.0,0.01,2026-05-31 22:09:58.742701,20260531
Bitunix,MSTRUSDT,MSTR,USDT,USDT,50.0,8.0,0.01,2026-05-31 22:09:58.742701,20260531
Bitunix,INTCUSDT,INTC,USDT,USDT,50.0,8.0,0.01,2026-05-31 22:09:58.742701,20260531
Bitunix,AMZNUSDT,AMZN,USDT,USDT,50.0,8.0,0.01,2026-05-31 22:09:58.742701,20260531
Bitunix,CFGUSDT,CFG,USDT,USDT,50.0,4.0,0.0001,2026-05-31 22:09:58.742701,20260531
Bitunix,HOODUSDT,HOOD,USDT,USDT,50.0,8.0,0.01,2026-05-31 22:09:58.742701,20260531
Bitunix,COINUSDT,COIN,USDT,USDT,50.0,8.0,0.01,2026-05-31 22:09:58.742701,20260531
Bitunix,AAPLUSDT,AAPL,USDT,USDT,50.0,8.0,0.01,2026-05-31 22:09:58.742701,20260531
Bitunix,NVDAUSDT,NVDA,USDT,USDT,50.0,8.0,0.01,2026-05-31 22:09:58.742701,20260531
Bitunix,QQQUSDT,QQQ,USDT,USDT,50.0,8.0,0.01,2026-05-31 22:09:58.742701,20260531
Bitunix,SPYUSDT,SPY,USDT,USDT,50.0,8.0,0.01,2026-05-31 22:09:58.742701,20260531
Bitunix,EWJUSDT,EWJ,USDT,USDT,50.0,8.0,0.01,2026-05-31 22:09:58.742701,20260531
Bitunix,EWYUSDT,EWY,USDT,USDT,50.0,8.0,0.01,2026-05-31 22:09:58.742701,20260531
Bitunix,CLUSDT,CL,USDT,USDT,100.0,4.0,0.01,2026-05-31 22:09:58.742701,20260531
Bitunix,PAYPUSDT,PAYP,USDT,USDT,10.0,8.0,0.01,2026-05-31 22:09:58.742701,20260531
Bitunix,PLTRUSDT,PLTR,USDT,USDT,50.0,8.0,0.01,2026-05-31 22:09:58.742701,20260531
Bitunix,BSBUSDT,BSB,USDT,USDT,20.0,4.0,1e-05,2026-05-31 22:09:58.742701,20260531
Bitunix,GOOGLUSDT,GOOGL,USDT,USDT,50.0,8.0,0.01,2026-05-31 22:09:58.742701,20260531
Bitunix,METAUSDT,META,USDT,USDT,50.0,8.0,0.01,2026-05-31 22:09:58.742701,20260531
Bitunix,AMDUSDT,AMD,USDT,USDT,10.0,8.0,0.01,2026-05-31 22:09:58.742701,20260531
Bitunix,SNDKUSDT,SNDK,USDT,USDT,50.0,8.0,0.01,2026-05-31 22:09:58.742701,20260531
Bitunix,MSFTUSDT,MSFT,USDT,USDT,50.0,8.0,0.01,2026-05-31 22:09:58.742701,20260531
Bitunix,NFLXUSDT,NFLX,USDT,USDT,10.0,8.0,0.01,2026-05-31 22:09:58.742701,20260531
Bitunix,BASEDUSDT,BASED,USDT,USDT,50.0,4.0,1e-05,2026-05-31 22:09:58.742701,20260531
Bitunix,MUUSDT,MU,USDT,USDT,50.0,8.0,0.01,2026-05-31 22:09:58.742701,20260531
Bitunix,TSMUSDT,TSM,USDT,USDT,50.0,8.0,0.01,2026-05-31 22:09:58.742701,20260531
Bitunix,ORCLUSDT,ORCL,USDT,USDT,50.0,8.0,0.01,2026-05-31 22:09:58.742701,20260531
Bitunix,BZUSDT,BZ,USDT,USDT,100.0,4.0,0.01,2026-05-31 22:09:58.742701,20260531
Bitunix,NATGASUSDT,NATGAS,USDT,USDT,100.0,4.0,0.001,2026-05-31 22:09:58.742701,20260531
Bitunix,PRLUSDT,PRL,USDT,USDT,20.0,4.0,0.0001,2026-05-31 22:09:58.743698,20260531
Bitunix,UPUSDT,UP,USDT,USDT,20.0,4.0,0.0001,2026-05-31 22:09:58.743698,20260531
Bitunix,GENIUSUSDT,GENIUS,USDT,USDT,50.0,4.0,0.0001,2026-05-31 22:09:58.743698,20260531
Bitunix,FRAXUSDT,FRAX,USDT,USDT,50.0,4.0,0.0001,2026-05-31 22:09:58.743698,20260531
Bitunix,BABAUSDT,BABA,USDT,USDT,10.0,8.0,0.01,2026-05-31 22:09:58.743698,20260531
Bitunix,AVGOUSDT,AVGO,USDT,USDT,10.0,8.0,0.01,2026-05-31 22:09:58.743698,20260531
Bitunix,CHIPUSDT,CHIP,USDT,USDT,50.0,4.0,1e-05,2026-05-31 22:09:58.743698,20260531
Bitunix,OPGUSDT,OPG,USDT,USDT,20.0,4.0,0.0001,2026-05-31 22:09:58.743698,20260531
Bitunix,BLENDUSDT,BLEND,USDT,USDT,20.0,4.0,0.0001,2026-05-31 22:09:58.743698,20260531
Bitunix,AIGENSYNUSDT,AIGENSYN,USDT,USDT,25.0,4.0,1e-05,2026-05-31 22:09:58.743698,20260531
Bitunix,USARUSDT,USAR,USDT,USDT,20.0,8.0,0.01,2026-05-31 22:09:58.743698,20260531
Bitunix,QCOMUSDT,QCOM,USDT,USDT,20.0,8.0,0.01,2026-05-31 22:09:58.743698,20260531
Bitunix,BILLUSDT,BILL,USDT,USDT,20.0,4.0,1e-05,2026-05-31 22:09:58.743698,20260531
Bitunix,GAMESTOPUSDT,GAMESTOP,USDT,USDT,20.0,8.0,0.01,2026-05-31 22:09:58.743698,20260531
Bitunix,LITEUSDT,LITE,USDT,USDT,20.0,8.0,0.1,2026-05-31 22:09:58.743698,20260531
Bitunix,ARMUSDT,ARM,USDT,USDT,20.0,8.0,0.1,2026-05-31 22:09:58.743698,20260531
Bitunix,COSTUSDT,COST,USDT,USDT,20.0,8.0,0.1,2026-05-31 22:09:58.743698,20260531
Bitunix,SHLDUSDT,SHLD,USDT,USDT,20.0,8.0,0.01,2026-05-31 22:09:58.743698,20260531
Bitunix,USOUSDT,USO,USDT,USDT,20.0,8.0,0.1,2026-05-31 22:09:58.743698,20260531
Bitunix,PHAROSUSDT,PHAROS,USDT,USDT,20.0,4.0,0.0001,2026-05-31 22:09:58.743698,20260531
Bitunix,EDGEXUSDT,EDGEX,USDT,USDT,50.0,4.0,0.0001,2026-05-31 22:09:58.743698,20260531
Bitunix,MRVLUSDT,MRVL,USDT,USDT,20.0,8.0,0.01,2026-05-31 22:09:58.743698,20260531
Bitunix,SOXLUSDT,SOXL,USDT,USDT,20.0,8.0,0.01,2026-05-31 22:09:58.743698,20260531
Bitunix,CRWVUSDT,CRWV,USDT,USDT,20.0,8.0,0.01,2026-05-31 22:09:58.743698,20260531
Bitunix,WMTUSDT,WMT,USDT,USDT,20.0,8.0,0.01,2026-05-31 22:09:58.743698,20260531
Bitunix,BRKBUSDT,BRKB,USDT,USDT,20.0,8.0,0.01,2026-05-31 22:09:58.743698,20260531
Bitunix,JPMUSDT,JPM,USDT,USDT,20.0,8.0,0.01,2026-05-31 22:09:58.743698,20260531
Bitunix,VUSDT,V,USDT,USDT,20.0,8.0,0.01,2026-05-31 22:09:58.743698,20260531
Bitunix,CBRSUSDT,CBRS,USDT,USDT,20.0,8.0,0.01,2026-05-31 22:09:58.743698,20260531
Bitunix,RKLBUSDT,RKLB,USDT,USDT,20.0,8.0,0.01,2026-05-31 22:09:58.743698,20260531
Bitunix,DRAMUSDT,DRAM,USDT,USDT,20.0,8.0,0.01,2026-05-31 22:09:58.743698,20260531
Bitunix,FLNCUSDT,FLNC,USDT,USDT,20.0,8.0,0.01,2026-05-31 22:09:58.743698,20260531
Bitunix,SPCXUSDT,SPCX,USDT,USDT,10.0,8.0,0.01,2026-05-31 22:09:58.743698,20260531
Bitunix,OPENAIUSDT,OPENAI,USDT,USDT,50.0,8.0,0.01,2026-05-31 22:09:58.743698,20260531
Bitunix,NBISUSDT,NBIS,USDT,USDT,20.0,8.0,0.01,2026-05-31 22:09:58.743698,20260531
Bitunix,WDCUSDT,WDC,USDT,USDT,20.0,8.0,0.01,2026-05-31 22:09:58.743698,20260531
Bitunix,BEUSDT,BE,USDT,USDT,50.0,8.0,0.01,2026-05-31 22:09:58.743698,20260531
Bitunix,COHRUSDT,COHR,USDT,USDT,50.0,8.0,0.01,2026-05-31 22:09:58.743698,20260531
Bitunix,CTRUSDT,CTR,USDT,USDT,50.0,4.0,1e-05,2026-05-31 22:09:58.743698,20260531
Bybit,0GUSDT,0G,USDT,USDT,50.0,4.0,0.0001,2026-05-31 22:09:58.743698,20260531
Bybit,1000000BABYDOGEUSDT,1000000BABYDOGE,USDT,USDT,25.0,4.0,1e-07,2026-05-31 22:09:58.743698,20260531
Bybit,1000000MOGUSDT,1000000MOG,USDT,USDT,50.0,4.0,1e-05,2026-05-31 22:09:58.743698,20260531
Bybit,10000NEXUSDT,10000NEX,USDT,USDT,10.0,4.0,1e-05,2026-05-31 22:09:58.743698,20260531
Bybit,10000SATSUSDT,10000SATS,USDT,USDT,12.0,4.0,1e-07,2026-05-31 22:09:58.743698,20260531
Bybit,1000BONKPERP,1000BONK,USDC,USDC,75.0,8.0,1e-06,2026-05-31 22:09:58.743698,20260531
Bybit,1000BONKUSDT,1000BONK,USDT,USDT,50.0,4.0,1e-06,2026-05-31 22:09:58.743698,20260531
Bybit,1000BTTUSDT,1000BTT,USDT,USDT,12.0,8.0,1e-07,2026-05-31 22:09:58.743698,20260531
Bybit,1000CATUSDT,1000CAT,USDT,USDT,25.0,4.0,1e-07,2026-05-31 22:09:58.743698,20260531
Bybit,1000FLOKIUSDT,1000FLOKI,USDT,USDT,50.0,8.0,1e-05,2026-05-31 22:09:58.743698,20260531
Bybit,1000LUNCUSDT,1000LUNC,USDT,USDT,25.0,8.0,1e-05,2026-05-31 22:09:58.743698,20260531
Bybit,1000NEIROCTOPERP,1000NEIROCTO,USDC,USDC,20.0,4.0,1e-05,2026-05-31 22:09:58.743698,20260531
Bybit,1000NEIROCTOUSDT,1000NEIROCTO,USDT,USDT,50.0,4.0,1e-05,2026-05-31 22:09:58.743698,20260531
Bybit,1000PEPEPERP,1000PEPE,USDC,USDC,50.0,8.0,1e-06,2026-05-31 22:09:58.743698,20260531
Bybit,1000PEPEUSDT,1000PEPE,USDT,USDT,50.0,8.0,1e-06,2026-05-31 22:09:58.743698,20260531
Bybit,1000RATSUSDT,1000RATS,USDT,USDT,20.0,4.0,1e-05,2026-05-31 22:09:58.743698,20260531
Bybit,1000TAGUSDT,1000TAG,USDT,USDT,5.0,4.0,0.0001,2026-05-31 22:09:58.743698,20260531
Bybit,1000TOSHIUSDT,1000TOSHI,USDT,USDT,25.0,4.0,1e-05,2026-05-31 22:09:58.743698,20260531
Bybit,1000TURBOUSDT,1000TURBO,USDT,USDT,25.0,4.0,0.0001,2026-05-31 22:09:58.743698,20260531
Bybit,1000XECUSDT,1000XEC,USDT,USDT,5.0,8.0,1e-06,2026-05-31 22:09:58.743698,20260531
Bybit,1INCHUSDT,1INCH,USDT,USDT,25.0,8.0,1e-05,2026-05-31 22:09:58.743698,20260531
Bybit,2ZUSDT,2Z,USDT,USDT,50.0,4.0,1e-05,2026-05-31 22:09:58.743698,20260531
Bybit,4USDT,4,USDT,USDT,5.0,4.0,1e-06,2026-05-31 22:09:58.743698,20260531
Bybit,AAPLUSDT,AAPL,USDT,USDT,20.0,8.0,0.01,2026-05-31 22:09:58.743698,20260531
Bybit,AAVEPERP,AAVE,USDC,USDC,20.0,4.0,0.01,2026-05-31 22:09:58.743698,20260531
Bybit,AAVEUSDT,AAVE,USDT,USDT,75.0,8.0,0.01,2026-05-31 22:09:58.743698,20260531
Bybit,ACEUSDT,ACE,USDT,USDT,25.0,4.0,1e-05,2026-05-31 22:09:58.743698,20260531
Bybit,ACHUSDT,ACH,USDT,USDT,25.0,4.0,1e-06,2026-05-31 22:09:58.743698,20260531
Bybit,ACTUSDT,ACT,USDT,USDT,25.0,4.0,1e-06,2026-05-31 22:09:58.743698,20260531
Bybit,ACUUSDT,ACU,USDT,USDT,12.0,4.0,1e-05,2026-05-31 22:09:58.743698,20260531
Bybit,ACXUSDT,ACX,USDT,USDT,20.0,4.0,1e-05,2026-05-31 22:09:58.743698,20260531
Bybit,ADAUSDT,ADA,USDT,USDT,75.0,8.0,0.0001,2026-05-31 22:09:58.743698,20260531
Bybit,AERGOUSDT,AERGO,USDT,USDT,25.0,4.0,1e-05,2026-05-31 22:09:58.743698,20260531
Bybit,AEROUSDT,AERO,USDT,USDT,25.0,4.0,0.0001,2026-05-31 22:09:58.743698,20260531
Bybit,AEVOPERP,AEVO,USDC,USDC,25.0,8.0,1e-05,2026-05-31 22:09:58.743698,20260531
Bybit,AEVOUSDT,AEVO,USDT,USDT,25.0,4.0,1e-05,2026-05-31 22:09:58.743698,20260531
Bybit,AGIUSDT,AGI,USDT,USDT,5.0,8.0,1e-06,2026-05-31 22:09:58.743698,20260531
Bybit,AGLDUSDT,AGLD,USDT,USDT,25.0,8.0,1e-05,2026-05-31 22:09:58.743698,20260531
Bybit,AIGENSYNUSDT,AIGENSYN,USDT,USDT,20.0,4.0,1e-05,2026-05-31 22:09:58.743698,20260531
Bybit,AIOUSDT,AIO,USDT,USDT,5.0,4.0,1e-05,2026-05-31 22:09:58.743698,20260531
Bybit,AIOZUSDT,AIOZ,USDT,USDT,20.0,8.0,1e-05,2026-05-31 22:09:58.743698,20260531
Bybit,AIXBTUSDT,AIXBT,USDT,USDT,25.0,4.0,1e-06,2026-05-31 22:09:58.743698,20260531
Bybit,AKEUSDT,AKE,USDT,USDT,25.0,4.0,1e-07,2026-05-31 22:09:58.743698,20260531
Bybit,AKTUSDT,AKT,USDT,USDT,25.0,4.0,0.0001,2026-05-31 22:09:58.743698,20260531
Bybit,ALCHUSDT,ALCH,USDT,USDT,20.0,4.0,1e-05,2026-05-31 22:09:58.743698,20260531
Bybit,ALGOUSDT,ALGO,USDT,USDT,50.0,8.0,1e-05,2026-05-31 22:09:58.743698,20260531
Bybit,ALICEUSDT,ALICE,USDT,USDT,20.0,8.0,1e-05,2026-05-31 22:09:58.743698,20260531
Bybit,ALLOUSDT,ALLO,USDT,USDT,25.0,4.0,1e-05,2026-05-31 22:09:58.743698,20260531
Bybit,ALPINEUSDT,ALPINE,USDT,USDT,25.0,4.0,0.0001,2026-05-31 22:09:58.743698,20260531
Bybit,ALTUSDT,ALT,USDT,USDT,25.0,4.0,1e-06,2026-05-31 22:09:58.743698,20260531
Bybit,AMDSTOCKUSDT,AMDSTOCK,USDT,USDT,20.0,8.0,0.01,2026-05-31 22:09:58.743698,20260531
Bybit,AMZNUSDT,AMZN,USDT,USDT,20.0,8.0,0.01,2026-05-31 22:09:58.743698,20260531
Bybit,ANIMEUSDT,ANIME,USDT,USDT,25.0,4.0,1e-06,2026-05-31 22:09:58.743698,20260531
Bybit,ANKRUSDT,ANKR,USDT,USDT,25.0,8.0,1e-06,2026-05-31 22:09:58.743698,20260531
Bybit,APEUSDT,APE,USDT,USDT,50.0,8.0,1e-05,2026-05-31 22:09:58.743698,20260531
Bybit,APEXUSDT,APEX,USDT,USDT,25.0,4.0,0.0001,2026-05-31 22:09:58.743698,20260531
Bybit,API3USDT,API3,USDT,USDT,25.0,4.0,0.0001,2026-05-31 22:09:58.743698,20260531
Bybit,APRUSDT,APR,USDT,USDT,20.0,4.0,1e-05,2026-05-31 22:09:58.743698,20260531
Bybit,APTUSDT,APT,USDT,USDT,50.0,8.0,0.0001,2026-05-31 22:09:58.743698,20260531
Bybit,ARBPERP,ARB,USDC,USDC,50.0,8.0,1e-05,2026-05-31 22:09:58.743698,20260531
Bybit,ARBUSDT,ARB,USDT,USDT,50.0,8.0,1e-05,2026-05-31 22:09:58.743698,20260531
Bybit,ARCUSDT,ARC,USDT,USDT,12.0,4.0,1e-05,2026-05-31 22:09:58.743698,20260531
Bybit,ARIAUSDT,ARIA,USDT,USDT,25.0,4.0,1e-05,2026-05-31 22:09:58.743698,20260531
Bybit,ARKMUSDT,ARKM,USDT,USDT,50.0,8.0,1e-05,2026-05-31 22:09:58.743698,20260531
Bybit,ARKUSDT,ARK,USDT,USDT,25.0,4.0,1e-05,2026-05-31 22:09:58.743698,20260531
Bybit,ARMUSDT,ARM,USDT,USDT,10.0,8.0,0.01,2026-05-31 22:09:58.743698,20260531
Bybit,ARPAUSDT,ARPA,USDT,USDT,25.0,8.0,1e-06,2026-05-31 22:09:58.743698,20260531
Bybit,ARUSDT,AR,USDT,USDT,25.0,8.0,0.0001,2026-05-31 22:09:58.743698,20260531
Bybit,ASPUSDT,ASP,USDT,USDT,5.0,4.0,1e-05,2026-05-31 22:09:58.743698,20260531
Bybit,ASRUSDT,ASR,USDT,USDT,25.0,4.0,0.0001,2026-05-31 22:09:58.743698,20260531
Bybit,ASTERPERP,ASTER,USDC,USDC,20.0,4.0,0.0001,2026-05-31 22:09:58.743698,20260531
Bybit,ASTERUSDT,ASTER,USDT,USDT,75.0,4.0,0.0001,2026-05-31 22:09:58.743698,20260531
Bybit,ASTRUSDT,ASTR,USDT,USDT,25.0,8.0,1e-06,2026-05-31 22:09:58.743698,20260531
Bybit,ATHUSDT,ATH,USDT,USDT,25.0,4.0,1e-06,2026-05-31 22:09:58.743698,20260531
Bybit,ATOMUSDT,ATOM,USDT,USDT,75.0,8.0,0.0001,2026-05-31 22:09:58.743698,20260531
Bybit,ATUSDT,AT,USDT,USDT,25.0,4.0,1e-05,2026-05-31 22:09:58.743698,20260531
Bybit,AUCTIONUSDT,AUCTION,USDT,USDT,25.0,4.0,0.001,2026-05-31 22:09:58.743698,20260531
Bybit,AUSDT,A,USDT,USDT,50.0,4.0,1e-05,2026-05-31 22:09:58.743698,20260531
Bybit,AVAAIUSDT,AVAAI,USDT,USDT,20.0,4.0,1e-06,2026-05-31 22:09:58.743698,20260531
Bybit,AVAUSDT,AVA,USDT,USDT,5.0,4.0,0.0001,2026-05-31 22:09:58.743698,20260531
Bybit,AVAXUSDT,AVAX,USDT,USDT,50.0,8.0,0.001,2026-05-31 22:09:58.743698,20260531
Bybit,AVGOUSDT,AVGO,USDT,USDT,20.0,8.0,0.01,2026-05-31 22:09:58.743698,20260531
Bybit,AVNTPERP,AVNT,USDC,USDC,50.0,4.0,1e-05,2026-05-31 22:09:58.743698,20260531
Bybit,AVNTUSDT,AVNT,USDT,USDT,50.0,4.0,1e-05,2026-05-31 22:09:58.743698,20260531
Bybit,AWEUSDT,AWE,USDT,USDT,25.0,4.0,1e-05,2026-05-31 22:09:58.743698,20260531
Bybit,AXLUSDT,AXL,USDT,USDT,25.0,4.0,1e-05,2026-05-31 22:09:58.743698,20260531
Bybit,AXSUSDT,AXS,USDT,USDT,50.0,8.0,0.0001,2026-05-31 22:09:58.743698,20260531
Bybit,AZTECUSDT,AZTEC,USDT,USDT,25.0,4.0,1e-06,2026-05-31 22:09:58.743698,20260531
Bybit,B2USDT,B2,USDT,USDT,12.0,4.0,0.0001,2026-05-31 22:09:58.743698,20260531
Bybit,B3USDT,B3,USDT,USDT,20.0,4.0,1e-07,2026-05-31 22:09:58.743698,20260531
Bybit,BABAUSDT,BABA,USDT,USDT,10.0,8.0,0.01,2026-05-31 22:09:58.743698,20260531
Bybit,BABYUSDT,BABY,USDT,USDT,25.0,4.0,1e-06,2026-05-31 22:09:58.743698,20260531
Bybit,BANANAS31USDT,BANANAS31,USDT,USDT,20.0,4.0,1e-06,2026-05-31 22:09:58.743698,20260531
Bybit,BANANAUSDT,BANANA,USDT,USDT,25.0,4.0,0.001,2026-05-31 22:09:58.743698,20260531
Bybit,BANDUSDT,BAND,USDT,USDT,5.0,8.0,0.0001,2026-05-31 22:09:58.743698,20260531
Bybit,BANKUSDT,BANK,USDT,USDT,20.0,4.0,1e-05,2026-05-31 22:09:58.743698,20260531
Bybit,BANUSDT,BAN,USDT,USDT,12.0,4.0,1e-05,2026-05-31 22:09:58.743698,20260531
Bybit,BARDUSDT,BARD,USDT,USDT,25.0,4.0,0.0001,2026-05-31 22:09:58.743698,20260531
Bybit,BASEDUSDT,BASED,USDT,USDT,25.0,4.0,1e-05,2026-05-31 22:09:58.743698,20260531
Bybit,BATUSDT,BAT,USDT,USDT,25.0,8.0,1e-05,2026-05-31 22:09:58.743698,20260531
Bybit,BBUSDT,BB,USDT,USDT,25.0,4.0,1e-05,2026-05-31 22:09:58.743698,20260531
Bybit,BCHPERP,BCH,USDC,USDC,75.0,4.0,0.1,2026-05-31 22:09:58.743698,20260531
Bybit,BCHUSDT,BCH,USDT,USDT,50.0,8.0,0.1,2026-05-31 22:09:58.743698,20260531
Bybit,BEAMUSDT,BEAM,USDT,USDT,25.0,4.0,1e-07,2026-05-31 22:09:58.743698,20260531
Bybit,BEATUSDT,BEAT,USDT,USDT,25.0,4.0,1e-05,2026-05-31 22:09:58.743698,20260531
Bybit,BELUSDT,BEL,USDT,USDT,5.0,8.0,1e-05,2026-05-31 22:09:58.743698,20260531
Bybit,BERAUSDT,BERA,USDT,USDT,25.0,4.0,0.0001,2026-05-31 22:09:58.743698,20260531
Bybit,BEUSDT,BE,USDT,USDT,10.0,8.0,0.01,2026-05-31 22:09:58.743698,20260531
Bybit,BICOUSDT,BICO,USDT,USDT,5.0,8.0,1e-05,2026-05-31 22:09:58.743698,20260531
Bybit,BIGTIMEUSDT,BIGTIME,USDT,USDT,25.0,4.0,1e-06,2026-05-31 22:09:58.743698,20260531
Bybit,BILLUSDT,BILL,USDT,USDT,20.0,4.0,1e-05,2026-05-31 22:09:58.743698,20260531
Bybit,BIOUSDT,BIO,USDT,USDT,50.0,4.0,1e-05,2026-05-31 22:09:58.743698,20260531
Bybit,BIRBUSDT,BIRB,USDT,USDT,25.0,4.0,1e-05,2026-05-31 22:09:58.743698,20260531
Bybit,BLASTUSDT,BLAST,USDT,USDT,20.0,8.0,1e-07,2026-05-31 22:09:58.743698,20260531
Bybit,BLENDUSDT,BLEND,USDT,USDT,20.0,4.0,0.0001,2026-05-31 22:09:58.743698,20260531
Bybit,BLESSUSDT,BLESS,USDT,USDT,12.0,4.0,1e-06,2026-05-31 22:09:58.743698,20260531
Bybit,BLUAIUSDT,BLUAI,USDT,USDT,12.0,4.0,1e-06,2026-05-31 22:09:58.743698,20260531
Bybit,BLURUSDT,BLUR,USDT,USDT,50.0,8.0,1e-06,2026-05-31 22:09:58.743698,20260531
Bybit,BMNRUSDT,BMNR,USDT,USDT,10.0,8.0,0.001,2026-05-31 22:09:58.743698,20260531
Bybit,BMTUSDT,BMT,USDT,USDT,5.0,4.0,1e-06,2026-05-31 22:09:58.743698,20260531
Bybit,BNBPERP,BNB,USDC,USDC,50.0,8.0,0.1,2026-05-31 22:09:58.743698,20260531
Bybit,BNBUSDT,BNB,USDT,USDT,50.0,8.0,0.1,2026-05-31 22:09:58.743698,20260531
Bybit,BNTUSDT,BNT,USDT,USDT,5.0,8.0,0.0001,2026-05-31 22:09:58.743698,20260531
Bybit,BOBAUSDT,BOBA,USDT,USDT,5.0,8.0,1e-05,2026-05-31 22:09:58.743698,20260531
Bybit,BOBBOBUSDT,BOBBOB,USDT,USDT,20.0,4.0,1e-06,2026-05-31 22:09:58.743698,20260531
Bybit,BOMEUSDT,BOME,USDT,USDT,25.0,4.0,1e-07,2026-05-31 22:09:58.743698,20260531
Bybit,BRETTUSDT,BRETT,USDT,USDT,25.0,4.0,1e-06,2026-05-31 22:09:58.743698,20260531
Bybit,BREVUSDT,BREV,USDT,USDT,50.0,4.0,1e-05,2026-05-31 22:09:58.743698,20260531
Bybit,BROCCOLIUSDT,BROCCOLI,USDT,USDT,20.0,4.0,1e-06,2026-05-31 22:09:58.743698,20260531
Bybit,BRUSDT,BR,USDT,USDT,5.0,4.0,1e-05,2026-05-31 22:09:58.743698,20260531
Bybit,BSBUSDT,BSB,USDT,USDT,25.0,4.0,0.0001,2026-05-31 22:09:58.743698,20260531
Bybit,BSVUSDT,BSV,USDT,USDT,25.0,4.0,0.001,2026-05-31 22:09:58.743698,20260531
Bybit,BTCPERP,BTC,USDC,USDC,125.0,8.0,0.1,2026-05-31 22:09:58.743698,20260531
Bybit,BTCUSDT,BTC,USDT,USDT,100.0,8.0,0.1,2026-05-31 22:09:58.743698,20260531
Bybit,BTCUSDT-05JUN26,BTC,USDT,USDT,50.0,0.0,0.1,2026-05-31 22:09:58.743698,20260531
Bybit,BTCUSDT-12JUN26,BTC,USDT,USDT,50.0,0.0,0.1,2026-05-31 22:09:58.743698,20260531
Bybit,BTCUSDT-19JUN26,BTC,USDT,USDT,50.0,0.0,0.1,2026-05-31 22:09:58.743698,20260531
Bybit,BTCUSDT-25DEC26,BTC,USDT,USDT,50.0,0.0,0.1,2026-05-31 22:09:58.743698,20260531
Bybit,BTCUSDT-25SEP26,BTC,USDT,USDT,50.0,0.0,0.1,2026-05-31 22:09:58.743698,20260531
Bybit,BTCUSDT-26JUN26,BTC,USDT,USDT,50.0,0.0,0.1,2026-05-31 22:09:58.743698,20260531
Bybit,BTCUSDT-26MAR27,BTC,USDT,USDT,50.0,0.0,0.1,2026-05-31 22:09:58.743698,20260531
Bybit,BTCUSDT-31JUL26,BTC,USDT,USDT,50.0,0.0,0.1,2026-05-31 22:09:58.743698,20260531
Bybit,BTRUSDT,BTR,USDT,USDT,25.0,4.0,1e-05,2026-05-31 22:09:58.743698,20260531
Bybit,BUSDT,B,USDT,USDT,12.0,4.0,1e-05,2026-05-31 22:09:58.743698,20260531
Bybit,BZUSDT,BZ,USDT,USDT,10.0,8.0,0.01,2026-05-31 22:09:58.743698,20260531
Bybit,C98USDT,C98,USDT,USDT,25.0,8.0,1e-06,2026-05-31 22:09:58.743698,20260531
Bybit,CAKEUSDT,CAKE,USDT,USDT,25.0,4.0,0.0001,2026-05-31 22:09:58.743698,20260531
Bybit,CARVUSDT,CARV,USDT,USDT,20.0,4.0,1e-05,2026-05-31 22:09:58.743698,20260531
Bybit,CATIUSDT,CATI,USDT,USDT,25.0,4.0,1e-05,2026-05-31 22:09:58.743698,20260531
Bybit,CBRSUSDT,CBRS,USDT,USDT,10.0,8.0,0.01,2026-05-31 22:09:58.743698,20260531
Bybit,CCUSDT,CC,USDT,USDT,25.0,4.0,1e-05,2026-05-31 22:09:58.743698,20260531
Bybit,CELOUSDT,CELO,USDT,USDT,25.0,8.0,1e-05,2026-05-31 22:09:58.743698,20260531
Bybit,CETUSUSDT,CETUS,USDT,USDT,12.0,4.0,1e-06,2026-05-31 22:09:58.743698,20260531
Bybit,CFGUSDT,CFG,USDT,USDT,25.0,4.0,0.0001,2026-05-31 22:09:58.743698,20260531
Bybit,CFXUSDT,CFX,USDT,USDT,25.0,8.0,1e-05,2026-05-31 22:09:58.743698,20260531
Bybit,CGPTUSDT,CGPT,USDT,USDT,25.0,4.0,1e-06,2026-05-31 22:09:58.743698,20260531
Bybit,CHILLGUYUSDT,CHILLGUY,USDT,USDT,25.0,4.0,1e-06,2026-05-31 22:09:58.743698,20260531
Bybit,CHIPUSDT,CHIP,USDT,USDT,20.0,4.0,1e-05,2026-05-31 22:09:58.743698,20260531
Bybit,CHRUSDT,CHR,USDT,USDT,20.0,8.0,1e-05,2026-05-31 22:09:58.743698,20260531
Bybit,CHZUSDT,CHZ,USDT,USDT,25.0,8.0,1e-05,2026-05-31 22:09:58.743698,20260531
Bybit,CKBUSDT,CKB,USDT,USDT,25.0,8.0,1e-07,2026-05-31 22:09:58.743698,20260531
Bybit,CLANKERUSDT,CLANKER,USDT,USDT,20.0,4.0,0.001,2026-05-31 22:09:58.743698,20260531
Bybit,CLOUSDT,CLO,USDT,USDT,20.0,4.0,1e-05,2026-05-31 22:09:58.743698,20260531
Bybit,CLUSDT,CL,USDT,USDT,50.0,4.0,0.01,2026-05-31 22:09:58.743698,20260531
Bybit,COAIUSDT,COAI,USDT,USDT,12.0,4.0,0.0001,2026-05-31 22:09:58.743698,20260531
Bybit,COINUSDT,COIN,USDT,USDT,20.0,8.0,0.01,2026-05-31 22:09:58.743698,20260531
Bybit,COMPUSDT,COMP,USDT,USDT,25.0,8.0,0.001,2026-05-31 22:09:58.743698,20260531
Bybit,COOKIEUSDT,COOKIE,USDT,USDT,25.0,4.0,1e-06,2026-05-31 22:09:58.743698,20260531
Bybit,COREUSDT,CORE,USDT,USDT,20.0,8.0,1e-05,2026-05-31 22:09:58.743698,20260531
Bybit,COTIUSDT,COTI,USDT,USDT,25.0,8.0,1e-06,2026-05-31 22:09:58.743698,20260531
Bybit,COWUSDT,COW,USDT,USDT,25.0,4.0,1e-05,2026-05-31 22:09:58.743698,20260531
Bybit,CRCLUSDT,CRCL,USDT,USDT,20.0,8.0,0.01,2026-05-31 22:09:58.743698,20260531
Bybit,CROSSUSDT,CROSS,USDT,USDT,20.0,4.0,1e-05,2026-05-31 22:09:58.743698,20260531
Bybit,CROUSDT,CRO,USDT,USDT,25.0,8.0,1e-05,2026-05-31 22:09:58.743698,20260531
Bybit,CRVPERP,CRV,USDC,USDC,20.0,4.0,0.0001,2026-05-31 22:09:58.743698,20260531
Bybit,CRVUSDT,CRV,USDT,USDT,50.0,8.0,0.0001,2026-05-31 22:09:58.743698,20260531
Bybit,CRWVUSDT,CRWV,USDT,USDT,10.0,8.0,0.01,2026-05-31 22:09:58.743698,20260531
Bybit,CSCOUSDT,CSCO,USDT,USDT,10.0,8.0,0.01,2026-05-31 22:09:58.743698,20260531
Bybit,CTCUSDT,CTC,USDT,USDT,25.0,4.0,1e-05,2026-05-31 22:09:58.743698,20260531
Bybit,CUSDT,C,USDT,USDT,12.0,4.0,1e-05,2026-05-31 22:09:58.743698,20260531
Bybit,CVCUSDT,CVC,USDT,USDT,25.0,8.0,1e-05,2026-05-31 22:09:58.743698,20260531
Bybit,CVXUSDT,CVX,USDT,USDT,25.0,4.0,0.0001,2026-05-31 22:09:58.743698,20260531
Bybit,CYBERUSDT,CYBER,USDT,USDT,25.0,4.0,0.0001,2026-05-31 22:09:58.743698,20260531
Bybit,CYSUSDT,CYS,USDT,USDT,12.0,4.0,0.0001,2026-05-31 22:09:58.743698,20260531
Bybit,DASHUSDT,DASH,USDT,USDT,25.0,8.0,0.01,2026-05-31 22:09:58.743698,20260531
Bybit,DBRUSDT,DBR,USDT,USDT,5.0,4.0,1e-06,2026-05-31 22:09:58.743698,20260531
Bybit,DEEPUSDT,DEEP,USDT,USDT,50.0,8.0,1e-05,2026-05-31 22:09:58.743698,20260531
Bybit,DEXEUSDT,DEXE,USDT,USDT,20.0,4.0,0.001,2026-05-31 22:09:58.743698,20260531
Bybit,DIAUSDT,DIA,USDT,USDT,5.0,4.0,1e-05,2026-05-31 22:09:58.743698,20260531
Bybit,DOGEPERP,DOGE,USDC,USDC,50.0,8.0,1e-05,2026-05-31 22:09:58.743698,20260531
Bybit,DOGEUSDT,DOGE,USDT,USDT,75.0,8.0,1e-05,2026-05-31 22:09:58.743698,20260531
Bybit,DOGEUSDT-05JUN26,DOGE,USDT,USDT,50.0,0.0,1e-05,2026-05-31 22:09:58.743698,20260531
Bybit,DOGEUSDT-12JUN26,DOGE,USDT,USDT,50.0,0.0,1e-05,2026-05-31 22:09:58.743698,20260531
Bybit,DOGEUSDT-19JUN26,DOGE,USDT,USDT,50.0,0.0,1e-05,2026-05-31 22:09:58.744696,20260531
Bybit,DOGEUSDT-26JUN26,DOGE,USDT,USDT,50.0,0.0,1e-05,2026-05-31 22:09:58.744696,20260531
Bybit,DOLOUSDT,DOLO,USDT,USDT,12.0,4.0,1e-05,2026-05-31 22:09:58.744696,20260531
Bybit,DOODUSDT,DOOD,USDT,USDT,12.0,4.0,1e-06,2026-05-31 22:09:58.744696,20260531
Bybit,DOTPERP,DOT,USDC,USDC,75.0,8.0,0.0001,2026-05-31 22:09:58.744696,20260531
Bybit,DOTUSDT,DOT,USDT,USDT,50.0,8.0,0.0001,2026-05-31 22:09:58.744696,20260531
Bybit,DRAMUSDT,DRAM,USDT,USDT,20.0,8.0,0.001,2026-05-31 22:09:58.744696,20260531
Bybit,DRIFTUSDT,DRIFT,USDT,USDT,20.0,4.0,1e-05,2026-05-31 22:09:58.744696,20260531
Bybit,DUSKUSDT,DUSK,USDT,USDT,12.0,8.0,1e-05,2026-05-31 22:09:58.744696,20260531
Bybit,DYDXUSDT,DYDX,USDT,USDT,50.0,8.0,1e-05,2026-05-31 22:09:58.744696,20260531
Bybit,DYMUSDT,DYM,USDT,USDT,25.0,4.0,1e-05,2026-05-31 22:09:58.744696,20260531
Bybit,EDENUSDT,EDEN,USDT,USDT,20.0,4.0,1e-05,2026-05-31 22:09:58.744696,20260531
Bybit,EDGEUSDT,EDGE,USDT,USDT,25.0,4.0,0.0001,2026-05-31 22:09:58.744696,20260531
Bybit,EDUUSDT,EDU,USDT,USDT,5.0,8.0,1e-05,2026-05-31 22:09:58.744696,20260531
Bybit,EGLDUSDT,EGLD,USDT,USDT,50.0,8.0,0.001,2026-05-31 22:09:58.744696,20260531
Bybit,EIGENPERP,EIGEN,USDC,USDC,25.0,4.0,1e-05,2026-05-31 22:09:58.744696,20260531
Bybit,EIGENUSDT,EIGEN,USDT,USDT,50.0,4.0,1e-05,2026-05-31 22:09:58.744696,20260531
Bybit,ELSAUSDT,ELSA,USDT,USDT,20.0,4.0,1e-05,2026-05-31 22:09:58.744696,20260531
Bybit,ENAPERP,ENA,USDC,USDC,50.0,8.0,1e-05,2026-05-31 22:09:58.744696,20260531
Bybit,ENAUSDT,ENA,USDT,USDT,50.0,4.0,1e-05,2026-05-31 22:09:58.744696,20260531
Bybit,ENJUSDT,ENJ,USDT,USDT,20.0,8.0,1e-06,2026-05-31 22:09:58.744696,20260531
Bybit,ENSOUSDT,ENSO,USDT,USDT,25.0,4.0,0.0001,2026-05-31 22:09:58.744696,20260531
Bybit,ENSUSDT,ENS,USDT,USDT,50.0,8.0,0.001,2026-05-31 22:09:58.744696,20260531
Bybit,EPICUSDT,EPIC,USDT,USDT,25.0,4.0,0.0001,2026-05-31 22:09:58.744696,20260531
Bybit,ERAUSDT,ERA,USDT,USDT,25.0,4.0,1e-05,2026-05-31 22:09:58.744696,20260531
Bybit,ESPORTSUSDT,ESPORTS,USDT,USDT,20.0,4.0,1e-05,2026-05-31 22:09:58.744696,20260531
Bybit,ESPUSDT,ESP,USDT,USDT,50.0,4.0,1e-05,2026-05-31 22:09:58.744696,20260531
Bybit,ESUSDT,ES,USDT,USDT,5.0,4.0,1e-05,2026-05-31 22:09:58.744696,20260531
Bybit,ETCPERP,ETC,USDC,USDC,50.0,8.0,0.001,2026-05-31 22:09:58.744696,20260531
Bybit,ETCUSDT,ETC,USDT,USDT,50.0,8.0,0.001,2026-05-31 22:09:58.744696,20260531
Bybit,ETHBTCUSDT,ETHBTC,USDT,USDT,25.0,8.0,1e-06,2026-05-31 22:09:58.744696,20260531
Bybit,ETHFIPERP,ETHFI,USDC,USDC,25.0,8.0,0.0001,2026-05-31 22:09:58.744696,20260531
Bybit,ETHFIUSDT,ETHFI,USDT,USDT,25.0,4.0,0.0001,2026-05-31 22:09:58.744696,20260531
Bybit,ETHPERP,ETH,USDC,USDC,66.0,8.0,0.01,2026-05-31 22:09:58.744696,20260531
Bybit,ETHUSDT,ETH,USDT,USDT,100.0,8.0,0.01,2026-05-31 22:09:58.744696,20260531
Bybit,ETHUSDT-05JUN26,ETH,USDT,USDT,50.0,0.0,0.01,2026-05-31 22:09:58.744696,20260531
Bybit,ETHUSDT-12JUN26,ETH,USDT,USDT,50.0,0.0,0.01,2026-05-31 22:09:58.744696,20260531
Bybit,ETHUSDT-19JUN26,ETH,USDT,USDT,50.0,0.0,0.01,2026-05-31 22:09:58.744696,20260531
Bybit,ETHUSDT-25DEC26,ETH,USDT,USDT,50.0,0.0,0.01,2026-05-31 22:09:58.744696,20260531
Bybit,ETHUSDT-25SEP26,ETH,USDT,USDT,50.0,0.0,0.01,2026-05-31 22:09:58.744696,20260531
Bybit,ETHUSDT-26JUN26,ETH,USDT,USDT,50.0,0.0,0.01,2026-05-31 22:09:58.744696,20260531
Bybit,ETHUSDT-26MAR27,ETH,USDT,USDT,50.0,0.0,0.01,2026-05-31 22:09:58.744696,20260531
Bybit,ETHUSDT-31JUL26,ETH,USDT,USDT,50.0,0.0,0.01,2026-05-31 22:09:58.744696,20260531
Bybit,EULUSDT,EUL,USDT,USDT,25.0,4.0,0.0001,2026-05-31 22:09:58.744696,20260531
Bybit,EVAAUSDT,EVAA,USDT,USDT,5.0,4.0,0.0001,2026-05-31 22:09:58.744696,20260531
Bybit,EWJUSDT,EWJ,USDT,USDT,20.0,8.0,0.01,2026-05-31 22:09:58.744696,20260531
Bybit,EWYUSDT,EWY,USDT,USDT,20.0,8.0,0.01,2026-05-31 22:09:58.744696,20260531
Bybit,FARTCOINPERP,FARTCOIN,USDC,USDC,20.0,4.0,1e-05,2026-05-31 22:09:58.744696,20260531
Bybit,FARTCOINUSDT,FARTCOIN,USDT,USDT,75.0,4.0,1e-05,2026-05-31 22:09:58.744696,20260531
Bybit,FFUSDT,FF,USDT,USDT,50.0,4.0,1e-05,2026-05-31 22:09:58.744696,20260531
Bybit,FHEUSDT,FHE,USDT,USDT,12.0,4.0,1e-05,2026-05-31 22:09:58.744696,20260531
Bybit,FIDAUSDT,FIDA,USDT,USDT,20.0,4.0,1e-06,2026-05-31 22:09:58.744696,20260531
Bybit,FIGHTUSDT,FIGHT,USDT,USDT,20.0,4.0,1e-06,2026-05-31 22:09:58.744696,20260531
Bybit,FILPERP,FIL,USDC,USDC,25.0,4.0,0.0001,2026-05-31 22:09:58.744696,20260531
Bybit,FILUSDT,FIL,USDT,USDT,25.0,8.0,0.0001,2026-05-31 22:09:58.744696,20260531
Bybit,FLOCKUSDT,FLOCK,USDT,USDT,20.0,4.0,1e-05,2026-05-31 22:09:58.744696,20260531
Bybit,FLOWUSDT,FLOW,USDT,USDT,20.0,8.0,1e-05,2026-05-31 22:09:58.744696,20260531
Bybit,FLRUSDT,FLR,USDT,USDT,20.0,8.0,1e-06,2026-05-31 22:09:58.744696,20260531
Bybit,FLUIDUSDT,FLUID,USDT,USDT,25.0,4.0,0.001,2026-05-31 22:09:58.744696,20260531
Bybit,FLUXUSDT,FLUX,USDT,USDT,20.0,4.0,1e-05,2026-05-31 22:09:58.744696,20260531
Bybit,FOGOUSDT,FOGO,USDT,USDT,50.0,4.0,1e-05,2026-05-31 22:09:58.744696,20260531
Bybit,FOLKSUSDT,FOLKS,USDT,USDT,20.0,4.0,0.0001,2026-05-31 22:09:58.744696,20260531
Bybit,FORMUSDT,FORM,USDT,USDT,20.0,4.0,1e-05,2026-05-31 22:09:58.744696,20260531
Bybit,FUSDT,F,USDT,USDT,25.0,4.0,1e-06,2026-05-31 22:09:58.744696,20260531
Bybit,GALAUSDT,GALA,USDT,USDT,75.0,8.0,1e-06,2026-05-31 22:09:58.744696,20260531
Bybit,GASUSDT,GAS,USDT,USDT,25.0,4.0,0.0001,2026-05-31 22:09:58.744696,20260531
Bybit,GENIUSUSDT,GENIUS,USDT,USDT,25.0,4.0,0.0001,2026-05-31 22:09:58.744696,20260531
Bybit,GIGAUSDT,GIGA,USDT,USDT,20.0,4.0,1e-07,2026-05-31 22:09:58.744696,20260531
Bybit,GIGGLEUSDT,GIGGLE,USDT,USDT,25.0,4.0,0.01,2026-05-31 22:09:58.744696,20260531
Bybit,GLMUSDT,GLM,USDT,USDT,25.0,4.0,1e-05,2026-05-31 22:09:58.744696,20260531
Bybit,GMTUSDT,GMT,USDT,USDT,50.0,8.0,1e-06,2026-05-31 22:09:58.744696,20260531
Bybit,GMXUSDT,GMX,USDT,USDT,20.0,8.0,0.001,2026-05-31 22:09:58.744696,20260531
Bybit,GNOUSDT,GNO,USDT,USDT,5.0,8.0,0.01,2026-05-31 22:09:58.744696,20260531
Bybit,GOATUSDT,GOAT,USDT,USDT,25.0,4.0,1e-05,2026-05-31 22:09:58.744696,20260531
Bybit,GODSUSDT,GODS,USDT,USDT,5.0,4.0,1e-05,2026-05-31 22:09:58.744696,20260531
Bybit,GOOGLUSDT,GOOGL,USDT,USDT,20.0,8.0,0.01,2026-05-31 22:09:58.744696,20260531
Bybit,GPSUSDT,GPS,USDT,USDT,50.0,4.0,1e-06,2026-05-31 22:09:58.744696,20260531
Bybit,GRASSUSDT,GRASS,USDT,USDT,25.0,4.0,1e-05,2026-05-31 22:09:58.744696,20260531
Bybit,GRIFFAINUSDT,GRIFFAIN,USDT,USDT,25.0,4.0,1e-06,2026-05-31 22:09:58.744696,20260531
Bybit,GRTUSDT,GRT,USDT,USDT,25.0,8.0,1e-05,2026-05-31 22:09:58.744696,20260531
Bybit,GUNUSDT,GUN,USDT,USDT,20.0,4.0,1e-06,2026-05-31 22:09:58.744696,20260531
Bybit,GWEIUSDT,GWEI,USDT,USDT,25.0,4.0,0.0001,2026-05-31 22:09:58.744696,20260531
Bybit,HAEDALUSDT,HAEDAL,USDT,USDT,12.0,4.0,1e-05,2026-05-31 22:09:58.744696,20260531
Bybit,HANAUSDT,HANA,USDT,USDT,25.0,4.0,1e-06,2026-05-31 22:09:58.744696,20260531
Bybit,HBARPERP,HBAR,USDC,USDC,20.0,4.0,1e-05,2026-05-31 22:09:58.744696,20260531
Bybit,HBARUSDT,HBAR,USDT,USDT,75.0,8.0,1e-05,2026-05-31 22:09:58.744696,20260531
Bybit,HEIUSDT,HEI,USDT,USDT,5.0,4.0,1e-05,2026-05-31 22:09:58.744696,20260531
Bybit,HEMIUSDT,HEMI,USDT,USDT,25.0,4.0,1e-06,2026-05-31 22:09:58.744696,20260531
Bybit,HFTUSDT,HFT,USDT,USDT,25.0,8.0,1e-06,2026-05-31 22:09:58.744696,20260531
Bybit,HIGHUSDT,HIGH,USDT,USDT,12.0,8.0,1e-05,2026-05-31 22:09:58.744696,20260531
Bybit,HIVEUSDT,HIVE,USDT,USDT,25.0,1.0,1e-05,2026-05-31 22:09:58.744696,20260531
Bybit,HMSTRUSDT,HMSTR,USDT,USDT,25.0,4.0,1e-07,2026-05-31 22:09:58.744696,20260531
Bybit,HNTUSDT,HNT,USDT,USDT,12.0,8.0,0.0001,2026-05-31 22:09:58.744696,20260531
Bybit,HOLOUSDT,HOLO,USDT,USDT,25.0,4.0,1e-05,2026-05-31 22:09:58.744696,20260531
Bybit,HOMEUSDT,HOME,USDT,USDT,25.0,4.0,1e-06,2026-05-31 22:09:58.744696,20260531
Bybit,HOODUSDT,HOOD,USDT,USDT,20.0,8.0,0.01,2026-05-31 22:09:58.744696,20260531
Bybit,HPERP,H,USDC,USDC,25.0,4.0,1e-05,2026-05-31 22:09:58.744696,20260531
Bybit,HUMAUSDT,HUMA,USDT,USDT,25.0,4.0,1e-06,2026-05-31 22:09:58.744696,20260531
Bybit,HUSDT,H,USDT,USDT,20.0,4.0,1e-05,2026-05-31 22:09:58.744696,20260531
Bybit,HYPEPERP,HYPE,USDC,USDC,20.0,4.0,0.001,2026-05-31 22:09:58.744696,20260531
Bybit,HYPERUSDT,HYPER,USDT,USDT,25.0,4.0,1e-05,2026-05-31 22:09:58.744696,20260531
Bybit,HYPEUSDT,HYPE,USDT,USDT,75.0,8.0,0.001,2026-05-31 22:09:58.744696,20260531
Bybit,ICNTPERP,ICNT,USDC,USDC,20.0,4.0,0.0001,2026-05-31 22:09:58.744696,20260531
Bybit,ICNTUSDT,ICNT,USDT,USDT,20.0,4.0,0.0001,2026-05-31 22:09:58.744696,20260531
Bybit,ICPPERP,ICP,USDC,USDC,25.0,4.0,0.001,2026-05-31 22:09:58.744696,20260531
Bybit,ICPUSDT,ICP,USDT,USDT,50.0,8.0,0.001,2026-05-31 22:09:58.744696,20260531
Bybit,ICXUSDT,ICX,USDT,USDT,25.0,8.0,1e-05,2026-05-31 22:09:58.744696,20260531
Bybit,IDUSDT,ID,USDT,USDT,25.0,1.0,1e-05,2026-05-31 22:09:58.744696,20260531
Bybit,ILVUSDT,ILV,USDT,USDT,20.0,4.0,0.001,2026-05-31 22:09:58.744696,20260531
Bybit,IMXUSDT,IMX,USDT,USDT,50.0,4.0,1e-05,2026-05-31 22:09:58.744696,20260531
Bybit,INITUSDT,INIT,USDT,USDT,25.0,4.0,1e-05,2026-05-31 22:09:58.744696,20260531
Bybit,INJPERP,INJ,USDC,USDC,20.0,4.0,0.001,2026-05-31 22:09:58.744696,20260531
Bybit,INJUSDT,INJ,USDT,USDT,50.0,8.0,0.001,2026-05-31 22:09:58.744696,20260531
Bybit,INTCUSDT,INTC,USDT,USDT,20.0,8.0,0.01,2026-05-31 22:09:58.744696,20260531
Bybit,INUSDT,IN,USDT,USDT,20.0,4.0,1e-05,2026-05-31 22:09:58.744696,20260531
Bybit,INXUSDT,INX,USDT,USDT,12.0,4.0,1e-06,2026-05-31 22:09:58.744696,20260531
Bybit,IOSTUSDT,IOST,USDT,USDT,12.0,8.0,1e-07,2026-05-31 22:09:58.744696,20260531
Bybit,IOTAUSDT,IOTA,USDT,USDT,25.0,8.0,1e-05,2026-05-31 22:09:58.744696,20260531
Bybit,IOTXUSDT,IOTX,USDT,USDT,12.0,8.0,1e-06,2026-05-31 22:09:58.744696,20260531
Bybit,IOUSDT,IO,USDT,USDT,25.0,4.0,1e-05,2026-05-31 22:09:58.744696,20260531
Bybit,IPPERP,IP,USDC,USDC,20.0,4.0,0.0001,2026-05-31 22:09:58.744696,20260531
Bybit,IPUSDT,IP,USDT,USDT,50.0,4.0,0.0001,2026-05-31 22:09:58.744696,20260531
Bybit,IRYSUSDT,IRYS,USDT,USDT,20.0,4.0,1e-06,2026-05-31 22:09:58.744696,20260531
Bybit,IWMUSDT,IWM,USDT,USDT,20.0,8.0,0.01,2026-05-31 22:09:58.744696,20260531
Bybit,JASMYUSDT,JASMY,USDT,USDT,50.0,8.0,1e-06,2026-05-31 22:09:58.744696,20260531
Bybit,JCTUSDT,JCT,USDT,USDT,20.0,4.0,1e-07,2026-05-31 22:09:58.744696,20260531
Bybit,JELLYJELLYUSDT,JELLYJELLY,USDT,USDT,20.0,4.0,1e-05,2026-05-31 22:09:58.744696,20260531
Bybit,JSTUSDT,JST,USDT,USDT,25.0,8.0,1e-05,2026-05-31 22:09:58.744696,20260531
Bybit,JTOUSDT,JTO,USDT,USDT,50.0,4.0,0.0001,2026-05-31 22:09:58.744696,20260531
Bybit,JUPUSDT,JUP,USDT,USDT,50.0,4.0,1e-05,2026-05-31 22:09:58.744696,20260531
Bybit,KAIAUSDT,KAIA,USDT,USDT,50.0,4.0,1e-05,2026-05-31 22:09:58.744696,20260531
Bybit,KAITOUSDT,KAITO,USDT,USDT,75.0,4.0,0.0001,2026-05-31 22:09:58.744696,20260531
Bybit,KASPERP,KAS,USDC,USDC,50.0,4.0,1e-05,2026-05-31 22:09:58.744696,20260531
Bybit,KASUSDT,KAS,USDT,USDT,50.0,4.0,1e-05,2026-05-31 22:09:58.744696,20260531
Bybit,KATUSDT,KAT,USDT,USDT,25.0,4.0,1e-05,2026-05-31 22:09:58.744696,20260531
Bybit,KAVAUSDT,KAVA,USDT,USDT,25.0,8.0,1e-05,2026-05-31 22:09:58.744696,20260531
Bybit,KERNELUSDT,KERNEL,USDT,USDT,20.0,4.0,1e-05,2026-05-31 22:09:58.744696,20260531
Bybit,KGENUSDT,KGEN,USDT,USDT,20.0,4.0,1e-05,2026-05-31 22:09:58.744696,20260531
Bybit,KITEUSDT,KITE,USDT,USDT,25.0,4.0,1e-05,2026-05-31 22:09:58.744696,20260531
Bybit,KMNOUSDT,KMNO,USDT,USDT,25.0,4.0,1e-05,2026-05-31 22:09:58.744696,20260531
Bybit,KNCUSDT,KNC,USDT,USDT,25.0,8.0,1e-05,2026-05-31 22:09:58.744696,20260531
Bybit,KSMUSDT,KSM,USDT,USDT,25.0,8.0,0.001,2026-05-31 22:09:58.744696,20260531
Bybit,LABUSDT,LAB,USDT,USDT,20.0,4.0,0.0001,2026-05-31 22:09:58.744696,20260531
Bybit,LAUSDT,LA,USDT,USDT,25.0,4.0,1e-05,2026-05-31 22:09:58.744696,20260531
Bybit,LDOUSDT,LDO,USDT,USDT,50.0,8.0,0.0001,2026-05-31 22:09:58.744696,20260531
Bybit,LIGHTUSDT,LIGHT,USDT,USDT,12.0,4.0,0.0001,2026-05-31 22:09:58.744696,20260531
Bybit,LINEAUSDT,LINEA,USDT,USDT,50.0,4.0,1e-06,2026-05-31 22:09:58.744696,20260531
Bybit,LINKPERP,LINK,USDC,USDC,50.0,8.0,0.001,2026-05-31 22:09:58.744696,20260531
Bybit,LINKUSDT,LINK,USDT,USDT,50.0,8.0,0.001,2026-05-31 22:09:58.744696,20260531
Bybit,LITEUSDT,LITE,USDT,USDT,10.0,8.0,0.01,2026-05-31 22:09:58.744696,20260531
Bybit,LITUSDT,LIT,USDT,USDT,25.0,4.0,0.0001,2026-05-31 22:09:58.744696,20260531
Bybit,LLYUSDT,LLY,USDT,USDT,20.0,8.0,0.01,2026-05-31 22:09:58.744696,20260531
Bybit,LPTUSDT,LPT,USDT,USDT,25.0,4.0,0.001,2026-05-31 22:09:58.744696,20260531
Bybit,LQTYUSDT,LQTY,USDT,USDT,20.0,8.0,0.0001,2026-05-31 22:09:58.744696,20260531
Bybit,LRCUSDT,LRC,USDT,USDT,25.0,8.0,1e-05,2026-05-31 22:09:58.744696,20260531
Bybit,LSKUSDT,LSK,USDT,USDT,25.0,4.0,1e-05,2026-05-31 22:09:58.744696,20260531
Bybit,LTCPERP,LTC,USDC,USDC,75.0,4.0,0.01,2026-05-31 22:09:58.744696,20260531
Bybit,LTCUSDT,LTC,USDT,USDT,50.0,8.0,0.01,2026-05-31 22:09:58.744696,20260531
Bybit,LUMIAUSDT,LUMIA,USDT,USDT,25.0,4.0,1e-05,2026-05-31 22:09:58.744696,20260531
Bybit,LUNA2USDT,LUNA2,USDT,USDT,25.0,8.0,1e-05,2026-05-31 22:09:58.744696,20260531
Bybit,LYNUSDT,LYN,USDT,USDT,25.0,4.0,1e-05,2026-05-31 22:09:58.744696,20260531
Bybit,MAGICUSDT,MAGIC,USDT,USDT,25.0,4.0,1e-05,2026-05-31 22:09:58.744696,20260531
Bybit,MAGMAUSDT,MAGMA,USDT,USDT,20.0,4.0,1e-05,2026-05-31 22:09:58.744696,20260531
Bybit,MANAUSDT,MANA,USDT,USDT,25.0,8.0,1e-05,2026-05-31 22:09:58.744696,20260531
Bybit,MANTAUSDT,MANTA,USDT,USDT,25.0,4.0,1e-05,2026-05-31 22:09:58.744696,20260531
Bybit,MASKUSDT,MASK,USDT,USDT,25.0,4.0,0.0001,2026-05-31 22:09:58.744696,20260531
Bybit,MAVIAUSDT,MAVIA,USDT,USDT,25.0,4.0,1e-05,2026-05-31 22:09:58.744696,20260531
Bybit,MAVUSDT,MAV,USDT,USDT,20.0,8.0,1e-06,2026-05-31 22:09:58.744696,20260531
Bybit,MBOXUSDT,MBOX,USDT,USDT,25.0,4.0,1e-06,2026-05-31 22:09:58.744696,20260531
Bybit,MEGAUSDT,MEGA,USDT,USDT,20.0,4.0,1e-05,2026-05-31 22:09:58.744696,20260531
Bybit,MELANIAUSDT,MELANIA,USDT,USDT,20.0,4.0,1e-05,2026-05-31 22:09:58.744696,20260531
Bybit,MEMEUSDT,MEME,USDT,USDT,50.0,4.0,1e-07,2026-05-31 22:09:58.744696,20260531
Bybit,MERLPERP,MERL,USDC,USDC,25.0,4.0,1e-05,2026-05-31 22:09:58.744696,20260531
Bybit,MERLUSDT,MERL,USDT,USDT,25.0,8.0,1e-05,2026-05-31 22:09:58.744696,20260531
Bybit,METAUSDT,META,USDT,USDT,20.0,8.0,0.01,2026-05-31 22:09:58.744696,20260531
Bybit,METISUSDT,METIS,USDT,USDT,20.0,4.0,0.001,2026-05-31 22:09:58.744696,20260531
Bybit,METUSDT,MET,USDT,USDT,25.0,4.0,1e-05,2026-05-31 22:09:58.744696,20260531
Bybit,MEUSDT,ME,USDT,USDT,25.0,4.0,1e-05,2026-05-31 22:09:58.744696,20260531
Bybit,MEWUSDT,MEW,USDT,USDT,25.0,4.0,1e-07,2026-05-31 22:09:58.744696,20260531
Bybit,MINAUSDT,MINA,USDT,USDT,25.0,4.0,1e-05,2026-05-31 22:09:58.744696,20260531
Bybit,MIRAUSDT,MIRA,USDT,USDT,25.0,4.0,1e-05,2026-05-31 22:09:58.744696,20260531
Bybit,MITOUSDT,MITO,USDT,USDT,25.0,4.0,1e-05,2026-05-31 22:09:58.744696,20260531
Bybit,MLNUSDT,MLN,USDT,USDT,20.0,4.0,0.001,2026-05-31 22:09:58.744696,20260531
Bybit,MMTUSDT,MMT,USDT,USDT,25.0,4.0,1e-05,2026-05-31 22:09:58.744696,20260531
Bybit,MNTPERP,MNT,USDC,USDC,25.0,8.0,0.0001,2026-05-31 22:09:58.744696,20260531
Bybit,MNTUSDT,MNT,USDT,USDT,25.0,8.0,0.0001,2026-05-31 22:09:58.744696,20260531
Bybit,MNTUSDT-05JUN26,MNT,USDT,USDT,25.0,0.0,0.0001,2026-05-31 22:09:58.744696,20260531
Bybit,MNTUSDT-12JUN26,MNT,USDT,USDT,25.0,0.0,0.0001,2026-05-31 22:09:58.744696,20260531
Bybit,MNTUSDT-19JUN26,MNT,USDT,USDT,25.0,0.0,0.0001,2026-05-31 22:09:58.744696,20260531
Bybit,MNTUSDT-26JUN26,MNT,USDT,USDT,25.0,0.0,0.0001,2026-05-31 22:09:58.744696,20260531
Bybit,MOCAUSDT,MOCA,USDT,USDT,25.0,4.0,1e-06,2026-05-31 22:09:58.744696,20260531
Bybit,MONUSDT,MON,USDT,USDT,50.0,8.0,1e-06,2026-05-31 22:09:58.744696,20260531
Bybit,MOODENGPERP,MOODENG,USDC,USDC,20.0,4.0,1e-05,2026-05-31 22:09:58.744696,20260531
Bybit,MOODENGUSDT,MOODENG,USDT,USDT,50.0,4.0,1e-05,2026-05-31 22:09:58.744696,20260531
Bybit,MORPHOUSDT,MORPHO,USDT,USDT,25.0,4.0,0.0001,2026-05-31 22:09:58.744696,20260531
Bybit,MOVEUSDT,MOVE,USDT,USDT,25.0,4.0,1e-05,2026-05-31 22:09:58.744696,20260531
Bybit,MOVRUSDT,MOVR,USDT,USDT,20.0,4.0,0.0001,2026-05-31 22:09:58.744696,20260531
Bybit,MRVLUSDT,MRVL,USDT,USDT,10.0,8.0,0.01,2026-05-31 22:09:58.744696,20260531
Bybit,MSFTUSDT,MSFT,USDT,USDT,20.0,8.0,0.01,2026-05-31 22:09:58.744696,20260531
Bybit,MSTRUSDT,MSTR,USDT,USDT,20.0,8.0,0.01,2026-05-31 22:09:58.744696,20260531
Bybit,MTLUSDT,MTL,USDT,USDT,20.0,8.0,0.0001,2026-05-31 22:09:58.744696,20260531
Bybit,MUBARAKUSDT,MUBARAK,USDT,USDT,20.0,4.0,1e-06,2026-05-31 22:09:58.744696,20260531
Bybit,MUSDT,M,USDT,USDT,20.0,4.0,0.0001,2026-05-31 22:09:58.744696,20260531
Bybit,MUUSDT,MU,USDT,USDT,20.0,8.0,0.01,2026-05-31 22:09:58.744696,20260531
Bybit,MYXUSDT,MYX,USDT,USDT,12.0,4.0,0.0001,2026-05-31 22:09:58.744696,20260531
Bybit,NAORISUSDT,NAORIS,USDT,USDT,20.0,4.0,1e-05,2026-05-31 22:09:58.744696,20260531
Bybit,NBISUSDT,NBIS,USDT,USDT,10.0,8.0,0.01,2026-05-31 22:09:58.744696,20260531
Bybit,NEARUSDT,NEAR,USDT,USDT,50.0,8.0,0.0001,2026-05-31 22:09:58.744696,20260531
Bybit,NEOUSDT,NEO,USDT,USDT,50.0,8.0,0.001,2026-05-31 22:09:58.744696,20260531
Bybit,NEWTUSDT,NEWT,USDT,USDT,20.0,4.0,1e-05,2026-05-31 22:09:58.744696,20260531
Bybit,NIGHTPERP,NIGHT,USDC,USDC,25.0,4.0,1e-05,2026-05-31 22:09:58.744696,20260531
Bybit,NIGHTUSDT,NIGHT,USDT,USDT,50.0,4.0,1e-05,2026-05-31 22:09:58.744696,20260531
Bybit,NILUSDT,NIL,USDT,USDT,20.0,4.0,1e-05,2026-05-31 22:09:58.744696,20260531
Bybit,NMRUSDT,NMR,USDT,USDT,50.0,4.0,0.001,2026-05-31 22:09:58.744696,20260531
Bybit,NOMUSDT,NOM,USDT,USDT,25.0,4.0,1e-06,2026-05-31 22:09:58.744696,20260531
Bybit,NOTPERP,NOT,USDC,USDC,50.0,8.0,1e-07,2026-05-31 22:09:58.744696,20260531
Bybit,NOTUSDT,NOT,USDT,USDT,25.0,4.0,1e-07,2026-05-31 22:09:58.744696,20260531
Bybit,NVDAUSDT,NVDA,USDT,USDT,20.0,8.0,0.01,2026-05-31 22:09:58.744696,20260531
Bybit,NXPCUSDT,NXPC,USDT,USDT,25.0,4.0,0.0001,2026-05-31 22:09:58.744696,20260531
Bybit,OGNUSDT,OGN,USDT,USDT,12.0,8.0,1e-06,2026-05-31 22:09:58.744696,20260531
Bybit,OGUSDT,OG,USDT,USDT,12.0,8.0,0.001,2026-05-31 22:09:58.744696,20260531
Bybit,OKBUSDT,OKB,USDT,USDT,25.0,4.0,0.01,2026-05-31 22:09:58.744696,20260531
Bybit,OLUSDT,OL,USDT,USDT,5.0,8.0,1e-06,2026-05-31 22:09:58.744696,20260531
Bybit,ONDOPERP,ONDO,USDC,USDC,50.0,8.0,0.0001,2026-05-31 22:09:58.744696,20260531
Bybit,ONDOUSDT,ONDO,USDT,USDT,50.0,4.0,0.0001,2026-05-31 22:09:58.744696,20260531
Bybit,ONGUSDT,ONG,USDT,USDT,20.0,4.0,1e-05,2026-05-31 22:09:58.744696,20260531
Bybit,ONTUSDT,ONT,USDT,USDT,25.0,4.0,1e-05,2026-05-31 22:09:58.744696,20260531
Bybit,OPENUSDT,OPEN,USDT,USDT,25.0,4.0,1e-05,2026-05-31 22:09:58.744696,20260531
Bybit,OPGUSDT,OPG,USDT,USDT,20.0,4.0,0.0001,2026-05-31 22:09:58.744696,20260531
Bybit,OPNUSDT,OPN,USDT,USDT,25.0,4.0,0.0001,2026-05-31 22:09:58.744696,20260531
Bybit,OPPERP,OP,USDC,USDC,50.0,8.0,1e-05,2026-05-31 22:09:58.744696,20260531
Bybit,OPUSDT,OP,USDT,USDT,50.0,8.0,1e-05,2026-05-31 22:09:58.745693,20260531
Bybit,ORBSUSDT,ORBS,USDT,USDT,20.0,4.0,1e-06,2026-05-31 22:09:58.745693,20260531
Bybit,ORCAUSDT,ORCA,USDT,USDT,25.0,4.0,0.0001,2026-05-31 22:09:58.745693,20260531
Bybit,ORCLUSDT,ORCL,USDT,USDT,20.0,8.0,0.01,2026-05-31 22:09:58.745693,20260531
Bybit,ORDERUSDT,ORDER,USDT,USDT,20.0,8.0,1e-05,2026-05-31 22:09:58.745693,20260531
Bybit,ORDIPERP,ORDI,USDC,USDC,50.0,8.0,0.001,2026-05-31 22:09:58.745693,20260531
Bybit,ORDIUSDT,ORDI,USDT,USDT,50.0,4.0,0.001,2026-05-31 22:09:58.745693,20260531
Bybit,PARTIUSDT,PARTI,USDT,USDT,25.0,4.0,1e-05,2026-05-31 22:09:58.745693,20260531
Bybit,PAXGPERP,PAXG,USDC,USDC,20.0,4.0,0.1,2026-05-31 22:09:58.745693,20260531
Bybit,PAXGUSDT,PAXG,USDT,USDT,75.0,4.0,0.1,2026-05-31 22:09:58.745693,20260531
Bybit,PEAQUSDT,PEAQ,USDT,USDT,5.0,8.0,1e-06,2026-05-31 22:09:58.745693,20260531
Bybit,PENDLEPERP,PENDLE,USDC,USDC,20.0,4.0,0.0001,2026-05-31 22:09:58.745693,20260531
Bybit,PENDLEUSDT,PENDLE,USDT,USDT,50.0,8.0,0.0001,2026-05-31 22:09:58.745693,20260531
Bybit,PENGUPERP,PENGU,USDC,USDC,20.0,4.0,1e-06,2026-05-31 22:09:58.745693,20260531
Bybit,PENGUUSDT,PENGU,USDT,USDT,75.0,4.0,1e-06,2026-05-31 22:09:58.745693,20260531
Bybit,PEOPLEUSDT,PEOPLE,USDT,USDT,25.0,8.0,1e-06,2026-05-31 22:09:58.745693,20260531
Bybit,PHAROSUSDT,PHAROS,USDT,USDT,20.0,4.0,0.0001,2026-05-31 22:09:58.745693,20260531
Bybit,PHAUSDT,PHA,USDT,USDT,20.0,4.0,1e-05,2026-05-31 22:09:58.745693,20260531
Bybit,PIEVERSEUSDT,PIEVERSE,USDT,USDT,25.0,4.0,0.0001,2026-05-31 22:09:58.745693,20260531
Bybit,PIPPINUSDT,PIPPIN,USDT,USDT,12.0,4.0,1e-05,2026-05-31 22:09:58.745693,20260531
Bybit,PIXELUSDT,PIXEL,USDT,USDT,25.0,4.0,1e-06,2026-05-31 22:09:58.745693,20260531
Bybit,PLAYSOUTUSDT,PLAYSOUT,USDT,USDT,12.0,4.0,1e-05,2026-05-31 22:09:58.745693,20260531
Bybit,PLTRUSDT,PLTR,USDT,USDT,20.0,8.0,0.01,2026-05-31 22:09:58.745693,20260531
Bybit,PLUMEUSDT,PLUME,USDT,USDT,50.0,4.0,1e-06,2026-05-31 22:09:58.745693,20260531
Bybit,PNUTPERP,PNUT,USDC,USDC,20.0,4.0,1e-05,2026-05-31 22:09:58.745693,20260531
Bybit,PNUTUSDT,PNUT,USDT,USDT,50.0,4.0,1e-05,2026-05-31 22:09:58.745693,20260531
Bybit,POLPERP,POL,USDC,USDC,50.0,8.0,1e-05,2026-05-31 22:09:58.745693,20260531
Bybit,POLUSDT,POL,USDT,USDT,75.0,4.0,1e-05,2026-05-31 22:09:58.745693,20260531
Bybit,POLYXUSDT,POLYX,USDT,USDT,12.0,4.0,1e-05,2026-05-31 22:09:58.745693,20260531
Bybit,POPCATPERP,POPCAT,USDC,USDC,50.0,8.0,1e-05,2026-05-31 22:09:58.745693,20260531
Bybit,POPCATUSDT,POPCAT,USDT,USDT,50.0,4.0,1e-05,2026-05-31 22:09:58.745693,20260531
Bybit,PORTALUSDT,PORTAL,USDT,USDT,20.0,4.0,1e-06,2026-05-31 22:09:58.745693,20260531
Bybit,POWERUSDT,POWER,USDT,USDT,20.0,4.0,1e-05,2026-05-31 22:09:58.745693,20260531
Bybit,POWRUSDT,POWR,USDT,USDT,12.0,4.0,1e-05,2026-05-31 22:09:58.745693,20260531
Bybit,PRLUSDT,PRL,USDT,USDT,25.0,4.0,0.0001,2026-05-31 22:09:58.745693,20260531
Bybit,PROMPTUSDT,PROMPT,USDT,USDT,5.0,4.0,1e-05,2026-05-31 22:09:58.745693,20260531
Bybit,PROVEUSDT,PROVE,USDT,USDT,25.0,4.0,0.0001,2026-05-31 22:09:58.745693,20260531
Bybit,PTBUSDT,PTB,USDT,USDT,25.0,4.0,1e-07,2026-05-31 22:09:58.745693,20260531
Bybit,PUFFERUSDT,PUFFER,USDT,USDT,5.0,8.0,1e-05,2026-05-31 22:09:58.745693,20260531
Bybit,PUMPBTCUSDT,PUMPBTC,USDT,USDT,5.0,4.0,1e-06,2026-05-31 22:09:58.745693,20260531
Bybit,PUMPFUNPERP,PUMPFUN,USDC,USDC,20.0,4.0,1e-07,2026-05-31 22:09:58.745693,20260531
Bybit,PUMPFUNUSDT,PUMPFUN,USDT,USDT,75.0,4.0,1e-07,2026-05-31 22:09:58.745693,20260531
Bybit,PUNDIXUSDT,PUNDIX,USDT,USDT,20.0,4.0,1e-05,2026-05-31 22:09:58.745693,20260531
Bybit,PYRUSDT,PYR,USDT,USDT,20.0,8.0,0.0001,2026-05-31 22:09:58.745693,20260531
Bybit,PYTHUSDT,PYTH,USDT,USDT,50.0,4.0,1e-05,2026-05-31 22:09:58.745693,20260531
Bybit,QCOMUSDT,QCOM,USDT,USDT,10.0,8.0,0.01,2026-05-31 22:09:58.745693,20260531
Bybit,QNTUSDT,QNT,USDT,USDT,25.0,8.0,0.01,2026-05-31 22:09:58.745693,20260531
Bybit,QQQUSDT,QQQ,USDT,USDT,20.0,8.0,0.01,2026-05-31 22:09:58.745693,20260531
Bybit,QTUMUSDT,QTUM,USDT,USDT,25.0,8.0,0.0001,2026-05-31 22:09:58.745693,20260531
Bybit,QUSDT,Q,USDT,USDT,12.0,4.0,1e-06,2026-05-31 22:09:58.745693,20260531
Bybit,RAREUSDT,RARE,USDT,USDT,20.0,4.0,1e-06,2026-05-31 22:09:58.745693,20260531
Bybit,RAVEUSDT,RAVE,USDT,USDT,25.0,4.0,1e-05,2026-05-31 22:09:58.745693,20260531
Bybit,RAYDIUMUSDT,RAYDIUM,USDT,USDT,25.0,4.0,0.0001,2026-05-31 22:09:58.745693,20260531
Bybit,RECALLUSDT,RECALL,USDT,USDT,25.0,4.0,1e-05,2026-05-31 22:09:58.745693,20260531
Bybit,REDUSDT,RED,USDT,USDT,25.0,4.0,1e-05,2026-05-31 22:09:58.745693,20260531
Bybit,RENDERUSDT,RENDER,USDT,USDT,50.0,4.0,0.0001,2026-05-31 22:09:58.745693,20260531
Bybit,REQUSDT,REQ,USDT,USDT,5.0,8.0,1e-05,2026-05-31 22:09:58.745693,20260531
Bybit,RESOLVPERP,RESOLV,USDC,USDC,20.0,4.0,1e-05,2026-05-31 22:09:58.745693,20260531
Bybit,RESOLVUSDT,RESOLV,USDT,USDT,25.0,4.0,1e-05,2026-05-31 22:09:58.745693,20260531
Bybit,REZUSDT,REZ,USDT,USDT,25.0,4.0,1e-06,2026-05-31 22:09:58.745693,20260531
Bybit,RIVERUSDT,RIVER,USDT,USDT,25.0,4.0,0.001,2026-05-31 22:09:58.745693,20260531
Bybit,RKLBUSDT,RKLB,USDT,USDT,10.0,8.0,0.01,2026-05-31 22:09:58.745693,20260531
Bybit,RLCUSDT,RLC,USDT,USDT,12.0,8.0,0.0001,2026-05-31 22:09:58.745693,20260531
Bybit,RLUSDUSDT,RLUSD,USDT,USDT,25.0,4.0,0.0001,2026-05-31 22:09:58.745693,20260531
Bybit,ROAMUSDT,ROAM,USDT,USDT,5.0,4.0,1e-06,2026-05-31 22:09:58.745693,20260531
Bybit,ROBOUSDT,ROBO,USDT,USDT,25.0,4.0,1e-05,2026-05-31 22:09:58.745693,20260531
Bybit,RONINUSDT,RONIN,USDT,USDT,5.0,4.0,1e-05,2026-05-31 22:09:58.745693,20260531
Bybit,ROSEUSDT,ROSE,USDT,USDT,25.0,8.0,1e-06,2026-05-31 22:09:58.745693,20260531
Bybit,RPLUSDT,RPL,USDT,USDT,12.0,4.0,0.0001,2026-05-31 22:09:58.745693,20260531
Bybit,RSRUSDT,RSR,USDT,USDT,25.0,8.0,1e-07,2026-05-31 22:09:58.745693,20260531
Bybit,RUNEUSDT,RUNE,USDT,USDT,25.0,8.0,0.0001,2026-05-31 22:09:58.745693,20260531
Bybit,RVNUSDT,RVN,USDT,USDT,25.0,4.0,1e-06,2026-05-31 22:09:58.745693,20260531
Bybit,SAFEUSDT,SAFE,USDT,USDT,25.0,4.0,1e-05,2026-05-31 22:09:58.745693,20260531
Bybit,SAGAUSDT,SAGA,USDT,USDT,20.0,4.0,1e-05,2026-05-31 22:09:58.745693,20260531
Bybit,SAHARAPERP,SAHARA,USDC,USDC,20.0,4.0,1e-06,2026-05-31 22:09:58.745693,20260531
Bybit,SAHARAUSDT,SAHARA,USDT,USDT,20.0,4.0,1e-06,2026-05-31 22:09:58.745693,20260531
Bybit,SANDUSDT,SAND,USDT,USDT,50.0,8.0,1e-05,2026-05-31 22:09:58.745693,20260531
Bybit,SAPIENUSDT,SAPIEN,USDT,USDT,20.0,4.0,1e-05,2026-05-31 22:09:58.745693,20260531
Bybit,SCRTUSDT,SCRT,USDT,USDT,20.0,4.0,1e-05,2026-05-31 22:09:58.745693,20260531
Bybit,SCRUSDT,SCR,USDT,USDT,5.0,4.0,1e-05,2026-05-31 22:09:58.745693,20260531
Bybit,SCUSDT,SC,USDT,USDT,5.0,4.0,1e-07,2026-05-31 22:09:58.745693,20260531
Bybit,SEIPERP,SEI,USDC,USDC,20.0,4.0,1e-05,2026-05-31 22:09:58.745693,20260531
Bybit,SEIUSDT,SEI,USDT,USDT,50.0,8.0,1e-05,2026-05-31 22:09:58.745693,20260531
Bybit,SENTUSDT,SENT,USDT,USDT,50.0,4.0,1e-06,2026-05-31 22:09:58.745693,20260531
Bybit,SHELLUSDT,SHELL,USDT,USDT,12.0,4.0,1e-05,2026-05-31 22:09:58.745693,20260531
Bybit,SHIB1000PERP,SHIB1000,USDC,USDC,50.0,8.0,1e-06,2026-05-31 22:09:58.745693,20260531
Bybit,SHIB1000USDT,SHIB1000,USDT,USDT,50.0,8.0,1e-06,2026-05-31 22:09:58.745693,20260531
Bybit,SIGNUSDT,SIGN,USDT,USDT,25.0,4.0,1e-05,2026-05-31 22:09:58.745693,20260531
Bybit,SIRENUSDT,SIREN,USDT,USDT,5.0,4.0,1e-05,2026-05-31 22:09:58.745693,20260531
Bybit,SKLUSDT,SKL,USDT,USDT,25.0,8.0,1e-06,2026-05-31 22:09:58.745693,20260531
Bybit,SKRUSDT,SKR,USDT,USDT,20.0,4.0,1e-06,2026-05-31 22:09:58.745693,20260531
Bybit,SKYAI1USDT,SKYAI1,USDT,USDT,10.0,4.0,1e-05,2026-05-31 22:09:58.745693,20260531
Bybit,SKYUSDT,SKY,USDT,USDT,25.0,4.0,1e-05,2026-05-31 22:09:58.745693,20260531
Bybit,SLPUSDT,SLP,USDT,USDT,20.0,8.0,1e-07,2026-05-31 22:09:58.745693,20260531
Bybit,SNDKUSDT,SNDK,USDT,USDT,20.0,8.0,0.01,2026-05-31 22:09:58.745693,20260531
Bybit,SNTUSDT,SNT,USDT,USDT,5.0,4.0,1e-06,2026-05-31 22:09:58.745693,20260531
Bybit,SNXUSDT,SNX,USDT,USDT,25.0,8.0,0.0001,2026-05-31 22:09:58.745693,20260531
Bybit,SOLAYERUSDT,SOLAYER,USDT,USDT,25.0,4.0,1e-05,2026-05-31 22:09:58.745693,20260531
Bybit,SOLPERP,SOL,USDC,USDC,66.0,8.0,0.01,2026-05-31 22:09:58.745693,20260531
Bybit,SOLUSDT,SOL,USDT,USDT,100.0,8.0,0.01,2026-05-31 22:09:58.745693,20260531
Bybit,SOLUSDT-05JUN26,SOL,USDT,USDT,50.0,0.0,0.01,2026-05-31 22:09:58.745693,20260531
Bybit,SOLUSDT-12JUN26,SOL,USDT,USDT,50.0,0.0,0.01,2026-05-31 22:09:58.745693,20260531
Bybit,SOLUSDT-19JUN26,SOL,USDT,USDT,50.0,0.0,0.01,2026-05-31 22:09:58.745693,20260531
Bybit,SOLUSDT-26JUN26,SOL,USDT,USDT,50.0,0.0,0.01,2026-05-31 22:09:58.745693,20260531
Bybit,SOLVUSDT,SOLV,USDT,USDT,25.0,4.0,1e-06,2026-05-31 22:09:58.745693,20260531
Bybit,SOMIUSDT,SOMI,USDT,USDT,50.0,4.0,1e-05,2026-05-31 22:09:58.745693,20260531
Bybit,SONICUSDT,SONIC,USDT,USDT,25.0,4.0,1e-05,2026-05-31 22:09:58.745693,20260531
Bybit,SOONUSDT,SOON,USDT,USDT,25.0,4.0,1e-05,2026-05-31 22:09:58.745693,20260531
Bybit,SOPHUSDT,SOPH,USDT,USDT,25.0,4.0,1e-06,2026-05-31 22:09:58.745693,20260531
Bybit,SOSOUSDT,SOSO,USDT,USDT,5.0,4.0,0.0001,2026-05-31 22:09:58.745693,20260531
Bybit,SOXLUSDT,SOXL,USDT,USDT,20.0,8.0,0.01,2026-05-31 22:09:58.745693,20260531
Bybit,SPACEUSDT,SPACE,USDT,USDT,12.0,4.0,1e-06,2026-05-31 22:09:58.745693,20260531
Bybit,SPKUSDT,SPK,USDT,USDT,25.0,4.0,1e-06,2026-05-31 22:09:58.745693,20260531
Bybit,SPORTFUNUSDT,SPORTFUN,USDT,USDT,20.0,4.0,1e-05,2026-05-31 22:09:58.745693,20260531
Bybit,SPXPERP,SPX,USDC,USDC,20.0,4.0,0.0001,2026-05-31 22:09:58.745693,20260531
Bybit,SPXUSDT,SPX,USDT,USDT,50.0,4.0,0.0001,2026-05-31 22:09:58.745693,20260531
Bybit,SPYUSDT,SPY,USDT,USDT,20.0,8.0,0.01,2026-05-31 22:09:58.745693,20260531
Bybit,SQDUSDT,SQD,USDT,USDT,20.0,4.0,1e-05,2026-05-31 22:09:58.745693,20260531
Bybit,SSVUSDT,SSV,USDT,USDT,50.0,8.0,0.001,2026-05-31 22:09:58.745693,20260531
Bybit,STABLEUSDT,STABLE,USDT,USDT,25.0,4.0,1e-06,2026-05-31 22:09:58.745693,20260531
Bybit,STBLUSDT,STBL,USDT,USDT,20.0,4.0,1e-05,2026-05-31 22:09:58.745693,20260531
Bybit,STEEMUSDT,STEEM,USDT,USDT,12.0,4.0,1e-05,2026-05-31 22:09:58.745693,20260531
Bybit,STGUSDT,STG,USDT,USDT,25.0,8.0,1e-05,2026-05-31 22:09:58.745693,20260531
Bybit,STORJUSDT,STORJ,USDT,USDT,25.0,8.0,1e-05,2026-05-31 22:09:58.745693,20260531
Bybit,STOUSDT,STO,USDT,USDT,12.0,4.0,1e-05,2026-05-31 22:09:58.745693,20260531
Bybit,STRKPERP,STRK,USDC,USDC,50.0,8.0,1e-05,2026-05-31 22:09:58.745693,20260531
Bybit,STRKUSDT,STRK,USDT,USDT,50.0,4.0,1e-05,2026-05-31 22:09:58.745693,20260531
Bybit,STXUSDT,STX,USDT,USDT,50.0,8.0,0.0001,2026-05-31 22:09:58.745693,20260531
Bybit,SUIPERP,SUI,USDC,USDC,50.0,8.0,0.0001,2026-05-31 22:09:58.745693,20260531
Bybit,SUIUSDT,SUI,USDT,USDT,50.0,8.0,0.0001,2026-05-31 22:09:58.745693,20260531
Bybit,SUNUSDT,SUN,USDT,USDT,25.0,4.0,1e-06,2026-05-31 22:09:58.745693,20260531
Bybit,SUPERUSDT,SUPER,USDT,USDT,25.0,4.0,1e-05,2026-05-31 22:09:58.745693,20260531
Bybit,SUSDT,S,USDT,USDT,50.0,4.0,1e-05,2026-05-31 22:09:58.745693,20260531
Bybit,SUSHIUSDT,SUSHI,USDT,USDT,25.0,8.0,1e-05,2026-05-31 22:09:58.745693,20260531
Bybit,SWARMSUSDT,SWARMS,USDT,USDT,5.0,4.0,1e-06,2026-05-31 22:09:58.745693,20260531
Bybit,SXTUSDT,SXT,USDT,USDT,12.0,4.0,1e-05,2026-05-31 22:09:58.745693,20260531
Bybit,SYRUPUSDT,SYRUP,USDT,USDT,25.0,4.0,1e-05,2026-05-31 22:09:58.745693,20260531
Bybit,TACUSDT,TAC,USDT,USDT,5.0,4.0,1e-06,2026-05-31 22:09:58.745693,20260531
Bybit,TAIKOUSDT,TAIKO,USDT,USDT,20.0,8.0,1e-05,2026-05-31 22:09:58.745693,20260531
Bybit,TAOPERP,TAO,USDC,USDC,20.0,4.0,0.01,2026-05-31 22:09:58.745693,20260531
Bybit,TAOUSDT,TAO,USDT,USDT,50.0,4.0,0.01,2026-05-31 22:09:58.745693,20260531
Bybit,TAUSDT,TA,USDT,USDT,5.0,4.0,1e-05,2026-05-31 22:09:58.745693,20260531
Bybit,THETAUSDT,THETA,USDT,USDT,25.0,8.0,1e-05,2026-05-31 22:09:58.745693,20260531
Bybit,THEUSDT,THE,USDT,USDT,20.0,4.0,1e-05,2026-05-31 22:09:58.745693,20260531
Bybit,TIAPERP,TIA,USDC,USDC,50.0,8.0,0.0001,2026-05-31 22:09:58.745693,20260531
Bybit,TIAUSDT,TIA,USDT,USDT,50.0,4.0,0.0001,2026-05-31 22:09:58.745693,20260531
Bybit,TLMUSDT,TLM,USDT,USDT,12.0,8.0,1e-07,2026-05-31 22:09:58.745693,20260531
Bybit,TNSRUSDT,TNSR,USDT,USDT,25.0,4.0,1e-05,2026-05-31 22:09:58.745693,20260531
Bybit,TONPERP,TON,USDC,USDC,25.0,8.0,0.0001,2026-05-31 22:09:58.745693,20260531
Bybit,TONUSDT,TON,USDT,USDT,50.0,4.0,0.0001,2026-05-31 22:09:58.745693,20260531
Bybit,TOWNSUSDT,TOWNS,USDT,USDT,5.0,4.0,1e-06,2026-05-31 22:09:58.745693,20260531
Bybit,TRBUSDT,TRB,USDT,USDT,25.0,4.0,0.001,2026-05-31 22:09:58.745693,20260531
Bybit,TREEUSDT,TREE,USDT,USDT,20.0,4.0,1e-05,2026-05-31 22:09:58.745693,20260531
Bybit,TRIAUSDT,TRIA,USDT,USDT,25.0,4.0,1e-06,2026-05-31 22:09:58.745693,20260531
Bybit,TRUMPPERP,TRUMP,USDC,USDC,20.0,4.0,0.001,2026-05-31 22:09:58.745693,20260531
Bybit,TRUMPUSDT,TRUMP,USDT,USDT,50.0,4.0,0.001,2026-05-31 22:09:58.745693,20260531
Bybit,TRUSTUSDT,TRUST,USDT,USDT,25.0,4.0,1e-05,2026-05-31 22:09:58.745693,20260531
Bybit,TRUTHUSDT,TRUTH,USDT,USDT,20.0,4.0,1e-06,2026-05-31 22:09:58.745693,20260531
Bybit,TRXPERP,TRX,USDC,USDC,75.0,4.0,1e-05,2026-05-31 22:09:58.745693,20260531
Bybit,TRXUSDT,TRX,USDT,USDT,75.0,8.0,1e-05,2026-05-31 22:09:58.745693,20260531
Bybit,TSLAUSDT,TSLA,USDT,USDT,20.0,8.0,0.01,2026-05-31 22:09:58.745693,20260531
Bybit,TSMUSDT,TSM,USDT,USDT,20.0,8.0,0.01,2026-05-31 22:09:58.745693,20260531
Bybit,TSTBSCUSDT,TSTBSC,USDT,USDT,20.0,4.0,1e-06,2026-05-31 22:09:58.745693,20260531
Bybit,TURTLEUSDT,TURTLE,USDT,USDT,25.0,4.0,1e-05,2026-05-31 22:09:58.745693,20260531
Bybit,TUSDT,T,USDT,USDT,25.0,4.0,1e-06,2026-05-31 22:09:58.745693,20260531
Bybit,TUTUSDT,TUT,USDT,USDT,5.0,4.0,1e-06,2026-05-31 22:09:58.745693,20260531
Bybit,TWTPERP,TWT,USDC,USDC,50.0,4.0,0.0001,2026-05-31 22:09:58.745693,20260531
Bybit,TWTUSDT,TWT,USDT,USDT,25.0,4.0,0.0001,2026-05-31 22:09:58.745693,20260531
Bybit,UAIUSDT,UAI,USDT,USDT,20.0,4.0,1e-05,2026-05-31 22:09:58.745693,20260531
Bybit,UBUSDT,UB,USDT,USDT,20.0,4.0,1e-05,2026-05-31 22:09:58.745693,20260531
Bybit,UMAUSDT,UMA,USDT,USDT,25.0,4.0,0.0001,2026-05-31 22:09:58.745693,20260531
Bybit,UNIPERP,UNI,USDC,USDC,20.0,4.0,0.001,2026-05-31 22:09:58.745693,20260531
Bybit,UNIUSDT,UNI,USDT,USDT,50.0,8.0,0.001,2026-05-31 22:09:58.745693,20260531
Bybit,USD1USDT,USD1,USDT,USDT,50.0,4.0,0.0001,2026-05-31 22:09:58.745693,20260531
Bybit,USDCUSDT,USDC,USDT,USDT,50.0,8.0,0.0001,2026-05-31 22:09:58.745693,20260531
Bybit,USDEUSDT,USDE,USDT,USDT,50.0,8.0,0.0001,2026-05-31 22:09:58.745693,20260531
Bybit,USELESSUSDT,USELESS,USDT,USDT,12.0,4.0,1e-05,2026-05-31 22:09:58.745693,20260531
Bybit,USTCUSDT,USTC,USDT,USDT,20.0,4.0,1e-06,2026-05-31 22:09:58.745693,20260531
Bybit,USUALUSDT,USUAL,USDT,USDT,25.0,4.0,1e-06,2026-05-31 22:09:58.745693,20260531
Bybit,USUSDT,US,USDT,USDT,20.0,4.0,1e-06,2026-05-31 22:09:58.745693,20260531
Bybit,VANAUSDT,VANA,USDT,USDT,25.0,4.0,0.0001,2026-05-31 22:09:58.745693,20260531
Bybit,VANRYUSDT,VANRY,USDT,USDT,20.0,4.0,1e-06,2026-05-31 22:09:58.745693,20260531
Bybit,VELODROMEUSDT,VELODROME,USDT,USDT,20.0,4.0,1e-06,2026-05-31 22:09:58.745693,20260531
Bybit,VELOUSDT,VELO,USDT,USDT,5.0,8.0,1e-06,2026-05-31 22:09:58.745693,20260531
Bybit,VELVETUSDT,VELVET,USDT,USDT,5.0,4.0,1e-05,2026-05-31 22:09:58.745693,20260531
Bybit,VETUSDT,VET,USDT,USDT,25.0,8.0,1e-06,2026-05-31 22:09:58.745693,20260531
Bybit,VINEUSDT,VINE,USDT,USDT,20.0,4.0,1e-06,2026-05-31 22:09:58.745693,20260531
Bybit,VIRTUALPERP,VIRTUAL,USDC,USDC,20.0,4.0,0.0001,2026-05-31 22:09:58.745693,20260531
Bybit,VIRTUALUSDT,VIRTUAL,USDT,USDT,50.0,4.0,0.0001,2026-05-31 22:09:58.745693,20260531
Bybit,VVVUSDT,VVV,USDT,USDT,20.0,4.0,0.001,2026-05-31 22:09:58.745693,20260531
Bybit,WALUSDT,WAL,USDT,USDT,25.0,4.0,1e-05,2026-05-31 22:09:58.745693,20260531
Bybit,WAVESUSDT,WAVES,USDT,USDT,20.0,8.0,0.0001,2026-05-31 22:09:58.745693,20260531
Bybit,WAXPUSDT,WAXP,USDT,USDT,25.0,4.0,1e-06,2026-05-31 22:09:58.745693,20260531
Bybit,WCTUSDT,WCT,USDT,USDT,25.0,4.0,1e-05,2026-05-31 22:09:58.745693,20260531
Bybit,WDCUSDT,WDC,USDT,USDT,10.0,8.0,0.01,2026-05-31 22:09:58.745693,20260531
Bybit,WETUSDT,WET,USDT,USDT,50.0,4.0,1e-05,2026-05-31 22:09:58.745693,20260531
Bybit,WHITEWHALEUSDT,WHITEWHALE,USDT,USDT,12.0,4.0,1e-06,2026-05-31 22:09:58.745693,20260531
Bybit,WIFPERP,WIF,USDC,USDC,50.0,8.0,1e-05,2026-05-31 22:09:58.745693,20260531
Bybit,WIFUSDT,WIF,USDT,USDT,50.0,4.0,1e-05,2026-05-31 22:09:58.745693,20260531
Bybit,WLDPERP,WLD,USDC,USDC,50.0,8.0,0.0001,2026-05-31 22:09:58.745693,20260531
Bybit,WLDUSDT,WLD,USDT,USDT,50.0,8.0,0.0001,2026-05-31 22:09:58.745693,20260531
Bybit,WLFIPERP,WLFI,USDC,USDC,75.0,4.0,1e-05,2026-05-31 22:09:58.745693,20260531
Bybit,WLFIUSDT,WLFI,USDT,USDT,75.0,4.0,1e-05,2026-05-31 22:09:58.745693,20260531
Bybit,WOOUSDT,WOO,USDT,USDT,20.0,8.0,1e-06,2026-05-31 22:09:58.745693,20260531
Bybit,WUSDT,W,USDT,USDT,50.0,4.0,1e-06,2026-05-31 22:09:58.745693,20260531
Bybit,XAGUSDT,XAG,USDT,USDT,100.0,4.0,0.01,2026-05-31 22:09:58.745693,20260531
Bybit,XAIUSDT,XAI,USDT,USDT,25.0,4.0,1e-06,2026-05-31 22:09:58.745693,20260531
Bybit,XANUSDT,XAN,USDT,USDT,12.0,4.0,1e-06,2026-05-31 22:09:58.745693,20260531
Bybit,XAUTPERP,XAUT,USDC,USDC,50.0,4.0,0.1,2026-05-31 22:09:58.745693,20260531
Bybit,XAUTUSDT,XAUT,USDT,USDT,75.0,4.0,0.1,2026-05-31 22:09:58.745693,20260531
Bybit,XAUTUSDT-05JUN26,XAUT,USDT,USDT,50.0,0.0,0.1,2026-05-31 22:09:58.745693,20260531
Bybit,XAUTUSDT-12JUN26,XAUT,USDT,USDT,50.0,0.0,0.1,2026-05-31 22:09:58.745693,20260531
Bybit,XAUTUSDT-19JUN26,XAUT,USDT,USDT,50.0,0.0,0.1,2026-05-31 22:09:58.745693,20260531
Bybit,XAUTUSDT-26JUN26,XAUT,USDT,USDT,50.0,0.0,0.1,2026-05-31 22:09:58.745693,20260531
Bybit,XAUUSDT,XAU,USDT,USDT,100.0,4.0,0.01,2026-05-31 22:09:58.745693,20260531
Bybit,XCNUSDT,XCN,USDT,USDT,5.0,4.0,1e-06,2026-05-31 22:09:58.745693,20260531
Bybit,XDCUSDT,XDC,USDT,USDT,20.0,4.0,1e-05,2026-05-31 22:09:58.745693,20260531
Bybit,XIONUSDT,XION,USDT,USDT,5.0,4.0,1e-05,2026-05-31 22:09:58.745693,20260531
Bybit,XLMPERP,XLM,USDC,USDC,75.0,8.0,1e-05,2026-05-31 22:09:58.745693,20260531
Bybit,XLMUSDT,XLM,USDT,USDT,50.0,8.0,1e-05,2026-05-31 22:09:58.745693,20260531
Bybit,XMRPERP,XMR,USDC,USDC,20.0,4.0,0.01,2026-05-31 22:09:58.745693,20260531
Bybit,XMRUSDT,XMR,USDT,USDT,25.0,8.0,0.01,2026-05-31 22:09:58.745693,20260531
Bybit,XNYUSDT,XNY,USDT,USDT,5.0,4.0,1e-06,2026-05-31 22:09:58.745693,20260531
Bybit,XPINUSDT,XPIN,USDT,USDT,20.0,4.0,1e-07,2026-05-31 22:09:58.745693,20260531
Bybit,XPLPERP,XPL,USDC,USDC,50.0,4.0,1e-05,2026-05-31 22:09:58.745693,20260531
Bybit,XPLUSDT,XPL,USDT,USDT,75.0,4.0,1e-05,2026-05-31 22:09:58.745693,20260531
Bybit,XRPPERP,XRP,USDC,USDC,50.0,8.0,0.0001,2026-05-31 22:09:58.745693,20260531
Bybit,XRPUSDT,XRP,USDT,USDT,100.0,8.0,0.0001,2026-05-31 22:09:58.745693,20260531
Bybit,XRPUSDT-05JUN26,XRP,USDT,USDT,50.0,0.0,0.0001,2026-05-31 22:09:58.746690,20260531
Bybit,XRPUSDT-12JUN26,XRP,USDT,USDT,50.0,0.0,0.0001,2026-05-31 22:09:58.746690,20260531
Bybit,XRPUSDT-19JUN26,XRP,USDT,USDT,50.0,0.0,0.0001,2026-05-31 22:09:58.746690,20260531
Bybit,XRPUSDT-26JUN26,XRP,USDT,USDT,50.0,0.0,0.0001,2026-05-31 22:09:58.746690,20260531
Bybit,XTZUSDT,XTZ,USDT,USDT,50.0,4.0,0.0001,2026-05-31 22:09:58.746690,20260531
Bybit,XVGUSDT,XVG,USDT,USDT,20.0,8.0,1e-06,2026-05-31 22:09:58.746690,20260531
Bybit,XVSUSDT,XVS,USDT,USDT,12.0,8.0,0.001,2026-05-31 22:09:58.746690,20260531
Bybit,YBUSDT,YB,USDT,USDT,25.0,4.0,1e-05,2026-05-31 22:09:58.746690,20260531
Bybit,YFIUSDT,YFI,USDT,USDT,25.0,8.0,1.0,2026-05-31 22:09:58.746690,20260531
Bybit,YGGUSDT,YGG,USDT,USDT,25.0,4.0,1e-05,2026-05-31 22:09:58.746690,20260531
Bybit,ZAMAUSDT,ZAMA,USDT,USDT,25.0,4.0,1e-05,2026-05-31 22:09:58.746690,20260531
Bybit,ZBCNUSDT,ZBCN,USDT,USDT,5.0,8.0,1e-07,2026-05-31 22:09:58.746690,20260531
Bybit,ZBTUSDT,ZBT,USDT,USDT,25.0,4.0,1e-05,2026-05-31 22:09:58.746690,20260531
Bybit,ZECUSDT,ZEC,USDT,USDT,50.0,8.0,0.01,2026-05-31 22:09:58.746690,20260531
Bybit,ZENUSDT,ZEN,USDT,USDT,25.0,8.0,0.001,2026-05-31 22:09:58.746690,20260531
Bybit,ZEREBROUSDT,ZEREBRO,USDT,USDT,12.0,4.0,1e-06,2026-05-31 22:09:58.746690,20260531
Bybit,ZETAUSDT,ZETA,USDT,USDT,25.0,4.0,1e-05,2026-05-31 22:09:58.746690,20260531
Bybit,ZILUSDT,ZIL,USDT,USDT,25.0,8.0,1e-06,2026-05-31 22:09:58.746690,20260531
Bybit,ZKCUSDT,ZKC,USDT,USDT,25.0,4.0,1e-05,2026-05-31 22:09:58.746690,20260531
Bybit,ZKPUSDT,ZKP,USDT,USDT,25.0,4.0,1e-05,2026-05-31 22:09:58.746690,20260531
Bybit,ZKUSDT,ZK,USDT,USDT,25.0,4.0,1e-06,2026-05-31 22:09:58.746690,20260531
Bybit,ZORAUSDT,ZORA,USDT,USDT,25.0,4.0,1e-06,2026-05-31 22:09:58.746690,20260531
Bybit,ZROUSDT,ZRO,USDT,USDT,50.0,4.0,0.0001,2026-05-31 22:09:58.746690,20260531
Bybit,ZRXUSDT,ZRX,USDT,USDT,25.0,8.0,1e-05,2026-05-31 22:09:58.746690,20260531
Bybit,AAVEUSD,AAVE,USD,AAVE,20.0,8.0,0.01,2026-05-31 22:09:58.746690,20260531
Bybit,ADAUSD,ADA,USD,ADA,50.0,8.0,0.0001,2026-05-31 22:09:58.746690,20260531
Bybit,APTUSD,APT,USD,APT,20.0,8.0,0.0001,2026-05-31 22:09:58.746690,20260531
Bybit,AVAXUSD,AVAX,USD,AVAX,20.0,8.0,0.001,2026-05-31 22:09:58.746690,20260531
Bybit,BCHUSD,BCH,USD,BCH,20.0,8.0,0.1,2026-05-31 22:09:58.746690,20260531
Bybit,BTCUSD,BTC,USD,BTC,100.0,8.0,0.1,2026-05-31 22:09:58.746690,20260531
Bybit,BTCUSDM26,BTC,USD,BTC,100.0,0.0,0.5,2026-05-31 22:09:58.746690,20260531
Bybit,BTCUSDU26,BTC,USD,BTC,100.0,0.0,0.5,2026-05-31 22:09:58.746690,20260531
Bybit,DOGEUSD,DOGE,USD,DOGE,25.0,8.0,1e-05,2026-05-31 22:09:58.746690,20260531
Bybit,DOTUSD,DOT,USD,DOT,50.0,8.0,0.0001,2026-05-31 22:09:58.746690,20260531
Bybit,ETCUSD,ETC,USD,ETC,20.0,8.0,0.001,2026-05-31 22:09:58.746690,20260531
Bybit,ETHUSD,ETH,USD,ETH,100.0,8.0,0.01,2026-05-31 22:09:58.746690,20260531
Bybit,ETHUSDM26,ETH,USD,ETH,50.0,0.0,0.05,2026-05-31 22:09:58.746690,20260531
Bybit,ETHUSDU26,ETH,USD,ETH,50.0,0.0,0.05,2026-05-31 22:09:58.746690,20260531
Bybit,FILUSD,FIL,USD,FIL,20.0,8.0,0.0001,2026-05-31 22:09:58.746690,20260531
Bybit,LINKUSD,LINK,USD,LINK,20.0,8.0,0.001,2026-05-31 22:09:58.746690,20260531
Bybit,LTCUSD,LTC,USD,LTC,50.0,8.0,0.01,2026-05-31 22:09:58.746690,20260531
Bybit,MNTUSD,MNT,USD,MNT,50.0,8.0,0.0001,2026-05-31 22:09:58.746690,20260531
Bybit,NEARUSD,NEAR,USD,NEAR,20.0,8.0,0.0001,2026-05-31 22:09:58.746690,20260531
Bybit,OPUSD,OP,USD,OP,20.0,8.0,1e-05,2026-05-31 22:09:58.746690,20260531
Bybit,SOLUSD,SOL,USD,SOL,50.0,8.0,0.01,2026-05-31 22:09:58.746690,20260531
Bybit,SUIUSD,SUI,USD,SUI,20.0,8.0,0.0001,2026-05-31 22:09:58.746690,20260531
Bybit,TONUSD,TON,USD,TON,20.0,8.0,0.0001,2026-05-31 22:09:58.746690,20260531
Bybit,UNIUSD,UNI,USD,UNI,20.0,8.0,0.001,2026-05-31 22:09:58.746690,20260531
Bybit,XLMUSD,XLM,USD,XLM,20.0,8.0,1e-05,2026-05-31 22:09:58.746690,20260531
Bybit,XRPUSD,XRP,USD,XRP,50.0,8.0,0.0001,2026-05-31 22:09:58.746690,20260531
Bybit,BPUSDT,BP,USDT,USDT,5.0,4.0,1e-05,2026-05-31 22:09:58.746690,20260531
Bybit,SPCXUSDT,SPCX,USDT,USDT,10.0,8.0,0.01,2026-05-31 22:09:58.746690,20260531
CME,BTCUSD,BTC,USD,USD,,,,2026-05-31 22:09:58.746690,20260531
CME,ETHUSD,ETH,USD,USD,,,,2026-05-31 22:09:58.746690,20260531
CME,XRPUSD,XRP,USD,USD,,,,2026-05-31 22:09:58.746690,20260531
CME,SOLUSD,SOL,USD,USD,,,,2026-05-31 22:09:58.746690,20260531
CME,ADAUSD,ADA,USD,USD,,,,2026-05-31 22:09:58.746690,20260531
CME,LINKUSD,LINK,USD,USD,,,,2026-05-31 22:09:58.746690,20260531
CoinEx,SYRUPUSDT,SYRUP,USDT,USDT,,8.0,1e-06,2026-05-31 22:09:58.746690,20260531
CoinEx,KAVAUSDT,KAVA,USDT,USDT,,8.0,1e-06,2026-05-31 22:09:58.746690,20260531
CoinEx,CFXUSDT,CFX,USDT,USDT,,8.0,1e-06,2026-05-31 22:09:58.746690,20260531
CoinEx,AUSDT,A,USDT,USDT,,8.0,1e-06,2026-05-31 22:09:58.746690,20260531
CoinEx,GRASSUSDT,GRASS,USDT,USDT,,8.0,1e-06,2026-05-31 22:09:58.746690,20260531
CoinEx,2ZUSDT,2Z,USDT,USDT,,8.0,1e-06,2026-05-31 22:09:58.746690,20260531
CoinEx,MNTUSDT,MNT,USDT,USDT,,8.0,0.0001,2026-05-31 22:09:58.746690,20260531
CoinEx,MINAUSDT,MINA,USDT,USDT,,8.0,1e-06,2026-05-31 22:09:58.746690,20260531
CoinEx,GASUSDT,GAS,USDT,USDT,,8.0,0.0001,2026-05-31 22:09:58.746690,20260531
CoinEx,CRVUSDT,CRV,USDT,USDT,,8.0,1e-06,2026-05-31 22:09:58.746690,20260531
CoinEx,AUCTIONUSDT,AUCTION,USDT,USDT,,8.0,0.0001,2026-05-31 22:09:58.746690,20260531
CoinEx,AAVEUSDT,AAVE,USDT,USDT,,8.0,0.01,2026-05-31 22:09:58.746690,20260531
CoinEx,WLFIUSDT,WLFI,USDT,USDT,,8.0,1e-06,2026-05-31 22:09:58.746690,20260531
CoinEx,SANDUSDT,SAND,USDT,USDT,,8.0,1e-06,2026-05-31 22:09:58.746690,20260531
CoinEx,ALCHUSDT,ALCH,USDT,USDT,,8.0,1e-06,2026-05-31 22:09:58.746690,20260531
CoinEx,PEPEUSDC,PEPE,USDC,USDC,,8.0,1e-10,2026-05-31 22:09:58.746690,20260531
CoinEx,MELANIAUSDT,MELANIA,USDT,USDT,,8.0,1e-06,2026-05-31 22:09:58.746690,20260531
CoinEx,JUPUSDT,JUP,USDT,USDT,,8.0,1e-06,2026-05-31 22:09:58.746690,20260531
CoinEx,GRTUSDT,GRT,USDT,USDT,,8.0,1e-06,2026-05-31 22:09:58.746690,20260531
CoinEx,BLURUSDT,BLUR,USDT,USDT,,8.0,1e-06,2026-05-31 22:09:58.746690,20260531
CoinEx,ATOMUSDT,ATOM,USDT,USDT,,8.0,0.0001,2026-05-31 22:09:58.746690,20260531
CoinEx,AEVOUSDT,AEVO,USDT,USDT,,8.0,1e-06,2026-05-31 22:09:58.746690,20260531
CoinEx,ETHUSD,ETH,USD,ETH,,8.0,0.01,2026-05-31 22:09:58.746690,20260531
CoinEx,ONDOUSDT,ONDO,USDT,USDT,,8.0,0.0001,2026-05-31 22:09:58.746690,20260531
CoinEx,NEOUSDT,NEO,USDT,USDT,,8.0,0.0001,2026-05-31 22:09:58.746690,20260531
CoinEx,ETHUSDC,ETH,USDC,USDC,,8.0,0.01,2026-05-31 22:09:58.746690,20260531
CoinEx,STXUSDT,STX,USDT,USDT,,8.0,1e-06,2026-05-31 22:09:58.746690,20260531
CoinEx,QTUMUSDT,QTUM,USDT,USDT,,8.0,0.0001,2026-05-31 22:09:58.746690,20260531
CoinEx,PEOPLEUSDT,PEOPLE,USDT,USDT,,8.0,1e-06,2026-05-31 22:09:58.746690,20260531
CoinEx,RAYUSDT,RAY,USDT,USDT,,8.0,0.0001,2026-05-31 22:09:58.746690,20260531
CoinEx,ANKRUSDT,ANKR,USDT,USDT,,8.0,1e-06,2026-05-31 22:09:58.746690,20260531
CoinEx,SUIUSDT,SUI,USDT,USDT,,8.0,0.0001,2026-05-31 22:09:58.746690,20260531
CoinEx,SNXUSDT,SNX,USDT,USDT,,8.0,0.0001,2026-05-31 22:09:58.746690,20260531
CoinEx,MOVEUSDT,MOVE,USDT,USDT,,8.0,1e-06,2026-05-31 22:09:58.746690,20260531
CoinEx,FILUSDT,FIL,USDT,USDT,,8.0,0.0001,2026-05-31 22:09:58.746690,20260531
CoinEx,WAVESUSDT,WAVES,USDT,USDT,,8.0,0.0001,2026-05-31 22:09:58.746690,20260531
CoinEx,SUSHIUSDT,SUSHI,USDT,USDT,,8.0,1e-06,2026-05-31 22:09:58.746690,20260531
CoinEx,SKLUSDT,SKL,USDT,USDT,,8.0,1e-06,2026-05-31 22:09:58.746690,20260531
CoinEx,BUSDT,B,USDT,USDT,,8.0,0.0001,2026-05-31 22:09:58.746690,20260531
CoinEx,BTCUSDC,BTC,USDC,USDC,,8.0,1.0,2026-05-31 22:09:58.746690,20260531
CoinEx,NVDAXUSDT,NVDAX,USDT,USDT,,8.0,0.01,2026-05-31 22:09:58.746690,20260531
CoinEx,MANAUSDT,MANA,USDT,USDT,,8.0,1e-06,2026-05-31 22:09:58.746690,20260531
CoinEx,ADAUSDC,ADA,USDC,USDC,,8.0,1e-06,2026-05-31 22:09:58.746690,20260531
CoinEx,PUMPUSDT,PUMP,USDT,USDT,,8.0,1e-08,2026-05-31 22:09:58.746690,20260531
CoinEx,ORDIUSDT,ORDI,USDT,USDT,,8.0,0.0001,2026-05-31 22:09:58.746690,20260531
CoinEx,KAIAUSDT,KAIA,USDT,USDT,,8.0,1e-06,2026-05-31 22:09:58.746690,20260531
CoinEx,FETUSDT,FET,USDT,USDT,,8.0,1e-06,2026-05-31 22:09:58.746690,20260531
CoinEx,PENGUUSDT,PENGU,USDT,USDT,,8.0,1e-06,2026-05-31 22:09:58.746690,20260531
CoinEx,IDUSDT,ID,USDT,USDT,,4.0,1e-06,2026-05-31 22:09:58.746690,20260531
CoinEx,RIVERUSDT,RIVER,USDT,USDT,,8.0,0.0001,2026-05-31 22:09:58.746690,20260531
CoinEx,IOUSDT,IO,USDT,USDT,,8.0,1e-06,2026-05-31 22:09:58.746690,20260531
CoinEx,DOGEUSDC,DOGE,USDC,USDC,,8.0,1e-06,2026-05-31 22:09:58.746690,20260531
CoinEx,BIOUSDT,BIO,USDT,USDT,,8.0,1e-06,2026-05-31 22:09:58.746690,20260531
CoinEx,STABLEUSDT,STABLE,USDT,USDT,,8.0,1e-06,2026-05-31 22:09:58.746690,20260531
CoinEx,WUSDT,W,USDT,USDT,,8.0,1e-06,2026-05-31 22:09:58.746690,20260531
CoinEx,SKYUSDT,SKY,USDT,USDT,,8.0,1e-06,2026-05-31 22:09:58.746690,20260531
CoinEx,LITUSDT,LIT,USDT,USDT,,8.0,0.0001,2026-05-31 22:09:58.746690,20260531
CoinEx,KITEUSDT,KITE,USDT,USDT,,8.0,1e-06,2026-05-31 22:09:58.746690,20260531
CoinEx,LUNAUSDT,LUNA,USDT,USDT,,8.0,1e-06,2026-05-31 22:09:58.746690,20260531
CoinEx,BCHUSDC,BCH,USDC,USDC,,8.0,0.01,2026-05-31 22:09:58.746690,20260531
CoinEx,WOOUSDT,WOO,USDT,USDT,,8.0,1e-06,2026-05-31 22:09:58.746690,20260531
CoinEx,LINKUSDC,LINK,USDC,USDC,,8.0,0.0001,2026-05-31 22:09:58.746690,20260531
CoinEx,INJUSDT,INJ,USDT,USDT,,8.0,0.0001,2026-05-31 22:09:58.746690,20260531
CoinEx,CHZUSDT,CHZ,USDT,USDT,,8.0,1e-06,2026-05-31 22:09:58.746690,20260531
CoinEx,BNBUSDC,BNB,USDC,USDC,,8.0,0.01,2026-05-31 22:09:58.746690,20260531
CoinEx,RENDERUSDT,RENDER,USDT,USDT,,8.0,0.0001,2026-05-31 22:09:58.746690,20260531
CoinEx,ZKUSDT,ZK,USDT,USDT,,8.0,1e-06,2026-05-31 22:09:58.746690,20260531
CoinEx,UMAUSDT,UMA,USDT,USDT,,8.0,0.0001,2026-05-31 22:09:58.746690,20260531
CoinEx,SOONUSDT,SOON,USDT,USDT,,8.0,1e-06,2026-05-31 22:09:58.746690,20260531
CoinEx,BREVUSDT,BREV,USDT,USDT,,8.0,1e-06,2026-05-31 22:09:58.746690,20260531
CoinEx,TRBUSDT,TRB,USDT,USDT,,8.0,0.0001,2026-05-31 22:09:58.746690,20260531
CoinEx,JASMYUSDT,JASMY,USDT,USDT,,8.0,1e-06,2026-05-31 22:09:58.746690,20260531
CoinEx,BRETTUSDT,BRETT,USDT,USDT,,8.0,1e-06,2026-05-31 22:09:58.746690,20260531
CoinEx,BABYDOGEUSDT,BABYDOGE,USDT,USDT,,8.0,1e-12,2026-05-31 22:09:58.746690,20260531
CoinEx,VANAUSDT,VANA,USDT,USDT,,8.0,0.0001,2026-05-31 22:09:58.746690,20260531
CoinEx,WLDUSDT,WLD,USDT,USDT,,8.0,1e-06,2026-05-31 22:09:58.746690,20260531
CoinEx,TONUSDT,TON,USDT,USDT,,8.0,0.0001,2026-05-31 22:09:58.746690,20260531
CoinEx,ZRXUSDT,ZRX,USDT,USDT,,8.0,1e-06,2026-05-31 22:09:58.746690,20260531
CoinEx,XAGUSDT,XAG,USDT,USDT,,8.0,0.01,2026-05-31 22:09:58.746690,20260531
CoinEx,PENDLEUSDT,PENDLE,USDT,USDT,,8.0,0.0001,2026-05-31 22:09:58.746690,20260531
CoinEx,ONEUSDT,ONE,USDT,USDT,,8.0,1e-08,2026-05-31 22:09:58.746690,20260531
CoinEx,NEARUSDT,NEAR,USDT,USDT,,8.0,0.0001,2026-05-31 22:09:58.746690,20260531
CoinEx,CHIPUSDT,CHIP,USDT,USDT,,8.0,1e-06,2026-05-31 22:09:58.746690,20260531
CoinEx,SEIUSDT,SEI,USDT,USDT,,8.0,1e-06,2026-05-31 22:09:58.746690,20260531
CoinEx,DOGEUSDT,DOGE,USDT,USDT,,8.0,1e-06,2026-05-31 22:09:58.746690,20260531
CoinEx,RVNUSDT,RVN,USDT,USDT,,8.0,1e-06,2026-05-31 22:09:58.746690,20260531
CoinEx,DASHUSDT,DASH,USDT,USDT,,8.0,0.01,2026-05-31 22:09:58.746690,20260531
CoinEx,CRCLXUSDT,CRCLX,USDT,USDT,,8.0,0.01,2026-05-31 22:09:58.746690,20260531
CoinEx,BTTUSDT,BTT,USDT,USDT,,8.0,1e-10,2026-05-31 22:09:58.746690,20260531
CoinEx,BERAUSDT,BERA,USDT,USDT,,8.0,0.0001,2026-05-31 22:09:58.746690,20260531
CoinEx,KMNOUSDT,KMNO,USDT,USDT,,8.0,1e-06,2026-05-31 22:09:58.746690,20260531
CoinEx,JSTUSDT,JST,USDT,USDT,,8.0,1e-06,2026-05-31 22:09:58.746690,20260531
CoinEx,ARUSDT,AR,USDT,USDT,,8.0,0.0001,2026-05-31 22:09:58.746690,20260531
CoinEx,XPLUSDT,XPL,USDT,USDT,,8.0,1e-06,2026-05-31 22:09:58.746690,20260531
CoinEx,TURBOUSDT,TURBO,USDT,USDT,,8.0,1e-08,2026-05-31 22:09:58.746690,20260531
CoinEx,ENSUSDT,ENS,USDT,USDT,,8.0,0.0001,2026-05-31 22:09:58.746690,20260531
CoinEx,ADAUSDT,ADA,USDT,USDT,,8.0,1e-06,2026-05-31 22:09:58.746690,20260531
CoinEx,MEWUSDT,MEW,USDT,USDT,,8.0,1e-08,2026-05-31 22:09:58.746690,20260531
CoinEx,CHEEMSUSDT,CHEEMS,USDT,USDT,,8.0,1e-10,2026-05-31 22:09:58.746690,20260531
CoinEx,BIGTIMEUSDT,BIGTIME,USDT,USDT,,8.0,1e-06,2026-05-31 22:09:58.746690,20260531
CoinEx,VVVUSDT,VVV,USDT,USDT,,8.0,0.0001,2026-05-31 22:09:58.746690,20260531
CoinEx,SUIUSDC,SUI,USDC,USDC,,8.0,0.0001,2026-05-31 22:09:58.746690,20260531
CoinEx,STRKUSDT,STRK,USDT,USDT,,8.0,1e-06,2026-05-31 22:09:58.746690,20260531
CoinEx,MONUSDT,MON,USDT,USDT,,8.0,1e-06,2026-05-31 22:09:58.746690,20260531
CoinEx,ROSEUSDT,ROSE,USDT,USDT,,8.0,1e-06,2026-05-31 22:09:58.746690,20260531
CoinEx,QNTUSDT,QNT,USDT,USDT,,8.0,0.01,2026-05-31 22:09:58.746690,20260531
CoinEx,BEAMXUSDT,BEAMX,USDT,USDT,,8.0,1e-08,2026-05-31 22:09:58.746690,20260531
CoinEx,XCHUSDT,XCH,USDT,USDT,,8.0,0.0001,2026-05-31 22:09:58.746690,20260531
CoinEx,SATSUSDT,SATS,USDT,USDT,,8.0,1e-12,2026-05-31 22:09:58.746690,20260531
CoinEx,JTOUSDT,JTO,USDT,USDT,,8.0,0.0001,2026-05-31 22:09:58.746690,20260531
CoinEx,RUNEUSDT,RUNE,USDT,USDT,,8.0,0.0001,2026-05-31 22:09:58.746690,20260531
CoinEx,PEPEUSDT,PEPE,USDT,USDT,,8.0,1e-10,2026-05-31 22:09:58.746690,20260531
CoinEx,MSTRXUSDT,MSTRX,USDT,USDT,,8.0,0.01,2026-05-31 22:09:58.746690,20260531
CoinEx,HNTUSDT,HNT,USDT,USDT,,8.0,0.0001,2026-05-31 22:09:58.746690,20260531
CoinEx,EGLDUSDT,EGLD,USDT,USDT,,8.0,0.0001,2026-05-31 22:09:58.746690,20260531
CoinEx,CROUSDT,CRO,USDT,USDT,,8.0,1e-06,2026-05-31 22:09:58.746690,20260531
CoinEx,AXSUSDT,AXS,USDT,USDT,,8.0,0.0001,2026-05-31 22:09:58.746690,20260531
CoinEx,ZENUSDT,ZEN,USDT,USDT,,8.0,0.0001,2026-05-31 22:09:58.746690,20260531
CoinEx,SUSDT,S,USDT,USDT,,8.0,1e-06,2026-05-31 22:09:58.746690,20260531
CoinEx,KSMUSDT,KSM,USDT,USDT,,8.0,0.0001,2026-05-31 22:09:58.746690,20260531
CoinEx,DYDXUSDT,DYDX,USDT,USDT,,8.0,1e-06,2026-05-31 22:09:58.746690,20260531
CoinEx,XAUTUSDT,XAUT,USDT,USDT,,8.0,0.01,2026-05-31 22:09:58.746690,20260531
CoinEx,APEUSDT,APE,USDT,USDT,,8.0,1e-06,2026-05-31 22:09:58.746690,20260531
CoinEx,ASTERUSDT,ASTER,USDT,USDT,,8.0,0.0001,2026-05-31 22:09:58.746690,20260531
CoinEx,XTZUSDT,XTZ,USDT,USDT,,8.0,0.0001,2026-05-31 22:09:58.746690,20260531
CoinEx,UNIUSDT,UNI,USDT,USDT,,8.0,0.0001,2026-05-31 22:09:58.746690,20260531
CoinEx,MASKUSDT,MASK,USDT,USDT,,8.0,0.0001,2026-05-31 22:09:58.746690,20260531
CoinEx,LINKUSDT,LINK,USDT,USDT,,8.0,0.0001,2026-05-31 22:09:58.746690,20260531
CoinEx,IMXUSDT,IMX,USDT,USDT,,8.0,1e-06,2026-05-31 22:09:58.746690,20260531
CoinEx,GLMUSDT,GLM,USDT,USDT,,8.0,1e-06,2026-05-31 22:09:58.746690,20260531
CoinEx,DOGUSDT,DOG,USDT,USDT,,8.0,1e-08,2026-05-31 22:09:58.746690,20260531
CoinEx,BNBUSDT,BNB,USDT,USDT,,8.0,0.01,2026-05-31 22:09:58.746690,20260531
CoinEx,BABYUSDT,BABY,USDT,USDT,,8.0,1e-06,2026-05-31 22:09:58.746690,20260531
CoinEx,SLPUSDT,SLP,USDT,USDT,,8.0,1e-08,2026-05-31 22:09:58.746690,20260531
CoinEx,BCHUSDT,BCH,USDT,USDT,,8.0,0.01,2026-05-31 22:09:58.746690,20260531
CoinEx,ZETAUSDT,ZETA,USDT,USDT,,8.0,1e-06,2026-05-31 22:09:58.746690,20260531
CoinEx,GMTUSDT,GMT,USDT,USDT,,8.0,1e-06,2026-05-31 22:09:58.746690,20260531
CoinEx,AVAXUSDT,AVAX,USDT,USDT,,8.0,0.0001,2026-05-31 22:09:58.746690,20260531
CoinEx,XLMUSDT,XLM,USDT,USDT,,8.0,1e-06,2026-05-31 22:09:58.746690,20260531
CoinEx,TRXUSDC,TRX,USDC,USDC,,8.0,0.0001,2026-05-31 22:09:58.746690,20260531
CoinEx,SUPERUSDT,SUPER,USDT,USDT,,8.0,1e-06,2026-05-31 22:09:58.746690,20260531
CoinEx,SOLUSDC,SOL,USDC,USDC,,8.0,0.01,2026-05-31 22:09:58.746690,20260531
CoinEx,HOTUSDT,HOT,USDT,USDT,,8.0,1e-08,2026-05-31 22:09:58.746690,20260531
CoinEx,SOMIUSDT,SOMI,USDT,USDT,,8.0,1e-06,2026-05-31 22:09:58.746690,20260531
CoinEx,IOTXUSDT,IOTX,USDT,USDT,,8.0,1e-06,2026-05-31 22:09:58.746690,20260531
CoinEx,ETHFIUSDT,ETHFI,USDT,USDT,,8.0,0.0001,2026-05-31 22:09:58.746690,20260531
CoinEx,SPXUSDT,SPX,USDT,USDT,,8.0,0.0001,2026-05-31 22:09:58.746690,20260531
CoinEx,PLUMEUSDT,PLUME,USDT,USDT,,8.0,1e-06,2026-05-31 22:09:58.746690,20260531
CoinEx,OPUSDT,OP,USDT,USDT,,8.0,1e-06,2026-05-31 22:09:58.746690,20260531
CoinEx,NOTUSDT,NOT,USDT,USDT,,8.0,1e-08,2026-05-31 22:09:58.746690,20260531
CoinEx,LTCUSDT,LTC,USDT,USDT,,8.0,0.01,2026-05-31 22:09:58.746690,20260531
CoinEx,COMPUSDT,COMP,USDT,USDT,,8.0,0.0001,2026-05-31 22:09:58.746690,20260531
CoinEx,ARKMUSDT,ARKM,USDT,USDT,,8.0,1e-06,2026-05-31 22:09:58.746690,20260531
CoinEx,TAOUSDT,TAO,USDT,USDT,,8.0,0.01,2026-05-31 22:09:58.746690,20260531
CoinEx,ZILUSDT,ZIL,USDT,USDT,,8.0,1e-06,2026-05-31 22:09:58.746690,20260531
CoinEx,RSRUSDT,RSR,USDT,USDT,,8.0,1e-08,2026-05-31 22:09:58.746690,20260531
CoinEx,RONUSDT,RON,USDT,USDT,,8.0,1e-06,2026-05-31 22:09:58.746690,20260531
CoinEx,MANTAUSDT,MANTA,USDT,USDT,,8.0,1e-06,2026-05-31 22:09:58.746690,20260531
CoinEx,ENJUSDT,ENJ,USDT,USDT,,8.0,1e-06,2026-05-31 22:09:58.746690,20260531
CoinEx,DOTUSDT,DOT,USDT,USDT,,8.0,0.0001,2026-05-31 22:09:58.746690,20260531
CoinEx,ATHUSDT,ATH,USDT,USDT,,8.0,1e-06,2026-05-31 22:09:58.746690,20260531
CoinEx,APTUSDT,APT,USDT,USDT,,8.0,0.0001,2026-05-31 22:09:58.746690,20260531
CoinEx,BTCUSDT,BTC,USDT,USDT,,8.0,1.0,2026-05-31 22:09:58.746690,20260531
CoinEx,WIFUSDT,WIF,USDT,USDT,,8.0,1e-06,2026-05-31 22:09:58.746690,20260531
CoinEx,RATSUSDT,RATS,USDT,USDT,,8.0,1e-08,2026-05-31 22:09:58.746690,20260531
CoinEx,MYXUSDT,MYX,USDT,USDT,,8.0,1e-06,2026-05-31 22:09:58.746690,20260531
CoinEx,HYPEUSDT,HYPE,USDT,USDT,,8.0,0.01,2026-05-31 22:09:58.746690,20260531
CoinEx,ENAUSDT,ENA,USDT,USDT,,8.0,1e-06,2026-05-31 22:09:58.746690,20260531
CoinEx,BDXUSDT,BDX,USDT,USDT,,8.0,1e-06,2026-05-31 22:09:58.746690,20260531
CoinEx,MOGUSDT,MOG,USDT,USDT,,8.0,1e-12,2026-05-31 22:09:58.746690,20260531
CoinEx,LDOUSDT,LDO,USDT,USDT,,8.0,0.0001,2026-05-31 22:09:58.746690,20260531
CoinEx,ZORAUSDT,ZORA,USDT,USDT,,8.0,1e-06,2026-05-31 22:09:58.746690,20260531
CoinEx,PARTIUSDT,PARTI,USDT,USDT,,8.0,1e-06,2026-05-31 22:09:58.746690,20260531
CoinEx,FARTCOINUSDT,FARTCOIN,USDT,USDT,,8.0,1e-06,2026-05-31 22:09:58.747687,20260531
CoinEx,EIGENUSDT,EIGEN,USDT,USDT,,8.0,1e-06,2026-05-31 22:09:58.747687,20260531
CoinEx,VIRTUALUSDT,VIRTUAL,USDT,USDT,,8.0,0.0001,2026-05-31 22:09:58.747687,20260531
CoinEx,USTCUSDT,USTC,USDT,USDT,,8.0,1e-06,2026-05-31 22:09:58.747687,20260531
CoinEx,IPUSDT,IP,USDT,USDT,,8.0,0.0001,2026-05-31 22:09:58.747687,20260531
CoinEx,CVXUSDT,CVX,USDT,USDT,,8.0,0.0001,2026-05-31 22:09:58.747687,20260531
CoinEx,AVNTUSDT,AVNT,USDT,USDT,,8.0,1e-06,2026-05-31 22:09:58.747687,20260531
CoinEx,AEROUSDT,AERO,USDT,USDT,,8.0,0.0001,2026-05-31 22:09:58.747687,20260531
CoinEx,ETHUSDT,ETH,USDT,USDT,,8.0,0.01,2026-05-31 22:09:58.747687,20260531
CoinEx,BTCUSD,BTC,USD,BTC,,8.0,0.01,2026-05-31 22:09:58.747687,20260531
CoinEx,XRPUSDT,XRP,USDT,USDT,,8.0,0.0001,2026-05-31 22:09:58.747687,20260531
CoinEx,USELESSUSDT,USELESS,USDT,USDT,,8.0,1e-06,2026-05-31 22:09:58.747687,20260531
CoinEx,TIAUSDT,TIA,USDT,USDT,,8.0,0.0001,2026-05-31 22:09:58.747687,20260531
CoinEx,PIPPINUSDT,PIPPIN,USDT,USDT,,8.0,1e-06,2026-05-31 22:09:58.747687,20260531
CoinEx,LUNCUSDT,LUNC,USDT,USDT,,8.0,1e-08,2026-05-31 22:09:58.747687,20260531
CoinEx,GOOGLXUSDT,GOOGLX,USDT,USDT,,8.0,0.01,2026-05-31 22:09:58.747687,20260531
CoinEx,FFUSDT,FF,USDT,USDT,,8.0,1e-06,2026-05-31 22:09:58.747687,20260531
CoinEx,ETCUSDT,ETC,USDT,USDT,,8.0,0.0001,2026-05-31 22:09:58.747687,20260531
CoinEx,ARBUSDC,ARB,USDC,USDC,,8.0,1e-06,2026-05-31 22:09:58.747687,20260531
CoinEx,PNUTUSDT,PNUT,USDT,USDT,,8.0,1e-06,2026-05-31 22:09:58.747687,20260531
CoinEx,LINEAUSDT,LINEA,USDT,USDT,,8.0,1e-06,2026-05-31 22:09:58.747687,20260531
CoinEx,AAVEUSDC,AAVE,USDC,USDC,,8.0,0.01,2026-05-31 22:09:58.747687,20260531
CoinEx,XRPUSDC,XRP,USDC,USDC,,8.0,0.0001,2026-05-31 22:09:58.747687,20260531
CoinEx,LRCUSDT,LRC,USDT,USDT,,8.0,1e-06,2026-05-31 22:09:58.747687,20260531
CoinEx,HBARUSDT,HBAR,USDT,USDT,,8.0,1e-06,2026-05-31 22:09:58.747687,20260531
CoinEx,FLOKIUSDT,FLOKI,USDT,USDT,,8.0,1e-08,2026-05-31 22:09:58.747687,20260531
CoinEx,DUSKUSDT,DUSK,USDT,USDT,,8.0,1e-06,2026-05-31 22:09:58.747687,20260531
CoinEx,ARBUSDT,ARB,USDT,USDT,,8.0,1e-06,2026-05-31 22:09:58.747687,20260531
CoinEx,1INCHUSDT,1INCH,USDT,USDT,,8.0,1e-06,2026-05-31 22:09:58.747687,20260531
CoinEx,CAKEUSDT,CAKE,USDT,USDT,,8.0,0.0001,2026-05-31 22:09:58.747687,20260531
CoinEx,PYTHUSDT,PYTH,USDT,USDT,,8.0,1e-06,2026-05-31 22:09:58.747687,20260531
CoinEx,GALAUSDT,GALA,USDT,USDT,,8.0,1e-06,2026-05-31 22:09:58.747687,20260531
CoinEx,ALGOUSDT,ALGO,USDT,USDT,,8.0,1e-06,2026-05-31 22:09:58.747687,20260531
CoinEx,STORJUSDT,STORJ,USDT,USDT,,8.0,1e-06,2026-05-31 22:09:58.747687,20260531
CoinEx,SSVUSDT,SSV,USDT,USDT,,8.0,0.0001,2026-05-31 22:09:58.747687,20260531
CoinEx,LPTUSDT,LPT,USDT,USDT,,8.0,0.0001,2026-05-31 22:09:58.747687,20260531
CoinEx,ICPUSDT,ICP,USDT,USDT,,8.0,0.0001,2026-05-31 22:09:58.747687,20260531
CoinEx,XMRUSDT,XMR,USDT,USDT,,8.0,0.01,2026-05-31 22:09:58.747687,20260531
CoinEx,POPCATUSDT,POPCAT,USDT,USDT,,8.0,1e-06,2026-05-31 22:09:58.747687,20260531
CoinEx,POLUSDT,POL,USDT,USDT,,8.0,1e-06,2026-05-31 22:09:58.747687,20260531
CoinEx,BOMEUSDT,BOME,USDT,USDT,,8.0,1e-08,2026-05-31 22:09:58.747687,20260531
CoinEx,TSLAXUSDT,TSLAX,USDT,USDT,,8.0,0.01,2026-05-31 22:09:58.747687,20260531
CoinEx,SHIBUSDT,SHIB,USDT,USDT,,8.0,1e-10,2026-05-31 22:09:58.747687,20260531
CoinEx,FLOWUSDT,FLOW,USDT,USDT,,8.0,1e-06,2026-05-31 22:09:58.747687,20260531
CoinEx,IOTAUSDT,IOTA,USDT,USDT,,8.0,1e-06,2026-05-31 22:09:58.747687,20260531
CoinEx,CLUSDT,CL,USDT,USDT,,8.0,0.01,2026-05-31 22:09:58.747687,20260531
CoinEx,THETAUSDT,THETA,USDT,USDT,,8.0,1e-06,2026-05-31 22:09:58.747687,20260531
CoinEx,LTCUSDC,LTC,USDC,USDC,,8.0,0.01,2026-05-31 22:09:58.747687,20260531
CoinEx,CKBUSDT,CKB,USDT,USDT,,8.0,1e-08,2026-05-31 22:09:58.747687,20260531
CoinEx,VETUSDT,VET,USDT,USDT,,8.0,1e-06,2026-05-31 22:09:58.747687,20260531
CoinEx,SHIBUSDC,SHIB,USDC,USDC,,8.0,1e-10,2026-05-31 22:09:58.747687,20260531
CoinEx,HUMAUSDT,HUMA,USDT,USDT,,8.0,1e-06,2026-05-31 22:09:58.747687,20260531
CoinEx,ZECUSDT,ZEC,USDT,USDT,,8.0,0.01,2026-05-31 22:09:58.747687,20260531
CoinEx,WCTUSDT,WCT,USDT,USDT,,8.0,1e-06,2026-05-31 22:09:58.747687,20260531
CoinEx,TRXUSDT,TRX,USDT,USDT,,8.0,0.0001,2026-05-31 22:09:58.747687,20260531
CoinEx,SOLUSDT,SOL,USDT,USDT,,8.0,0.01,2026-05-31 22:09:58.747687,20260531
CoinEx,NIGHTUSDT,NIGHT,USDT,USDT,,8.0,1e-06,2026-05-31 22:09:58.747687,20260531
CoinEx,MEMEUSDT,MEME,USDT,USDT,,8.0,1e-08,2026-05-31 22:09:58.747687,20260531
CoinEx,KAITOUSDT,KAITO,USDT,USDT,,8.0,0.0001,2026-05-31 22:09:58.747687,20260531
CoinEx,BONKUSDT,BONK,USDT,USDT,,8.0,1e-10,2026-05-31 22:09:58.747687,20260531
CoinEx,ZROUSDT,ZRO,USDT,USDT,,8.0,0.0001,2026-05-31 22:09:58.747687,20260531
CoinEx,KASUSDT,KAS,USDT,USDT,,8.0,1e-06,2026-05-31 22:09:58.747687,20260531
CoinEx,BANUSDT,BAN,USDT,USDT,,8.0,1e-06,2026-05-31 22:09:58.747687,20260531
CoinEx,TRUMPUSDT,TRUMP,USDT,USDT,,8.0,0.0001,2026-05-31 22:09:58.747687,20260531
CoinEx,OKBUSDT,OKB,USDT,USDT,,8.0,0.01,2026-05-31 22:09:58.747687,20260531
Coinbase,ETH-PERP,ETH,USDC,USDC,,1.0,0.01,2026-05-31 22:09:58.747687,20260531
Coinbase,BTC-PERP,BTC,USDC,USDC,,1.0,0.1,2026-05-31 22:09:58.747687,20260531
Coinbase,LTC-PERP,LTC,USDC,USDC,,1.0,0.01,2026-05-31 22:09:58.747687,20260531
Coinbase,XRP-PERP,XRP,USDC,USDC,,1.0,0.0001,2026-05-31 22:09:58.747687,20260531
Coinbase,SOL-PERP,SOL,USDC,USDC,,1.0,0.001,2026-05-31 22:09:58.747687,20260531
Coinbase,AVAX-PERP,AVAX,USDC,USDC,,1.0,0.001,2026-05-31 22:09:58.747687,20260531
Coinbase,DOGE-PERP,DOGE,USDC,USDC,,1.0,1e-05,2026-05-31 22:09:58.747687,20260531
Coinbase,LINK-PERP,LINK,USDC,USDC,,1.0,0.001,2026-05-31 22:09:58.747687,20260531
Coinbase,XLM-PERP,XLM,USDC,USDC,,1.0,1e-05,2026-05-31 22:09:58.747687,20260531
Coinbase,ADA-PERP,ADA,USDC,USDC,,1.0,0.0001,2026-05-31 22:09:58.747687,20260531
Coinbase,BCH-PERP,BCH,USDC,USDC,,1.0,0.01,2026-05-31 22:09:58.747687,20260531
Coinbase,MATIC-PERP,MATIC,USDC,USDC,,1.0,0.0001,2026-05-31 22:09:58.747687,20260531
Coinbase,ETC-PERP,ETC,USDC,USDC,,1.0,0.001,2026-05-31 22:09:58.747687,20260531
Coinbase,OP-PERP,OP,USDC,USDC,,1.0,0.0001,2026-05-31 22:09:58.747687,20260531
Coinbase,ARB-PERP,ARB,USDC,USDC,,1.0,0.0001,2026-05-31 22:09:58.747687,20260531
Coinbase,SEI-PERP,SEI,USDC,USDC,,1.0,0.0001,2026-05-31 22:09:58.747687,20260531
Coinbase,INJ-PERP,INJ,USDC,USDC,,1.0,0.001,2026-05-31 22:09:58.747687,20260531
Coinbase,TIA-PERP,TIA,USDC,USDC,,1.0,0.0001,2026-05-31 22:09:58.747687,20260531
Coinbase,FIL-PERP,FIL,USDC,USDC,,1.0,0.0001,2026-05-31 22:09:58.747687,20260531
Coinbase,APT-PERP,APT,USDC,USDC,,1.0,0.001,2026-05-31 22:09:58.747687,20260531
Coinbase,SUI-PERP,SUI,USDC,USDC,,1.0,0.0001,2026-05-31 22:09:58.747687,20260531
Coinbase,NEAR-PERP,NEAR,USDC,USDC,,1.0,0.0001,2026-05-31 22:09:58.747687,20260531
Coinbase,ICP-PERP,ICP,USDC,USDC,,1.0,0.001,2026-05-31 22:09:58.747687,20260531
Coinbase,DOT-PERP,DOT,USDC,USDC,,1.0,0.001,2026-05-31 22:09:58.747687,20260531
Coinbase,UNI-PERP,UNI,USDC,USDC,,1.0,0.001,2026-05-31 22:09:58.747687,20260531
Coinbase,BLUR-PERP,BLUR,USDC,USDC,,1.0,1e-05,2026-05-31 22:09:58.747687,20260531
Coinbase,STX-PERP,STX,USDC,USDC,,1.0,0.0001,2026-05-31 22:09:58.747687,20260531
Coinbase,STRK-PERP,STRK,USDC,USDC,,1.0,1e-05,2026-05-31 22:09:58.747687,20260531
Coinbase,FTM-PERP,FTM,USDC,USDC,,1.0,0.0001,2026-05-31 22:09:58.747687,20260531
Coinbase,RUNE-PERP,RUNE,USDC,USDC,,1.0,0.0001,2026-05-31 22:09:58.747687,20260531
Coinbase,W-PERP,W,USDC,USDC,,1.0,1e-05,2026-05-31 22:09:58.747687,20260531
Coinbase,WLD-PERP,WLD,USDC,USDC,,1.0,0.0001,2026-05-31 22:09:58.747687,20260531
Coinbase,ORDI-PERP,ORDI,USDC,USDC,,1.0,0.001,2026-05-31 22:09:58.747687,20260531
Coinbase,1000PEPE-PERP,PEPE,USDC,USDC,,1.0,1e-06,2026-05-31 22:09:58.747687,20260531
Coinbase,WIF-PERP,WIF,USDC,USDC,,1.0,0.0001,2026-05-31 22:09:58.747687,20260531
Coinbase,AEVO-PERP,AEVO,USDC,USDC,,1.0,1e-05,2026-05-31 22:09:58.747687,20260531
Coinbase,ETHFI-PERP,ETHFI,USDC,USDC,,1.0,0.0001,2026-05-31 22:09:58.747687,20260531
Coinbase,ENA-PERP,ENA,USDC,USDC,,1.0,1e-05,2026-05-31 22:09:58.747687,20260531
Coinbase,THETA-PERP,THETA,USDC,USDC,,1.0,0.0001,2026-05-31 22:09:58.747687,20260531
Coinbase,HBAR-PERP,HBAR,USDC,USDC,,1.0,1e-05,2026-05-31 22:09:58.747687,20260531
Coinbase,AR-PERP,AR,USDC,USDC,,1.0,0.001,2026-05-31 22:09:58.747687,20260531
Coinbase,TNSR-PERP,TNSR,USDC,USDC,,1.0,1e-05,2026-05-31 22:09:58.747687,20260531
Coinbase,JUP-PERP,JUP,USDC,USDC,,1.0,1e-05,2026-05-31 22:09:58.747687,20260531
Coinbase,JTO-PERP,JTO,USDC,USDC,,1.0,0.001,2026-05-31 22:09:58.747687,20260531
Coinbase,ONDO-PERP,ONDO,USDC,USDC,,1.0,0.0001,2026-05-31 22:09:58.747687,20260531
Coinbase,PYTH-PERP,PYTH,USDC,USDC,,1.0,1e-05,2026-05-31 22:09:58.747687,20260531
Coinbase,ZETA-PERP,ZETA,USDC,USDC,,1.0,0.0001,2026-05-31 22:09:58.747687,20260531
Coinbase,1000BONK-PERP,BONK,USDC,USDC,,1.0,1e-06,2026-05-31 22:09:58.747687,20260531
Coinbase,1000FLOKI-PERP,FLOKI,USDC,USDC,,1.0,1e-05,2026-05-31 22:09:58.747687,20260531
Coinbase,1000SHIB-PERP,SHIB,USDC,USDC,,1.0,1e-06,2026-05-31 22:09:58.747687,20260531
Coinbase,EIGEN-PERP,EIGEN,USDC,USDC,,1.0,1e-05,2026-05-31 22:09:58.747687,20260531
Coinbase,BOME-PERP,BOME,USDC,USDC,,1.0,1e-07,2026-05-31 22:09:58.747687,20260531
Coinbase,NOT-PERP,NOT,USDC,USDC,,1.0,1e-06,2026-05-31 22:09:58.747687,20260531
Coinbase,ALT-PERP,ALT,USDC,USDC,,1.0,1e-05,2026-05-31 22:09:58.747687,20260531
Coinbase,LDO-PERP,LDO,USDC,USDC,,1.0,0.0001,2026-05-31 22:09:58.747687,20260531
Coinbase,PENDLE-PERP,PENDLE,USDC,USDC,,1.0,0.001,2026-05-31 22:09:58.747687,20260531
Coinbase,BLAST-PERP,BLAST,USDC,USDC,,1.0,1e-06,2026-05-31 22:09:58.747687,20260531
Coinbase,ZRO-PERP,ZRO,USDC,USDC,,1.0,0.001,2026-05-31 22:09:58.747687,20260531
Coinbase,ZK-PERP,ZK,USDC,USDC,,1.0,1e-05,2026-05-31 22:09:58.747687,20260531
Coinbase,CRV-PERP,CRV,USDC,USDC,,1.0,0.0001,2026-05-31 22:09:58.747687,20260531
Coinbase,PEOPLE-PERP,PEOPLE,USDC,USDC,,1.0,1e-06,2026-05-31 22:09:58.747687,20260531
Coinbase,ENS-PERP,ENS,USDC,USDC,,1.0,0.01,2026-05-31 22:09:58.747687,20260531
Coinbase,TRB-PERP,TRB,USDC,USDC,,1.0,0.01,2026-05-31 22:09:58.747687,20260531
Coinbase,TON-PERP,TON,USDC,USDC,,1.0,0.001,2026-05-31 22:09:58.747687,20260531
Coinbase,TAO-PERP,TAO,USDC,USDC,,1.0,0.01,2026-05-31 22:09:58.747687,20260531
Coinbase,AAVE-PERP,AAVE,USDC,USDC,,1.0,0.01,2026-05-31 22:09:58.747687,20260531
Coinbase,DYM-PERP,DYM,USDC,USDC,,1.0,0.0001,2026-05-31 22:09:58.747687,20260531
Coinbase,MKR-PERP,MKR,USDC,USDC,,1.0,0.01,2026-05-31 22:09:58.747687,20260531
Coinbase,JASMY-PERP,JASMY,USDC,USDC,,1.0,1e-06,2026-05-31 22:09:58.747687,20260531
Coinbase,MEME-PERP,MEME,USDC,USDC,,1.0,1e-07,2026-05-31 22:09:58.747687,20260531
Coinbase,MEW-PERP,MEW,USDC,USDC,,1.0,1e-06,2026-05-31 22:09:58.747687,20260531
Coinbase,EOS-PERP,EOS,USDC,USDC,,1.0,0.0001,2026-05-31 22:09:58.747687,20260531
Coinbase,1000SATS-PERP,SATS,USDC,USDC,,1.0,1e-07,2026-05-31 22:09:58.747687,20260531
Coinbase,DEGEN-PERP,DEGEN,USDC,USDC,,1.0,1e-06,2026-05-31 22:09:58.747687,20260531
Coinbase,OM-PERP,OM,USDC,USDC,,1.0,1e-05,2026-05-31 22:09:58.747687,20260531
Coinbase,ATOM-PERP,ATOM,USDC,USDC,,1.0,0.001,2026-05-31 22:09:58.747687,20260531
Coinbase,DYDX-PERP,DYDX,USDC,USDC,,1.0,0.0001,2026-05-31 22:09:58.747687,20260531
Coinbase,SAGA-PERP,SAGA,USDC,USDC,,1.0,0.0001,2026-05-31 22:09:58.747687,20260531
Coinbase,RENDER-PERP,RENDER,USDC,USDC,,1.0,0.001,2026-05-31 22:09:58.747687,20260531
Coinbase,T-PERP,T,USDC,USDC,,1.0,1e-06,2026-05-31 22:09:58.747687,20260531
Coinbase,NEO-PERP,NEO,USDC,USDC,,1.0,0.001,2026-05-31 22:09:58.747687,20260531
Coinbase,BB-PERP,BB,USDC,USDC,,1.0,1e-05,2026-05-31 22:09:58.747687,20260531
Coinbase,CFX-PERP,CFX,USDC,USDC,,1.0,1e-05,2026-05-31 22:09:58.747687,20260531
Coinbase,FLOW-PERP,FLOW,USDC,USDC,,1.0,0.0001,2026-05-31 22:09:58.747687,20260531
Coinbase,IMX-PERP,IMX,USDC,USDC,,1.0,0.0001,2026-05-31 22:09:58.747687,20260531
Coinbase,POL-PERP,POL,USDC,USDC,,1.0,0.0001,2026-05-31 22:09:58.747687,20260531
Coinbase,DOGS-PERP,DOGS,USDC,USDC,,1.0,1e-07,2026-05-31 22:09:58.747687,20260531
Coinbase,CATI-PERP,CATI,USDC,USDC,,1.0,1e-05,2026-05-31 22:09:58.747687,20260531
Coinbase,HMSTR-PERP,HMSTR,USDC,USDC,,1.0,1e-07,2026-05-31 22:09:58.747687,20260531
Coinbase,FET-PERP,FET,USDC,USDC,,1.0,0.0001,2026-05-31 22:09:58.747687,20260531
Coinbase,ARKM-PERP,ARKM,USDC,USDC,,1.0,0.0001,2026-05-31 22:09:58.747687,20260531
Coinbase,BIGTIME-PERP,BIGTIME,USDC,USDC,,1.0,1e-05,2026-05-31 22:09:58.747687,20260531
Coinbase,SCR-PERP,SCR,USDC,USDC,,1.0,0.0001,2026-05-31 22:09:58.747687,20260531
Coinbase,TURBO-PERP,TURBO,USDC,USDC,,1.0,1e-06,2026-05-31 22:09:58.747687,20260531
Coinbase,APE-PERP,APE,USDC,USDC,,1.0,0.0001,2026-05-31 22:09:58.747687,20260531
Coinbase,NEIRO-PERP,NEIRO,USDC,USDC,,1.0,1e-07,2026-05-31 22:09:58.747687,20260531
Coinbase,COIN50-PERP,COIN50,USDC,USDC,,1.0,0.01,2026-05-31 22:09:58.747687,20260531
Coinbase,RAY-PERP,RAY,USDC,USDC,,1.0,0.001,2026-05-31 22:09:58.747687,20260531
Coinbase,ME-PERP,ME,USDC,USDC,,1.0,0.0001,2026-05-31 22:09:58.747687,20260531
Coinbase,IO-PERP,IO,USDC,USDC,,1.0,0.0001,2026-05-31 22:09:58.747687,20260531
Coinbase,COW-PERP,COW,USDC,USDC,,1.0,1e-05,2026-05-31 22:09:58.747687,20260531
Coinbase,MORPHO-PERP,MORPHO,USDC,USDC,,1.0,0.0001,2026-05-31 22:09:58.747687,20260531
Coinbase,SAND-PERP,SAND,USDC,USDC,,1.0,1e-05,2026-05-31 22:09:58.747687,20260531
Coinbase,MOODENG-PERP,MOODENG,USDC,USDC,,1.0,1e-05,2026-05-31 22:09:58.747687,20260531
Coinbase,ALGO-PERP,ALGO,USDC,USDC,,1.0,1e-05,2026-05-31 22:09:58.747687,20260531
Coinbase,1000MOG-PERP,MOG,USDC,USDC,,1.0,1e-07,2026-05-31 22:09:58.747687,20260531
Coinbase,MOVE-PERP,MOVE,USDC,USDC,,1.0,1e-05,2026-05-31 22:09:58.747687,20260531
Coinbase,BEAM-PERP,BEAM,USDC,USDC,,1.0,1e-06,2026-05-31 22:09:58.747687,20260531
Coinbase,DRIFT-PERP,DRIFT,USDC,USDC,,1.0,0.0001,2026-05-31 22:09:58.747687,20260531
Coinbase,AERO-PERP,AERO,USDC,USDC,,1.0,0.0001,2026-05-31 22:09:58.747687,20260531
Coinbase,S-PERP,S,USDC,USDC,,1.0,1e-05,2026-05-31 22:09:58.747687,20260531
Coinbase,TRUMP-PERP,TRUMP,USDC,USDC,,1.0,0.001,2026-05-31 22:09:58.747687,20260531
Coinbase,AIXBT-PERP,AIXBT,USDC,USDC,,1.0,1e-05,2026-05-31 22:09:58.747687,20260531
Coinbase,PNUT-PERP,PNUT,USDC,USDC,,1.0,1e-05,2026-05-31 22:09:58.747687,20260531
Coinbase,VET-PERP,VET,USDC,USDC,,1.0,1e-05,2026-05-31 22:09:58.747687,20260531
Coinbase,ANIME-PERP,ANIME,USDC,USDC,,1.0,1e-06,2026-05-31 22:09:58.747687,20260531
Coinbase,GRT-PERP,GRT,USDC,USDC,,1.0,1e-05,2026-05-31 22:09:58.747687,20260531
Coinbase,GIGA-PERP,GIGA,USDC,USDC,,1.0,1e-06,2026-05-31 22:09:58.747687,20260531
Coinbase,1000TOSHI-PERP,TOSHI,USDC,USDC,,1.0,1e-05,2026-05-31 22:09:58.747687,20260531
Coinbase,AXS-PERP,AXS,USDC,USDC,,1.0,0.0001,2026-05-31 22:09:58.747687,20260531
Coinbase,XTZ-PERP,XTZ,USDC,USDC,,1.0,0.0001,2026-05-31 22:09:58.747687,20260531
Coinbase,EGLD-PERP,EGLD,USDC,USDC,,1.0,0.001,2026-05-31 22:09:58.747687,20260531
Coinbase,BERA-PERP,BERA,USDC,USDC,,1.0,0.001,2026-05-31 22:09:58.747687,20260531
Coinbase,IP-PERP,IP,USDC,USDC,,1.0,1e-05,2026-05-31 22:09:58.747687,20260531
Coinbase,PENGU-PERP,PENGU,USDC,USDC,,1.0,1e-06,2026-05-31 22:09:58.747687,20260531
Coinbase,HNT-PERP,HNT,USDC,USDC,,1.0,0.0001,2026-05-31 22:09:58.747687,20260531
Coinbase,POPCAT-PERP,POPCAT,USDC,USDC,,1.0,1e-05,2026-05-31 22:09:58.747687,20260531
Coinbase,EURC-PERP,EURC,USDC,USDC,,1.0,0.0001,2026-05-31 22:09:58.747687,20260531
Coinbase,KAS-PERP,KAS,USDC,USDC,,1.0,1e-05,2026-05-31 22:09:58.747687,20260531
Coinbase,SPX-PERP,SPX,USDC,USDC,,1.0,1e-05,2026-05-31 22:09:58.747687,20260531
Coinbase,KAITO-PERP,KAITO,USDC,USDC,,1.0,0.0001,2026-05-31 22:09:58.747687,20260531
Coinbase,B3-PERP,B3,USDC,USDC,,1.0,1e-06,2026-05-31 22:09:58.747687,20260531
Coinbase,VIRTUAL-PERP,VIRTUAL,USDC,USDC,,1.0,0.0001,2026-05-31 22:09:58.747687,20260531
Coinbase,RED-PERP,RED,USDC,USDC,,1.0,1e-05,2026-05-31 22:09:58.747687,20260531
Coinbase,AI16Z-PERP,AI16Z,USDC,USDC,,1.0,1e-06,2026-05-31 22:09:58.747687,20260531
Coinbase,BRETT-PERP,BRETT,USDC,USDC,,1.0,1e-06,2026-05-31 22:09:58.747687,20260531
Coinbase,CAKE-PERP,CAKE,USDC,USDC,,1.0,1e-05,2026-05-31 22:09:58.747687,20260531
Coinbase,BIO-PERP,BIO,USDC,USDC,,1.0,1e-06,2026-05-31 22:09:58.747687,20260531
Coinbase,COOKIE-PERP,COOKIE,USDC,USDC,,1.0,1e-05,2026-05-31 22:09:58.747687,20260531
Coinbase,VVV-PERP,VVV,USDC,USDC,,1.0,0.0001,2026-05-31 22:09:58.747687,20260531
Coinbase,REZ-PERP,REZ,USDC,USDC,,1.0,1e-06,2026-05-31 22:09:58.747687,20260531
Coinbase,GRASS-PERP,GRASS,USDC,USDC,,1.0,1e-05,2026-05-31 22:09:58.747687,20260531
Coinbase,RARE-PERP,RARE,USDC,USDC,,1.0,1e-06,2026-05-31 22:09:58.747687,20260531
Coinbase,ZEC-PERP,ZEC,USDC,USDC,,1.0,0.01,2026-05-31 22:09:58.747687,20260531
Coinbase,WELL-PERP,WELL,USDC,USDC,,1.0,1e-06,2026-05-31 22:09:58.747687,20260531
Coinbase,AKT-PERP,AKT,USDC,USDC,,1.0,0.0001,2026-05-31 22:09:58.747687,20260531
Coinbase,BNB-PERP,BNB,USDC,USDC,,1.0,0.01,2026-05-31 22:09:58.747687,20260531
Coinbase,FAI-PERP,FAI,USDC,USDC,,1.0,1e-06,2026-05-31 22:09:58.747687,20260531
Coinbase,L3-PERP,L3,USDC,USDC,,1.0,1e-06,2026-05-31 22:09:58.747687,20260531
Coinbase,EDGE-PERP,EDGE,USDC,USDC,,1.0,1e-06,2026-05-31 22:09:58.747687,20260531
Coinbase,GUN-PERP,GUN,USDC,USDC,,1.0,1e-06,2026-05-31 22:09:58.747687,20260531
Coinbase,VINE-PERP,VINE,USDC,USDC,,1.0,1e-06,2026-05-31 22:09:58.747687,20260531
Coinbase,NIL-PERP,NIL,USDC,USDC,,1.0,1e-05,2026-05-31 22:09:58.747687,20260531
Coinbase,UXLINK-PERP,UXLINK,USDC,USDC,,1.0,1e-05,2026-05-31 22:09:58.747687,20260531
Coinbase,ATH-PERP,ATH,USDC,USDC,,1.0,1e-06,2026-05-31 22:09:58.747687,20260531
Coinbase,COMP-PERP,COMP,USDC,USDC,,1.0,0.01,2026-05-31 22:09:58.747687,20260531
Coinbase,WCT-PERP,WCT,USDC,USDC,,1.0,1e-05,2026-05-31 22:09:58.747687,20260531
Coinbase,KERNEL-PERP,KERNEL,USDC,USDC,,1.0,1e-05,2026-05-31 22:09:58.747687,20260531
Coinbase,PROMPT-PERP,PROMPT,USDC,USDC,,1.0,1e-05,2026-05-31 22:09:58.747687,20260531
Coinbase,BABY-PERP,BABY,USDC,USDC,,1.0,1e-06,2026-05-31 22:09:58.747687,20260531
Coinbase,INIT-PERP,INIT,USDC,USDC,,1.0,1e-05,2026-05-31 22:09:58.747687,20260531
Coinbase,PAXG-PERP,PAXG,USDC,USDC,,1.0,0.01,2026-05-31 22:09:58.747687,20260531
Coinbase,ZORA-PERP,ZORA,USDC,USDC,,1.0,1e-06,2026-05-31 22:09:58.747687,20260531
Coinbase,SXT-PERP,SXT,USDC,USDC,,1.0,1e-05,2026-05-31 22:09:58.747687,20260531
Coinbase,A-PERP,A,USDC,USDC,,1.0,1e-05,2026-05-31 22:09:58.747687,20260531
Coinbase,SOPH-PERP,SOPH,USDC,USDC,,1.0,1e-06,2026-05-31 22:09:58.748684,20260531
Coinbase,HYPE-PERP,HYPE,USDC,USDC,,1.0,0.01,2026-05-31 22:09:58.748684,20260531
Coinbase,FARTCOIN-PERP,FARTCOIN,USDC,USDC,,1.0,1e-05,2026-05-31 22:09:58.748684,20260531
Coinbase,RESOLV-PERP,RESOLV,USDC,USDC,,1.0,1e-05,2026-05-31 22:09:58.748684,20260531
Coinbase,HOME-PERP,HOME,USDC,USDC,,1.0,1e-06,2026-05-31 22:09:58.748684,20260531
Coinbase,SPK-PERP,SPK,USDC,USDC,,1.0,1e-06,2026-05-31 22:09:58.748684,20260531
Coinbase,SYRUP-PERP,SYRUP,USDC,USDC,,1.0,1e-05,2026-05-31 22:09:58.748684,20260531
Coinbase,SAHARA-PERP,SAHARA,USDC,USDC,,1.0,1e-06,2026-05-31 22:09:58.748684,20260531
Coinbase,PUMP-PERP,PUMP,USDC,USDC,,1.0,1e-06,2026-05-31 22:09:58.748684,20260531
Coinbase,SUSHI-PERP,SUSHI,USDC,USDC,,1.0,1e-05,2026-05-31 22:09:58.748684,20260531
Coinbase,ERA-PERP,ERA,USDC,USDC,,1.0,1e-05,2026-05-31 22:09:58.748684,20260531
Coinbase,TOWNS-PERP,TOWNS,USDC,USDC,,1.0,1e-06,2026-05-31 22:09:58.748684,20260531
Coinbase,PROVE-PERP,PROVE,USDC,USDC,,1.0,1e-05,2026-05-31 22:09:58.748684,20260531
Coinbase,MANTLE-PERP,MANTLE,USDC,USDC,,1.0,1e-05,2026-05-31 22:09:58.748684,20260531
Coinbase,SUPER-PERP,SUPER,USDC,USDC,,1.0,1e-05,2026-05-31 22:09:58.748684,20260531
Coinbase,RSR-PERP,RSR,USDC,USDC,,1.0,1e-06,2026-05-31 22:09:58.748684,20260531
Coinbase,GMT-PERP,GMT,USDC,USDC,,1.0,1e-06,2026-05-31 22:09:58.748684,20260531
Coinbase,OMNI-PERP,OMNI,USDC,USDC,,1.0,1e-05,2026-05-31 22:09:58.748684,20260531
Coinbase,SNX-PERP,SNX,USDC,USDC,,1.0,1e-05,2026-05-31 22:09:58.748684,20260531
Coinbase,ZEN-PERP,ZEN,USDC,USDC,,1.0,1e-05,2026-05-31 22:09:58.748684,20260531
Coinbase,UMA-PERP,UMA,USDC,USDC,,1.0,1e-05,2026-05-31 22:09:58.748684,20260531
Coinbase,GMX-PERP,GMX,USDC,USDC,,1.0,1e-05,2026-05-31 22:09:58.748684,20260531
Coinbase,CGLD-PERP,CGLD,USDC,USDC,,1.0,1e-05,2026-05-31 22:09:58.748684,20260531
Coinbase,MINA-PERP,MINA,USDC,USDC,,1.0,1e-05,2026-05-31 22:09:58.748684,20260531
Coinbase,LAYER-PERP,LAYER,USDC,USDC,,1.0,1e-05,2026-05-31 22:09:58.748684,20260531
Coinbase,SKY-PERP,SKY,USDC,USDC,,1.0,1e-06,2026-05-31 22:09:58.748684,20260531
Coinbase,CRO-PERP,CRO,USDC,USDC,,1.0,1e-05,2026-05-31 22:09:58.748684,20260531
Coinbase,AVNT-PERP,AVNT,USDC,USDC,,1.0,1e-05,2026-05-31 22:09:58.748684,20260531
Coinbase,WLFI-PERP,WLFI,USDC,USDC,,1.0,1e-05,2026-05-31 22:09:58.748684,20260531
Coinbase,XAN-PERP,XAN,USDC,USDC,,1.0,1e-06,2026-05-31 22:09:58.748684,20260531
Coinbase,KMNO-PERP,KMNO,USDC,USDC,,1.0,1e-06,2026-05-31 22:09:58.748684,20260531
Coinbase,XPL-PERP,XPL,USDC,USDC,,1.0,1e-05,2026-05-31 22:09:58.748684,20260531
Coinbase,BARD-PERP,BARD,USDC,USDC,,1.0,1e-06,2026-05-31 22:09:58.748684,20260531
Coinbase,2Z-PERP,2Z,USDC,USDC,,1.0,1e-06,2026-05-31 22:09:58.748684,20260531
Coinbase,SOMI-PERP,SOMI,USDC,USDC,,1.0,1e-06,2026-05-31 22:09:58.748684,20260531
Coinbase,0G-PERP,0G,USDC,USDC,,1.0,1e-05,2026-05-31 22:09:58.748684,20260531
Coinbase,YB-PERP,YB,USDC,USDC,,1.0,1e-06,2026-05-31 22:09:58.748684,20260531
Coinbase,NOM-PERP,NOM,USDC,USDC,,1.0,1e-06,2026-05-31 22:09:58.748684,20260531
Coinbase,CLANKER-PERP,CLANKER,USDC,USDC,,1.0,0.01,2026-05-31 22:09:58.748684,20260531
Coinbase,MET-PERP,MET,USDC,USDC,,1.0,1e-06,2026-05-31 22:09:58.748684,20260531
Coinbase,MON-PERP,MON,USDC,USDC,,1.0,1e-06,2026-05-31 22:09:58.748684,20260531
Coinbase,ASTER-PERP,ASTER,USDC,USDC,,1.0,1e-05,2026-05-31 22:09:58.748684,20260531
Coinbase,DASH-PERP,DASH,USDC,USDC,,1.0,0.01,2026-05-31 22:09:58.748684,20260531
Coinbase,MERL-PERP,MERL,USDC,USDC,,1.0,1e-06,2026-05-31 22:09:58.748684,20260531
Coinbase,NIGHT-PERP,NIGHT,USDC,USDC,,1.0,1e-06,2026-05-31 22:09:58.748684,20260531
Coinbase,LIT-PERP,LIT,USDC,USDC,,1.0,1e-05,2026-05-31 22:09:58.748684,20260531
Coinbase,SENT-PERP,SENT,USDC,USDC,,1.0,1e-06,2026-05-31 22:09:58.748684,20260531
Coinbase,BIRB-PERP,BIRB,USDC,USDC,,1.0,1e-06,2026-05-31 22:09:58.748684,20260531
Coinbase,INX-PERP,INX,USDC,USDC,,1.0,1e-06,2026-05-31 22:09:58.748684,20260531
Coinbase,ZAMA-PERP,ZAMA,USDC,USDC,,1.0,1e-06,2026-05-31 22:09:58.748684,20260531
Coinbase,TRIA-PERP,TRIA,USDC,USDC,,1.0,1e-06,2026-05-31 22:09:58.748684,20260531
Coinbase,AZTEC-PERP,AZTEC,USDC,USDC,,1.0,1e-06,2026-05-31 22:09:58.748684,20260531
Coinbase,ESP-PERP,ESP,USDC,USDC,,1.0,1e-06,2026-05-31 22:09:58.748684,20260531
Coinbase,ROBO-PERP,ROBO,USDC,USDC,,1.0,1e-06,2026-05-31 22:09:58.748684,20260531
Coinbase,OPN-PERP,OPN,USDC,USDC,,1.0,1e-06,2026-05-31 22:09:58.748684,20260531
Coinbase,NVDA-PERP,NVDA,USDC,USDC,,1.0,0.01,2026-05-31 22:09:58.748684,20260531
Coinbase,QQQ-PERP,QQQ,USDC,USDC,,1.0,0.01,2026-05-31 22:09:58.748684,20260531
Coinbase,SPY-PERP,SPY,USDC,USDC,,1.0,0.01,2026-05-31 22:09:58.748684,20260531
Coinbase,AAPL-PERP,AAPL,USDC,USDC,,1.0,0.01,2026-05-31 22:09:58.748684,20260531
Coinbase,META-PERP,META,USDC,USDC,,1.0,0.01,2026-05-31 22:09:58.748684,20260531
Coinbase,GOOGL-PERP,GOOGL,USDC,USDC,,1.0,0.01,2026-05-31 22:09:58.748684,20260531
Coinbase,MSFT-PERP,MSFT,USDC,USDC,,1.0,0.01,2026-05-31 22:09:58.748684,20260531
Coinbase,AMZN-PERP,AMZN,USDC,USDC,,1.0,0.01,2026-05-31 22:09:58.748684,20260531
Coinbase,TSLA-PERP,TSLA,USDC,USDC,,1.0,0.01,2026-05-31 22:09:58.748684,20260531
Coinbase,PRL-PERP,PRL,USDC,USDC,,1.0,1e-06,2026-05-31 22:09:58.748684,20260531
Coinbase,KAT-PERP,KAT,USDC,USDC,,1.0,1e-06,2026-05-31 22:09:58.748684,20260531
Coinbase,EDGEX-PERP,EDGEX,USDC,USDC,,1.0,1e-06,2026-05-31 22:09:58.748684,20260531
Coinbase,GOLD-PERP,GOLD,USDC,USDC,,1.0,0.1,2026-05-31 22:09:58.748684,20260531
Coinbase,SILVER-PERP,SILVER,USDC,USDC,,1.0,0.01,2026-05-31 22:09:58.748684,20260531
Coinbase,BASED1-PERP,BASED1,USDC,USDC,,1.0,1e-06,2026-05-31 22:09:58.748684,20260531
Coinbase,OPG-PERP,OPG,USDC,USDC,,1.0,1e-06,2026-05-31 22:09:58.748684,20260531
Coinbase,CHIP-PERP,CHIP,USDC,USDC,,1.0,1e-06,2026-05-31 22:09:58.748684,20260531
Coinbase,INTC-PERP,INTC,USDC,USDC,,1.0,0.01,2026-05-31 22:09:58.748684,20260531
Coinbase,ARM-PERP,ARM,USDC,USDC,,1.0,0.01,2026-05-31 22:09:58.748684,20260531
Coinbase,AMD-PERP,AMD,USDC,USDC,,1.0,0.01,2026-05-31 22:09:58.748684,20260531
Coinbase,MU-PERP,MU,USDC,USDC,,1.0,0.01,2026-05-31 22:09:58.748684,20260531
Coinbase,SNDK-PERP,SNDK,USDC,USDC,,1.0,0.01,2026-05-31 22:09:58.748684,20260531
Coinbase,AI-PERP,AI,USDC,USDC,,1.0,1e-06,2026-05-31 22:09:58.748684,20260531
Coinbase,MEGA-PERP,MEGA,USDC,USDC,,1.0,1e-06,2026-05-31 22:09:58.748684,20260531
Coinbase,BILL-PERP,BILL,USDC,USDC,,1.0,1e-06,2026-05-31 22:09:58.748684,20260531
Coinbase,KAIO-PERP,KAIO,USDC,USDC,,1.0,1e-06,2026-05-31 22:09:58.748684,20260531
Coinbase,CBRS-PERP,CBRS,USDC,USDC,,1.0,0.01,2026-05-31 22:09:58.748684,20260531
Coinbase,TSM-PERP,TSM,USDC,USDC,,1.0,0.01,2026-05-31 22:09:58.748684,20260531
Coinbase,NBIS-PERP,NBIS,USDC,USDC,,1.0,0.01,2026-05-31 22:09:58.748684,20260531
Coinbase,BE-PERP,BE,USDC,USDC,,1.0,0.01,2026-05-31 22:09:58.748684,20260531
Crypto.com,1INCHUSD-PERP,1INCH,USD,USD,50.0,1.0,1e-05,2026-05-31 22:09:58.748684,20260531
Crypto.com,2ZUSD-PERP,2Z,USD,USD,50.0,1.0,1e-05,2026-05-31 22:09:58.748684,20260531
Crypto.com,AAPLUSD-PERP,AAPL,USD,USD,50.0,1.0,0.01,2026-05-31 22:09:58.748684,20260531
Crypto.com,AAVEUSD-PERP,AAVE,USD,USD,50.0,1.0,0.001,2026-05-31 22:09:58.748684,20260531
Crypto.com,ACHUSD-PERP,ACH,USD,USD,50.0,1.0,1e-06,2026-05-31 22:09:58.748684,20260531
Crypto.com,ACTUSD-PERP,ACT,USD,USD,50.0,1.0,1e-05,2026-05-31 22:09:58.748684,20260531
Crypto.com,ADAUSD-PERP,ADA,USD,USD,50.0,1.0,1e-05,2026-05-31 22:09:58.748684,20260531
Crypto.com,AIGENSYNUSD-PERP,AIGENSYN,USD,USD,50.0,1.0,1e-06,2026-05-31 22:09:58.748684,20260531
Crypto.com,AIXBTUSD-PERP,AIXBT,USD,USD,50.0,1.0,1e-05,2026-05-31 22:09:58.748684,20260531
Crypto.com,AKTUSD-PERP,AKT,USD,USD,50.0,1.0,0.0001,2026-05-31 22:09:58.748684,20260531
Crypto.com,ALGOUSD-PERP,ALGO,USD,USD,50.0,1.0,1e-05,2026-05-31 22:09:58.748684,20260531
Crypto.com,AMDUSD-PERP,AMD,USD,USD,50.0,1.0,0.01,2026-05-31 22:09:58.748684,20260531
Crypto.com,AMZNUSD-PERP,AMZN,USD,USD,50.0,1.0,0.01,2026-05-31 22:09:58.748684,20260531
Crypto.com,ANIMEUSD-PERP,ANIME,USD,USD,50.0,1.0,1e-06,2026-05-31 22:09:58.748684,20260531
Crypto.com,ANKRUSD-PERP,ANKR,USD,USD,50.0,1.0,1e-06,2026-05-31 22:09:58.748684,20260531
Crypto.com,ANTHROPICIPOUSD-PERP,ANTHROPICIPO,USD,USD,50.0,1.0,0.1,2026-05-31 22:09:58.748684,20260531
Crypto.com,APEUSD-PERP,APE,USD,USD,50.0,1.0,0.0001,2026-05-31 22:09:58.748684,20260531
Crypto.com,API3USD-PERP,API3,USD,USD,50.0,1.0,0.0001,2026-05-31 22:09:58.748684,20260531
Crypto.com,APTUSD-PERP,APT,USD,USD,50.0,1.0,0.0001,2026-05-31 22:09:58.748684,20260531
Crypto.com,ARBUSD-PERP,ARB,USD,USD,50.0,1.0,0.0001,2026-05-31 22:09:58.748684,20260531
Crypto.com,ARCUSD-PERP,ARC,USD,USD,50.0,1.0,1e-05,2026-05-31 22:09:58.748684,20260531
Crypto.com,ARKMUSD-PERP,ARKM,USD,USD,50.0,1.0,0.0001,2026-05-31 22:09:58.748684,20260531
Crypto.com,ARKUSD-PERP,ARK,USD,USD,50.0,1.0,1e-05,2026-05-31 22:09:58.748684,20260531
Crypto.com,ARPAUSD-PERP,ARPA,USD,USD,50.0,1.0,1e-06,2026-05-31 22:09:58.748684,20260531
Crypto.com,ARUSD-PERP,AR,USD,USD,50.0,1.0,0.0001,2026-05-31 22:09:58.748684,20260531
Crypto.com,ASTRUSD-PERP,ASTR,USD,USD,50.0,1.0,1e-07,2026-05-31 22:09:58.748684,20260531
Crypto.com,ATOMUSD-PERP,ATOM,USD,USD,50.0,1.0,0.001,2026-05-31 22:09:58.748684,20260531
Crypto.com,AUSD-PERP,A,USD,USD,50.0,1.0,1e-05,2026-05-31 22:09:58.748684,20260531
Crypto.com,AVAXUSD-PERP,AVAX,USD,USD,50.0,1.0,0.001,2026-05-31 22:09:58.748684,20260531
Crypto.com,AVGOUSD-PERP,AVGO,USD,USD,50.0,1.0,0.01,2026-05-31 22:09:58.748684,20260531
Crypto.com,AVNTUSD-PERP,AVNT,USD,USD,50.0,1.0,1e-05,2026-05-31 22:09:58.748684,20260531
Crypto.com,AXLUSD-PERP,AXL,USD,USD,50.0,1.0,1e-05,2026-05-31 22:09:58.748684,20260531
Crypto.com,AXSUSD-PERP,AXS,USD,USD,50.0,1.0,0.001,2026-05-31 22:09:58.748684,20260531
Crypto.com,BANANAUSD-PERP,BANANA,USD,USD,50.0,1.0,0.001,2026-05-31 22:09:58.748684,20260531
Crypto.com,BANDUSD-PERP,BAND,USD,USD,50.0,1.0,0.0001,2026-05-31 22:09:58.748684,20260531
Crypto.com,BASEDUSD-PERP,BASED,USD,USD,50.0,1.0,1e-05,2026-05-31 22:09:58.748684,20260531
Crypto.com,BATUSD-PERP,BAT,USD,USD,50.0,1.0,1e-05,2026-05-31 22:09:58.748684,20260531
Crypto.com,BCHUSD-PERP,BCH,USD,USD,50.0,1.0,0.01,2026-05-31 22:09:58.748684,20260531
Crypto.com,BERAUSD-PERP,BERA,USD,USD,50.0,1.0,0.0001,2026-05-31 22:09:58.748684,20260531
Crypto.com,BIGTIMEUSD-PERP,BIGTIME,USD,USD,50.0,1.0,1e-05,2026-05-31 22:09:58.748684,20260531
Crypto.com,BIRBUSD-PERP,BIRB,USD,USD,50.0,1.0,1e-05,2026-05-31 22:09:58.748684,20260531
Crypto.com,BLASTUSD-PERP,BLAST,USD,USD,50.0,1.0,1e-07,2026-05-31 22:09:58.748684,20260531
Crypto.com,BLENDUSD-PERP,BLEND,USD,USD,50.0,1.0,1e-05,2026-05-31 22:09:58.748684,20260531
Crypto.com,BLURUSD-PERP,BLUR,USD,USD,50.0,1.0,1e-06,2026-05-31 22:09:58.748684,20260531
Crypto.com,BMTUSD-PERP,BMT,USD,USD,50.0,1.0,1e-05,2026-05-31 22:09:58.748684,20260531
Crypto.com,BOMEUSD-PERP,BOME,USD,USD,50.0,1.0,1e-08,2026-05-31 22:09:58.748684,20260531
Crypto.com,BONKUSD-PERP,BONK,USD,USD,50.0,1.0,1e-09,2026-05-31 22:09:58.748684,20260531
Crypto.com,BREVUSD-PERP,BREV,USD,USD,50.0,1.0,1e-05,2026-05-31 22:09:58.748684,20260531
Crypto.com,BTCUSD-260626,BTC,USD,USD,100.0,,0.1,2026-05-31 22:09:58.748684,20260531
Crypto.com,BTCUSD-260731,BTC,USD,USD,100.0,,0.1,2026-05-31 22:09:58.748684,20260531
Crypto.com,BTCUSD-260828,BTC,USD,USD,100.0,,0.1,2026-05-31 22:09:58.748684,20260531
Crypto.com,BTCUSD-260925,BTC,USD,USD,100.0,,0.1,2026-05-31 22:09:58.748684,20260531
Crypto.com,BTCUSD-261225,BTC,USD,USD,100.0,,0.1,2026-05-31 22:09:58.748684,20260531
Crypto.com,BTCUSD-PERP,BTC,USD,USD,100.0,1.0,0.1,2026-05-31 22:09:58.748684,20260531
Crypto.com,CATIUSD-PERP,CATI,USD,USD,50.0,1.0,1e-06,2026-05-31 22:09:58.748684,20260531
Crypto.com,CBRSUSD-PERP,CBRS,USD,USD,50.0,1.0,0.01,2026-05-31 22:09:58.748684,20260531
Crypto.com,CCUSD-PERP,CC,USD,USD,50.0,1.0,1e-05,2026-05-31 22:09:58.748684,20260531
Crypto.com,CELOUSD-PERP,CELO,USD,USD,50.0,1.0,1e-05,2026-05-31 22:09:58.748684,20260531
Crypto.com,CELRUSD-PERP,CELR,USD,USD,50.0,1.0,1e-06,2026-05-31 22:09:58.748684,20260531
Crypto.com,CFXUSD-PERP,CFX,USD,USD,50.0,1.0,1e-05,2026-05-31 22:09:58.748684,20260531
Crypto.com,CHILLGUYUSD-PERP,CHILLGUY,USD,USD,50.0,1.0,1e-05,2026-05-31 22:09:58.748684,20260531
Crypto.com,CHRUSD-PERP,CHR,USD,USD,50.0,1.0,1e-05,2026-05-31 22:09:58.748684,20260531
Crypto.com,CHZUSD-PERP,CHZ,USD,USD,50.0,1.0,1e-05,2026-05-31 22:09:58.748684,20260531
Crypto.com,CKBUSD-PERP,CKB,USD,USD,50.0,1.0,1e-06,2026-05-31 22:09:58.748684,20260531
Crypto.com,CLUSD-PERP,CL,USD,USD,50.0,1.0,0.001,2026-05-31 22:09:58.748684,20260531
Crypto.com,COINUSD-PERP,COIN,USD,USD,50.0,1.0,0.01,2026-05-31 22:09:58.748684,20260531
Crypto.com,COMPUSD-PERP,COMP,USD,USD,50.0,1.0,0.001,2026-05-31 22:09:58.748684,20260531
Crypto.com,COTIUSD-PERP,COTI,USD,USD,50.0,1.0,1e-06,2026-05-31 22:09:58.748684,20260531
Crypto.com,CRCLUSD-PERP,CRCL,USD,USD,50.0,1.0,0.01,2026-05-31 22:09:58.748684,20260531
Crypto.com,CROUSD-PERP,CRO,USD,USD,50.0,1.0,1e-05,2026-05-31 22:09:58.748684,20260531
Crypto.com,CRVUSD-PERP,CRV,USD,USD,50.0,1.0,0.0001,2026-05-31 22:09:58.748684,20260531
Crypto.com,CTSIUSD-PERP,CTSI,USD,USD,50.0,1.0,1e-05,2026-05-31 22:09:58.748684,20260531
Crypto.com,DBRUSD-PERP,DBR,USD,USD,50.0,1.0,1e-06,2026-05-31 22:09:58.748684,20260531
Crypto.com,DEEPUSD-PERP,DEEP,USD,USD,50.0,1.0,1e-05,2026-05-31 22:09:58.749682,20260531
Crypto.com,DEGENUSD-PERP,DEGEN,USD,USD,50.0,1.0,1e-08,2026-05-31 22:09:58.749682,20260531
Crypto.com,DOGEUSD-PERP,DOGE,USD,USD,50.0,1.0,1e-06,2026-05-31 22:09:58.749682,20260531
Crypto.com,DOODUSD-PERP,DOOD,USD,USD,50.0,1.0,1e-06,2026-05-31 22:09:58.749682,20260531
Crypto.com,DOTUSD-PERP,DOT,USD,USD,50.0,1.0,0.0001,2026-05-31 22:09:58.749682,20260531
Crypto.com,DRAMUSD-PERP,DRAM,USD,USD,50.0,1.0,0.01,2026-05-31 22:09:58.749682,20260531
Crypto.com,DYDXUSD-PERP,DYDX,USD,USD,50.0,1.0,0.0001,2026-05-31 22:09:58.749682,20260531
Crypto.com,EDGEUSD-PERP,DFIN,USD,USD,50.0,1.0,1e-05,2026-05-31 22:09:58.749682,20260531
Crypto.com,EGLDUSD-PERP,EGLD,USD,USD,50.0,1.0,0.001,2026-05-31 22:09:58.749682,20260531
Crypto.com,EIGENUSD-PERP,EIGEN,USD,USD,50.0,1.0,0.0001,2026-05-31 22:09:58.749682,20260531
Crypto.com,ENAUSD-PERP,ENA,USD,USD,50.0,1.0,1e-05,2026-05-31 22:09:58.749682,20260531
Crypto.com,ENJUSD-PERP,ENJ,USD,USD,50.0,1.0,1e-06,2026-05-31 22:09:58.749682,20260531
Crypto.com,ENSUSD-PERP,ENS,USD,USD,50.0,1.0,0.001,2026-05-31 22:09:58.749682,20260531
Crypto.com,ERAUSD-PERP,ERA,USD,USD,50.0,1.0,0.0001,2026-05-31 22:09:58.749682,20260531
Crypto.com,ESPUSD-PERP,ESP,USD,USD,50.0,1.0,1e-06,2026-05-31 22:09:58.749682,20260531
Crypto.com,ESUSD-PERP,ES,USD,USD,50.0,1.0,1e-05,2026-05-31 22:09:58.749682,20260531
Crypto.com,ETCUSD-PERP,ETC,USD,USD,50.0,1.0,0.001,2026-05-31 22:09:58.749682,20260531
Crypto.com,ETHFIUSD-PERP,ETHFI,USD,USD,50.0,1.0,0.0001,2026-05-31 22:09:58.749682,20260531
Crypto.com,ETHUSD-260626,ETH,USD,USD,100.0,,0.01,2026-05-31 22:09:58.749682,20260531
Crypto.com,ETHUSD-260731,ETH,USD,USD,100.0,,0.01,2026-05-31 22:09:58.749682,20260531
Crypto.com,ETHUSD-260828,ETH,USD,USD,100.0,,0.01,2026-05-31 22:09:58.749682,20260531
Crypto.com,ETHUSD-260925,ETH,USD,USD,100.0,,0.01,2026-05-31 22:09:58.749682,20260531
Crypto.com,ETHUSD-261225,ETH,USD,USD,100.0,,0.01,2026-05-31 22:09:58.749682,20260531
Crypto.com,ETHUSD-PERP,ETH,USD,USD,100.0,1.0,0.01,2026-05-31 22:09:58.749682,20260531
Crypto.com,ETHWUSD-PERP,ETHW,USD,USD,50.0,1.0,0.0001,2026-05-31 22:09:58.749682,20260531
Crypto.com,EWYUSD-PERP,EWY,USD,USD,50.0,1.0,0.01,2026-05-31 22:09:58.749682,20260531
Crypto.com,FARTCOINUSD-PERP,FARTCOIN,USD,USD,50.0,1.0,1e-05,2026-05-31 22:09:58.749682,20260531
Crypto.com,FETUSD-PERP,FET,USD,USD,50.0,1.0,0.0001,2026-05-31 22:09:58.749682,20260531
Crypto.com,FILUSD-PERP,FIL,USD,USD,50.0,1.0,0.0001,2026-05-31 22:09:58.749682,20260531
Crypto.com,FLOKIUSD-PERP,FLOKI,USD,USD,50.0,1.0,1e-08,2026-05-31 22:09:58.749682,20260531
Crypto.com,FLUXUSD-PERP,FLUX,USD,USD,50.0,1.0,1e-05,2026-05-31 22:09:58.749682,20260531
Crypto.com,FOGOUSD-PERP,FOGO,USD,USD,50.0,1.0,1e-06,2026-05-31 22:09:58.749682,20260531
Crypto.com,FRAXUSD-PERP,FRAX,USD,USD,50.0,1.0,1e-05,2026-05-31 22:09:58.749682,20260531
Crypto.com,FWOGUSD-PERP,FWOG,USD,USD,50.0,1.0,1e-07,2026-05-31 22:09:58.749682,20260531
Crypto.com,GALAUSD-PERP,GALA,USD,USD,50.0,1.0,1e-06,2026-05-31 22:09:58.749682,20260531
Crypto.com,GMTUSD-PERP,GMT,USD,USD,50.0,1.0,1e-06,2026-05-31 22:09:58.749682,20260531
Crypto.com,GOATUSD-PERP,GOAT,USD,USD,50.0,1.0,1e-05,2026-05-31 22:09:58.749682,20260531
Crypto.com,GOOGLUSD-PERP,GOOGL,USD,USD,50.0,1.0,0.01,2026-05-31 22:09:58.749682,20260531
Crypto.com,GRASSUSD-PERP,GRASS,USD,USD,50.0,1.0,1e-05,2026-05-31 22:09:58.749682,20260531
Crypto.com,GRTUSD-PERP,GRT,USD,USD,50.0,1.0,1e-05,2026-05-31 22:09:58.749682,20260531
Crypto.com,GUNUSD-PERP,GUN,USD,USD,50.0,1.0,1e-06,2026-05-31 22:09:58.749682,20260531
Crypto.com,HBARUSD-PERP,HBAR,USD,USD,50.0,1.0,1e-06,2026-05-31 22:09:58.749682,20260531
Crypto.com,HEMIUSD-PERP,HEMI,USD,USD,50.0,1.0,1e-06,2026-05-31 22:09:58.749682,20260531
Crypto.com,HFTUSD-PERP,HFT,USD,USD,50.0,1.0,1e-06,2026-05-31 22:09:58.749682,20260531
Crypto.com,HMSTRUSD-PERP,HMSTR,USD,USD,50.0,1.0,1e-08,2026-05-31 22:09:58.749682,20260531
Crypto.com,HOODUSD-PERP,HOOD,USD,USD,50.0,1.0,0.01,2026-05-31 22:09:58.749682,20260531
Crypto.com,HUSD-PERP,H,USD,USD,50.0,1.0,1e-06,2026-05-31 22:09:58.749682,20260531
Crypto.com,HYPERUSD-PERP,HYPER,USD,USD,50.0,1.0,1e-05,2026-05-31 22:09:58.749682,20260531
Crypto.com,HYPEUSD-PERP,HYPE,USD,USD,50.0,1.0,0.001,2026-05-31 22:09:58.749682,20260531
Crypto.com,ICPUSD-PERP,ICP,USD,USD,50.0,1.0,0.0001,2026-05-31 22:09:58.749682,20260531
Crypto.com,IKAUSD-PERP,IKA,USD,USD,50.0,1.0,1e-06,2026-05-31 22:09:58.749682,20260531
Crypto.com,IMUUSD-PERP,IMU,USD,USD,50.0,1.0,1e-06,2026-05-31 22:09:58.749682,20260531
Crypto.com,IMXUSD-PERP,IMX,USD,USD,50.0,1.0,1e-05,2026-05-31 22:09:58.749682,20260531
Crypto.com,INITUSD-PERP,INIT,USD,USD,50.0,1.0,1e-05,2026-05-31 22:09:58.749682,20260531
Crypto.com,INJUSD-PERP,INJ,USD,USD,50.0,1.0,0.001,2026-05-31 22:09:58.749682,20260531
Crypto.com,INTCUSD-PERP,INTC,USD,USD,50.0,1.0,0.01,2026-05-31 22:09:58.749682,20260531
Crypto.com,IOTXUSD-PERP,IOTX,USD,USD,50.0,1.0,1e-06,2026-05-31 22:09:58.749682,20260531
Crypto.com,IOUSD-PERP,IO,USD,USD,50.0,1.0,0.0001,2026-05-31 22:09:58.749682,20260531
Crypto.com,IPUSD-PERP,IP,USD,USD,50.0,1.0,0.0001,2026-05-31 22:09:58.749682,20260531
Crypto.com,JOEUSD-PERP,JOE,USD,USD,50.0,1.0,1e-05,2026-05-31 22:09:58.749682,20260531
Crypto.com,JTOUSD-PERP,JTO,USD,USD,50.0,1.0,0.0001,2026-05-31 22:09:58.749682,20260531
Crypto.com,JUPUSD-PERP,JUP,USD,USD,50.0,1.0,1e-05,2026-05-31 22:09:58.749682,20260531
Crypto.com,KAITOUSD-PERP,KAITO,USD,USD,50.0,1.0,0.0001,2026-05-31 22:09:58.749682,20260531
Crypto.com,KATUSD-PERP,KAT,USD,USD,50.0,1.0,1e-06,2026-05-31 22:09:58.749682,20260531
Crypto.com,KAVAUSD-PERP,KAVA,USD,USD,50.0,1.0,1e-06,2026-05-31 22:09:58.749682,20260531
Crypto.com,KITEUSD-PERP,KITE,USD,USD,50.0,1.0,1e-05,2026-05-31 22:09:58.749682,20260531
Crypto.com,KSMUSD-PERP,KSM,USD,USD,50.0,1.0,0.001,2026-05-31 22:09:58.749682,20260531
Crypto.com,LAYERUSD-PERP,LAYER,USD,USD,50.0,1.0,1e-05,2026-05-31 22:09:58.749682,20260531
Crypto.com,LDOUSD-PERP,LDO,USD,USD,50.0,1.0,0.0001,2026-05-31 22:09:58.749682,20260531
Crypto.com,LIGHTERUSD-PERP,LIGHTER,USD,USD,50.0,1.0,1e-05,2026-05-31 22:09:58.749682,20260531
Crypto.com,LINEAUSD-PERP,LINEA,USD,USD,50.0,1.0,1e-06,2026-05-31 22:09:58.749682,20260531
Crypto.com,LINKUSD-PERP,LINK,USD,USD,50.0,1.0,0.001,2026-05-31 22:09:58.749682,20260531
Crypto.com,LPTUSD-PERP,LPT,USD,USD,50.0,1.0,0.001,2026-05-31 22:09:58.749682,20260531
Crypto.com,LRCUSD-PERP,LRC,USD,USD,50.0,1.0,1e-05,2026-05-31 22:09:58.749682,20260531
Crypto.com,LTCUSD-PERP,LTC,USD,USD,50.0,1.0,0.001,2026-05-31 22:09:58.749682,20260531
Crypto.com,LUNA2USD-PERP,LUNA2,USD,USD,50.0,1.0,1e-06,2026-05-31 22:09:58.749682,20260531
Crypto.com,LUNCUSD-PERP,LUNC,USD,USD,50.0,1.0,1e-08,2026-05-31 22:09:58.749682,20260531
Crypto.com,MAGICUSD-PERP,MAGIC,USD,USD,50.0,1.0,1e-05,2026-05-31 22:09:58.749682,20260531
Crypto.com,MANAUSD-PERP,MANA,USD,USD,50.0,1.0,1e-05,2026-05-31 22:09:58.749682,20260531
Crypto.com,MANTRAUSD-PERP,MANTRA,USD,USD,50.0,1.0,1e-06,2026-05-31 22:09:58.749682,20260531
Crypto.com,MASKUSD-PERP,MASK,USD,USD,50.0,1.0,0.0001,2026-05-31 22:09:58.749682,20260531
Crypto.com,MEGAUSD-PERP,MEGA,USD,USD,50.0,1.0,1e-05,2026-05-31 22:09:58.749682,20260531
Crypto.com,MELANIAUSD-PERP,MELANIA,USD,USD,50.0,1.0,1e-05,2026-05-31 22:09:58.749682,20260531
Crypto.com,METAUSD-PERP,META,USD,USD,50.0,1.0,0.01,2026-05-31 22:09:58.749682,20260531
Crypto.com,METISUSD-PERP,METIS,USD,USD,50.0,1.0,0.0001,2026-05-31 22:09:58.749682,20260531
Crypto.com,METUSD-PERP,MET,USD,USD,50.0,1.0,0.0001,2026-05-31 22:09:58.749682,20260531
Crypto.com,MEUSD-PERP,ME,USD,USD,50.0,1.0,0.0001,2026-05-31 22:09:58.749682,20260531
Crypto.com,MINAUSD-PERP,MINA,USD,USD,50.0,1.0,1e-05,2026-05-31 22:09:58.749682,20260531
Crypto.com,MOGUSD-PERP,MOG,USD,USD,50.0,1.0,1e-11,2026-05-31 22:09:58.749682,20260531
Crypto.com,MONUSD-PERP,MON,USD,USD,50.0,1.0,1e-06,2026-05-31 22:09:58.749682,20260531
Crypto.com,MOODENGUSD-PERP,MOODENG,USD,USD,50.0,1.0,1e-06,2026-05-31 22:09:58.749682,20260531
Crypto.com,MORPHOUSD-PERP,MORPHO,USD,USD,50.0,1.0,0.0001,2026-05-31 22:09:58.749682,20260531
Crypto.com,MOVEUSD-PERP,MOVE,USD,USD,50.0,1.0,1e-06,2026-05-31 22:09:58.749682,20260531
Crypto.com,MSFTUSD-PERP,MSFT,USD,USD,50.0,1.0,0.01,2026-05-31 22:09:58.749682,20260531
Crypto.com,MSTRUSD-PERP,MSTR,USD,USD,50.0,1.0,0.01,2026-05-31 22:09:58.749682,20260531
Crypto.com,MUUSD-PERP,MU,USD,USD,50.0,1.0,0.01,2026-05-31 22:09:58.749682,20260531
Crypto.com,NATGASUSD-PERP,NATGAS,USD,USD,50.0,1.0,0.0001,2026-05-31 22:09:58.749682,20260531
Crypto.com,NEARUSD-PERP,NEAR,USD,USD,50.0,1.0,0.0001,2026-05-31 22:09:58.749682,20260531
Crypto.com,NFLXUSD-PERP,NFLX,USD,USD,50.0,1.0,0.01,2026-05-31 22:09:58.749682,20260531
Crypto.com,NOTUSD-PERP,NOT,USD,USD,50.0,1.0,1e-07,2026-05-31 22:09:58.749682,20260531
Crypto.com,NVDAUSD-PERP,NVDA,USD,USD,50.0,1.0,0.01,2026-05-31 22:09:58.749682,20260531
Crypto.com,NXPCUSD-PERP,NXPC,USD,USD,50.0,1.0,0.0001,2026-05-31 22:09:58.749682,20260531
Crypto.com,OGNUSD-PERP,OGN,USD,USD,50.0,1.0,1e-05,2026-05-31 22:09:58.749682,20260531
Crypto.com,ONDOUSD-PERP,ONDO,USD,USD,50.0,1.0,1e-05,2026-05-31 22:09:58.749682,20260531
Crypto.com,ONEUSD-PERP,ONE,USD,USD,50.0,1.0,1e-06,2026-05-31 22:09:58.749682,20260531
Crypto.com,OPENAIIPOUSD-PERP,OPENAIIPO,USD,USD,50.0,1.0,0.1,2026-05-31 22:09:58.749682,20260531
Crypto.com,OPUSD-PERP,OP,USD,USD,50.0,1.0,0.0001,2026-05-31 22:09:58.749682,20260531
Crypto.com,ORCAUSD-PERP,ORCA,USD,USD,50.0,1.0,0.0001,2026-05-31 22:09:58.749682,20260531
Crypto.com,ORCLUSD-PERP,ORCL,USD,USD,50.0,1.0,0.01,2026-05-31 22:09:58.749682,20260531
Crypto.com,ORDERUSD-PERP,ORDER,USD,USD,50.0,1.0,1e-05,2026-05-31 22:09:58.749682,20260531
Crypto.com,ORDIUSD-PERP,ORDI,USD,USD,50.0,1.0,0.0001,2026-05-31 22:09:58.749682,20260531
Crypto.com,PAXGUSD-PERP,PAXG,USD,USD,50.0,1.0,0.01,2026-05-31 22:09:58.749682,20260531
Crypto.com,PENDLEUSD-PERP,PENDLE,USD,USD,50.0,1.0,0.0001,2026-05-31 22:09:58.749682,20260531
Crypto.com,PENGUUSD-PERP,PENGU,USD,USD,50.0,1.0,1e-06,2026-05-31 22:09:58.749682,20260531
Crypto.com,PEPEUSD-PERP,PEPE,USD,USD,50.0,1.0,1e-09,2026-05-31 22:09:58.749682,20260531
Crypto.com,PIXELUSD-PERP,PIXEL,USD,USD,50.0,1.0,1e-07,2026-05-31 22:09:58.749682,20260531
Crypto.com,PLTRUSD-PERP,PLTR,USD,USD,50.0,1.0,0.01,2026-05-31 22:09:58.749682,20260531
Crypto.com,PLUMEUSD-PERP,PLUME,USD,USD,50.0,1.0,1e-05,2026-05-31 22:09:58.749682,20260531
Crypto.com,PNUTUSD-PERP,PNUT,USD,USD,50.0,1.0,1e-05,2026-05-31 22:09:58.749682,20260531
Crypto.com,POLUSD-PERP,POL,USD,USD,50.0,1.0,1e-06,2026-05-31 22:09:58.749682,20260531
Crypto.com,POLYXUSD-PERP,POLYX,USD,USD,50.0,1.0,1e-05,2026-05-31 22:09:58.749682,20260531
Crypto.com,PONKEUSD-PERP,PONKE,USD,USD,50.0,1.0,1e-05,2026-05-31 22:09:58.749682,20260531
Crypto.com,POPCATUSD-PERP,POPCAT,USD,USD,50.0,1.0,1e-05,2026-05-31 22:09:58.749682,20260531
Crypto.com,PRLUSD-PERP,PRL,USD,USD,50.0,1.0,1e-05,2026-05-31 22:09:58.749682,20260531
Crypto.com,PROMPTUSD-PERP,PROMPT,USD,USD,50.0,1.0,1e-05,2026-05-31 22:09:58.749682,20260531
Crypto.com,PROVEUSD-PERP,PROVE,USD,USD,50.0,1.0,0.0001,2026-05-31 22:09:58.749682,20260531
Crypto.com,PUMPUSD-PERP,PUMP,USD,USD,50.0,1.0,1e-07,2026-05-31 22:09:58.749682,20260531
Crypto.com,PYTHUSD-PERP,PYTH,USD,USD,50.0,1.0,1e-05,2026-05-31 22:09:58.749682,20260531
Crypto.com,QNTUSD-PERP,QNT,USD,USD,50.0,1.0,0.001,2026-05-31 22:09:58.749682,20260531
Crypto.com,QQQUSD-PERP,QQQ,USD,USD,50.0,1.0,0.01,2026-05-31 22:09:58.749682,20260531
Crypto.com,QTUMUSD-PERP,QTUM,USD,USD,50.0,1.0,0.0001,2026-05-31 22:09:58.749682,20260531
Crypto.com,RAYUSD-PERP,RAY,USD,USD,50.0,1.0,0.0001,2026-05-31 22:09:58.749682,20260531
Crypto.com,REDUSD-PERP,RED,USD,USD,50.0,1.0,0.0001,2026-05-31 22:09:58.749682,20260531
Crypto.com,RENDERUSD-PERP,RENDER,USD,USD,50.0,1.0,0.0001,2026-05-31 22:09:58.749682,20260531
Crypto.com,RNBWUSD-PERP,RNBW,USD,USD,50.0,1.0,1e-06,2026-05-31 22:09:58.749682,20260531
Crypto.com,ROBOUSD-PERP,ROBO,USD,USD,50.0,1.0,1e-06,2026-05-31 22:09:58.749682,20260531
Crypto.com,RONINUSD-PERP,RONIN,USD,USD,50.0,1.0,1e-05,2026-05-31 22:09:58.749682,20260531
Crypto.com,RUNEUSD-PERP,RUNE,USD,USD,50.0,1.0,0.0001,2026-05-31 22:09:58.749682,20260531
Crypto.com,RVNUSD-PERP,RVN,USD,USD,50.0,1.0,1e-06,2026-05-31 22:09:58.749682,20260531
Crypto.com,SAFEUSD-PERP,SAFE,USD,USD,50.0,1.0,0.0001,2026-05-31 22:09:58.749682,20260531
Crypto.com,SANDUSD-PERP,SAND,USD,USD,50.0,1.0,1e-05,2026-05-31 22:09:58.749682,20260531
Crypto.com,SAPIENUSD-PERP,SAPIEN,USD,USD,50.0,1.0,1e-05,2026-05-31 22:09:58.749682,20260531
Crypto.com,SEIUSD-PERP,SEI,USD,USD,50.0,1.0,1e-05,2026-05-31 22:09:58.749682,20260531
Crypto.com,SENTUSD-PERP,SENT,USD,USD,50.0,1.0,1e-06,2026-05-31 22:09:58.749682,20260531
Crypto.com,SHIBUSD-PERP,SHIB,USD,USD,50.0,1.0,1e-10,2026-05-31 22:09:58.749682,20260531
Crypto.com,SKLUSD-PERP,SKL,USD,USD,50.0,1.0,1e-07,2026-05-31 22:09:58.749682,20260531
Crypto.com,SKRUSD-PERP,SKR,USD,USD,50.0,1.0,1e-06,2026-05-31 22:09:58.749682,20260531
Crypto.com,SNDKUSD-PERP,SNDK,USD,USD,50.0,1.0,0.01,2026-05-31 22:09:58.749682,20260531
Crypto.com,SNEKUSD-PERP,SNEK,USD,USD,50.0,1.0,1e-07,2026-05-31 22:09:58.749682,20260531
Crypto.com,SNXUSD-PERP,SNX,USD,USD,50.0,1.0,0.0001,2026-05-31 22:09:58.749682,20260531
Crypto.com,SOLUSD-PERP,SOL,USD,USD,50.0,1.0,0.01,2026-05-31 22:09:58.749682,20260531
Crypto.com,SOPHUSD-PERP,SOPH,USD,USD,50.0,1.0,1e-06,2026-05-31 22:09:58.749682,20260531
Crypto.com,SPACEXIPOUSD-PERP,SPACEXIPO,USD,USD,50.0,1.0,0.1,2026-05-31 22:09:58.749682,20260531
Crypto.com,SPKUSD-PERP,SPK,USD,USD,50.0,1.0,1e-06,2026-05-31 22:09:58.749682,20260531
Crypto.com,SPXUSD-PERP,SPX,USD,USD,50.0,1.0,1e-05,2026-05-31 22:09:58.749682,20260531
Crypto.com,SPYUSD-PERP,SPY,USD,USD,50.0,1.0,0.01,2026-05-31 22:09:58.749682,20260531
Crypto.com,STABLEUSD-PERP,STABLE,USD,USD,50.0,1.0,1e-06,2026-05-31 22:09:58.749682,20260531
Crypto.com,STGUSD-PERP,STG,USD,USD,50.0,1.0,1e-05,2026-05-31 22:09:58.749682,20260531
Crypto.com,STORJUSD-PERP,STORJ,USD,USD,50.0,1.0,1e-05,2026-05-31 22:09:58.749682,20260531
Crypto.com,STRKUSD-PERP,STRK,USD,USD,50.0,1.0,1e-06,2026-05-31 22:09:58.749682,20260531
Crypto.com,STXUSD-PERP,STX,USD,USD,50.0,1.0,0.0001,2026-05-31 22:09:58.749682,20260531
Crypto.com,SUIUSD-PERP,SUI,USD,USD,50.0,1.0,1e-05,2026-05-31 22:09:58.749682,20260531
Crypto.com,SUSD-PERP,S,USD,USD,50.0,1.0,1e-05,2026-05-31 22:09:58.749682,20260531
Crypto.com,SUSHIUSD-PERP,SUSHI,USD,USD,50.0,1.0,0.0001,2026-05-31 22:09:58.749682,20260531
Crypto.com,SXTUSD-PERP,SXT,USD,USD,50.0,1.0,1e-05,2026-05-31 22:09:58.749682,20260531
Crypto.com,TAOUSD-PERP,TAO,USD,USD,50.0,1.0,0.01,2026-05-31 22:09:58.749682,20260531
Crypto.com,THETAUSD-PERP,THETA,USD,USD,50.0,1.0,1e-05,2026-05-31 22:09:58.749682,20260531
Crypto.com,TIAUSD-PERP,TIA,USD,USD,50.0,1.0,1e-05,2026-05-31 22:09:58.749682,20260531
Crypto.com,TNSRUSD-PERP,TNSR,USD,USD,50.0,1.0,1e-06,2026-05-31 22:09:58.749682,20260531
Crypto.com,TONUSD-PERP,TON,USD,USD,50.0,1.0,0.0001,2026-05-31 22:09:58.749682,20260531
Crypto.com,TOSHIUSD-PERP,TOSHI,USD,USD,50.0,1.0,1e-08,2026-05-31 22:09:58.749682,20260531
Crypto.com,TOWNSUSD-PERP,TOWNS,USD,USD,50.0,1.0,1e-06,2026-05-31 22:09:58.749682,20260531
Crypto.com,TRBUSD-PERP,TRB,USD,USD,50.0,1.0,0.01,2026-05-31 22:09:58.749682,20260531
Crypto.com,TRUMPUSD-PERP,TRUMP,USD,USD,50.0,1.0,0.001,2026-05-31 22:09:58.749682,20260531
Crypto.com,TRUSTUSD-PERP,TRUST,USD,USD,50.0,1.0,1e-05,2026-05-31 22:09:58.749682,20260531
Crypto.com,TSLAUSD-PERP,TSLA,USD,USD,50.0,1.0,0.01,2026-05-31 22:09:58.749682,20260531
Crypto.com,TSMUSD-PERP,TSM,USD,USD,50.0,1.0,0.01,2026-05-31 22:09:58.749682,20260531
Crypto.com,TURBOUSD-PERP,TURBO,USD,USD,50.0,1.0,1e-07,2026-05-31 22:09:58.749682,20260531
Crypto.com,UNIUSD-PERP,UNI,USD,USD,50.0,1.0,0.0001,2026-05-31 22:09:58.749682,20260531
Crypto.com,USELESSUSD-PERP,USELESS,USD,USD,50.0,1.0,1e-05,2026-05-31 22:09:58.749682,20260531
Crypto.com,VETUSD-PERP,VET,USD,USD,50.0,1.0,1e-07,2026-05-31 22:09:58.749682,20260531
Crypto.com,VINEUSD-PERP,VINE,USD,USD,50.0,1.0,1e-05,2026-05-31 22:09:58.749682,20260531
Crypto.com,VIRTUALUSD-PERP,VIRTUAL,USD,USD,50.0,1.0,0.0001,2026-05-31 22:09:58.749682,20260531
Crypto.com,VRAUSD-PERP,VRA,USD,USD,50.0,1.0,1e-09,2026-05-31 22:09:58.749682,20260531
Crypto.com,VTHOUSD-PERP,VTHO,USD,USD,50.0,1.0,1e-07,2026-05-31 22:09:58.749682,20260531
Crypto.com,VVVUSD-PERP,VVV,USD,USD,50.0,1.0,0.001,2026-05-31 22:09:58.749682,20260531
Crypto.com,WALUSD-PERP,WAL,USD,USD,50.0,1.0,1e-05,2026-05-31 22:09:58.749682,20260531
Crypto.com,WCTUSD-PERP,WCT,USD,USD,50.0,1.0,1e-05,2026-05-31 22:09:58.749682,20260531
Crypto.com,WETUSD-PERP,WET,USD,USD,50.0,1.0,1e-05,2026-05-31 22:09:58.749682,20260531
Crypto.com,WIFUSD-PERP,WIF,USD,USD,50.0,1.0,0.0001,2026-05-31 22:09:58.749682,20260531
Crypto.com,WLDUSD-PERP,WLD,USD,USD,50.0,1.0,0.0001,2026-05-31 22:09:58.749682,20260531
Crypto.com,WLFIUSD-PERP,WLFI,USD,USD,50.0,1.0,1e-05,2026-05-31 22:09:58.749682,20260531
Crypto.com,WOOUSD-PERP,WOO,USD,USD,50.0,1.0,1e-05,2026-05-31 22:09:58.749682,20260531
Crypto.com,WUSD-PERP,W,USD,USD,50.0,1.0,1e-06,2026-05-31 22:09:58.749682,20260531
Crypto.com,XAGUSD-PERP,XAG,USD,USD,50.0,1.0,0.001,2026-05-31 22:09:58.749682,20260531
Crypto.com,XAUTUSD-PERP,XAUT,USD,USD,50.0,1.0,0.1,2026-05-31 22:09:58.749682,20260531
Crypto.com,XAUUSD-PERP,XAU,USD,USD,50.0,1.0,0.01,2026-05-31 22:09:58.749682,20260531
Crypto.com,XCUUSD-PERP,XCU,USD,USD,50.0,1.0,0.0001,2026-05-31 22:09:58.749682,20260531
Crypto.com,XLMUSD-PERP,XLM,USD,USD,50.0,1.0,1e-05,2026-05-31 22:09:58.749682,20260531
Crypto.com,XPDUSD-PERP,XPD,USD,USD,50.0,1.0,0.01,2026-05-31 22:09:58.749682,20260531
Crypto.com,XPLUSD-PERP,XPL,USD,USD,50.0,1.0,1e-05,2026-05-31 22:09:58.749682,20260531
Crypto.com,XPTUSD-PERP,XPT,USD,USD,50.0,1.0,0.01,2026-05-31 22:09:58.749682,20260531
Crypto.com,XRPUSD-PERP,XRP,USD,USD,50.0,1.0,0.0001,2026-05-31 22:09:58.749682,20260531
Crypto.com,XTZUSD-PERP,XTZ,USD,USD,50.0,1.0,0.0001,2026-05-31 22:09:58.749682,20260531
Crypto.com,YFIUSD-PERP,YFI,USD,USD,50.0,1.0,0.01,2026-05-31 22:09:58.749682,20260531
Crypto.com,YGGUSD-PERP,YGG,USD,USD,50.0,1.0,1e-06,2026-05-31 22:09:58.749682,20260531
Crypto.com,ZETAUSD-PERP,ZETA,USD,USD,50.0,1.0,1e-06,2026-05-31 22:09:58.749682,20260531
Crypto.com,ZKCUSD-PERP,ZKC,USD,USD,50.0,1.0,1e-05,2026-05-31 22:09:58.749682,20260531
Crypto.com,ZKUSD-PERP,ZK,USD,USD,50.0,1.0,1e-05,2026-05-31 22:09:58.749682,20260531
Crypto.com,ZORAUSD-PERP,ZORA,USD,USD,50.0,1.0,1e-06,2026-05-31 22:09:58.749682,20260531
Crypto.com,ZROUSD-PERP,ZRO,USD,USD,50.0,1.0,0.0001,2026-05-31 22:09:58.749682,20260531
Crypto.com,ZRXUSD-PERP,ZRX,USD,USD,50.0,1.0,1e-05,2026-05-31 22:09:58.749682,20260531
Deribit,BTC-PERPETUAL,BTC,USD,BTC,,8.0,0.5,2026-05-31 22:09:58.749682,20260531
Deribit,BTC-1JUN26,BTC,USD,BTC,,,2.5,2026-05-31 22:09:58.749682,20260531
Deribit,BTC-2JUN26,BTC,USD,BTC,,,2.5,2026-05-31 22:09:58.749682,20260531
Deribit,BTC-3JUN26,BTC,USD,BTC,,,2.5,2026-05-31 22:09:58.749682,20260531
Deribit,BTC-4JUN26,BTC,USD,BTC,,,2.5,2026-05-31 22:09:58.749682,20260531
Deribit,BTC-5JUN26,BTC,USD,BTC,,,2.5,2026-05-31 22:09:58.749682,20260531
Deribit,BTC-12JUN26,BTC,USD,BTC,,,2.5,2026-05-31 22:09:58.750680,20260531
Deribit,BTC-19JUN26,BTC,USD,BTC,,,2.5,2026-05-31 22:09:58.750680,20260531
Deribit,BTC-26JUN26,BTC,USD,BTC,,,2.5,2026-05-31 22:09:58.750680,20260531
Deribit,BTC-31JUL26,BTC,USD,BTC,,,2.5,2026-05-31 22:09:58.750680,20260531
Deribit,BTC-28AUG26,BTC,USD,BTC,,,2.5,2026-05-31 22:09:58.750680,20260531
Deribit,BTC-25SEP26,BTC,USD,BTC,,,2.5,2026-05-31 22:09:58.750680,20260531
Deribit,BTC-25DEC26,BTC,USD,BTC,,,2.5,2026-05-31 22:09:58.750680,20260531
Deribit,BTC-26MAR27,BTC,USD,BTC,,,2.5,2026-05-31 22:09:58.750680,20260531
Deribit,ETH-PERPETUAL,ETH,USD,ETH,,8.0,0.05,2026-05-31 22:09:58.750680,20260531
Deribit,ETH-1JUN26,ETH,USD,ETH,,,0.25,2026-05-31 22:09:58.750680,20260531
Deribit,ETH-2JUN26,ETH,USD,ETH,,,0.25,2026-05-31 22:09:58.750680,20260531
Deribit,ETH-3JUN26,ETH,USD,ETH,,,0.25,2026-05-31 22:09:58.750680,20260531
Deribit,ETH-4JUN26,ETH,USD,ETH,,,0.25,2026-05-31 22:09:58.750680,20260531
Deribit,ETH-5JUN26,ETH,USD,ETH,,,0.25,2026-05-31 22:09:58.750680,20260531
Deribit,ETH-12JUN26,ETH,USD,ETH,,,0.25,2026-05-31 22:09:58.750680,20260531
Deribit,ETH-19JUN26,ETH,USD,ETH,,,0.25,2026-05-31 22:09:58.750680,20260531
Deribit,ETH-26JUN26,ETH,USD,ETH,,,0.25,2026-05-31 22:09:58.750680,20260531
Deribit,ETH-31JUL26,ETH,USD,ETH,,,0.25,2026-05-31 22:09:58.750680,20260531
Deribit,ETH-28AUG26,ETH,USD,ETH,,,0.25,2026-05-31 22:09:58.750680,20260531
Deribit,ETH-25SEP26,ETH,USD,ETH,,,0.25,2026-05-31 22:09:58.750680,20260531
Deribit,ETH-25DEC26,ETH,USD,ETH,,,0.25,2026-05-31 22:09:58.750680,20260531
Deribit,ETH-26MAR27,ETH,USD,ETH,,,0.25,2026-05-31 22:09:58.750680,20260531
Drift,SOL-PERP,SOL,USDC,USDC,,1.0,,2026-05-31 22:09:58.750680,20260531
Drift,BTC-PERP,BTC,USDC,USDC,,1.0,,2026-05-31 22:09:58.750680,20260531
Drift,ETH-PERP,ETH,USDC,USDC,,1.0,,2026-05-31 22:09:58.750680,20260531
Drift,APT-PERP,APT,USDC,USDC,,1.0,,2026-05-31 22:09:58.750680,20260531
Drift,1MBONK-PERP,1MBONK,USDC,USDC,,1.0,,2026-05-31 22:09:58.750680,20260531
Drift,POL-PERP,POL,USDC,USDC,,1.0,,2026-05-31 22:09:58.750680,20260531
Drift,ARB-PERP,ARB,USDC,USDC,,1.0,,2026-05-31 22:09:58.750680,20260531
Drift,DOGE-PERP,DOGE,USDC,USDC,,1.0,,2026-05-31 22:09:58.750680,20260531
Drift,BNB-PERP,BNB,USDC,USDC,,1.0,,2026-05-31 22:09:58.750680,20260531
Drift,SUI-PERP,SUI,USDC,USDC,,1.0,,2026-05-31 22:09:58.750680,20260531
Drift,1MPEPE-PERP,1MPEPE,USDC,USDC,,1.0,,2026-05-31 22:09:58.750680,20260531
Drift,OP-PERP,OP,USDC,USDC,,1.0,,2026-05-31 22:09:58.750680,20260531
Drift,RENDER-PERP,RENDER,USDC,USDC,,1.0,,2026-05-31 22:09:58.750680,20260531
Drift,XRP-PERP,XRP,USDC,USDC,,1.0,,2026-05-31 22:09:58.750680,20260531
Drift,HNT-PERP,HNT,USDC,USDC,,1.0,,2026-05-31 22:09:58.750680,20260531
Drift,INJ-PERP,INJ,USDC,USDC,,1.0,,2026-05-31 22:09:58.750680,20260531
Drift,LINK-PERP,LINK,USDC,USDC,,1.0,,2026-05-31 22:09:58.750680,20260531
Drift,RLB-PERP,RLB,USDC,USDC,,1.0,,2026-05-31 22:09:58.750680,20260531
Drift,PYTH-PERP,PYTH,USDC,USDC,,1.0,,2026-05-31 22:09:58.750680,20260531
Drift,TIA-PERP,TIA,USDC,USDC,,1.0,,2026-05-31 22:09:58.750680,20260531
Drift,JTO-PERP,JTO,USDC,USDC,,1.0,,2026-05-31 22:09:58.750680,20260531
Drift,SEI-PERP,SEI,USDC,USDC,,1.0,,2026-05-31 22:09:58.750680,20260531
Drift,AVAX-PERP,AVAX,USDC,USDC,,1.0,,2026-05-31 22:09:58.750680,20260531
Drift,WIF-PERP,WIF,USDC,USDC,,1.0,,2026-05-31 22:09:58.750680,20260531
Drift,JUP-PERP,JUP,USDC,USDC,,1.0,,2026-05-31 22:09:58.750680,20260531
Drift,DYM-PERP,DYM,USDC,USDC,,1.0,,2026-05-31 22:09:58.750680,20260531
Drift,TAO-PERP,TAO,USDC,USDC,,1.0,,2026-05-31 22:09:58.750680,20260531
Drift,W-PERP,W,USDC,USDC,,1.0,,2026-05-31 22:09:58.750680,20260531
Drift,KMNO-PERP,KMNO,USDC,USDC,,1.0,,2026-05-31 22:09:58.750680,20260531
Drift,TNSR-PERP,TNSR,USDC,USDC,,1.0,,2026-05-31 22:09:58.750680,20260531
Drift,DRIFT-PERP,DRIFT,USDC,USDC,,1.0,,2026-05-31 22:09:58.750680,20260531
Drift,CLOUD-PERP,CLOUD,USDC,USDC,,1.0,,2026-05-31 22:09:58.750680,20260531
Drift,IO-PERP,IO,USDC,USDC,,1.0,,2026-05-31 22:09:58.750680,20260531
Drift,ZEX-PERP,ZEX,USDC,USDC,,1.0,,2026-05-31 22:09:58.750680,20260531
Drift,POPCAT-PERP,POPCAT,USDC,USDC,,1.0,,2026-05-31 22:09:58.750680,20260531
Drift,1KWEN-PERP,1KWEN,USDC,USDC,,1.0,,2026-05-31 22:09:58.750680,20260531
Drift,TON-PERP,TON,USDC,USDC,,1.0,,2026-05-31 22:09:58.750680,20260531
Drift,MOTHER-PERP,MOTHER,USDC,USDC,,1.0,,2026-05-31 22:09:58.750680,20260531
Drift,MOODENG-PERP,MOODENG,USDC,USDC,,1.0,,2026-05-31 22:09:58.750680,20260531
Drift,DBR-PERP,DBR,USDC,USDC,,1.0,,2026-05-31 22:09:58.750680,20260531
Drift,1KMEW-PERP,1KMEW,USDC,USDC,,1.0,,2026-05-31 22:09:58.750680,20260531
Drift,MICHI-PERP,MICHI,USDC,USDC,,1.0,,2026-05-31 22:09:58.750680,20260531
Drift,GOAT-PERP,GOAT,USDC,USDC,,1.0,,2026-05-31 22:09:58.750680,20260531
Drift,FWOG-PERP,FWOG,USDC,USDC,,1.0,,2026-05-31 22:09:58.750680,20260531
Drift,PNUT-PERP,PNUT,USDC,USDC,,1.0,,2026-05-31 22:09:58.750680,20260531
Drift,RAY-PERP,RAY,USDC,USDC,,1.0,,2026-05-31 22:09:58.750680,20260531
Drift,HYPE-PERP,HYPE,USDC,USDC,,1.0,,2026-05-31 22:09:58.750680,20260531
Drift,LTC-PERP,LTC,USDC,USDC,,1.0,,2026-05-31 22:09:58.750680,20260531
Drift,ME-PERP,ME,USDC,USDC,,1.0,,2026-05-31 22:09:58.750680,20260531
Drift,PENGU-PERP,PENGU,USDC,USDC,,1.0,,2026-05-31 22:09:58.750680,20260531
Drift,AI16Z-PERP,AI16Z,USDC,USDC,,1.0,,2026-05-31 22:09:58.750680,20260531
Drift,TRUMP-PERP,TRUMP,USDC,USDC,,1.0,,2026-05-31 22:09:58.750680,20260531
Drift,MELANIA-PERP,MELANIA,USDC,USDC,,1.0,,2026-05-31 22:09:58.750680,20260531
Drift,BERA-PERP,BERA,USDC,USDC,,1.0,,2026-05-31 22:09:58.750680,20260531
Drift,KAITO-PERP,KAITO,USDC,USDC,,1.0,,2026-05-31 22:09:58.750680,20260531
Drift,IP-PERP,IP,USDC,USDC,,1.0,,2026-05-31 22:09:58.750680,20260531
Drift,FARTCOIN-PERP,FARTCOIN,USDC,USDC,,1.0,,2026-05-31 22:09:58.750680,20260531
Drift,ADA-PERP,ADA,USDC,USDC,,1.0,,2026-05-31 22:09:58.750680,20260531
Drift,PAXG-PERP,PAXG,USDC,USDC,,1.0,,2026-05-31 22:09:58.750680,20260531
Drift,LAUNCHCOIN-PERP,LAUNCHCOIN,USDC,USDC,,1.0,,2026-05-31 22:09:58.750680,20260531
Drift,PUMP-PERP,PUMP,USDC,USDC,,1.0,,2026-05-31 22:09:58.750680,20260531
Drift,ASTER-PERP,ASTER,USDC,USDC,,1.0,,2026-05-31 22:09:58.750680,20260531
Drift,XPL-PERP,XPL,USDC,USDC,,1.0,,2026-05-31 22:09:58.750680,20260531
Drift,2Z-PERP,2Z,USDC,USDC,,1.0,,2026-05-31 22:09:58.750680,20260531
Drift,ZEC-PERP,ZEC,USDC,USDC,,1.0,,2026-05-31 22:09:58.750680,20260531
Drift,MNT-PERP,MNT,USDC,USDC,,1.0,,2026-05-31 22:09:58.750680,20260531
Drift,1KPUMP-PERP,1KPUMP,USDC,USDC,,1.0,,2026-05-31 22:09:58.750680,20260531
Drift,MET-PERP,MET,USDC,USDC,,1.0,,2026-05-31 22:09:58.750680,20260531
Drift,1KMON-PERP,1KMON,USDC,USDC,,1.0,,2026-05-31 22:09:58.750680,20260531
Drift,LIT-PERP,LIT,USDC,USDC,,1.0,,2026-05-31 22:09:58.750680,20260531
EdgeX,BTCUSD,BTC,USD,USDT,100.0,4.0,0.1,2026-05-31 22:09:58.750680,20260531
EdgeX,ETHUSD,ETH,USD,USDT,100.0,4.0,0.01,2026-05-31 22:09:58.750680,20260531
EdgeX,SOLUSD,SOL,USD,USDT,75.0,4.0,0.01,2026-05-31 22:09:58.750680,20260531
EdgeX,LINKUSD,LINK,USD,USDT,10.0,4.0,0.001,2026-05-31 22:09:58.750680,20260531
EdgeX,LTCUSD,LTC,USD,USDT,10.0,4.0,0.01,2026-05-31 22:09:58.750680,20260531
EdgeX,ENAUSD,ENA,USD,USDT,5.0,4.0,0.0001,2026-05-31 22:09:58.750680,20260531
EdgeX,BNBUSD,BNB,USD,USDT,50.0,4.0,0.01,2026-05-31 22:09:58.750680,20260531
EdgeX,XRPUSD,XRP,USD,USDT,15.0,4.0,0.0001,2026-05-31 22:09:58.750680,20260531
EdgeX,DOGEUSD,DOGE,USD,USDT,10.0,4.0,1e-05,2026-05-31 22:09:58.750680,20260531
EdgeX,SUIUSD,SUI,USD,USDT,8.0,4.0,0.0001,2026-05-31 22:09:58.750680,20260531
EdgeX,UNIUSD,UNI,USD,USDT,8.0,4.0,0.001,2026-05-31 22:09:58.750680,20260531
EdgeX,ADAUSD,ADA,USD,USDT,10.0,4.0,0.0001,2026-05-31 22:09:58.750680,20260531
EdgeX,HYPEUSD,HYPE,USD,USDT,15.0,4.0,0.001,2026-05-31 22:09:58.750680,20260531
EdgeX,ONDOUSD,ONDO,USD,USDT,10.0,4.0,0.0001,2026-05-31 22:09:58.750680,20260531
EdgeX,DOTUSD,DOT,USD,USDT,10.0,4.0,0.001,2026-05-31 22:09:58.750680,20260531
EdgeX,TONUSD,TON,USD,USDT,10.0,4.0,0.001,2026-05-31 22:09:58.750680,20260531
EdgeX,AAVEUSD,AAVE,USD,USDT,10.0,4.0,0.01,2026-05-31 22:09:58.750680,20260531
EdgeX,FILUSD,FIL,USD,USDT,5.0,4.0,0.001,2026-05-31 22:09:58.750680,20260531
EdgeX,VIRTUALUSD,VIRTUAL,USD,USDT,8.0,4.0,0.0001,2026-05-31 22:09:58.750680,20260531
EdgeX,TAOUSD,TAO,USD,USDT,8.0,4.0,0.1,2026-05-31 22:09:58.750680,20260531
EdgeX,PUMPUSD,PUMP,USD,USDT,5.0,4.0,1e-06,2026-05-31 22:09:58.750680,20260531
EdgeX,PENDLEUSD,PENDLE,USD,USDT,5.0,4.0,0.0001,2026-05-31 22:09:58.750680,20260531
EdgeX,ASTERUSD,ASTER,USD,USDT,5.0,4.0,0.0001,2026-05-31 22:09:58.750680,20260531
EdgeX,MONUSD,MON,USD,USDT,5.0,4.0,1e-05,2026-05-31 22:09:58.750680,20260531
EdgeX,BCHUSD,BCH,USD,USDT,10.0,4.0,0.01,2026-05-31 22:09:58.750680,20260531
EdgeX,XMRUSD,XMR,USD,USDT,10.0,4.0,0.01,2026-05-31 22:09:58.750680,20260531
EdgeX,ICPUSD,ICP,USD,USDT,8.0,4.0,0.001,2026-05-31 22:09:58.750680,20260531
EdgeX,PAXGUSD,PAXG,USD,USDT,5.0,4.0,0.01,2026-05-31 22:09:58.750680,20260531
EdgeX,CFXUSD,CFX,USD,USDT,5.0,4.0,1e-05,2026-05-31 22:09:58.750680,20260531
EdgeX,XAUTUSD,XAUT,USD,USDT,15.0,4.0,0.1,2026-05-31 22:09:58.750680,20260531
EdgeX,ZECUSD,ZEC,USD,USDT,8.0,4.0,0.01,2026-05-31 22:09:58.750680,20260531
EdgeX,EDGEUSD,EDGE,USD,USDT,30.0,4.0,0.0001,2026-05-31 22:09:58.750680,20260531
EdgeX,SPYUSD,SPY,USD,USDT,20.0,4.0,0.01,2026-05-31 22:09:58.750680,20260531
EdgeX,QQQUSD,QQQ,USD,USDT,20.0,4.0,0.01,2026-05-31 22:09:58.750680,20260531
EdgeX,CRCLUSD,CRCL,USD,USDT,10.0,4.0,0.01,2026-05-31 22:09:58.750680,20260531
EdgeX,NATGASUSD,NATGAS,USD,USDT,15.0,4.0,0.001,2026-05-31 22:09:58.750680,20260531
EdgeX,NVDAUSD,NVDA,USD,USDT,10.0,4.0,0.01,2026-05-31 22:09:58.750680,20260531
EdgeX,COINUSD,COIN,USD,USDT,10.0,4.0,0.01,2026-05-31 22:09:58.750680,20260531
EdgeX,AMDUSD,AMD,USD,USDT,10.0,4.0,0.01,2026-05-31 22:09:58.750680,20260531
EdgeX,MSTRUSD,MSTR,USD,USDT,10.0,4.0,0.01,2026-05-31 22:09:58.750680,20260531
EdgeX,SILVERUSD,SILVER,USD,USDT,15.0,4.0,0.01,2026-05-31 22:09:58.750680,20260531
EdgeX,COPPERUSD,COPPER,USD,USDT,15.0,4.0,0.001,2026-05-31 22:09:58.750680,20260531
EdgeX,GOOGUSD,GOOG,USD,USDT,10.0,4.0,0.01,2026-05-31 22:09:58.750680,20260531
EdgeX,CLUSD,CL,USD,USDT,15.0,4.0,0.001,2026-05-31 22:09:58.750680,20260531
EdgeX,INTCUSD,INTC,USD,USDT,10.0,4.0,0.01,2026-05-31 22:09:58.750680,20260531
Extended,ENA-USD,ENA,USD,USDC,50.0,1.0,1e-05,2026-05-31 22:09:58.750680,20260531
Extended,AVNT-USD,AVNT,USD,USDC,10.0,1.0,0.0001,2026-05-31 22:09:58.750680,20260531
Extended,EUR-USD,EUR,USD,USDC,100.0,1.0,1e-05,2026-05-31 22:09:58.750680,20260531
Extended,SUI-USD,SUI,USD,USDC,50.0,1.0,0.0001,2026-05-31 22:09:58.750680,20260531
Extended,WIF-USD,WIF,USD,USDC,25.0,1.0,0.0001,2026-05-31 22:09:58.750680,20260531
Extended,CAKE-USD,CAKE,USD,USDC,10.0,1.0,0.0001,2026-05-31 22:09:58.750680,20260531
Extended,MEGA-USD,MEGA,USD,USDC,5.0,1.0,1e-05,2026-05-31 22:09:58.750680,20260531
Extended,AVAX-USD,AVAX,USD,USDC,25.0,1.0,0.001,2026-05-31 22:09:58.750680,20260531
Extended,HYPE-USD,HYPE,USD,USDC,50.0,1.0,0.001,2026-05-31 22:09:58.750680,20260531
Extended,WLFI-USD,WLFI,USD,USDC,10.0,1.0,1e-05,2026-05-31 22:09:58.750680,20260531
Extended,INTC_24_5-USD,INTC_24_5,USD,USDC,10.0,1.0,0.001,2026-05-31 22:09:58.750680,20260531
Extended,MSTR_24_5-USD,MSTR_24_5,USD,USDC,10.0,1.0,0.01,2026-05-31 22:09:58.750680,20260531
Extended,XRP-USD,XRP,USD,USDC,50.0,1.0,0.0001,2026-05-31 22:09:58.750680,20260531
Extended,1000SHIB-USD,1000SHIB,USD,USDC,25.0,1.0,1e-06,2026-05-31 22:09:58.750680,20260531
Extended,SPX-USD,SPX,USD,USDC,10.0,1.0,1e-05,2026-05-31 22:09:58.750680,20260531
Extended,LTC-USD,LTC,USD,USDC,25.0,1.0,0.01,2026-05-31 22:09:58.750680,20260531
Extended,KAITO-USD,KAITO,USD,USDC,10.0,1.0,0.0001,2026-05-31 22:09:58.750680,20260531
Extended,MU_24_5-USD,MU_24_5,USD,USDC,10.0,1.0,0.01,2026-05-31 22:09:58.750680,20260531
Extended,XPT-USD,XPT,USD,USDC,5.0,1.0,0.1,2026-05-31 22:09:58.750680,20260531
Extended,USDJPY-USD,USDJPY,USD,USDC,25.0,1.0,0.001,2026-05-31 22:09:58.750680,20260531
Extended,AMZN_24_5-USD,AMZN_24_5,USD,USDC,10.0,1.0,0.01,2026-05-31 22:09:58.750680,20260531
Extended,AZTEC-USD,AZTEC,USD,USDC,5.0,1.0,1e-06,2026-05-31 22:09:58.750680,20260531
Extended,AAVE-USD,AAVE,USD,USDC,50.0,1.0,0.01,2026-05-31 22:09:58.750680,20260531
Extended,SNDK_24_5-USD,SNDK_24_5,USD,USDC,10.0,1.0,0.01,2026-05-31 22:09:58.750680,20260531
Extended,POPCAT-USD,POPCAT,USD,USDC,10.0,1.0,1e-05,2026-05-31 22:09:58.750680,20260531
Extended,PUMP-USD,PUMP,USD,USDC,50.0,1.0,1e-06,2026-05-31 22:09:58.750680,20260531
Extended,APT-USD,APT,USD,USDC,25.0,1.0,0.0001,2026-05-31 22:09:58.750680,20260531
Extended,SOL-USD,SOL,USD,USDC,50.0,1.0,0.01,2026-05-31 22:09:58.750680,20260531
Extended,OP-USD,OP,USD,USDC,25.0,1.0,0.0001,2026-05-31 22:09:58.750680,20260531
Extended,PLTR_24_5-USD,PLTR_24_5,USD,USDC,10.0,1.0,0.01,2026-05-31 22:09:58.750680,20260531
Extended,BTCSPOT-USD,BTCSPOT,USD,USDC,50.0,1.0,1.0,2026-05-31 22:09:58.750680,20260531
Extended,TIA-USD,TIA,USD,USDC,25.0,1.0,0.0001,2026-05-31 22:09:58.750680,20260531
Extended,VVV-USD,VVV,USD,USDC,5.0,1.0,0.0001,2026-05-31 22:09:58.750680,20260531
Extended,S-USD,S,USD,USDC,10.0,1.0,1e-05,2026-05-31 22:09:58.750680,20260531
Extended,BABA_24_5-USD,BABA_24_5,USD,USDC,10.0,1.0,0.01,2026-05-31 22:09:58.750680,20260531
Extended,UNI-USD,UNI,USD,USDC,25.0,1.0,0.0001,2026-05-31 22:09:58.750680,20260531
Extended,XLM-USD,XLM,USD,USDC,10.0,1.0,1e-05,2026-05-31 22:09:58.750680,20260531
Extended,HOOD_24_5-USD,HOOD_24_5,USD,USDC,10.0,1.0,0.001,2026-05-31 22:09:58.750680,20260531
Extended,EDEN-USD,EDEN,USD,USDC,10.0,1.0,1e-05,2026-05-31 22:09:58.750680,20260531
Extended,USDTSPOT-USD,USDTSPOT,USD,USDC,50.0,1.0,0.001,2026-05-31 22:09:58.750680,20260531
Extended,SNX-USD,SNX,USD,USDC,10.0,1.0,0.0001,2026-05-31 22:09:58.750680,20260531
Extended,TSLA_24_5-USD,TSLA_24_5,USD,USDC,10.0,1.0,0.01,2026-05-31 22:09:58.750680,20260531
Extended,CRV-USD,CRV,USD,USDC,25.0,1.0,1e-05,2026-05-31 22:09:58.750680,20260531
Extended,ETH-USD,ETH,USD,USDC,50.0,1.0,0.1,2026-05-31 22:09:58.750680,20260531
Extended,MNT-USD,MNT,USD,USDC,10.0,1.0,1e-05,2026-05-31 22:09:58.750680,20260531
Extended,CC-USD,CC,USD,USDC,5.0,1.0,1e-05,2026-05-31 22:09:58.750680,20260531
Extended,PENGU-USD,PENGU,USD,USDC,10.0,1.0,1e-06,2026-05-31 22:09:58.750680,20260531
Extended,WLD-USD,WLD,USD,USDC,10.0,1.0,0.0001,2026-05-31 22:09:58.750680,20260531
Extended,MON-USD,MON,USD,USDC,10.0,1.0,1e-05,2026-05-31 22:09:58.750680,20260531
Extended,GOOG_24_5-USD,GOOG_24_5,USD,USDC,10.0,1.0,0.01,2026-05-31 22:09:58.750680,20260531
Extended,NEAR-USD,NEAR,USD,USDC,25.0,1.0,0.0001,2026-05-31 22:09:58.750680,20260531
Extended,ASTER-USD,ASTER,USD,USDC,25.0,1.0,1e-05,2026-05-31 22:09:58.750680,20260531
Extended,AERO-USD,AERO,USD,USDC,10.0,1.0,1e-05,2026-05-31 22:09:58.750680,20260531
Extended,DOT-USD,DOT,USD,USDC,25.0,1.0,0.0001,2026-05-31 22:09:58.750680,20260531
Extended,1000PEPE-USD,1000PEPE,USD,USDC,25.0,1.0,1e-06,2026-05-31 22:09:58.750680,20260531
Extended,LINEA-USD,LINEA,USD,USDC,10.0,1.0,1e-06,2026-05-31 22:09:58.750680,20260531
Extended,NVDA_24_5-USD,NVDA_24_5,USD,USDC,10.0,1.0,0.01,2026-05-31 22:09:58.750680,20260531
Extended,GRASS-USD,GRASS,USD,USDC,10.0,1.0,0.0001,2026-05-31 22:09:58.750680,20260531
Extended,XAU-USD,XAU,USD,USDC,25.0,1.0,0.1,2026-05-31 22:09:58.750680,20260531
Extended,TON-USD,TON,USD,USDC,25.0,1.0,0.0001,2026-05-31 22:09:58.750680,20260531
Extended,TRUMP-USD,TRUMP,USD,USDC,25.0,1.0,0.001,2026-05-31 22:09:58.750680,20260531
Extended,BCH-USD,BCH,USD,USDC,25.0,1.0,0.01,2026-05-31 22:09:58.750680,20260531
Extended,TAO-USD,TAO,USD,USDC,25.0,1.0,0.01,2026-05-31 22:09:58.750680,20260531
Extended,XPL-USD,XPL,USD,USDC,25.0,1.0,1e-05,2026-05-31 22:09:58.750680,20260531
Extended,EIGEN-USD,EIGEN,USD,USDC,10.0,1.0,0.0001,2026-05-31 22:09:58.750680,20260531
Extended,PENDLE-USD,PENDLE,USD,USDC,10.0,1.0,0.0001,2026-05-31 22:09:58.750680,20260531
Extended,INIT-USD,INIT,USD,USDC,5.0,1.0,1e-05,2026-05-31 22:09:58.750680,20260531
Extended,COIN_24_5-USD,COIN_24_5,USD,USDC,10.0,1.0,0.01,2026-05-31 22:09:58.750680,20260531
Extended,WTI-USD,WTI,USD,USDC,5.0,1.0,0.001,2026-05-31 22:09:58.750680,20260531
Extended,EWY_24_5-USD,EWY_24_5,USD,USDC,10.0,1.0,0.001,2026-05-31 22:09:58.750680,20260531
Extended,GOAT-USD,GOAT,USD,USDC,10.0,1.0,1e-05,2026-05-31 22:09:58.750680,20260531
Extended,XNG-USD,XNG,USD,USDC,5.0,1.0,0.0001,2026-05-31 22:09:58.750680,20260531
Extended,XYZSPCX_ORCLPX-USD,XYZSPCX_ORCLPX,USD,USDC,3.0,1.0,0.01,2026-05-31 22:09:58.750680,20260531
Extended,MSFT_24_5-USD,MSFT_24_5,USD,USDC,10.0,1.0,0.01,2026-05-31 22:09:58.750680,20260531
Extended,XAG-USD,XAG,USD,USDC,10.0,1.0,0.001,2026-05-31 22:09:58.750680,20260531
Extended,XBR-USD,XBR,USD,USDC,5.0,1.0,0.001,2026-05-31 22:09:58.750680,20260531
Extended,LDO-USD,LDO,USD,USDC,25.0,1.0,0.0001,2026-05-31 22:09:58.750680,20260531
Extended,BNB-USD,BNB,USD,USDC,50.0,1.0,0.01,2026-05-31 22:09:58.750680,20260531
Extended,DOGE-USD,DOGE,USD,USDC,50.0,1.0,1e-05,2026-05-31 22:09:58.750680,20260531
Extended,1000BONK-USD,1000BONK,USD,USDC,25.0,1.0,1e-06,2026-05-31 22:09:58.750680,20260531
Extended,SPX500m-USD,SPX500m,USD,USDC,10.0,1.0,0.1,2026-05-31 22:09:58.750680,20260531
Extended,SEI-USD,SEI,USD,USDC,25.0,1.0,1e-05,2026-05-31 22:09:58.750680,20260531
Extended,VIRTUAL-USD,VIRTUAL,USD,USDC,10.0,1.0,1e-05,2026-05-31 22:09:58.750680,20260531
Extended,LIT-USD,LIT,USD,USDC,25.0,1.0,0.0001,2026-05-31 22:09:58.750680,20260531
Extended,META_24_5-USD,META_24_5,USD,USDC,10.0,1.0,0.01,2026-05-31 22:09:58.750680,20260531
Extended,BTC-USD,BTC,USD,USDC,50.0,1.0,1.0,2026-05-31 22:09:58.750680,20260531
Extended,AAPL_24_5-USD,AAPL_24_5,USD,USDC,10.0,1.0,0.01,2026-05-31 22:09:58.750680,20260531
Extended,XMR-USD,XMR,USD,USDC,25.0,1.0,0.01,2026-05-31 22:09:58.750680,20260531
Extended,EDGE-USD,EDGE,USD,USDC,5.0,1.0,1e-05,2026-05-31 22:09:58.750680,20260531
Extended,RESOLV-USD,RESOLV,USD,USDC,5.0,1.0,1e-05,2026-05-31 22:09:58.750680,20260531
Extended,PIEVERSE-USD,PIEVERSE,USD,USDC,5.0,1.0,1e-05,2026-05-31 22:09:58.750680,20260531
Extended,ADA-USD,ADA,USD,USDC,50.0,1.0,0.0001,2026-05-31 22:09:58.750680,20260531
Extended,4-USD,4,USD,USDC,5.0,1.0,1e-05,2026-05-31 22:09:58.750680,20260531
Extended,STRK-USD,STRK,USD,USDC,10.0,1.0,1e-05,2026-05-31 22:09:58.751677,20260531
Extended,LINK-USD,LINK,USD,USDC,25.0,1.0,0.001,2026-05-31 22:09:58.751677,20260531
Extended,CRCL_24_5-USD,CRCL_24_5,USD,USDC,10.0,1.0,0.001,2026-05-31 22:09:58.751677,20260531
Extended,IP-USD,IP,USD,USDC,10.0,1.0,0.0001,2026-05-31 22:09:58.751677,20260531
Extended,ARB-USD,ARB,USD,USDC,25.0,1.0,0.0001,2026-05-31 22:09:58.751677,20260531
Extended,TRX-USD,TRX,USD,USDC,25.0,1.0,1e-05,2026-05-31 22:09:58.751677,20260531
Extended,ONDO-USD,ONDO,USD,USDC,25.0,1.0,0.0001,2026-05-31 22:09:58.751677,20260531
Extended,ORCL_24_5-USD,ORCL_24_5,USD,USDC,10.0,1.0,0.01,2026-05-31 22:09:58.751677,20260531
Extended,CHIP-USD,CHIP,USD,USDC,5.0,1.0,1e-06,2026-05-31 22:09:58.751677,20260531
Extended,XCU-USD,XCU,USD,USDC,10.0,1.0,0.0001,2026-05-31 22:09:58.751677,20260531
Extended,ETHSPOT-USD,ETHSPOT,USD,USDC,50.0,1.0,0.1,2026-05-31 22:09:58.751677,20260531
Extended,TECH100m-USD,TECH100m,USD,USDC,10.0,1.0,1.0,2026-05-31 22:09:58.751677,20260531
Extended,ZEC-USD,ZEC,USD,USDC,10.0,1.0,0.001,2026-05-31 22:09:58.751677,20260531
Extended,JUP-USD,JUP,USD,USDC,25.0,1.0,0.0001,2026-05-31 22:09:58.751677,20260531
Extended,FARTCOIN-USD,FARTCOIN,USD,USDC,25.0,1.0,1e-05,2026-05-31 22:09:58.751677,20260531
Extended,ZORA-USD,ZORA,USD,USDC,5.0,1.0,1e-06,2026-05-31 22:09:58.751677,20260531
Extended,ZRO-USD,ZRO,USD,USDC,10.0,1.0,0.0001,2026-05-31 22:09:58.751677,20260531
Extended,AMD_24_5-USD,AMD_24_5,USD,USDC,10.0,1.0,0.01,2026-05-31 22:09:58.751677,20260531
Gate,0G_USDT,0G,USDT,USDT,,8.0,0.0001,2026-05-31 22:09:58.751677,20260531
Gate,1INCH_USDT,1INCH,USDT,USDT,,8.0,1e-05,2026-05-31 22:09:58.751677,20260531
Gate,2Z_USDT,2Z,USDT,USDT,,4.0,1e-05,2026-05-31 22:09:58.751677,20260531
Gate,4_USDT,4,USDT,USDT,,4.0,1e-06,2026-05-31 22:09:58.751677,20260531
Gate,AAPLX_USDT,AAPLX,USDT,USDT,,8.0,0.01,2026-05-31 22:09:58.751677,20260531
Gate,AAVE_USDT,AAVE,USDT,USDT,,8.0,0.01,2026-05-31 22:09:58.751677,20260531
Gate,ABBV_USDT,ABBV,USDT,USDT,,8.0,0.01,2026-05-31 22:09:58.751677,20260531
Gate,ACE_USDT,ACE,USDT,USDT,,8.0,0.0001,2026-05-31 22:09:58.751677,20260531
Gate,ACH_USDT,ACH,USDT,USDT,,8.0,1e-06,2026-05-31 22:09:58.751677,20260531
Gate,ACN_USDT,ACN,USDT,USDT,,8.0,0.01,2026-05-31 22:09:58.751677,20260531
Gate,ACT_USDT,ACT,USDT,USDT,,4.0,1e-05,2026-05-31 22:09:58.751677,20260531
Gate,ACU_USDT,ACU,USDT,USDT,,4.0,1e-05,2026-05-31 22:09:58.751677,20260531
Gate,ADA_USDT,ADA,USDT,USDT,,8.0,0.0001,2026-05-31 22:09:58.751677,20260531
Gate,AERO_USDT,AERO,USDT,USDT,,4.0,0.0001,2026-05-31 22:09:58.751677,20260531
Gate,AEVO_USDT,AEVO,USDT,USDT,,4.0,1e-05,2026-05-31 22:09:58.751677,20260531
Gate,AGG_USDT,AGG,USDT,USDT,,8.0,0.01,2026-05-31 22:09:58.751677,20260531
Gate,AGLD_USDT,AGLD,USDT,USDT,,8.0,0.0001,2026-05-31 22:09:58.751677,20260531
Gate,AGT_USDT,AGT,USDT,USDT,,4.0,1e-06,2026-05-31 22:09:58.751677,20260531
Gate,AIA_USDT,AIA,USDT,USDT,,4.0,1e-05,2026-05-31 22:09:58.751677,20260531
Gate,AIGENSYN_USDT,AIGENSYN,USDT,USDT,,4.0,1e-05,2026-05-31 22:09:58.751677,20260531
Gate,AIN_USDT,AIN,USDT,USDT,,4.0,1e-05,2026-05-31 22:09:58.751677,20260531
Gate,AIOT_USDT,AIOT,USDT,USDT,,4.0,1e-05,2026-05-31 22:09:58.751677,20260531
Gate,AIO_USDT,AIO,USDT,USDT,,4.0,1e-05,2026-05-31 22:09:58.751677,20260531
Gate,AIXBT_USDT,AIXBT,USDT,USDT,,4.0,1e-05,2026-05-31 22:09:58.751677,20260531
Gate,AI_USDT,AI,USDT,USDT,,4.0,1e-05,2026-05-31 22:09:58.751677,20260531
Gate,AKESO_USDT,AKESO,USDT,USDT,,8.0,0.001,2026-05-31 22:09:58.751677,20260531
Gate,AKE_USDT,AKE,USDT,USDT,,4.0,1e-07,2026-05-31 22:09:58.751677,20260531
Gate,AKT_USDT,AKT,USDT,USDT,,4.0,0.0001,2026-05-31 22:09:58.751677,20260531
Gate,ALB_USDT,ALB,USDT,USDT,,8.0,0.01,2026-05-31 22:09:58.751677,20260531
Gate,ALCH_USDT,ALCH,USDT,USDT,,4.0,1e-05,2026-05-31 22:09:58.751677,20260531
Gate,ALGO_USDT,ALGO,USDT,USDT,,8.0,1e-05,2026-05-31 22:09:58.751677,20260531
Gate,ALICE_USDT,ALICE,USDT,USDT,,8.0,0.0001,2026-05-31 22:09:58.751677,20260531
Gate,ALLO_USDT,ALLO,USDT,USDT,,4.0,1e-05,2026-05-31 22:09:58.751677,20260531
Gate,ALL_USDT,ALLINDEX,USDT,USDT,,4.0,0.0001,2026-05-31 22:09:58.751677,20260531
Gate,ALPINE_USDT,ALPINE,USDT,USDT,,8.0,0.0001,2026-05-31 22:09:58.751677,20260531
Gate,ALT_USDT,ALT,USDT,USDT,,8.0,1e-06,2026-05-31 22:09:58.751677,20260531
Gate,AMAT_USDT,AMAT,USDT,USDT,,8.0,0.1,2026-05-31 22:09:58.751677,20260531
Gate,AMD_USDT,AMD,USDT,USDT,,8.0,0.01,2026-05-31 22:09:58.751677,20260531
Gate,AMZNX_USDT,AMZNX,USDT,USDT,,8.0,0.01,2026-05-31 22:09:58.751677,20260531
Gate,ANDURIL_USDT,ANDURIL,USDT,USDT,,8.0,0.01,2026-05-31 22:09:58.751677,20260531
Gate,ANET_USDT,ANET,USDT,USDT,,8.0,0.01,2026-05-31 22:09:58.751677,20260531
Gate,ANIME_USDT,ANIME,USDT,USDT,,4.0,1e-06,2026-05-31 22:09:58.751677,20260531
Gate,ANKR_USDT,ANKR,USDT,USDT,,4.0,1e-06,2026-05-31 22:09:58.751677,20260531
Gate,ANTA_USDT,ANTA,USDT,USDT,,8.0,0.001,2026-05-31 22:09:58.751677,20260531
Gate,ANTHROPIC_USDT,ANTHROPIC,USDT,USDT,,8.0,0.01,2026-05-31 22:09:58.751677,20260531
Gate,APE_USDT,APE,USDT,USDT,,8.0,1e-05,2026-05-31 22:09:58.751677,20260531
Gate,APH_USDT,APH,USDT,USDT,,8.0,0.01,2026-05-31 22:09:58.751677,20260531
Gate,API3_USDT,API3,USDT,USDT,,8.0,0.0001,2026-05-31 22:09:58.751677,20260531
Gate,APR_USDT,APR,USDT,USDT,,4.0,1e-05,2026-05-31 22:09:58.751677,20260531
Gate,APT_USDT,APT,USDT,USDT,,8.0,0.0001,2026-05-31 22:09:58.751677,20260531
Gate,ARB_USDT,ARB,USDT,USDT,,8.0,1e-05,2026-05-31 22:09:58.751677,20260531
Gate,ARC_USDT,ARC,USDT,USDT,,4.0,1e-05,2026-05-31 22:09:58.751677,20260531
Gate,ARIA_USDT,ARIA,USDT,USDT,,4.0,1e-05,2026-05-31 22:09:58.751677,20260531
Gate,ARKM_USDT,ARKM,USDT,USDT,,8.0,0.0001,2026-05-31 22:09:58.751677,20260531
Gate,ARK_USDT,ARK,USDT,USDT,,8.0,0.0001,2026-05-31 22:09:58.751677,20260531
Gate,ARM_USDT,ARM,USDT,USDT,,8.0,0.01,2026-05-31 22:09:58.751677,20260531
Gate,ARPA_USDT,ARPA,USDT,USDT,,8.0,1e-06,2026-05-31 22:09:58.751677,20260531
Gate,AR_USDT,AR,USDT,USDT,,8.0,0.001,2026-05-31 22:09:58.751677,20260531
Gate,ASML_USDT,ASML,USDT,USDT,,8.0,0.01,2026-05-31 22:09:58.751677,20260531
Gate,ASR_USDT,ASR,USDT,USDT,,4.0,0.001,2026-05-31 22:09:58.751677,20260531
Gate,ASTEROID_USDT,ASTEROID,USDT,USDT,,4.0,1e-07,2026-05-31 22:09:58.751677,20260531
Gate,ASTER_USDT,ASTER,USDT,USDT,,4.0,0.0001,2026-05-31 22:09:58.751677,20260531
Gate,ASTR_USDT,ASTR,USDT,USDT,,8.0,1e-06,2026-05-31 22:09:58.751677,20260531
Gate,ATH_USDT,ATH,USDT,USDT,,4.0,1e-06,2026-05-31 22:09:58.751677,20260531
Gate,ATOM_USDT,ATOM,USDT,USDT,,8.0,0.001,2026-05-31 22:09:58.751677,20260531
Gate,AT_USDT,AT,USDT,USDT,,4.0,1e-05,2026-05-31 22:09:58.751677,20260531
Gate,AUCTION_USDT,AUCTION,USDT,USDT,,8.0,0.001,2026-05-31 22:09:58.751677,20260531
Gate,AUS200_USDT,AUS200,USDT,USDT,,8.0,0.01,2026-05-31 22:09:58.751677,20260531
Gate,AVAAI_USDT,AVAAI,USDT,USDT,,4.0,1e-06,2026-05-31 22:09:58.751677,20260531
Gate,AVAX_USDT,AVAX,USDT,USDT,,8.0,0.001,2026-05-31 22:09:58.751677,20260531
Gate,AVA_USDT,AVA,USDT,USDT,,4.0,0.0001,2026-05-31 22:09:58.751677,20260531
Gate,AVGO_USDT,AVGO,USDT,USDT,,8.0,0.01,2026-05-31 22:09:58.751677,20260531
Gate,AVNT_USDT,AVNT,USDT,USDT,,8.0,0.0001,2026-05-31 22:09:58.751677,20260531
Gate,AWE_USDT,AWE,USDT,USDT,,8.0,1e-05,2026-05-31 22:09:58.751677,20260531
Gate,AXS_USDT,AXS,USDT,USDT,,8.0,0.0001,2026-05-31 22:09:58.751677,20260531
Gate,AZTEC_USDT,AZTEC,USDT,USDT,,8.0,1e-05,2026-05-31 22:09:58.751677,20260531
Gate,A_USDT,A,USDT,USDT,,4.0,1e-05,2026-05-31 22:09:58.751677,20260531
Gate,B2_USDT,B2,USDT,USDT,,4.0,0.0001,2026-05-31 22:09:58.751677,20260531
Gate,B3_USDT,B3,USDT,USDT,,4.0,1e-07,2026-05-31 22:09:58.751677,20260531
Gate,BABA_USDT,BABA,USDT,USDT,,8.0,0.01,2026-05-31 22:09:58.751677,20260531
Gate,BABY_USDT,BABY,USDT,USDT,,4.0,1e-05,2026-05-31 22:09:58.751677,20260531
Gate,BANANAS31_USDT,BANANAS31,USDT,USDT,,4.0,1e-06,2026-05-31 22:09:58.751677,20260531
Gate,BANANA_USDT,BANANA,USDT,USDT,,8.0,0.001,2026-05-31 22:09:58.751677,20260531
Gate,BAND_USDT,BAND,USDT,USDT,,8.0,0.0001,2026-05-31 22:09:58.751677,20260531
Gate,BANK_USDT,BANK,USDT,USDT,,4.0,1e-05,2026-05-31 22:09:58.751677,20260531
Gate,BAN_USDT,BAN,USDT,USDT,,8.0,1e-05,2026-05-31 22:09:58.751677,20260531
Gate,BARD_USDT,BARD,USDT,USDT,,4.0,0.0001,2026-05-31 22:09:58.751677,20260531
Gate,BASED_USDT,BASED,USDT,USDT,,4.0,1e-05,2026-05-31 22:09:58.751677,20260531
Gate,BAS_USDT,BAS,USDT,USDT,,4.0,1e-06,2026-05-31 22:09:58.751677,20260531
Gate,BAT_USDT,BAT,USDT,USDT,,8.0,1e-05,2026-05-31 22:09:58.751677,20260531
Gate,BA_USDT,BA,USDT,USDT,,8.0,0.01,2026-05-31 22:09:58.751677,20260531
Gate,BB_USDT,BB,USDT,USDT,,4.0,1e-05,2026-05-31 22:09:58.751677,20260531
Gate,BCH_USDT,BCH,USDT,USDT,,8.0,0.01,2026-05-31 22:09:58.751677,20260531
Gate,BEAMX_USDT,BEAMX,USDT,USDT,,4.0,1e-06,2026-05-31 22:09:58.751677,20260531
Gate,BEAT_USDT,BEAT,USDT,USDT,,8.0,0.0001,2026-05-31 22:09:58.751677,20260531
Gate,BEL_USDT,BEL,USDT,USDT,,8.0,1e-05,2026-05-31 22:09:58.751677,20260531
Gate,BERA_USDT,BERA,USDT,USDT,,4.0,0.0001,2026-05-31 22:09:58.751677,20260531
Gate,BE_USDT,BE,USDT,USDT,,8.0,0.1,2026-05-31 22:09:58.751677,20260531
Gate,BGSC_USDT,BGSC,USDT,USDT,,4.0,1e-07,2026-05-31 22:09:58.751677,20260531
Gate,BICO_USDT,BICO,USDT,USDT,,8.0,1e-05,2026-05-31 22:09:58.751677,20260531
Gate,BIGTIME_USDT,BIGTIME,USDT,USDT,,4.0,1e-05,2026-05-31 22:09:58.751677,20260531
Gate,BILL_USDT,BILL,USDT,USDT,,4.0,1e-05,2026-05-31 22:09:58.751677,20260531
Gate,BIO_USDT,BIO,USDT,USDT,,8.0,1e-05,2026-05-31 22:09:58.751677,20260531
Gate,BIRB_USDT,BIRB,USDT,USDT,,4.0,1e-05,2026-05-31 22:09:58.751677,20260531
Gate,BLEND_USDT,BLEND,USDT,USDT,,4.0,1e-05,2026-05-31 22:09:58.751677,20260531
Gate,BLESS_USDT,BLESS,USDT,USDT,,4.0,1e-06,2026-05-31 22:09:58.751677,20260531
Gate,BLUAI_USDT,BLUAI,USDT,USDT,,4.0,1e-06,2026-05-31 22:09:58.751677,20260531
Gate,BLUR_USDT,BLUR,USDT,USDT,,4.0,1e-05,2026-05-31 22:09:58.751677,20260531
Gate,BMNR_USDT,BMNR,USDT,USDT,,8.0,0.01,2026-05-31 22:09:58.751677,20260531
Gate,BMT_USDT,BMT,USDT,USDT,,4.0,1e-05,2026-05-31 22:09:58.751677,20260531
Gate,BNB_USDT,BNB,USDT,USDT,,8.0,0.05,2026-05-31 22:09:58.751677,20260531
Gate,BNT_USDT,BNT,USDT,USDT,,8.0,0.0001,2026-05-31 22:09:58.751677,20260531
Gate,BOB_USDT,BOB,USDT,USDT,,4.0,1e-06,2026-05-31 22:09:58.751677,20260531
Gate,BOME_USDT,BOME,USDT,USDT,,4.0,1e-07,2026-05-31 22:09:58.751677,20260531
Gate,BONK_USDT,BONK,USDT,USDT,,4.0,1e-09,2026-05-31 22:09:58.751677,20260531
Gate,BP_USDT,BP,USDT,USDT,,4.0,0.0001,2026-05-31 22:09:58.751677,20260531
Gate,BRETT_USDT,BRETT,USDT,USDT,,4.0,1e-06,2026-05-31 22:09:58.751677,20260531
Gate,BREV_USDT,BREV,USDT,USDT,,8.0,0.0001,2026-05-31 22:09:58.751677,20260531
Gate,BRKB_USDT,BRKB,USDT,USDT,,8.0,0.1,2026-05-31 22:09:58.751677,20260531
Gate,BROCCOLIF3B_USDT,BROCCOLIF3B,USDT,USDT,,8.0,1e-06,2026-05-31 22:09:58.751677,20260531
Gate,BROCCOLI_USDT,BROCCOLI,USDT,USDT,,8.0,1e-05,2026-05-31 22:09:58.751677,20260531
Gate,BR_USDT,BR,USDT,USDT,,4.0,1e-05,2026-05-31 22:09:58.751677,20260531
Gate,BSB_USDT,BSB,USDT,USDT,,4.0,1e-05,2026-05-31 22:09:58.751677,20260531
Gate,BSV_USDT,BSV,USDT,USDT,,4.0,0.01,2026-05-31 22:09:58.751677,20260531
Gate,BTC_USDT,BTC,USDT,USDT,,8.0,0.1,2026-05-31 22:09:58.751677,20260531
Gate,BTGOON_USDT,BTGOON,USDT,USDT,,8.0,0.01,2026-05-31 22:09:58.751677,20260531
Gate,BTR_USDT,BTR,USDT,USDT,,8.0,1e-05,2026-05-31 22:09:58.751677,20260531
Gate,BULLA_USDT,BULLA,USDT,USDT,,4.0,1e-06,2026-05-31 22:09:58.751677,20260531
Gate,BVIX_USDT,BVIX,USDT,USDT,,8.0,0.01,2026-05-31 22:09:58.751677,20260531
Gate,BWXT_USDT,BWXT,USDT,USDT,,8.0,0.1,2026-05-31 22:09:58.751677,20260531
Gate,BZ_USDT,BZ,USDT,USDT,,8.0,0.01,2026-05-31 22:09:58.751677,20260531
Gate,B_USDT,B,USDT,USDT,,4.0,0.0001,2026-05-31 22:09:58.751677,20260531
Gate,C98_USDT,C98,USDT,USDT,,8.0,1e-05,2026-05-31 22:09:58.751677,20260531
Gate,CAKE_USDT,CAKE,USDT,USDT,,4.0,0.0001,2026-05-31 22:09:58.751677,20260531
Gate,CARR_USDT,CARR,USDT,USDT,,8.0,0.01,2026-05-31 22:09:58.751677,20260531
Gate,CARV_USDT,CARV,USDT,USDT,,4.0,1e-05,2026-05-31 22:09:58.751677,20260531
Gate,CATI_USDT,CATI,USDT,USDT,,4.0,1e-05,2026-05-31 22:09:58.751677,20260531
Gate,CAT_USDT,CAT,USDT,USDT,,4.0,1e-09,2026-05-31 22:09:58.751677,20260531
Gate,CBRS_USDT,CBRS,USDT,USDT,,8.0,0.1,2026-05-31 22:09:58.751677,20260531
Gate,CCJ_USDT,CCJ,USDT,USDT,,8.0,0.01,2026-05-31 22:09:58.751677,20260531
Gate,CC_USDT,CC,USDT,USDT,,4.0,1e-05,2026-05-31 22:09:58.751677,20260531
Gate,CEG_USDT,CEG,USDT,USDT,,8.0,0.1,2026-05-31 22:09:58.751677,20260531
Gate,CELO_USDT,CELO,USDT,USDT,,8.0,1e-05,2026-05-31 22:09:58.751677,20260531
Gate,CELR_USDT,CELR,USDT,USDT,,8.0,1e-06,2026-05-31 22:09:58.751677,20260531
Gate,CETUS_USDT,CETUS,USDT,USDT,,4.0,1e-05,2026-05-31 22:09:58.751677,20260531
Gate,CFG_USDT,CFG,USDT,USDT,,4.0,1e-05,2026-05-31 22:09:58.751677,20260531
Gate,CFX_USDT,CFX,USDT,USDT,,8.0,1e-05,2026-05-31 22:09:58.751677,20260531
Gate,CGPT_USDT,CGPT,USDT,USDT,,4.0,1e-05,2026-05-31 22:09:58.751677,20260531
Gate,CHEEMS_USDT,CHEEMS,USDT,USDT,,4.0,1e-10,2026-05-31 22:09:58.751677,20260531
Gate,CHILLGUY_USDT,CHILLGUY,USDT,USDT,,4.0,1e-06,2026-05-31 22:09:58.751677,20260531
Gate,CHIP_USDT,CHIP,USDT,USDT,,4.0,1e-05,2026-05-31 22:09:58.751677,20260531
Gate,CHR_USDT,CHR,USDT,USDT,,8.0,1e-05,2026-05-31 22:09:58.751677,20260531
Gate,CHZ_USDT,CHZ,USDT,USDT,,8.0,1e-05,2026-05-31 22:09:58.751677,20260531
Gate,CITIC_USDT,CITIC,USDT,USDT,,8.0,0.0001,2026-05-31 22:09:58.751677,20260531
Gate,CKB_USDT,CKB,USDT,USDT,,8.0,1e-06,2026-05-31 22:09:58.751677,20260531
Gate,CLANKER_USDT,CLANKER,USDT,USDT,,4.0,0.01,2026-05-31 22:09:58.751677,20260531
Gate,CLO_USDT,CLO,USDT,USDT,,8.0,1e-05,2026-05-31 22:09:58.751677,20260531
Gate,CLS_USDT,CLS,USDT,USDT,,8.0,0.1,2026-05-31 22:09:58.751677,20260531
Gate,CL_USDT,CL,USDT,USDT,,8.0,0.01,2026-05-31 22:09:58.751677,20260531
Gate,CMI_USDT,CMI,USDT,USDT,,8.0,0.1,2026-05-31 22:09:58.751677,20260531
Gate,COAI_USDT,COAI,USDT,USDT,,8.0,0.0001,2026-05-31 22:09:58.751677,20260531
Gate,COHR_USDT,COHR,USDT,USDT,,8.0,0.01,2026-05-31 22:09:58.751677,20260531
Gate,COINX_USDT,COINX,USDT,USDT,,8.0,0.01,2026-05-31 22:09:58.751677,20260531
Gate,COLLECT_USDT,COLLECT,USDT,USDT,,4.0,1e-05,2026-05-31 22:09:58.751677,20260531
Gate,COMP_USDT,COMP,USDT,USDT,,8.0,0.01,2026-05-31 22:09:58.751677,20260531
Gate,COOKIE_USDT,COOKIE,USDT,USDT,,4.0,1e-05,2026-05-31 22:09:58.751677,20260531
Gate,CORE_USDT,CORE,USDT,USDT,,8.0,1e-05,2026-05-31 22:09:58.751677,20260531
Gate,COST_USDT,COST,USDT,USDT,,8.0,0.01,2026-05-31 22:09:58.751677,20260531
Gate,COS_USDT,COS,USDT,USDT,,4.0,1e-07,2026-05-31 22:09:58.751677,20260531
Gate,COTI_USDT,COTI,USDT,USDT,,8.0,1e-05,2026-05-31 22:09:58.751677,20260531
Gate,COW_USDT,COW,USDT,USDT,,4.0,0.0001,2026-05-31 22:09:58.751677,20260531
Gate,CRCLX_USDT,CRCLX,USDT,USDT,,8.0,0.01,2026-05-31 22:09:58.751677,20260531
Gate,CROSS_USDT,CROSS,USDT,USDT,,4.0,1e-05,2026-05-31 22:09:58.751677,20260531
Gate,CRO_USDT,CRO,USDT,USDT,,8.0,1e-05,2026-05-31 22:09:58.751677,20260531
Gate,CRV_USDT,CRV,USDT,USDT,,8.0,0.0001,2026-05-31 22:09:58.751677,20260531
Gate,CRWV_USDT,CRWV,USDT,USDT,,8.0,0.01,2026-05-31 22:09:58.751677,20260531
Gate,CSCO_USDT,CSCO,USDT,USDT,,8.0,0.01,2026-05-31 22:09:58.751677,20260531
Gate,CTC_USDT,CTC,USDT,USDT,,8.0,1e-05,2026-05-31 22:09:58.751677,20260531
Gate,CTK_USDT,CTK,USDT,USDT,,4.0,0.0001,2026-05-31 22:09:58.751677,20260531
Gate,CTR_USDT,CTR,USDT,USDT,,4.0,1e-05,2026-05-31 22:09:58.751677,20260531
Gate,CTSI_USDT,CTSI,USDT,USDT,,8.0,1e-05,2026-05-31 22:09:58.751677,20260531
Gate,CVC_USDT,CVC,USDT,USDT,,8.0,1e-05,2026-05-31 22:09:58.751677,20260531
Gate,CVX_USDT,CVX,USDT,USDT,,8.0,0.001,2026-05-31 22:09:58.751677,20260531
Gate,CYBER_USDT,CYBER,USDT,USDT,,8.0,0.0001,2026-05-31 22:09:58.751677,20260531
Gate,CYS_USDT,CYS,USDT,USDT,,4.0,0.0001,2026-05-31 22:09:58.751677,20260531
Gate,C_USDT,C,USDT,USDT,,4.0,1e-05,2026-05-31 22:09:58.751677,20260531
Gate,DAM_USDT,DAM,USDT,USDT,,4.0,1e-05,2026-05-31 22:09:58.751677,20260531
Gate,DASH_USDT,DASH,USDT,USDT,,8.0,0.01,2026-05-31 22:09:58.751677,20260531
Gate,DDOG_USDT,DDOG,USDT,USDT,,8.0,0.01,2026-05-31 22:09:58.751677,20260531
Gate,DEEPTECH_USDT,DEEPTECH,USDT,USDT,,8.0,0.001,2026-05-31 22:09:58.751677,20260531
Gate,DEEP_USDT,DEEP,USDT,USDT,,4.0,1e-05,2026-05-31 22:09:58.751677,20260531
Gate,DEGEN_USDT,DEGEN,USDT,USDT,,4.0,1e-07,2026-05-31 22:09:58.751677,20260531
Gate,DEGO_USDT,DEGO,USDT,USDT,,8.0,0.0001,2026-05-31 22:09:58.751677,20260531
Gate,DELL_USDT,DELL,USDT,USDT,,8.0,0.01,2026-05-31 22:09:58.751677,20260531
Gate,DENT_USDT,DENT,USDT,USDT,,4.0,1e-07,2026-05-31 22:09:58.751677,20260531
Gate,DEXE_USDT,DEXE,USDT,USDT,,4.0,0.001,2026-05-31 22:09:58.751677,20260531
Gate,DFDVX_USDT,DFDVX,USDT,USDT,,8.0,0.01,2026-05-31 22:09:58.751677,20260531
Gate,DIA_USDT,DIA,USDT,USDT,,4.0,0.0001,2026-05-31 22:09:58.751677,20260531
Gate,DIS_USDT,DIS,USDT,USDT,,8.0,0.01,2026-05-31 22:09:58.751677,20260531
Gate,DOGE_USDT,DOGE,USDT,USDT,,8.0,1e-05,2026-05-31 22:09:58.751677,20260531
Gate,DOGS_USDT,DOGS,USDT,USDT,,4.0,1e-08,2026-05-31 22:09:58.751677,20260531
Gate,DOG_USDT,DOG,USDT,USDT,,4.0,1e-07,2026-05-31 22:09:58.751677,20260531
Gate,DOLO_USDT,DOLO,USDT,USDT,,8.0,1e-05,2026-05-31 22:09:58.751677,20260531
Gate,DOOD_USDT,DOOD,USDT,USDT,,8.0,1e-06,2026-05-31 22:09:58.751677,20260531
Gate,DOT_USDT,DOT,USDT,USDT,,8.0,0.001,2026-05-31 22:09:58.751677,20260531
Gate,DRAM_USDT,DRAM,USDT,USDT,,8.0,0.01,2026-05-31 22:09:58.751677,20260531
Gate,DRIFT_USDT,DRIFT,USDT,USDT,,1.0,1e-05,2026-05-31 22:09:58.751677,20260531
Gate,DUSK_USDT,DUSK,USDT,USDT,,8.0,1e-05,2026-05-31 22:09:58.751677,20260531
Gate,DYDX_USDT,DYDX,USDT,USDT,,8.0,1e-05,2026-05-31 22:09:58.751677,20260531
Gate,DYM_USDT,DYM,USDT,USDT,,4.0,1e-05,2026-05-31 22:09:58.751677,20260531
Gate,D_USDT,D,USDT,USDT,,8.0,1e-06,2026-05-31 22:09:58.751677,20260531
Gate,EDEN_USDT,EDEN,USDT,USDT,,8.0,1e-05,2026-05-31 22:09:58.751677,20260531
Gate,EDGEX_USDT,EDGE,USDT,USDT,,4.0,0.0001,2026-05-31 22:09:58.752674,20260531
Gate,EDGE_USDT,DFIN,USDT,USDT,,4.0,1e-05,2026-05-31 22:09:58.752674,20260531
Gate,EDU_USDT,EDU,USDT,USDT,,8.0,1e-05,2026-05-31 22:09:58.752674,20260531
Gate,EGLD_USDT,EGLD,USDT,USDT,,8.0,0.001,2026-05-31 22:09:58.752674,20260531
Gate,EIGEN_USDT,EIGEN,USDT,USDT,,4.0,0.0001,2026-05-31 22:09:58.752674,20260531
Gate,ELSA_USDT,ELSA,USDT,USDT,,4.0,1e-05,2026-05-31 22:09:58.752674,20260531
Gate,ENA_USDT,ENA,USDT,USDT,,4.0,1e-05,2026-05-31 22:09:58.752674,20260531
Gate,ENJ_USDT,ENJ,USDT,USDT,,4.0,1e-05,2026-05-31 22:09:58.752674,20260531
Gate,ENSO_USDT,ENSO,USDT,USDT,,4.0,0.0001,2026-05-31 22:09:58.752674,20260531
Gate,ENS_USDT,ENS,USDT,USDT,,8.0,0.001,2026-05-31 22:09:58.752674,20260531
Gate,EPIC_USDT,EPIC,USDT,USDT,,4.0,0.0001,2026-05-31 22:09:58.752674,20260531
Gate,ERA_USDT,ERA,USDT,USDT,,8.0,0.0001,2026-05-31 22:09:58.752674,20260531
Gate,ESPORTS_USDT,ESPORTS,USDT,USDT,,1.0,1e-05,2026-05-31 22:09:58.752674,20260531
Gate,ESP_USDT,ESP,USDT,USDT,,8.0,1e-05,2026-05-31 22:09:58.752674,20260531
Gate,ETC_USDT,ETC,USDT,USDT,,8.0,0.001,2026-05-31 22:09:58.752674,20260531
Gate,ETHFI_USDT,ETHFI,USDT,USDT,,4.0,0.0001,2026-05-31 22:09:58.752674,20260531
Gate,ETHW_USDT,ETHW,USDT,USDT,,4.0,0.0001,2026-05-31 22:09:58.752674,20260531
Gate,ETH_USDT,ETH,USDT,USDT,,8.0,0.01,2026-05-31 22:09:58.752674,20260531
Gate,EUL_USDT,EUL,USDT,USDT,,4.0,0.0001,2026-05-31 22:09:58.752674,20260531
Gate,EURUSD_USDT,EURUSD,USDT,USDT,,8.0,0.0001,2026-05-31 22:09:58.752674,20260531
Gate,EVAA_USDT,EVAA,USDT,USDT,,8.0,0.0001,2026-05-31 22:09:58.752674,20260531
Gate,EVIX_USDT,EVIX,USDT,USDT,,8.0,0.01,2026-05-31 22:09:58.752674,20260531
Gate,EWJ_USDT,EWJ,USDT,USDT,,8.0,0.01,2026-05-31 22:09:58.752674,20260531
Gate,EWT_USDT,EWT,USDT,USDT,,4.0,0.01,2026-05-31 22:09:58.752674,20260531
Gate,EWY_USDT,EWY,USDT,USDT,,8.0,0.01,2026-05-31 22:09:58.752674,20260531
Gate,FARTCOIN_USDT,FARTCOIN,USDT,USDT,,4.0,1e-05,2026-05-31 22:09:58.752674,20260531
Gate,FET_USDT,FET,USDT,USDT,,8.0,0.0001,2026-05-31 22:09:58.752674,20260531
Gate,FF_USDT,FF,USDT,USDT,,4.0,1e-05,2026-05-31 22:09:58.752674,20260531
Gate,FHE_USDT,FHE,USDT,USDT,,8.0,1e-05,2026-05-31 22:09:58.752674,20260531
Gate,FIDA_USDT,FIDA,USDT,USDT,,4.0,1e-05,2026-05-31 22:09:58.752674,20260531
Gate,FIGHT_USDT,FIGHT,USDT,USDT,,4.0,1e-06,2026-05-31 22:09:58.752674,20260531
Gate,FIL_USDT,FIL,USDT,USDT,,8.0,0.0001,2026-05-31 22:09:58.752674,20260531
Gate,FIO_USDT,FIO,USDT,USDT,,4.0,1e-05,2026-05-31 22:09:58.752674,20260531
Gate,FLNC_USDT,FLNC,USDT,USDT,,8.0,0.001,2026-05-31 22:09:58.752674,20260531
Gate,FLOCK_USDT,FLOCK,USDT,USDT,,8.0,1e-05,2026-05-31 22:09:58.752674,20260531
Gate,FLOKI_USDT,FLOKI,USDT,USDT,,8.0,1e-08,2026-05-31 22:09:58.752674,20260531
Gate,FLOW_USDT,FLOW,USDT,USDT,,8.0,1e-05,2026-05-31 22:09:58.752674,20260531
Gate,FLR_USDT,FLR,USDT,USDT,,8.0,1e-06,2026-05-31 22:09:58.752674,20260531
Gate,FLUID_USDT,FLUID,USDT,USDT,,4.0,0.001,2026-05-31 22:09:58.752674,20260531
Gate,FLUX_USDT,FLUX,USDT,USDT,,4.0,1e-05,2026-05-31 22:09:58.752674,20260531
Gate,FN_USDT,FN,USDT,USDT,,8.0,0.1,2026-05-31 22:09:58.752674,20260531
Gate,FOGO_USDT,FOGO,USDT,USDT,,4.0,1e-05,2026-05-31 22:09:58.752674,20260531
Gate,FOLKS_USDT,FOLKS,USDT,USDT,,8.0,0.001,2026-05-31 22:09:58.752674,20260531
Gate,FORM_USDT,FORM,USDT,USDT,,4.0,0.0001,2026-05-31 22:09:58.752674,20260531
Gate,FRAX_USDT,FRAX,USDT,USDT,,4.0,0.0001,2026-05-31 22:09:58.752674,20260531
Gate,FSLR_USDT,FSLR,USDT,USDT,,8.0,0.01,2026-05-31 22:09:58.752674,20260531
Gate,FUN_USDT,FUN,USDT,USDT,,4.0,1e-05,2026-05-31 22:09:58.752674,20260531
Gate,FUTUON_USDT,FUTUON,USDT,USDT,,8.0,0.01,2026-05-31 22:09:58.752674,20260531
Gate,F_USDT,F,USDT,USDT,,8.0,1e-06,2026-05-31 22:09:58.752674,20260531
Gate,GAIB_USDT,GAIB,USDT,USDT,,4.0,1e-05,2026-05-31 22:09:58.752674,20260531
Gate,GALA_USDT,GALA,USDT,USDT,,8.0,1e-06,2026-05-31 22:09:58.752674,20260531
Gate,GAS_USDT,GAS,USDT,USDT,,4.0,0.001,2026-05-31 22:09:58.752674,20260531
Gate,GBPUSD_USDT,GBPUSD,USDT,USDT,,8.0,0.0001,2026-05-31 22:09:58.752674,20260531
Gate,GD_USDT,GD,USDT,USDT,,8.0,0.01,2026-05-31 22:09:58.752674,20260531
Gate,GEELY_USDT,GEELY,USDT,USDT,,8.0,0.001,2026-05-31 22:09:58.752674,20260531
Gate,GENIUS_USDT,GENIUS,USDT,USDT,,4.0,0.0001,2026-05-31 22:09:58.752674,20260531
Gate,GER40_USDT,GER40,USDT,USDT,,8.0,0.01,2026-05-31 22:09:58.752674,20260531
Gate,GE_USDT,GE,USDT,USDT,,8.0,0.01,2026-05-31 22:09:58.752674,20260531
Gate,GIGGLE_USDT,GIGGLE,USDT,USDT,,4.0,0.01,2026-05-31 22:09:58.752674,20260531
Gate,GLM_USDT,GLM,USDT,USDT,,4.0,0.0001,2026-05-31 22:09:58.752674,20260531
Gate,GLW_USDT,GLW,USDT,USDT,,8.0,0.01,2026-05-31 22:09:58.752674,20260531
Gate,GMT_USDT,GMT,USDT,USDT,,8.0,1e-05,2026-05-31 22:09:58.752674,20260531
Gate,GMX_USDT,GMX,USDT,USDT,,8.0,0.001,2026-05-31 22:09:58.752674,20260531
Gate,GOAT_USDT,GOAT,USDT,USDT,,4.0,1e-06,2026-05-31 22:09:58.752674,20260531
Gate,GOOGLX_USDT,GOOGLX,USDT,USDT,,8.0,0.01,2026-05-31 22:09:58.752674,20260531
Gate,GPS_USDT,GPS,USDT,USDT,,8.0,1e-06,2026-05-31 22:09:58.752674,20260531
Gate,GRASS_USDT,GRASS,USDT,USDT,,4.0,0.0001,2026-05-31 22:09:58.752674,20260531
Gate,GRIFFAIN_USDT,GRIFFAIN,USDT,USDT,,4.0,1e-06,2026-05-31 22:09:58.752674,20260531
Gate,GRT_USDT,GRT,USDT,USDT,,8.0,1e-05,2026-05-31 22:09:58.752674,20260531
Gate,GT_USDT,GT,USDT,USDT,,8.0,0.001,2026-05-31 22:09:58.752674,20260531
Gate,GUA_USDT,GUA,USDT,USDT,,4.0,1e-05,2026-05-31 22:09:58.752674,20260531
Gate,GUN_USDT,GUN,USDT,USDT,,4.0,1e-06,2026-05-31 22:09:58.752674,20260531
Gate,GVZ_USDT,GVZ,USDT,USDT,,8.0,0.01,2026-05-31 22:09:58.752674,20260531
Gate,GWEI_USDT,GWEI,USDT,USDT,,4.0,1e-06,2026-05-31 22:09:58.752674,20260531
Gate,G_USDT,G,USDT,USDT,,4.0,1e-06,2026-05-31 22:09:58.752674,20260531
Gate,HAEDAL_USDT,HAEDAL,USDT,USDT,,4.0,1e-05,2026-05-31 22:09:58.752674,20260531
Gate,HANA_USDT,HANA,USDT,USDT,,8.0,1e-05,2026-05-31 22:09:58.752674,20260531
Gate,HBAR_USDT,HBAR,USDT,USDT,,8.0,1e-05,2026-05-31 22:09:58.752674,20260531
Gate,HD_USDT,HD,USDT,USDT,,8.0,0.1,2026-05-31 22:09:58.752674,20260531
Gate,HEI_USDT,HEI,USDT,USDT,,4.0,1e-05,2026-05-31 22:09:58.752674,20260531
Gate,HEMI_USDT,HEMI,USDT,USDT,,4.0,1e-06,2026-05-31 22:09:58.752674,20260531
Gate,HFT_USDT,HFT,USDT,USDT,,8.0,1e-05,2026-05-31 22:09:58.752674,20260531
Gate,HIGH_USDT,HIGH,USDT,USDT,,8.0,0.0001,2026-05-31 22:09:58.752674,20260531
Gate,HIMS_USDT,HIMS,USDT,USDT,,8.0,0.001,2026-05-31 22:09:58.752674,20260531
Gate,HIVE_USDT,HIVE,USDT,USDT,,1.0,1e-05,2026-05-31 22:09:58.752674,20260531
Gate,HK50_USDT,HK50,USDT,USDT,,8.0,0.01,2026-05-31 22:09:58.752674,20260531
Gate,HMSTR_USDT,HMSTR,USDT,USDT,,4.0,1e-07,2026-05-31 22:09:58.752674,20260531
Gate,HNT_USDT,HNT,USDT,USDT,,8.0,0.0001,2026-05-31 22:09:58.752674,20260531
Gate,HOLO_USDT,HOLO,USDT,USDT,,4.0,1e-05,2026-05-31 22:09:58.752674,20260531
Gate,HOME_USDT,HOME,USDT,USDT,,4.0,1e-05,2026-05-31 22:09:58.752674,20260531
Gate,HOODX_USDT,HOODX,USDT,USDT,,8.0,0.01,2026-05-31 22:09:58.752674,20260531
Gate,HPE_USDT,HPE,USDT,USDT,,8.0,0.01,2026-05-31 22:09:58.752674,20260531
Gate,HSBC_USDT,HSBC,USDT,USDT,,8.0,0.01,2026-05-31 22:09:58.752674,20260531
Gate,HSCHKD_USDT,HSCHKD,USDT,USDT,,8.0,0.01,2026-05-31 22:09:58.752674,20260531
Gate,HUMA_USDT,HUMA,USDT,USDT,,4.0,1e-05,2026-05-31 22:09:58.752674,20260531
Gate,HYPER_USDT,HYPER,USDT,USDT,,4.0,0.0001,2026-05-31 22:09:58.752674,20260531
Gate,HYPE_USDT,HYPE,USDT,USDT,,4.0,0.001,2026-05-31 22:09:58.752674,20260531
Gate,H_USDT,H,USDT,USDT,,8.0,1e-05,2026-05-31 22:09:58.752674,20260531
Gate,IAU_USDT,IAU,USDT,USDT,,8.0,0.01,2026-05-31 22:09:58.752674,20260531
Gate,IBM_USDT,IBM,USDT,USDT,,8.0,0.01,2026-05-31 22:09:58.752674,20260531
Gate,ICNT_USDT,ICNT,USDT,USDT,,8.0,0.0001,2026-05-31 22:09:58.752674,20260531
Gate,ICP_USDT,ICP,USDT,USDT,,8.0,0.001,2026-05-31 22:09:58.752674,20260531
Gate,ICX_USDT,ICX,USDT,USDT,,8.0,1e-05,2026-05-31 22:09:58.752674,20260531
Gate,IDOL_USDT,IDOL,USDT,USDT,,4.0,1e-06,2026-05-31 22:09:58.752674,20260531
Gate,ID_USDT,ID,USDT,USDT,,1.0,1e-05,2026-05-31 22:09:58.752674,20260531
Gate,IEFA_USDT,IEFA,USDT,USDT,,8.0,0.01,2026-05-31 22:09:58.752674,20260531
Gate,ILV_USDT,ILV,USDT,USDT,,8.0,0.001,2026-05-31 22:09:58.752674,20260531
Gate,IMX_USDT,IMX,USDT,USDT,,4.0,0.0001,2026-05-31 22:09:58.752674,20260531
Gate,INIT_USDT,INIT,USDT,USDT,,8.0,1e-05,2026-05-31 22:09:58.752674,20260531
Gate,INJ_USDT,INJ,USDT,USDT,,8.0,0.001,2026-05-31 22:09:58.752674,20260531
Gate,INTC_USDT,INTC,USDT,USDT,,8.0,0.01,2026-05-31 22:09:58.752674,20260531
Gate,INX_USDT,INX,USDT,USDT,,4.0,1e-05,2026-05-31 22:09:58.752674,20260531
Gate,IN_USDT,IN,USDT,USDT,,8.0,1e-05,2026-05-31 22:09:58.752674,20260531
Gate,IOST_USDT,IOST,USDT,USDT,,8.0,1e-06,2026-05-31 22:09:58.752674,20260531
Gate,IOTA_USDT,IOTA,USDT,USDT,,8.0,1e-05,2026-05-31 22:09:58.752674,20260531
Gate,IOTX_USDT,IOTX,USDT,USDT,,8.0,1e-06,2026-05-31 22:09:58.752674,20260531
Gate,IO_USDT,IO,USDT,USDT,,4.0,1e-05,2026-05-31 22:09:58.752674,20260531
Gate,IP_USDT,IP,USDT,USDT,,8.0,0.0001,2026-05-31 22:09:58.752674,20260531
Gate,IREN_USDT,IREN,USDT,USDT,,8.0,0.01,2026-05-31 22:09:58.752674,20260531
Gate,IRYS_USDT,IRYS,USDT,USDT,,4.0,1e-05,2026-05-31 22:09:58.752674,20260531
Gate,IR_USDT,IR,USDT,USDT,,4.0,1e-05,2026-05-31 22:09:58.752674,20260531
Gate,IWM_USDT,IWM,USDT,USDT,,8.0,0.01,2026-05-31 22:09:58.752674,20260531
Gate,JASMY_USDT,JASMY,USDT,USDT,,8.0,1e-06,2026-05-31 22:09:58.752674,20260531
Gate,JCI_USDT,JCI,USDT,USDT,,8.0,0.01,2026-05-31 22:09:58.752674,20260531
Gate,JCT_USDT,JCT,USDT,USDT,,4.0,1e-06,2026-05-31 22:09:58.752674,20260531
Gate,JDON_USDT,JDON,USDT,USDT,,8.0,0.01,2026-05-31 22:09:58.752674,20260531
Gate,JELLYJELLY_USDT,JELLYJELLY,USDT,USDT,,4.0,1e-05,2026-05-31 22:09:58.752674,20260531
Gate,JNJ_USDT,JNJ,USDT,USDT,,8.0,0.01,2026-05-31 22:09:58.752674,20260531
Gate,JOE_USDT,JOE,USDT,USDT,,8.0,1e-05,2026-05-31 22:09:58.752674,20260531
Gate,JPM_USDT,JPM,USDT,USDT,,8.0,0.01,2026-05-31 22:09:58.752674,20260531
Gate,JPN225_USDT,JPN225,USDT,USDT,,8.0,0.01,2026-05-31 22:09:58.752674,20260531
Gate,JST_USDT,JST,USDT,USDT,,4.0,1e-05,2026-05-31 22:09:58.752674,20260531
Gate,JTO_USDT,JTO,USDT,USDT,,8.0,0.0001,2026-05-31 22:09:58.752674,20260531
Gate,JUP_USDT,JUP,USDT,USDT,,4.0,0.0001,2026-05-31 22:09:58.752674,20260531
Gate,KAIA_USDT,KAIA,USDT,USDT,,4.0,1e-05,2026-05-31 22:09:58.752674,20260531
Gate,KAITO_USDT,KAITO,USDT,USDT,,4.0,0.0001,2026-05-31 22:09:58.752674,20260531
Gate,KALSHI_USDT,KALSHI,USDT,USDT,,8.0,0.001,2026-05-31 22:09:58.752674,20260531
Gate,KAS_USDT,KAS,USDT,USDT,,8.0,1e-05,2026-05-31 22:09:58.752674,20260531
Gate,KAT_USDT,KAT,USDT,USDT,,4.0,1e-05,2026-05-31 22:09:58.752674,20260531
Gate,KAVA_USDT,KAVA,USDT,USDT,,4.0,1e-05,2026-05-31 22:09:58.752674,20260531
Gate,KERNEL_USDT,KERNEL,USDT,USDT,,4.0,1e-05,2026-05-31 22:09:58.752674,20260531
Gate,KGEN_USDT,KGEN,USDT,USDT,,4.0,1e-05,2026-05-31 22:09:58.752674,20260531
Gate,KITE_USDT,KITE,USDT,USDT,,4.0,1e-05,2026-05-31 22:09:58.752674,20260531
Gate,KMNO_USDT,KMNO,USDT,USDT,,4.0,1e-05,2026-05-31 22:09:58.752674,20260531
Gate,KNC_USDT,KNC,USDT,USDT,,8.0,0.0001,2026-05-31 22:09:58.752674,20260531
Gate,KOMA_USDT,KOMA,USDT,USDT,,4.0,1e-06,2026-05-31 22:09:58.752674,20260531
Gate,KO_USDT,KO,USDT,USDT,,8.0,0.01,2026-05-31 22:09:58.752674,20260531
Gate,KSM_USDT,KSM,USDT,USDT,,8.0,0.001,2026-05-31 22:09:58.752674,20260531
Gate,KUAISHOU_USDT,KUAISHOU,USDT,USDT,,8.0,0.001,2026-05-31 22:09:58.752674,20260531
Gate,KWEB_USDT,KWEB,USDT,USDT,,4.0,0.01,2026-05-31 22:09:58.752674,20260531
Gate,LAB_USDT,LAB,USDT,USDT,,4.0,1e-05,2026-05-31 22:09:58.752674,20260531
Gate,LAYER_USDT,LAYER,USDT,USDT,,4.0,1e-05,2026-05-31 22:09:58.752674,20260531
Gate,LA_USDT,LA,USDT,USDT,,8.0,0.0001,2026-05-31 22:09:58.752674,20260531
Gate,LDO_USDT,LDO,USDT,USDT,,8.0,0.0001,2026-05-31 22:09:58.752674,20260531
Gate,LENOVO_USDT,LENOVO,USDT,USDT,,8.0,0.0001,2026-05-31 22:09:58.752674,20260531
Gate,LIGHT_USDT,LIGHT,USDT,USDT,,8.0,0.0001,2026-05-31 22:09:58.752674,20260531
Gate,LINEA_USDT,LINEA,USDT,USDT,,4.0,1e-06,2026-05-31 22:09:58.752674,20260531
Gate,LINK_USDT,LINK,USDT,USDT,,8.0,0.001,2026-05-31 22:09:58.752674,20260531
Gate,LISTA_USDT,LISTA,USDT,USDT,,4.0,1e-05,2026-05-31 22:09:58.752674,20260531
Gate,LITE_USDT,LITE,USDT,USDT,,8.0,0.01,2026-05-31 22:09:58.752674,20260531
Gate,LIT_USDT,LIT,USDT,USDT,,4.0,0.001,2026-05-31 22:09:58.752674,20260531
Gate,LLY_USDT,LLY,USDT,USDT,,8.0,0.01,2026-05-31 22:09:58.752674,20260531
Gate,LMT_USDT,LMT,USDT,USDT,,8.0,0.01,2026-05-31 22:09:58.752674,20260531
Gate,LPT_USDT,LPT,USDT,USDT,,8.0,0.001,2026-05-31 22:09:58.752674,20260531
Gate,LQTY_USDT,LQTY,USDT,USDT,,8.0,0.0001,2026-05-31 22:09:58.752674,20260531
Gate,LRC_USDT,LRC,USDT,USDT,,8.0,1e-05,2026-05-31 22:09:58.752674,20260531
Gate,LSK_USDT,LSK,USDT,USDT,,8.0,0.0001,2026-05-31 22:09:58.752674,20260531
Gate,LTC_USDT,LTC,USDT,USDT,,8.0,0.01,2026-05-31 22:09:58.752674,20260531
Gate,LUMIA_USDT,LUMIA,USDT,USDT,,4.0,1e-05,2026-05-31 22:09:58.752674,20260531
Gate,LUNA_USDT,LUNA,USDT,USDT,,8.0,1e-05,2026-05-31 22:09:58.752674,20260531
Gate,LUNC_USDT,LUNC,USDT,USDT,,8.0,1e-08,2026-05-31 22:09:58.752674,20260531
Gate,LYN_USDT,LYN,USDT,USDT,,4.0,1e-05,2026-05-31 22:09:58.752674,20260531
Gate,MAGIC_USDT,MAGIC,USDT,USDT,,8.0,1e-05,2026-05-31 22:09:58.752674,20260531
Gate,MAGMA_USDT,MAGMA,USDT,USDT,,4.0,1e-05,2026-05-31 22:09:58.752674,20260531
Gate,MANA_USDT,MANA,USDT,USDT,,8.0,1e-05,2026-05-31 22:09:58.752674,20260531
Gate,MANTA_USDT,MANTA,USDT,USDT,,4.0,1e-05,2026-05-31 22:09:58.752674,20260531
Gate,MANTRA_USDT,MANTRA,USDT,USDT,,4.0,1e-06,2026-05-31 22:09:58.752674,20260531
Gate,MASK_USDT,MASK,USDT,USDT,,8.0,0.0001,2026-05-31 22:09:58.752674,20260531
Gate,MAVIA_USDT,MAVIA,USDT,USDT,,4.0,1e-05,2026-05-31 22:09:58.752674,20260531
Gate,MAV_USDT,MAV,USDT,USDT,,8.0,1e-05,2026-05-31 22:09:58.752674,20260531
Gate,MBABYDOGE_USDT,MBABYDOGE,USDT,USDT,,8.0,1e-07,2026-05-31 22:09:58.752674,20260531
Gate,MBOX_USDT,MBOX,USDT,USDT,,8.0,1e-06,2026-05-31 22:09:58.752674,20260531
Gate,MCD_USDT,MCD,USDT,USDT,,8.0,0.01,2026-05-31 22:09:58.752674,20260531
Gate,MDB_USDT,MDB,USDT,USDT,,8.0,0.1,2026-05-31 22:09:58.752674,20260531
Gate,MEGA_USDT,MEGA,USDT,USDT,,4.0,1e-05,2026-05-31 22:09:58.752674,20260531
Gate,MEITUAN_USDT,MEITUAN,USDT,USDT,,8.0,0.001,2026-05-31 22:09:58.752674,20260531
Gate,MELANIA_USDT,MELANIA,USDT,USDT,,4.0,1e-05,2026-05-31 22:09:58.752674,20260531
Gate,MEMES_USDT,MEMES,USDT,USDT,,8.0,1e-07,2026-05-31 22:09:58.752674,20260531
Gate,MEME_USDT,MEME,USDT,USDT,,4.0,1e-07,2026-05-31 22:09:58.752674,20260531
Gate,MERL_USDT,MERL,USDT,USDT,,8.0,1e-05,2026-05-31 22:09:58.752674,20260531
Gate,METAX_USDT,METAX,USDT,USDT,,8.0,0.01,2026-05-31 22:09:58.752674,20260531
Gate,METIS_USDT,METIS,USDT,USDT,,4.0,0.001,2026-05-31 22:09:58.752674,20260531
Gate,MET_USDT,MET,USDT,USDT,,4.0,0.0001,2026-05-31 22:09:58.752674,20260531
Gate,MEW_USDT,MEW,USDT,USDT,,4.0,1e-07,2026-05-31 22:09:58.752674,20260531
Gate,ME_USDT,ME,USDT,USDT,,8.0,0.0001,2026-05-31 22:09:58.752674,20260531
Gate,MINA_USDT,MINA,USDT,USDT,,8.0,1e-05,2026-05-31 22:09:58.752674,20260531
Gate,MINIMAX_USDT,MINIMAX,USDT,USDT,,8.0,0.01,2026-05-31 22:09:58.752674,20260531
Gate,MIRA_USDT,MIRA,USDT,USDT,,8.0,1e-05,2026-05-31 22:09:58.752674,20260531
Gate,MITO_USDT,MITO,USDT,USDT,,4.0,1e-05,2026-05-31 22:09:58.752674,20260531
Gate,MMT_USDT,MMT,USDT,USDT,,8.0,0.0001,2026-05-31 22:09:58.752674,20260531
Gate,MNT_USDT,MNT,USDT,USDT,,4.0,0.0001,2026-05-31 22:09:58.752674,20260531
Gate,MOCA_USDT,MOCA,USDT,USDT,,4.0,1e-05,2026-05-31 22:09:58.752674,20260531
Gate,MOG_USDT,MOG,USDT,USDT,,4.0,1e-10,2026-05-31 22:09:58.752674,20260531
Gate,MON_USDT,MON,USDT,USDT,,4.0,1e-05,2026-05-31 22:09:58.752674,20260531
Gate,MOODENG_USDT,MOODENG,USDT,USDT,,4.0,1e-05,2026-05-31 22:09:58.752674,20260531
Gate,MORPHO_USDT,MORPHO,USDT,USDT,,4.0,0.0001,2026-05-31 22:09:58.752674,20260531
Gate,MOVE_USDT,MOVE,USDT,USDT,,8.0,1e-05,2026-05-31 22:09:58.752674,20260531
Gate,MOVR_USDT,MOVR,USDT,USDT,,8.0,0.001,2026-05-31 22:09:58.752674,20260531
Gate,MRVL_USDT,MRVL,USDT,USDT,,8.0,0.01,2026-05-31 22:09:58.752674,20260531
Gate,MSFT_USDT,MSFT,USDT,USDT,,8.0,0.01,2026-05-31 22:09:58.752674,20260531
Gate,MSTRX_USDT,MSTRX,USDT,USDT,,8.0,0.01,2026-05-31 22:09:58.752674,20260531
Gate,MTL_USDT,MTL,USDT,USDT,,8.0,0.0001,2026-05-31 22:09:58.752674,20260531
Gate,MUBARAK_USDT,MUBARAK,USDT,USDT,,4.0,1e-05,2026-05-31 22:09:58.752674,20260531
Gate,MU_USDT,MU,USDT,USDT,,8.0,0.01,2026-05-31 22:09:58.752674,20260531
Gate,MYX_USDT,MYX,USDT,USDT,,8.0,0.0001,2026-05-31 22:09:58.752674,20260531
Gate,M_USDT,M,USDT,USDT,,8.0,0.0001,2026-05-31 22:09:58.752674,20260531
Gate,NAORIS_USDT,NAORIS,USDT,USDT,,4.0,1e-05,2026-05-31 22:09:58.752674,20260531
Gate,NAS100_USDT,NAS100,USDT,USDT,,8.0,0.01,2026-05-31 22:09:58.752674,20260531
Gate,NBIS_USDT,NBIS,USDT,USDT,,8.0,0.01,2026-05-31 22:09:58.752674,20260531
Gate,NEAR_USDT,NEAR,USDT,USDT,,8.0,0.0001,2026-05-31 22:09:58.752674,20260531
Gate,NEO_USDT,NEO,USDT,USDT,,8.0,0.001,2026-05-31 22:09:58.752674,20260531
Gate,NEWT_USDT,NEWT,USDT,USDT,,8.0,1e-05,2026-05-31 22:09:58.752674,20260531
Gate,NFLX_USDT,NFLX,USDT,USDT,,8.0,0.01,2026-05-31 22:09:58.752674,20260531
Gate,NFP_USDT,NFP,USDT,USDT,,4.0,1e-05,2026-05-31 22:09:58.752674,20260531
Gate,NG_USDT,NG,USDT,USDT,,8.0,0.001,2026-05-31 22:09:58.752674,20260531
Gate,NIGHT_USDT,NIGHT,USDT,USDT,,8.0,1e-05,2026-05-31 22:09:58.752674,20260531
Gate,NIL_USDT,NIL,USDT,USDT,,4.0,1e-05,2026-05-31 22:09:58.752674,20260531
Gate,NMR_USDT,NMR,USDT,USDT,,8.0,0.001,2026-05-31 22:09:58.753672,20260531
Gate,NOC_USDT,NOC,USDT,USDT,,8.0,0.01,2026-05-31 22:09:58.753672,20260531
Gate,NOM_USDT,NOM,USDT,USDT,,4.0,1e-06,2026-05-31 22:09:58.753672,20260531
Gate,NOT_USDT,NOT,USDT,USDT,,4.0,1e-07,2026-05-31 22:09:58.753672,20260531
Gate,NVDAX_USDT,NVDAX,USDT,USDT,,8.0,0.01,2026-05-31 22:09:58.753672,20260531
Gate,NXPC_USDT,NXPC,USDT,USDT,,8.0,0.0001,2026-05-31 22:09:58.753672,20260531
Gate,NXT_USDT,NXT,USDT,USDT,,8.0,0.01,2026-05-31 22:09:58.753672,20260531
Gate,OGN_USDT,OGN,USDT,USDT,,4.0,1e-05,2026-05-31 22:09:58.753672,20260531
Gate,OG_USDT,OG,USDT,USDT,,4.0,0.001,2026-05-31 22:09:58.753672,20260531
Gate,OKB_USDT,OKB,USDT,USDT,,8.0,0.01,2026-05-31 22:09:58.753672,20260531
Gate,OL_USDT,OL,USDT,USDT,,4.0,1e-05,2026-05-31 22:09:58.753672,20260531
Gate,ONDO_USDT,ONDO,USDT,USDT,,4.0,0.0001,2026-05-31 22:09:58.753672,20260531
Gate,ONE_USDT,ONE,USDT,USDT,,8.0,1e-06,2026-05-31 22:09:58.753672,20260531
Gate,ONG_USDT,ONG,USDT,USDT,,4.0,1e-05,2026-05-31 22:09:58.753672,20260531
Gate,ONT_USDT,ONT,USDT,USDT,,4.0,1e-05,2026-05-31 22:09:58.753672,20260531
Gate,ON_USDT,ON,USDT,USDT,,4.0,1e-05,2026-05-31 22:09:58.753672,20260531
Gate,OPENAI_USDT,OPENAI,USDT,USDT,,8.0,0.01,2026-05-31 22:09:58.753672,20260531
Gate,OPEN_USDT,OPEN,USDT,USDT,,8.0,0.0001,2026-05-31 22:09:58.753672,20260531
Gate,OPG_USDT,OPG,USDT,USDT,,4.0,0.0001,2026-05-31 22:09:58.753672,20260531
Gate,OPN_USDT,OPN,USDT,USDT,,4.0,0.0001,2026-05-31 22:09:58.753672,20260531
Gate,OP_USDT,OP,USDT,USDT,,8.0,1e-05,2026-05-31 22:09:58.753672,20260531
Gate,ORCA_USDT,ORCA,USDT,USDT,,4.0,0.0001,2026-05-31 22:09:58.753672,20260531
Gate,ORCLX_USDT,ORCLX,USDT,USDT,,8.0,0.01,2026-05-31 22:09:58.753672,20260531
Gate,ORDER_USDT,ORDER,USDT,USDT,,4.0,1e-05,2026-05-31 22:09:58.753672,20260531
Gate,ORDI_USDT,ORDI,USDT,USDT,,4.0,0.001,2026-05-31 22:09:58.753672,20260531
Gate,OXT_USDT,OXT,USDT,USDT,,8.0,1e-05,2026-05-31 22:09:58.753672,20260531
Gate,PARTI_USDT,PARTI,USDT,USDT,,4.0,1e-05,2026-05-31 22:09:58.753672,20260531
Gate,PAXG_USDT,PAXG,USDT,USDT,,8.0,0.1,2026-05-31 22:09:58.753672,20260531
Gate,PAYP_USDT,PAYP,USDT,USDT,,8.0,0.01,2026-05-31 22:09:58.753672,20260531
Gate,PENDLE_USDT,PENDLE,USDT,USDT,,8.0,0.001,2026-05-31 22:09:58.753672,20260531
Gate,PENGU_USDT,PENGU,USDT,USDT,,4.0,1e-06,2026-05-31 22:09:58.753672,20260531
Gate,PEOPLE_USDT,PEOPLE,USDT,USDT,,8.0,1e-06,2026-05-31 22:09:58.753672,20260531
Gate,PEPE_USDT,PEPE,USDT,USDT,,8.0,1e-09,2026-05-31 22:09:58.753672,20260531
Gate,PEP_USDT,PEP,USDT,USDT,,8.0,0.01,2026-05-31 22:09:58.753672,20260531
Gate,PG_USDT,PG,USDT,USDT,,8.0,0.01,2026-05-31 22:09:58.753672,20260531
Gate,PHA_USDT,PHA,USDT,USDT,,4.0,1e-05,2026-05-31 22:09:58.753672,20260531
Gate,PHB_USDT,PHB,USDT,USDT,,4.0,0.0001,2026-05-31 22:09:58.753672,20260531
Gate,PIEVERSE_USDT,PIEVERSE,USDT,USDT,,8.0,0.0001,2026-05-31 22:09:58.753672,20260531
Gate,PIPPIN_USDT,PIPPIN,USDT,USDT,,4.0,0.0001,2026-05-31 22:09:58.753672,20260531
Gate,PIXEL_USDT,PIXEL,USDT,USDT,,4.0,1e-06,2026-05-31 22:09:58.753672,20260531
Gate,PLAY_USDT,PLAY,USDT,USDT,,4.0,1e-05,2026-05-31 22:09:58.753672,20260531
Gate,PLTRX_USDT,PLTRX,USDT,USDT,,8.0,0.01,2026-05-31 22:09:58.753672,20260531
Gate,PLUME_USDT,PLUME,USDT,USDT,,8.0,1e-06,2026-05-31 22:09:58.753672,20260531
Gate,PNUT_USDT,PNUT,USDT,USDT,,4.0,1e-05,2026-05-31 22:09:58.753672,20260531
Gate,POLYMARKET_USDT,POLYMARKET,USDT,USDT,,8.0,0.001,2026-05-31 22:09:58.753672,20260531
Gate,POLYX_USDT,POLYX,USDT,USDT,,4.0,1e-05,2026-05-31 22:09:58.753672,20260531
Gate,POL_USDT,POL,USDT,USDT,,4.0,1e-05,2026-05-31 22:09:58.753672,20260531
Gate,POPCAT_USDT,POPCAT,USDT,USDT,,4.0,1e-05,2026-05-31 22:09:58.753672,20260531
Gate,POWER_USDT,POWER,USDT,USDT,,8.0,1e-05,2026-05-31 22:09:58.753672,20260531
Gate,POWR_USDT,POWR,USDT,USDT,,4.0,1e-05,2026-05-31 22:09:58.753672,20260531
Gate,PRL_USDT,PRL,USDT,USDT,,4.0,1e-05,2026-05-31 22:09:58.753672,20260531
Gate,PROMPT_USDT,PROMPT,USDT,USDT,,4.0,1e-05,2026-05-31 22:09:58.753672,20260531
Gate,PROM_USDT,PROM,USDT,USDT,,4.0,0.001,2026-05-31 22:09:58.753672,20260531
Gate,PROS_USDT,PROS,USDT,USDT,,4.0,0.0001,2026-05-31 22:09:58.753672,20260531
Gate,PROVE_USDT,PROVE,USDT,USDT,,4.0,0.0001,2026-05-31 22:09:58.753672,20260531
Gate,PSG_USDT,PSG,USDT,USDT,,4.0,0.0001,2026-05-31 22:09:58.753672,20260531
Gate,PTB_USDT,PTB,USDT,USDT,,4.0,1e-07,2026-05-31 22:09:58.753672,20260531
Gate,PUFFER_USDT,PUFFER,USDT,USDT,,4.0,1e-05,2026-05-31 22:09:58.753672,20260531
Gate,PUMP_USDT,PUMP,USDT,USDT,,4.0,1e-06,2026-05-31 22:09:58.753672,20260531
Gate,PUNDIX_USDT,PUNDIX,USDT,USDT,,4.0,0.0001,2026-05-31 22:09:58.753672,20260531
Gate,PYTH_USDT,PYTH,USDT,USDT,,4.0,1e-05,2026-05-31 22:09:58.753672,20260531
Gate,QCOM_USDT,QCOM,USDT,USDT,,4.0,0.01,2026-05-31 22:09:58.753672,20260531
Gate,QNTX_USDT,QNTX,USDT,USDT,,8.0,0.01,2026-05-31 22:09:58.753672,20260531
Gate,QNT_USDT,QNT,USDT,USDT,,8.0,0.01,2026-05-31 22:09:58.753672,20260531
Gate,QQQX_USDT,QQQX,USDT,USDT,,8.0,0.01,2026-05-31 22:09:58.753672,20260531
Gate,QTUM_USDT,QTUM,USDT,USDT,,8.0,0.0001,2026-05-31 22:09:58.753672,20260531
Gate,Q_USDT,Q,USDT,USDT,,4.0,1e-06,2026-05-31 22:09:58.753672,20260531
Gate,RARE_USDT,RARE,USDT,USDT,,4.0,1e-05,2026-05-31 22:09:58.753672,20260531
Gate,RATS_USDT,RATS,USDT,USDT,,4.0,1e-08,2026-05-31 22:09:58.753672,20260531
Gate,RAVE_USDT,RAVE,USDT,USDT,,4.0,0.0001,2026-05-31 22:09:58.753672,20260531
Gate,RAY_USDT,RAY,USDT,USDT,,4.0,0.0001,2026-05-31 22:09:58.753672,20260531
Gate,RDDTON_USDT,RDDTON,USDT,USDT,,8.0,0.01,2026-05-31 22:09:58.753672,20260531
Gate,RDNT_USDT,RDNT,USDT,USDT,,4.0,1e-06,2026-05-31 22:09:58.753672,20260531
Gate,RECALL_USDT,RECALL,USDT,USDT,,4.0,1e-05,2026-05-31 22:09:58.753672,20260531
Gate,RED_USDT,RED,USDT,USDT,,4.0,0.0001,2026-05-31 22:09:58.753672,20260531
Gate,RENDER_USDT,RENDER,USDT,USDT,,4.0,0.0001,2026-05-31 22:09:58.753672,20260531
Gate,RESOLV_USDT,RESOLV,USDT,USDT,,8.0,1e-05,2026-05-31 22:09:58.753672,20260531
Gate,REZ_USDT,REZ,USDT,USDT,,4.0,1e-06,2026-05-31 22:09:58.753672,20260531
Gate,RIF_USDT,RIF,USDT,USDT,,4.0,1e-05,2026-05-31 22:09:58.753672,20260531
Gate,RIVER_USDT,RIVER,USDT,USDT,,4.0,0.001,2026-05-31 22:09:58.753672,20260531
Gate,RKLB_USDT,RKLB,USDT,USDT,,8.0,0.01,2026-05-31 22:09:58.753672,20260531
Gate,RLC_USDT,RLC,USDT,USDT,,8.0,0.0001,2026-05-31 22:09:58.753672,20260531
Gate,RLS_USDT,RLS,USDT,USDT,,4.0,1e-06,2026-05-31 22:09:58.753672,20260531
Gate,ROBO_USDT,ROBO,USDT,USDT,,4.0,1e-05,2026-05-31 22:09:58.753672,20260531
Gate,RON_USDT,RON,USDT,USDT,,8.0,1e-05,2026-05-31 22:09:58.753672,20260531
Gate,ROSE_USDT,ROSE,USDT,USDT,,8.0,1e-05,2026-05-31 22:09:58.753672,20260531
Gate,RPL_USDT,RPL,USDT,USDT,,8.0,0.001,2026-05-31 22:09:58.753672,20260531
Gate,RSR_USDT,RSR,USDT,USDT,,8.0,1e-06,2026-05-31 22:09:58.753672,20260531
Gate,RTX_USDT,RTX,USDT,USDT,,8.0,0.01,2026-05-31 22:09:58.753672,20260531
Gate,RUNE_USDT,RUNE,USDT,USDT,,8.0,0.0001,2026-05-31 22:09:58.753672,20260531
Gate,RVN_USDT,RVN,USDT,USDT,,8.0,1e-06,2026-05-31 22:09:58.753672,20260531
Gate,SAFE_USDT,SAFE,USDT,USDT,,4.0,1e-05,2026-05-31 22:09:58.753672,20260531
Gate,SAGA_USDT,SAGA,USDT,USDT,,4.0,1e-05,2026-05-31 22:09:58.753672,20260531
Gate,SAHARA_USDT,SAHARA,USDT,USDT,,8.0,1e-05,2026-05-31 22:09:58.753672,20260531
Gate,SAND_USDT,SAND,USDT,USDT,,8.0,1e-05,2026-05-31 22:09:58.753672,20260531
Gate,SAPIEN_USDT,SAPIEN,USDT,USDT,,4.0,1e-05,2026-05-31 22:09:58.753672,20260531
Gate,SATS_USDT,SATS,USDT,USDT,,4.0,1e-11,2026-05-31 22:09:58.753672,20260531
Gate,SBP_USDT,SBP,USDT,USDT,,8.0,0.0001,2026-05-31 22:09:58.753672,20260531
Gate,SCRT_USDT,SCRT,USDT,USDT,,4.0,1e-05,2026-05-31 22:09:58.753672,20260531
Gate,SCR_USDT,SCR,USDT,USDT,,4.0,1e-05,2026-05-31 22:09:58.753672,20260531
Gate,SEI_USDT,SEI,USDT,USDT,,8.0,1e-05,2026-05-31 22:09:58.753672,20260531
Gate,SENT_USDT,SENT,USDT,USDT,,4.0,1e-05,2026-05-31 22:09:58.753672,20260531
Gate,SFP_USDT,SFP,USDT,USDT,,8.0,0.0001,2026-05-31 22:09:58.753672,20260531
Gate,SHELL_USDT,SHELL,USDT,USDT,,4.0,1e-05,2026-05-31 22:09:58.753672,20260531
Gate,SHIB_USDT,SHIB,USDT,USDT,,8.0,1e-09,2026-05-31 22:09:58.753672,20260531
Gate,SHLD_USDT,SHLD,USDT,USDT,,8.0,0.01,2026-05-31 22:09:58.753672,20260531
Gate,SIGN_USDT,SIGN,USDT,USDT,,4.0,1e-05,2026-05-31 22:09:58.753672,20260531
Gate,SIREN_USDT,SIREN,USDT,USDT,,4.0,1e-05,2026-05-31 22:09:58.753672,20260531
Gate,SKL_USDT,SKL,USDT,USDT,,8.0,1e-05,2026-05-31 22:09:58.753672,20260531
Gate,SKR_USDT,SKR,USDT,USDT,,8.0,1e-06,2026-05-31 22:09:58.753672,20260531
Gate,SKYAI_USDT,SKYAI,USDT,USDT,,4.0,1e-05,2026-05-31 22:09:58.753672,20260531
Gate,SKY_USDT,SKY,USDT,USDT,,4.0,1e-05,2026-05-31 22:09:58.753672,20260531
Gate,SLP_USDT,SLP,USDT,USDT,,4.0,1e-06,2026-05-31 22:09:58.753672,20260531
Gate,SLVON_USDT,SLVON,USDT,USDT,,8.0,0.01,2026-05-31 22:09:58.753672,20260531
Gate,SLX_USDT,SLX,USDT,USDT,,4.0,1e-05,2026-05-31 22:09:58.753672,20260531
Gate,SMCI_USDT,SMCI,USDT,USDT,,8.0,0.01,2026-05-31 22:09:58.753672,20260531
Gate,SNDK_USDT,SNDK,USDT,USDT,,8.0,0.01,2026-05-31 22:09:58.753672,20260531
Gate,SNOW_USDT,SNOW,USDT,USDT,,8.0,0.01,2026-05-31 22:09:58.753672,20260531
Gate,SNT_USDT,SNT,USDT,USDT,,8.0,1e-06,2026-05-31 22:09:58.753672,20260531
Gate,SNX_USDT,SNX,USDT,USDT,,8.0,0.0001,2026-05-31 22:09:58.753672,20260531
Gate,SOLV_USDT,SOLV,USDT,USDT,,4.0,1e-06,2026-05-31 22:09:58.753672,20260531
Gate,SOL_USDT,SOL,USDT,USDT,,8.0,0.01,2026-05-31 22:09:58.753672,20260531
Gate,SOMI_USDT,SOMI,USDT,USDT,,4.0,0.0001,2026-05-31 22:09:58.753672,20260531
Gate,SONIC_USDT,SONIC,USDT,USDT,,4.0,1e-05,2026-05-31 22:09:58.753672,20260531
Gate,SOON_USDT,SOON,USDT,USDT,,4.0,0.0001,2026-05-31 22:09:58.753672,20260531
Gate,SOPH_USDT,SOPH,USDT,USDT,,8.0,1e-06,2026-05-31 22:09:58.753672,20260531
Gate,SOXL_USDT,SOXL,USDT,USDT,,8.0,0.01,2026-05-31 22:09:58.753672,20260531
Gate,SPACEX_USDT,SPACEX,USDT,USDT,,8.0,0.01,2026-05-31 22:09:58.753672,20260531
Gate,SPACE_USDT,SPACE,USDT,USDT,,4.0,1e-06,2026-05-31 22:09:58.753672,20260531
Gate,SPCX_USDT,SPCX,USDT,USDT,,8.0,0.01,2026-05-31 22:09:58.753672,20260531
Gate,SPELL_USDT,SPELL,USDT,USDT,,8.0,1e-07,2026-05-31 22:09:58.753672,20260531
Gate,SPK_USDT,SPK,USDT,USDT,,4.0,1e-05,2026-05-31 22:09:58.753672,20260531
Gate,SPX500_USDT,SPX500,USDT,USDT,,8.0,0.01,2026-05-31 22:09:58.753672,20260531
Gate,SPX_USDT,SPX,USDT,USDT,,4.0,0.0001,2026-05-31 22:09:58.753672,20260531
Gate,SPYX_USDT,SPYX,USDT,USDT,,8.0,0.01,2026-05-31 22:09:58.753672,20260531
Gate,SQD_USDT,SQD,USDT,USDT,,4.0,1e-05,2026-05-31 22:09:58.753672,20260531
Gate,SSV_USDT,SSV,USDT,USDT,,8.0,0.001,2026-05-31 22:09:58.753672,20260531
Gate,STABLE_USDT,STABLE,USDT,USDT,,4.0,1e-05,2026-05-31 22:09:58.753672,20260531
Gate,STAR_USDT,STAR,USDT,USDT,,4.0,1e-05,2026-05-31 22:09:58.753672,20260531
Gate,STBL_USDT,STBL,USDT,USDT,,4.0,1e-05,2026-05-31 22:09:58.753672,20260531
Gate,STEEM_USDT,STEEM,USDT,USDT,,8.0,1e-05,2026-05-31 22:09:58.753672,20260531
Gate,STG_USDT,STG,USDT,USDT,,8.0,0.0001,2026-05-31 22:09:58.753672,20260531
Gate,STORJ_USDT,STORJ,USDT,USDT,,4.0,1e-05,2026-05-31 22:09:58.753672,20260531
Gate,STO_USDT,STO,USDT,USDT,,4.0,1e-05,2026-05-31 22:09:58.753672,20260531
Gate,STRK_USDT,STRK,USDT,USDT,,4.0,1e-05,2026-05-31 22:09:58.753672,20260531
Gate,STX_USDT,STX,USDT,USDT,,8.0,0.0001,2026-05-31 22:09:58.753672,20260531
Gate,SUI_USDT,SUI,USDT,USDT,,8.0,0.0001,2026-05-31 22:09:58.753672,20260531
Gate,SUNAC_USDT,SUNAC,USDT,USDT,,8.0,1e-05,2026-05-31 22:09:58.753672,20260531
Gate,SUN_USDT,SUN,USDT,USDT,,8.0,1e-06,2026-05-31 22:09:58.753672,20260531
Gate,SUPER_USDT,SUPER,USDT,USDT,,8.0,0.0001,2026-05-31 22:09:58.753672,20260531
Gate,SUSHI_USDT,SUSHI,USDT,USDT,,8.0,0.0001,2026-05-31 22:09:58.753672,20260531
Gate,SWARMS_USDT,SWARMS,USDT,USDT,,4.0,1e-06,2026-05-31 22:09:58.753672,20260531
Gate,SYRUP_USDT,SYRUP,USDT,USDT,,8.0,1e-05,2026-05-31 22:09:58.753672,20260531
Gate,SYS_USDT,SYS,USDT,USDT,,4.0,1e-05,2026-05-31 22:09:58.753672,20260531
Gate,S_USDT,S,USDT,USDT,,4.0,1e-05,2026-05-31 22:09:58.753672,20260531
Gate,TAC_USDT,TAC,USDT,USDT,,4.0,1e-06,2026-05-31 22:09:58.753672,20260531
Gate,TAG_USDT,TAG,USDT,USDT,,4.0,1e-07,2026-05-31 22:09:58.753672,20260531
Gate,TAIKO_USDT,TAIKO,USDT,USDT,,4.0,0.0001,2026-05-31 22:09:58.753672,20260531
Gate,TAKE_USDT,TAKE,USDT,USDT,,4.0,1e-05,2026-05-31 22:09:58.753672,20260531
Gate,TAO_USDT,TAO,USDT,USDT,,4.0,0.1,2026-05-31 22:09:58.753672,20260531
Gate,TA_USDT,TA,USDT,USDT,,4.0,1e-05,2026-05-31 22:09:58.753672,20260531
Gate,TENCENT_USDT,TENCENT,USDT,USDT,,8.0,0.01,2026-05-31 22:09:58.753672,20260531
Gate,THETA_USDT,THETA,USDT,USDT,,8.0,0.0001,2026-05-31 22:09:58.753672,20260531
Gate,THE_USDT,THE,USDT,USDT,,4.0,0.0001,2026-05-31 22:09:58.753672,20260531
Gate,TIA_USDT,TIA,USDT,USDT,,4.0,0.0001,2026-05-31 22:09:58.753672,20260531
Gate,TLM_USDT,TLM,USDT,USDT,,8.0,1e-06,2026-05-31 22:09:58.753672,20260531
Gate,TLT_USDT,TLT,USDT,USDT,,8.0,0.01,2026-05-31 22:09:58.753672,20260531
Gate,TNSR_USDT,TNSR,USDT,USDT,,8.0,1e-05,2026-05-31 22:09:58.753672,20260531
Gate,TON_USDT,TON,USDT,USDT,,4.0,0.0001,2026-05-31 22:09:58.753672,20260531
Gate,TOSHI_USDT,TOSHI,USDT,USDT,,8.0,1e-07,2026-05-31 22:09:58.753672,20260531
Gate,TOWNS_USDT,TOWNS,USDT,USDT,,4.0,1e-06,2026-05-31 22:09:58.753672,20260531
Gate,TQQQX_USDT,TQQQX,USDT,USDT,,8.0,0.01,2026-05-31 22:09:58.753672,20260531
Gate,TRADOOR_USDT,TRADOOR,USDT,USDT,,8.0,0.001,2026-05-31 22:09:58.753672,20260531
Gate,TRAHK_USDT,TRAHK,USDT,USDT,,8.0,0.001,2026-05-31 22:09:58.753672,20260531
Gate,TRB_USDT,TRB,USDT,USDT,,4.0,0.01,2026-05-31 22:09:58.753672,20260531
Gate,TREE_USDT,TREE,USDT,USDT,,4.0,1e-05,2026-05-31 22:09:58.753672,20260531
Gate,TRIA_USDT,TRIA,USDT,USDT,,4.0,1e-05,2026-05-31 22:09:58.753672,20260531
Gate,TRUMP_USDT,TRUMP,USDT,USDT,,4.0,0.001,2026-05-31 22:09:58.753672,20260531
Gate,TRUST_USDT,TRUST,USDT,USDT,,8.0,1e-05,2026-05-31 22:09:58.753672,20260531
Gate,TRUTH_USDT,TRUTH,USDT,USDT,,4.0,1e-06,2026-05-31 22:09:58.753672,20260531
Gate,TRU_USDT,TRU,USDT,USDT,,4.0,1e-06,2026-05-31 22:09:58.753672,20260531
Gate,TRX_USDT,TRX,USDT,USDT,,8.0,1e-05,2026-05-31 22:09:58.753672,20260531
Gate,TSLAX_USDT,TSLAX,USDT,USDT,,8.0,0.01,2026-05-31 22:09:58.753672,20260531
Gate,TSM_USDT,TSM,USDT,USDT,,8.0,0.01,2026-05-31 22:09:58.753672,20260531
Gate,TSTBSC_USDT,TSTBSC,USDT,USDT,,4.0,1e-06,2026-05-31 22:09:58.753672,20260531
Gate,TURBO_USDT,TURBO,USDT,USDT,,4.0,1e-07,2026-05-31 22:09:58.753672,20260531
Gate,TURTLE_USDT,TURTLE,USDT,USDT,,8.0,1e-05,2026-05-31 22:09:58.753672,20260531
Gate,TUT_USDT,TUT,USDT,USDT,,4.0,1e-06,2026-05-31 22:09:58.753672,20260531
Gate,TW88_USDT,TW88,USDT,USDT,,8.0,0.01,2026-05-31 22:09:58.753672,20260531
Gate,TWT_USDT,TWT,USDT,USDT,,8.0,0.0001,2026-05-31 22:09:58.753672,20260531
Gate,T_USDT,T,USDT,USDT,,8.0,1e-06,2026-05-31 22:09:58.753672,20260531
Gate,UAI_USDT,UAI,USDT,USDT,,8.0,1e-05,2026-05-31 22:09:58.753672,20260531
Gate,UBER_USDT,UBER,USDT,USDT,,8.0,0.01,2026-05-31 22:09:58.753672,20260531
Gate,UB_USDT,UB,USDT,USDT,,4.0,1e-05,2026-05-31 22:09:58.753672,20260531
Gate,UK100_USDT,UK100,USDT,USDT,,8.0,0.01,2026-05-31 22:09:58.753672,20260531
Gate,UMA_USDT,UMA,USDT,USDT,,4.0,0.0001,2026-05-31 22:09:58.753672,20260531
Gate,UNH_USDT,UNH,USDT,USDT,,8.0,0.01,2026-05-31 22:09:58.753672,20260531
Gate,UNI_USDT,UNI,USDT,USDT,,8.0,0.001,2026-05-31 22:09:58.753672,20260531
Gate,UP_USDT,UP,USDT,USDT,,4.0,0.0001,2026-05-31 22:09:58.753672,20260531
Gate,US2000_USDT,US2000,USDT,USDT,,8.0,0.01,2026-05-31 22:09:58.753672,20260531
Gate,US30_USDT,US30,USDT,USDT,,8.0,0.01,2026-05-31 22:09:58.753672,20260531
Gate,USAR_USDT,USAR,USDT,USDT,,8.0,0.01,2026-05-31 22:09:58.753672,20260531
Gate,USD1_USDT,USD1,USDT,USDT,,4.0,0.0001,2026-05-31 22:09:58.753672,20260531
Gate,USDC_USDT,USDC,USDT,USDT,,8.0,0.0001,2026-05-31 22:09:58.753672,20260531
Gate,USELESS_USDT,USELESS,USDT,USDT,,4.0,1e-05,2026-05-31 22:09:58.753672,20260531
Gate,USTC_USDT,USTC,USDT,USDT,,4.0,1e-06,2026-05-31 22:09:58.753672,20260531
Gate,USUAL_USDT,USUAL,USDT,USDT,,8.0,1e-05,2026-05-31 22:09:58.753672,20260531
Gate,US_USDT,US,USDT,USDT,,4.0,1e-06,2026-05-31 22:09:58.753672,20260531
Gate,VANA_USDT,VANA,USDT,USDT,,4.0,0.001,2026-05-31 22:09:58.753672,20260531
Gate,VANRY_USDT,VANRY,USDT,USDT,,4.0,1e-06,2026-05-31 22:09:58.753672,20260531
Gate,VCX_USDT,VCX,USDT,USDT,,8.0,0.01,2026-05-31 22:09:58.753672,20260531
Gate,VELODROME_USDT,VELODROME,USDT,USDT,,4.0,1e-05,2026-05-31 22:09:58.753672,20260531
Gate,VELO_USDT,VELO,USDT,USDT,,8.0,1e-06,2026-05-31 22:09:58.753672,20260531
Gate,VELVET_USDT,VELVET,USDT,USDT,,4.0,1e-05,2026-05-31 22:09:58.753672,20260531
Gate,VET_USDT,VET,USDT,USDT,,8.0,1e-06,2026-05-31 22:09:58.753672,20260531
Gate,VIC_USDT,VIC,USDT,USDT,,8.0,1e-05,2026-05-31 22:09:58.753672,20260531
Gate,VINE_USDT,VINE,USDT,USDT,,4.0,1e-05,2026-05-31 22:09:58.753672,20260531
Gate,VIRTUAL_USDT,VIRTUAL,USDT,USDT,,4.0,0.0001,2026-05-31 22:09:58.753672,20260531
Gate,VIX_USDT,VIX,USDT,USDT,,8.0,0.001,2026-05-31 22:09:58.753672,20260531
Gate,VRT_USDT,VRT,USDT,USDT,,8.0,0.1,2026-05-31 22:09:58.753672,20260531
Gate,VTHO_USDT,VTHO,USDT,USDT,,4.0,1e-07,2026-05-31 22:09:58.753672,20260531
Gate,VVV_USDT,VVV,USDT,USDT,,4.0,0.001,2026-05-31 22:09:58.753672,20260531
Gate,V_USDT,V,USDT,USDT,,8.0,0.1,2026-05-31 22:09:58.753672,20260531
Gate,WAL_USDT,WAL,USDT,USDT,,4.0,1e-05,2026-05-31 22:09:58.753672,20260531
Gate,WAVES_USDT,WAVES,USDT,USDT,,8.0,0.0001,2026-05-31 22:09:58.753672,20260531
Gate,WAXP_USDT,WAXP,USDT,USDT,,4.0,1e-06,2026-05-31 22:09:58.753672,20260531
Gate,WCT_USDT,WCT,USDT,USDT,,8.0,1e-05,2026-05-31 22:09:58.753672,20260531
Gate,WDC_USDT,WDC,USDT,USDT,,8.0,0.1,2026-05-31 22:09:58.753672,20260531
Gate,WET_USDT,WET,USDT,USDT,,8.0,1e-05,2026-05-31 22:09:58.753672,20260531
Gate,WIF_USDT,WIF,USDT,USDT,,4.0,0.0001,2026-05-31 22:09:58.753672,20260531
Gate,WLD_USDT,WLD,USDT,USDT,,8.0,0.0001,2026-05-31 22:09:58.753672,20260531
Gate,WLFI_USDT,WLFI,USDT,USDT,,4.0,1e-05,2026-05-31 22:09:58.753672,20260531
Gate,WMT_USDT,WMT,USDT,USDT,,8.0,0.01,2026-05-31 22:09:58.753672,20260531
Gate,WOO_USDT,WOO,USDT,USDT,,8.0,1e-05,2026-05-31 22:09:58.754669,20260531
Gate,W_USDT,W,USDT,USDT,,4.0,1e-06,2026-05-31 22:09:58.754669,20260531
Gate,XAG_USDT,XAG,USDT,USDT,,4.0,0.01,2026-05-31 22:09:58.754669,20260531
Gate,XAI_USDT,XAI,USDT,USDT,,4.0,1e-06,2026-05-31 22:09:58.754669,20260531
Gate,XAL_USDT,XAL,USDT,USDT,,8.0,0.01,2026-05-31 22:09:58.754669,20260531
Gate,XAN_USDT,XAN,USDT,USDT,,4.0,1e-06,2026-05-31 22:09:58.754669,20260531
Gate,XAUT_USDT,XAUT,USDT,USDT,,8.0,0.1,2026-05-31 22:09:58.754669,20260531
Gate,XAU_USDT,XAU,USDT,USDT,,4.0,0.01,2026-05-31 22:09:58.754669,20260531
Gate,XCN_USDT,XCN,USDT,USDT,,4.0,1e-06,2026-05-31 22:09:58.754669,20260531
Gate,XCU_USDT,XCU,USDT,USDT,,8.0,0.001,2026-05-31 22:09:58.754669,20260531
Gate,XDC_USDT,XDC,USDT,USDT,,4.0,1e-05,2026-05-31 22:09:58.754669,20260531
Gate,XIAOMI_USDT,XIAOMI,USDT,USDT,,8.0,0.001,2026-05-31 22:09:58.754669,20260531
Gate,XLM_USDT,XLM,USDT,USDT,,8.0,1e-05,2026-05-31 22:09:58.754669,20260531
Gate,XMR_USDT,XMR,USDT,USDT,,8.0,0.01,2026-05-31 22:09:58.754669,20260531
Gate,XNI_USDT,XNI,USDT,USDT,,8.0,0.01,2026-05-31 22:09:58.754669,20260531
Gate,XNO_USDT,XNO,USDT,USDT,,8.0,0.0001,2026-05-31 22:09:58.754669,20260531
Gate,XNY_USDT,XNY,USDT,USDT,,4.0,1e-06,2026-05-31 22:09:58.754669,20260531
Gate,XOM_USDT,XOM,USDT,USDT,,8.0,0.01,2026-05-31 22:09:58.754669,20260531
Gate,XPB_USDT,XPB,USDT,USDT,,8.0,0.01,2026-05-31 22:09:58.754669,20260531
Gate,XPD_USDT,XPD,USDT,USDT,,4.0,0.01,2026-05-31 22:09:58.754669,20260531
Gate,XPIN_USDT,XPIN,USDT,USDT,,8.0,1e-07,2026-05-31 22:09:58.754669,20260531
Gate,XPL_USDT,XPL,USDT,USDT,,4.0,1e-05,2026-05-31 22:09:58.754669,20260531
Gate,XPT_USDT,XPT,USDT,USDT,,4.0,0.01,2026-05-31 22:09:58.754669,20260531
Gate,XRP_USDT,XRP,USDT,USDT,,8.0,0.0001,2026-05-31 22:09:58.754669,20260531
Gate,XTZ_USDT,XTZ,USDT,USDT,,8.0,0.0001,2026-05-31 22:09:58.754669,20260531
Gate,XUNCE_USDT,XUNCE,USDT,USDT,,8.0,0.01,2026-05-31 22:09:58.754669,20260531
Gate,XVS_USDT,XVS,USDT,USDT,,8.0,0.001,2026-05-31 22:09:58.754669,20260531
Gate,YB_USDT,YB,USDT,USDT,,4.0,0.0001,2026-05-31 22:09:58.754669,20260531
Gate,YFI_USDT,YFI,USDT,USDT,,8.0,0.1,2026-05-31 22:09:58.754669,20260531
Gate,YGG_USDT,YGG,USDT,USDT,,4.0,1e-05,2026-05-31 22:09:58.754669,20260531
Gate,ZAMA_USDT,ZAMA,USDT,USDT,,4.0,1e-05,2026-05-31 22:09:58.754669,20260531
Gate,ZBCN_USDT,ZBCN,USDT,USDT,,4.0,1e-07,2026-05-31 22:09:58.754669,20260531
Gate,ZBT_USDT,ZBT,USDT,USDT,,8.0,1e-05,2026-05-31 22:09:58.754669,20260531
Gate,ZEC_USDT,ZEC,USDT,USDT,,8.0,0.01,2026-05-31 22:09:58.754669,20260531
Gate,ZEREBRO_USDT,ZEREBRO,USDT,USDT,,4.0,1e-06,2026-05-31 22:09:58.754669,20260531
Gate,ZEST_USDT,ZEST,USDT,USDT,,4.0,1e-05,2026-05-31 22:09:58.754669,20260531
Gate,ZETA_USDT,ZETA,USDT,USDT,,4.0,1e-05,2026-05-31 22:09:58.754669,20260531
Gate,ZHIPU_USDT,ZHIPU,USDT,USDT,,8.0,0.01,2026-05-31 22:09:58.754669,20260531
Gate,ZIL_USDT,ZIL,USDT,USDT,,4.0,1e-06,2026-05-31 22:09:58.754669,20260531
Gate,ZKC_USDT,ZKC,USDT,USDT,,4.0,1e-05,2026-05-31 22:09:58.754669,20260531
Gate,ZKJ_USDT,ZKJ,USDT,USDT,,4.0,1e-05,2026-05-31 22:09:58.754669,20260531
Gate,ZKP_USDT,ZKP,USDT,USDT,,4.0,1e-05,2026-05-31 22:09:58.754669,20260531
Gate,ZK_USDT,ZK,USDT,USDT,,8.0,1e-05,2026-05-31 22:09:58.754669,20260531
Gate,ZORA_USDT,ZORA,USDT,USDT,,4.0,1e-05,2026-05-31 22:09:58.754669,20260531
Gate,ZRO_USDT,ZRO,USDT,USDT,,4.0,0.001,2026-05-31 22:09:58.754669,20260531
Gate,ZRX_USDT,ZRX,USDT,USDT,,8.0,1e-05,2026-05-31 22:09:58.754669,20260531
Gate,币安人生_USDT,币安人生,USDT,USDT,,8.0,1e-05,2026-05-31 22:09:58.754669,20260531
Gate,我踏马来了_USDT,我踏马来了,USDT,USDT,,8.0,1e-06,2026-05-31 22:09:58.754669,20260531
Gate,老子_USDT,老子,USDT,USDT,,4.0,1e-07,2026-05-31 22:09:58.754669,20260531
Gate,草根文化_USDT,草根文化,USDT,USDT,,1.0,1e-07,2026-05-31 22:09:58.754669,20260531
Gate,龙虾_USDT,龙虾,USDT,USDT,,4.0,1e-06,2026-05-31 22:09:58.754669,20260531
Gate,BTC_USD,BTC,USD,BTC,,8.0,0.1,2026-05-31 22:09:58.754669,20260531
HTX,BTC260605,BTC,USD,BTC,,,0.01,2026-05-31 22:09:58.754669,20260531
HTX,BTC260612,BTC,USD,BTC,,,0.01,2026-05-31 22:09:58.754669,20260531
HTX,BTC260626,BTC,USD,BTC,,,0.01,2026-05-31 22:09:58.754669,20260531
HTX,ETH260605,ETH,USD,ETH,,,0.001,2026-05-31 22:09:58.754669,20260531
HTX,ETH260612,ETH,USD,ETH,,,0.001,2026-05-31 22:09:58.754669,20260531
HTX,ETH260626,ETH,USD,ETH,,,0.001,2026-05-31 22:09:58.754669,20260531
HTX,TRX260605,TRX,USD,TRX,,,1e-05,2026-05-31 22:09:58.754669,20260531
HTX,TRX260612,TRX,USD,TRX,,,1e-05,2026-05-31 22:09:58.754669,20260531
HTX,BTC-USD,BTC,USD,BTC,,,0.1,2026-05-31 22:09:58.754669,20260531
HTX,ETH-USD,ETH,USD,ETH,,,0.01,2026-05-31 22:09:58.754669,20260531
HTX,LINK-USD,LINK,USD,LINK,,,0.0001,2026-05-31 22:09:58.754669,20260531
HTX,DOT-USD,DOT,USD,DOT,,,0.0001,2026-05-31 22:09:58.754669,20260531
HTX,ADA-USD,ADA,USD,ADA,,,1e-06,2026-05-31 22:09:58.754669,20260531
HTX,LTC-USD,LTC,USD,LTC,,,0.01,2026-05-31 22:09:58.754669,20260531
HTX,XRP-USD,XRP,USD,XRP,,,1e-05,2026-05-31 22:09:58.754669,20260531
HTX,TRX-USD,TRX,USD,TRX,,,1e-06,2026-05-31 22:09:58.754669,20260531
HTX,DOGE-USD,DOGE,USD,DOGE,,,1e-06,2026-05-31 22:09:58.754669,20260531
HTX,BTC-USDT,BTC,USDT,USDT,,,0.1,2026-05-31 22:09:58.754669,20260531
HTX,ETH-USDT,ETH,USDT,USDT,,,0.01,2026-05-31 22:09:58.754669,20260531
HTX,LTC-USDT,LTC,USDT,USDT,,,0.01,2026-05-31 22:09:58.754669,20260531
HTX,DOGE-USDT,DOGE,USDT,USDT,,,1e-06,2026-05-31 22:09:58.754669,20260531
HTX,SHIB-USDT,SHIB,USDT,USDT,,,1e-09,2026-05-31 22:09:58.754669,20260531
HTX,ICP-USDT,ICP,USDT,USDT,,,0.001,2026-05-31 22:09:58.754669,20260531
HTX,XRP-USDT,XRP,USDT,USDT,,,1e-05,2026-05-31 22:09:58.754669,20260531
HTX,LINK-USDT,LINK,USDT,USDT,,,0.0001,2026-05-31 22:09:58.754669,20260531
HTX,TRX-USDT,TRX,USDT,USDT,,,1e-06,2026-05-31 22:09:58.754669,20260531
HTX,DOT-USDT,DOT,USDT,USDT,,,0.0001,2026-05-31 22:09:58.754669,20260531
HTX,ADA-USDT,ADA,USDT,USDT,,,1e-06,2026-05-31 22:09:58.754669,20260531
HTX,BCH-USDT,BCH,USDT,USDT,,,0.01,2026-05-31 22:09:58.754669,20260531
HTX,BSV-USDT,BSV,USDT,USDT,,,0.01,2026-05-31 22:09:58.754669,20260531
HTX,YFI-USDT,YFI,USDT,USDT,,,0.1,2026-05-31 22:09:58.754669,20260531
HTX,UNI-USDT,UNI,USDT,USDT,,,0.0001,2026-05-31 22:09:58.754669,20260531
HTX,FIL-USDT,FIL,USDT,USDT,,,0.001,2026-05-31 22:09:58.754669,20260531
HTX,BNB-USDT,BNB,USDT,USDT,,,0.001,2026-05-31 22:09:58.754669,20260531
HTX,ZEC-USDT,ZEC,USDT,USDT,,,0.01,2026-05-31 22:09:58.754669,20260531
HTX,DASH-USDT,DASH,USDT,USDT,,,0.01,2026-05-31 22:09:58.754669,20260531
HTX,ETC-USDT,ETC,USDT,USDT,,,0.0001,2026-05-31 22:09:58.754669,20260531
HTX,ATOM-USDT,ATOM,USDT,USDT,,,0.0001,2026-05-31 22:09:58.754669,20260531
HTX,AAVE-USDT,AAVE,USDT,USDT,,,0.001,2026-05-31 22:09:58.754669,20260531
HTX,XLM-USDT,XLM,USDT,USDT,,,1e-05,2026-05-31 22:09:58.754669,20260531
HTX,SUSHI-USDT,SUSHI,USDT,USDT,,,0.0001,2026-05-31 22:09:58.754669,20260531
HTX,GRT-USDT,GRT,USDT,USDT,,,1e-05,2026-05-31 22:09:58.754669,20260531
HTX,1INCH-USDT,1INCH,USDT,USDT,,,0.0001,2026-05-31 22:09:58.754669,20260531
HTX,CRV-USDT,CRV,USDT,USDT,,,0.0001,2026-05-31 22:09:58.754669,20260531
HTX,ALGO-USDT,ALGO,USDT,USDT,,,1e-05,2026-05-31 22:09:58.754669,20260531
HTX,COMP-USDT,COMP,USDT,USDT,,,0.01,2026-05-31 22:09:58.754669,20260531
HTX,XMR-USDT,XMR,USDT,USDT,,,0.01,2026-05-31 22:09:58.754669,20260531
HTX,AVAX-USDT,AVAX,USDT,USDT,,,0.0001,2026-05-31 22:09:58.754669,20260531
HTX,SOL-USDT,SOL,USDT,USDT,,,0.0001,2026-05-31 22:09:58.754669,20260531
HTX,SAND-USDT,SAND,USDT,USDT,,,1e-06,2026-05-31 22:09:58.754669,20260531
HTX,MASK-USDT,MASK,USDT,USDT,,,0.0001,2026-05-31 22:09:58.754669,20260531
HTX,NEAR-USDT,NEAR,USDT,USDT,,,0.001,2026-05-31 22:09:58.754669,20260531
HTX,ZEN-USDT,ZEN,USDT,USDT,,,0.001,2026-05-31 22:09:58.754669,20260531
HTX,LUNA-USDT,LUNA,USDT,USDT,,,1e-05,2026-05-31 22:09:58.754669,20260531
HTX,CHZ-USDT,CHZ,USDT,USDT,,,1e-05,2026-05-31 22:09:58.754669,20260531
HTX,ENJ-USDT,ENJ,USDT,USDT,,,1e-05,2026-05-31 22:09:58.754669,20260531
HTX,HBAR-USDT,HBAR,USDT,USDT,,,1e-05,2026-05-31 22:09:58.754669,20260531
HTX,BTT-USDT,BTT,USDT,USDT,,,1e-09,2026-05-31 22:09:58.754669,20260531
HTX,AXS-USDT,AXS,USDT,USDT,,,0.0001,2026-05-31 22:09:58.754669,20260531
HTX,DYDX-USDT,DYDX,USDT,USDT,,,0.0001,2026-05-31 22:09:58.754669,20260531
HTX,OKB-USDT,OKB,USDT,USDT,,,0.01,2026-05-31 22:09:58.754669,20260531
HTX,GALA-USDT,GALA,USDT,USDT,,,1e-06,2026-05-31 22:09:58.754669,20260531
HTX,ENS-USDT,ENS,USDT,USDT,,,0.001,2026-05-31 22:09:58.754669,20260531
HTX,PEOPLE-USDT,PEOPLE,USDT,USDT,,,1e-05,2026-05-31 22:09:58.754669,20260531
HTX,JST-USDT,JST,USDT,USDT,,,1e-06,2026-05-31 22:09:58.754669,20260531
HTX,STEEM-USDT,STEEM,USDT,USDT,,,1e-05,2026-05-31 22:09:58.754669,20260531
HTX,TRB-USDT,TRB,USDT,USDT,,,0.001,2026-05-31 22:09:58.754669,20260531
HTX,SUN-USDT,SUN,USDT,USDT,,,1e-06,2026-05-31 22:09:58.754669,20260531
HTX,MEME-USDT,MEME,USDT,USDT,,,1e-07,2026-05-31 22:09:58.754669,20260531
HTX,PAXG-USDT,PAXG,USDT,USDT,,,0.01,2026-05-31 22:09:58.754669,20260531
HTX,INJ-USDT,INJ,USDT,USDT,,,0.001,2026-05-31 22:09:58.754669,20260531
HTX,META-USDT,META,USDT,USDT,,,0.01,2026-05-31 22:09:58.754669,20260531
HTX,LIT-USDT,LIT,USDT,USDT,,,0.0001,2026-05-31 22:09:58.754669,20260531
HTX,BOME-USDT,BOME,USDT,USDT,,,1e-07,2026-05-31 22:09:58.754669,20260531
HTX,BLUAI-USDT,BLUAI,USDT,USDT,,,1e-06,2026-05-31 22:09:58.754669,20260531
HTX,BONK-USDT,BONK,USDT,USDT,,,1e-09,2026-05-31 22:09:58.754669,20260531
HTX,MU-USDT,MU,USDT,USDT,,,0.01,2026-05-31 22:09:58.754669,20260531
HTX,AAOI-USDT,AAOI,USDT,USDT,,,0.01,2026-05-31 22:09:58.754669,20260531
HTX,APT-USDT,APT,USDT,USDT,,,0.0001,2026-05-31 22:09:58.754669,20260531
HTX,PTB-USDT,PTB,USDT,USDT,,,1e-07,2026-05-31 22:09:58.754669,20260531
HTX,PUMP-USDT,PUMP,USDT,USDT,,,1e-06,2026-05-31 22:09:58.754669,20260531
HTX,ARC-USDT,ARC,USDT,USDT,,,1e-05,2026-05-31 22:09:58.754669,20260531
HTX,USOIL-USDT,USOIL,USDT,USDT,,,0.01,2026-05-31 22:09:58.754669,20260531
HTX,LDO-USDT,LDO,USDT,USDT,,,0.0001,2026-05-31 22:09:58.754669,20260531
HTX,SPCX-USDT,SPCX,USDT,USDT,,,0.01,2026-05-31 22:09:58.754669,20260531
HTX,TON-USDT,TON,USDT,USDT,,,0.0001,2026-05-31 22:09:58.754669,20260531
HTX,COST-USDT,COST,USDT,USDT,,,0.1,2026-05-31 22:09:58.754669,20260531
HTX,DRAM-USDT,DRAM,USDT,USDT,,,0.01,2026-05-31 22:09:58.754669,20260531
HTX,BLESS-USDT,BLESS,USDT,USDT,,,1e-06,2026-05-31 22:09:58.754669,20260531
HTX,SEI-USDT,SEI,USDT,USDT,,,1e-05,2026-05-31 22:09:58.754669,20260531
HTX,IRYS-USDT,IRYS,USDT,USDT,,,1e-06,2026-05-31 22:09:58.754669,20260531
HTX,ARB-USDT,ARB,USDT,USDT,,,0.0001,2026-05-31 22:09:58.754669,20260531
HTX,NBIS-USDT,NBIS,USDT,USDT,,,0.01,2026-05-31 22:09:58.754669,20260531
HTX,ANTHROPIC-USDT,ANTHROPIC,USDT,USDT,,,0.1,2026-05-31 22:09:58.754669,20260531
HTX,COPPER-USDT,COPPER,USDT,USDT,,,0.001,2026-05-31 22:09:58.754669,20260531
HTX,NVDA-USDT,NVDA,USDT,USDT,,,0.01,2026-05-31 22:09:58.754669,20260531
HTX,XAUT-USDT,XAUT,USDT,USDT,,,0.01,2026-05-31 22:09:58.754669,20260531
HTX,龙虾-USDT,龙虾,USDT,USDT,,,1e-06,2026-05-31 22:09:58.754669,20260531
HTX,CRCLX-USDT,CRCLX,USDT,USDT,,,0.01,2026-05-31 22:09:58.754669,20260531
HTX,CRWV-USDT,CRWV,USDT,USDT,,,0.01,2026-05-31 22:09:58.754669,20260531
HTX,SIREN-USDT,SIREN,USDT,USDT,,,1e-05,2026-05-31 22:09:58.754669,20260531
HTX,PAYP-USDT,PAYP,USDT,USDT,,,0.01,2026-05-31 22:09:58.754669,20260531
HTX,RAVE-USDT,RAVE,USDT,USDT,,,1e-05,2026-05-31 22:09:58.754669,20260531
HTX,CFG-USDT,CFG,USDT,USDT,,,0.0001,2026-05-31 22:09:58.754669,20260531
HTX,QCOM-USDT,QCOM,USDT,USDT,,,0.01,2026-05-31 22:09:58.754669,20260531
HTX,RED-USDT,RED,USDT,USDT,,,0.0001,2026-05-31 22:09:58.754669,20260531
HTX,UB-USDT,UB,USDT,USDT,,,1e-05,2026-05-31 22:09:58.754669,20260531
HTX,SAGA-USDT,SAGA,USDT,USDT,,,1e-05,2026-05-31 22:09:58.754669,20260531
HTX,ORCA-USDT,ORCA,USDT,USDT,,,0.001,2026-05-31 22:09:58.754669,20260531
HTX,TIA-USDT,TIA,USDT,USDT,,,0.0001,2026-05-31 22:09:58.754669,20260531
HTX,PRL-USDT,PRL,USDT,USDT,,,0.0001,2026-05-31 22:09:58.755666,20260531
HTX,CFX-USDT,CFX,USDT,USDT,,,1e-05,2026-05-31 22:09:58.755666,20260531
HTX,PEPE-USDT,PEPE,USDT,USDT,,,1e-10,2026-05-31 22:09:58.755666,20260531
HTX,PENGU-USDT,PENGU,USDT,USDT,,,1e-06,2026-05-31 22:09:58.755666,20260531
HTX,DOGS-USDT,DOGS,USDT,USDT,,,1e-08,2026-05-31 22:09:58.755666,20260531
HTX,BABA-USDT,BABA,USDT,USDT,,,0.01,2026-05-31 22:09:58.755666,20260531
HTX,BRENTOIL-USDT,BRENTOIL,USDT,USDT,,,0.01,2026-05-31 22:09:58.755666,20260531
HTX,MOODENG-USDT,MOODENG,USDT,USDT,,,1e-05,2026-05-31 22:09:58.755666,20260531
HTX,NASDAQ100-USDT,NASDAQ100,USDT,USDT,,,0.01,2026-05-31 22:09:58.755666,20260531
HTX,WLFI-USDT,WLFI,USDT,USDT,,,0.0001,2026-05-31 22:09:58.755666,20260531
HTX,BIO-USDT,BIO,USDT,USDT,,,1e-05,2026-05-31 22:09:58.755666,20260531
HTX,ASML-USDT,ASML,USDT,USDT,,,0.01,2026-05-31 22:09:58.755666,20260531
HTX,SPX-USDT,SPX,USDT,USDT,,,0.0001,2026-05-31 22:09:58.755666,20260531
HTX,BRKB-USDT,BRKB,USDT,USDT,,,0.01,2026-05-31 22:09:58.755666,20260531
HTX,BASED-USDT,BASED,USDT,USDT,,,1e-05,2026-05-31 22:09:58.755666,20260531
HTX,AVNT-USDT,AVNT,USDT,USDT,,,1e-05,2026-05-31 22:09:58.755666,20260531
HTX,BEAT-USDT,BEAT,USDT,USDT,,,1e-05,2026-05-31 22:09:58.755666,20260531
HTX,NATGAS-USDT,NATGAS,USDT,USDT,,,0.0001,2026-05-31 22:09:58.755666,20260531
HTX,FARTCOIN-USDT,FARTCOIN,USDT,USDT,,,1e-05,2026-05-31 22:09:58.755666,20260531
HTX,SNDK-USDT,SNDK,USDT,USDT,,,0.01,2026-05-31 22:09:58.755666,20260531
HTX,NFLX-USDT,NFLX,USDT,USDT,,,0.001,2026-05-31 22:09:58.755666,20260531
HTX,COHR-USDT,COHR,USDT,USDT,,,0.01,2026-05-31 22:09:58.755666,20260531
HTX,M-USDT,M,USDT,USDT,,,0.0001,2026-05-31 22:09:58.755666,20260531
HTX,ORDI-USDT,ORDI,USDT,USDT,,,0.001,2026-05-31 22:09:58.755666,20260531
HTX,ZK-USDT,ZK,USDT,USDT,,,1e-05,2026-05-31 22:09:58.755666,20260531
HTX,ARIA-USDT,ARIA,USDT,USDT,,,0.0001,2026-05-31 22:09:58.755666,20260531
HTX,0G-USDT,0G,USDT,USDT,,,0.0001,2026-05-31 22:09:58.755666,20260531
HTX,WMT-USDT,WMT,USDT,USDT,,,0.01,2026-05-31 22:09:58.755666,20260531
HTX,MSFT-USDT,MSFT,USDT,USDT,,,0.01,2026-05-31 22:09:58.755666,20260531
HTX,WIF-USDT,WIF,USDT,USDT,,,0.0001,2026-05-31 22:09:58.755666,20260531
HTX,STABLE-USDT,STABLE,USDT,USDT,,,1e-06,2026-05-31 22:09:58.755666,20260531
HTX,ARM-USDT,ARM,USDT,USDT,,,0.01,2026-05-31 22:09:58.755666,20260531
HTX,HANA-USDT,HANA,USDT,USDT,,,1e-05,2026-05-31 22:09:58.755666,20260531
HTX,LLY-USDT,LLY,USDT,USDT,,,0.1,2026-05-31 22:09:58.755666,20260531
HTX,WDC-USDT,WDC,USDT,USDT,,,0.1,2026-05-31 22:09:58.755666,20260531
HTX,TURBO-USDT,TURBO,USDT,USDT,,,1e-07,2026-05-31 22:09:58.755666,20260531
HTX,RIVER-USDT,RIVER,USDT,USDT,,,0.001,2026-05-31 22:09:58.755666,20260531
HTX,EWY-USDT,EWY,USDT,USDT,,,0.01,2026-05-31 22:09:58.755666,20260531
HTX,GENIUS-USDT,GENIUS,USDT,USDT,,,0.0001,2026-05-31 22:09:58.755666,20260531
HTX,CAKE-USDT,CAKE,USDT,USDT,,,0.0001,2026-05-31 22:09:58.755666,20260531
HTX,我踏马来了-USDT,我踏马来了,USDT,USDT,,,1e-06,2026-05-31 22:09:58.755666,20260531
HTX,KAS-USDT,KAS,USDT,USDT,,,1e-05,2026-05-31 22:09:58.755666,20260531
HTX,TRUMP-USDT,TRUMP,USDT,USDT,,,0.001,2026-05-31 22:09:58.755666,20260531
HTX,DIS-USDT,DIS,USDT,USDT,,,0.01,2026-05-31 22:09:58.755666,20260531
HTX,RESOLV-USDT,RESOLV,USDT,USDT,,,1e-05,2026-05-31 22:09:58.755666,20260531
HTX,SPK-USDT,SPK,USDT,USDT,,,1e-05,2026-05-31 22:09:58.755666,20260531
HTX,BSB-USDT,BSB,USDT,USDT,,,1e-05,2026-05-31 22:09:58.755666,20260531
HTX,XPL-USDT,XPL,USDT,USDT,,,0.0001,2026-05-31 22:09:58.755666,20260531
HTX,BILL-USDT,BILL,USDT,USDT,,,1e-05,2026-05-31 22:09:58.755666,20260531
HTX,PNUT-USDT,PNUT,USDT,USDT,,,1e-05,2026-05-31 22:09:58.755666,20260531
HTX,VIRTUAL-USDT,VIRTUAL,USDT,USDT,,,0.0001,2026-05-31 22:09:58.755666,20260531
HTX,KGEN-USDT,KGEN,USDT,USDT,,,1e-05,2026-05-31 22:09:58.755666,20260531
HTX,MELANIA-USDT,MELANIA,USDT,USDT,,,0.0001,2026-05-31 22:09:58.755666,20260531
HTX,EWJ-USDT,EWJ,USDT,USDT,,,0.001,2026-05-31 22:09:58.755666,20260531
HTX,IP-USDT,IP,USDT,USDT,,,1e-05,2026-05-31 22:09:58.755666,20260531
HTX,CSCO-USDT,CSCO,USDT,USDT,,,0.01,2026-05-31 22:09:58.755666,20260531
HTX,ALCH-USDT,ALCH,USDT,USDT,,,1e-05,2026-05-31 22:09:58.755666,20260531
HTX,W-USDT,W,USDT,USDT,,,1e-05,2026-05-31 22:09:58.755666,20260531
HTX,XPD-USDT,XPD,USDT,USDT,,,0.01,2026-05-31 22:09:58.755666,20260531
HTX,OPENAI-USDT,OPENAI,USDT,USDT,,,0.1,2026-05-31 22:09:58.755666,20260531
HTX,ORCL-USDT,ORCL,USDT,USDT,,,0.01,2026-05-31 22:09:58.755666,20260531
HTX,LAB-USDT,LAB,USDT,USDT,,,0.0001,2026-05-31 22:09:58.755666,20260531
HTX,OPG-USDT,OPG,USDT,USDT,,,0.0001,2026-05-31 22:09:58.755666,20260531
HTX,HIMS-USDT,HIMS,USDT,USDT,,,0.001,2026-05-31 22:09:58.755666,20260531
HTX,OPN-USDT,OPN,USDT,USDT,,,0.0001,2026-05-31 22:09:58.755666,20260531
HTX,ENA-USDT,ENA,USDT,USDT,,,1e-05,2026-05-31 22:09:58.755666,20260531
HTX,RATS-USDT,RATS,USDT,USDT,,,1e-07,2026-05-31 22:09:58.755666,20260531
HTX,TRIA-USDT,TRIA,USDT,USDT,,,1e-05,2026-05-31 22:09:58.755666,20260531
HTX,ZBT-USDT,ZBT,USDT,USDT,,,1e-05,2026-05-31 22:09:58.755666,20260531
HTX,EDEN-USDT,EDEN,USDT,USDT,,,1e-05,2026-05-31 22:09:58.755666,20260531
HTX,GRASS-USDT,GRASS,USDT,USDT,,,0.0001,2026-05-31 22:09:58.755666,20260531
HTX,SKYAI-USDT,SKYAI,USDT,USDT,,,1e-05,2026-05-31 22:09:58.755666,20260531
HTX,IO-USDT,IO,USDT,USDT,,,0.0001,2026-05-31 22:09:58.755666,20260531
HTX,JPM-USDT,JPM,USDT,USDT,,,0.01,2026-05-31 22:09:58.755666,20260531
HTX,SOXL-USDT,SOXL,USDT,USDT,,,0.01,2026-05-31 22:09:58.755666,20260531
HTX,NOT-USDT,NOT,USDT,USDT,,,1e-07,2026-05-31 22:09:58.755666,20260531
HTX,SPACEX-USDT,SPACEX,USDT,USDT,,,0.1,2026-05-31 22:09:58.755666,20260531
HTX,XPT-USDT,XPT,USDT,USDT,,,0.01,2026-05-31 22:09:58.755666,20260531
HTX,RKLB-USDT,RKLB,USDT,USDT,,,0.01,2026-05-31 22:09:58.755666,20260531
HTX,FOLKS-USDT,FOLKS,USDT,USDT,,,0.001,2026-05-31 22:09:58.755666,20260531
HTX,KAT-USDT,KAT,USDT,USDT,,,1e-05,2026-05-31 22:09:58.755666,20260531
HTX,BE-USDT,BE,USDT,USDT,,,0.01,2026-05-31 22:09:58.755666,20260531
HTX,SPY-USDT,SPY,USDT,USDT,,,0.01,2026-05-31 22:09:58.755666,20260531
HTX,TSLAX-USDT,TSLAX,USDT,USDT,,,0.01,2026-05-31 22:09:58.755666,20260531
HTX,ETHFI-USDT,ETHFI,USDT,USDT,,,0.0001,2026-05-31 22:09:58.755666,20260531
HTX,GOOGL-USDT,GOOGL,USDT,USDT,,,0.01,2026-05-31 22:09:58.755666,20260531
HTX,AAPL-USDT,AAPL,USDT,USDT,,,0.01,2026-05-31 22:09:58.755666,20260531
HTX,CBRS-USDT,CBRS,USDT,USDT,,,0.01,2026-05-31 22:09:58.755666,20260531
HTX,MEGA-USDT,MEGA,USDT,USDT,,,1e-05,2026-05-31 22:09:58.755666,20260531
HTX,GME-USDT,GME,USDT,USDT,,,0.01,2026-05-31 22:09:58.755666,20260531
HTX,POWER-USDT,POWER,USDT,USDT,,,1e-05,2026-05-31 22:09:58.755666,20260531
HTX,KAITO-USDT,KAITO,USDT,USDT,,,0.0001,2026-05-31 22:09:58.755666,20260531
HTX,XAU-USDT,XAU,USDT,USDT,,,0.01,2026-05-31 22:09:58.755666,20260531
HTX,SPX500-USDT,SPX500,USDT,USDT,,,0.1,2026-05-31 22:09:58.755666,20260531
HTX,FLNC-USDT,FLNC,USDT,USDT,,,0.01,2026-05-31 22:09:58.755666,20260531
HTX,CTR-USDT,CTR,USDT,USDT,,,1e-05,2026-05-31 22:09:58.755666,20260531
HTX,XLE-USDT,XLE,USDT,USDT,,,0.001,2026-05-31 22:09:58.755666,20260531
HTX,PENDLE-USDT,PENDLE,USDT,USDT,,,0.0001,2026-05-31 22:09:58.755666,20260531
HTX,LITE-USDT,LITE,USDT,USDT,,,0.1,2026-05-31 22:09:58.755666,20260531
HTX,WLD-USDT,WLD,USDT,USDT,,,0.0001,2026-05-31 22:09:58.755666,20260531
HTX,OP-USDT,OP,USDT,USDT,,,0.0001,2026-05-31 22:09:58.755666,20260531
HTX,HOODX-USDT,HOODX,USDT,USDT,,,0.01,2026-05-31 22:09:58.755666,20260531
HTX,SUI-USDT,SUI,USDT,USDT,,,0.0001,2026-05-31 22:09:58.755666,20260531
HTX,SPACE-USDT,SPACE,USDT,USDT,,,1e-06,2026-05-31 22:09:58.755666,20260531
HTX,QQQ-USDT,QQQ,USDT,USDT,,,0.01,2026-05-31 22:09:58.755666,20260531
HTX,XAG-USDT,XAG,USDT,USDT,,,0.01,2026-05-31 22:09:58.755666,20260531
HTX,PLTRX-USDT,PLTRX,USDT,USDT,,,0.01,2026-05-31 22:09:58.755666,20260531
HTX,SHLD-USDT,SHLD,USDT,USDT,,,0.01,2026-05-31 22:09:58.755666,20260531
HTX,GLW-USDT,GLW,USDT,USDT,,,0.01,2026-05-31 22:09:58.755666,20260531
HTX,BMNR-USDT,BMNR,USDT,USDT,,,0.001,2026-05-31 22:09:58.755666,20260531
HTX,CHIP-USDT,CHIP,USDT,USDT,,,1e-05,2026-05-31 22:09:58.755666,20260531
HTX,PYTH-USDT,PYTH,USDT,USDT,,,1e-05,2026-05-31 22:09:58.755666,20260531
HTX,HYPE-USDT,HYPE,USDT,USDT,,,0.001,2026-05-31 22:09:58.755666,20260531
HTX,ONDO-USDT,ONDO,USDT,USDT,,,0.0001,2026-05-31 22:09:58.755666,20260531
HTX,HD-USDT,HD,USDT,USDT,,,0.01,2026-05-31 22:09:58.755666,20260531
HTX,JUP-USDT,JUP,USDT,USDT,,,0.0001,2026-05-31 22:09:58.755666,20260531
HTX,UBER-USDT,UBER,USDT,USDT,,,0.01,2026-05-31 22:09:58.755666,20260531
HTX,SENT-USDT,SENT,USDT,USDT,,,1e-05,2026-05-31 22:09:58.755666,20260531
HTX,TAO-USDT,TAO,USDT,USDT,,,0.01,2026-05-31 22:09:58.755666,20260531
HTX,USAR-USDT,USAR,USDT,USDT,,,0.01,2026-05-31 22:09:58.755666,20260531
HTX,AMD-USDT,AMD,USDT,USDT,,,0.01,2026-05-31 22:09:58.755666,20260531
HTX,TSM-USDT,TSM,USDT,USDT,,,0.01,2026-05-31 22:09:58.755666,20260531
HTX,STO-USDT,STO,USDT,USDT,,,1e-05,2026-05-31 22:09:58.755666,20260531
HTX,PIPPIN-USDT,PIPPIN,USDT,USDT,,,1e-05,2026-05-31 22:09:58.755666,20260531
HTX,POL-USDT,POL,USDT,USDT,,,1e-05,2026-05-31 22:09:58.755666,20260531
HTX,MSTRX-USDT,MSTRX,USDT,USDT,,,0.01,2026-05-31 22:09:58.755666,20260531
HTX,SSV-USDT,SSV,USDT,USDT,,,0.001,2026-05-31 22:09:58.755666,20260531
HTX,AMZNX-USDT,AMZNX,USDT,USDT,,,0.01,2026-05-31 22:09:58.755666,20260531
HTX,MYX-USDT,MYX,USDT,USDT,,,1e-05,2026-05-31 22:09:58.755666,20260531
HTX,PIEVERSE-USDT,PIEVERSE,USDT,USDT,,,0.0001,2026-05-31 22:09:58.755666,20260531
HTX,H-USDT,H,USDT,USDT,,,1e-05,2026-05-31 22:09:58.755666,20260531
HTX,币安人生-USDT,币安人生,USDT,USDT,,,1e-05,2026-05-31 22:09:58.755666,20260531
HTX,ASTER-USDT,ASTER,USDT,USDT,,,0.0001,2026-05-31 22:09:58.755666,20260531
HTX,AIGENSYN-USDT,AIGENSYN,USDT,USDT,,,1e-05,2026-05-31 22:09:58.755666,20260531
HTX,MRVL-USDT,MRVL,USDT,USDT,,,0.01,2026-05-31 22:09:58.755666,20260531
HTX,GIGGLE-USDT,GIGGLE,USDT,USDT,,,0.01,2026-05-31 22:09:58.755666,20260531
HTX,V-USDT,V,USDT,USDT,,,0.01,2026-05-31 22:09:58.755666,20260531
HTX,COINX-USDT,COINX,USDT,USDT,,,0.01,2026-05-31 22:09:58.755666,20260531
HTX,EDGE-USDT,EDGE,USDT,USDT,,,0.0001,2026-05-31 22:09:58.755666,20260531
HTX,FHE-USDT,FHE,USDT,USDT,,,1e-05,2026-05-31 22:09:58.755666,20260531
HTX,AVGO-USDT,AVGO,USDT,USDT,,,0.01,2026-05-31 22:09:58.755666,20260531
HTX,BREV-USDT,BREV,USDT,USDT,,,0.0001,2026-05-31 22:09:58.755666,20260531
HTX,FLOKI-USDT,FLOKI,USDT,USDT,,,1e-08,2026-05-31 22:09:58.755666,20260531
HTX,INTCX-USDT,INTCX,USDT,USDT,,,0.01,2026-05-31 22:09:58.755666,20260531
HTX,ZRO-USDT,ZRO,USDT,USDT,,,0.0001,2026-05-31 22:09:58.755666,20260531
HTX,WIN-USDT,WIN,USDT,USDT,,,1e-08,2026-05-31 22:09:58.755666,20260531
HTX,APE-USDT,APE,USDT,USDT,,,0.0001,2026-05-31 22:09:58.755666,20260531
HTX,GMT-USDT,GMT,USDT,USDT,,,1e-05,2026-05-31 22:09:58.755666,20260531
Hyperliquid,BTC-USD,BTC,USD,USDC,40.0,1.0,0.1,2026-05-31 22:09:58.755666,20260531
Hyperliquid,ETH-USD,ETH,USD,USDC,25.0,1.0,0.1,2026-05-31 22:09:58.755666,20260531
Hyperliquid,ATOM-USD,ATOM,USD,USDC,5.0,1.0,0.0001,2026-05-31 22:09:58.755666,20260531
Hyperliquid,MATIC-USD,MATIC,USD,USDC,20.0,1.0,1e-05,2026-05-31 22:09:58.755666,20260531
Hyperliquid,DYDX-USD,DYDX,USD,USDC,5.0,1.0,1e-05,2026-05-31 22:09:58.755666,20260531
Hyperliquid,SOL-USD,SOL,USD,USDC,20.0,1.0,0.001,2026-05-31 22:09:58.755666,20260531
Hyperliquid,AVAX-USD,AVAX,USD,USDC,10.0,1.0,0.0001,2026-05-31 22:09:58.755666,20260531
Hyperliquid,BNB-USD,BNB,USD,USDC,10.0,1.0,0.01,2026-05-31 22:09:58.755666,20260531
Hyperliquid,APE-USD,APE,USD,USDC,5.0,1.0,1e-05,2026-05-31 22:09:58.755666,20260531
Hyperliquid,OP-USD,OP,USD,USDC,5.0,1.0,0.0001,2026-05-31 22:09:58.755666,20260531
Hyperliquid,LTC-USD,LTC,USD,USDC,10.0,1.0,0.001,2026-05-31 22:09:58.755666,20260531
Hyperliquid,ARB-USD,ARB,USD,USDC,10.0,1.0,0.0001,2026-05-31 22:09:58.755666,20260531
Hyperliquid,DOGE-USD,DOGE,USD,USDC,10.0,1.0,1e-05,2026-05-31 22:09:58.755666,20260531
Hyperliquid,INJ-USD,INJ,USD,USDC,5.0,1.0,0.0001,2026-05-31 22:09:58.755666,20260531
Hyperliquid,SUI-USD,SUI,USD,USDC,10.0,1.0,1e-05,2026-05-31 22:09:58.755666,20260531
Hyperliquid,kPEPE-USD,kPEPE,USD,USDC,10.0,1.0,1e-06,2026-05-31 22:09:58.755666,20260531
Hyperliquid,CRV-USD,CRV,USD,USDC,10.0,1.0,0.0001,2026-05-31 22:09:58.755666,20260531
Hyperliquid,LDO-USD,LDO,USD,USDC,5.0,1.0,1e-05,2026-05-31 22:09:58.755666,20260531
Hyperliquid,LINK-USD,LINK,USD,USDC,10.0,1.0,0.0001,2026-05-31 22:09:58.755666,20260531
Hyperliquid,STX-USD,STX,USD,USDC,5.0,1.0,1e-05,2026-05-31 22:09:58.755666,20260531
Hyperliquid,RNDR-USD,RNDR,USD,USDC,20.0,1.0,0.0001,2026-05-31 22:09:58.755666,20260531
Hyperliquid,CFX-USD,CFX,USD,USDC,5.0,1.0,1e-06,2026-05-31 22:09:58.755666,20260531
Hyperliquid,FTM-USD,FTM,USD,USDC,10.0,1.0,1e-05,2026-05-31 22:09:58.755666,20260531
Hyperliquid,GMX-USD,GMX,USD,USDC,3.0,1.0,0.001,2026-05-31 22:09:58.755666,20260531
Hyperliquid,SNX-USD,SNX,USD,USDC,3.0,1.0,1e-05,2026-05-31 22:09:58.755666,20260531
Hyperliquid,XRP-USD,XRP,USD,USDC,20.0,1.0,0.0001,2026-05-31 22:09:58.755666,20260531
Hyperliquid,BCH-USD,BCH,USD,USDC,10.0,1.0,0.01,2026-05-31 22:09:58.755666,20260531
Hyperliquid,APT-USD,APT,USD,USDC,10.0,1.0,0.001,2026-05-31 22:09:58.755666,20260531
Hyperliquid,AAVE-USD,AAVE,USD,USDC,10.0,1.0,0.001,2026-05-31 22:09:58.755666,20260531
Hyperliquid,COMP-USD,COMP,USD,USDC,5.0,1.0,0.01,2026-05-31 22:09:58.755666,20260531
Hyperliquid,MKR-USD,MKR,USD,USDC,10.0,1.0,0.1,2026-05-31 22:09:58.755666,20260531
Hyperliquid,WLD-USD,WLD,USD,USDC,10.0,1.0,1e-05,2026-05-31 22:09:58.755666,20260531
Hyperliquid,FXS-USD,FXS,USD,USDC,5.0,1.0,1e-05,2026-05-31 22:09:58.755666,20260531
Hyperliquid,HPOS-USD,HPOS,USD,USDC,3.0,1.0,1e-06,2026-05-31 22:09:58.755666,20260531
Hyperliquid,RLB-USD,RLB,USD,USDC,3.0,1.0,0.001,2026-05-31 22:09:58.755666,20260531
Hyperliquid,UNIBOT-USD,UNIBOT,USD,USDC,3.0,1.0,0.001,2026-05-31 22:09:58.755666,20260531
Hyperliquid,YGG-USD,YGG,USD,USDC,3.0,1.0,1e-06,2026-05-31 22:09:58.755666,20260531
Hyperliquid,TRX-USD,TRX,USD,USDC,10.0,1.0,1e-05,2026-05-31 22:09:58.755666,20260531
Hyperliquid,kSHIB-USD,kSHIB,USD,USDC,10.0,1.0,1e-06,2026-05-31 22:09:58.755666,20260531
Hyperliquid,UNI-USD,UNI,USD,USDC,10.0,1.0,0.0001,2026-05-31 22:09:58.755666,20260531
Hyperliquid,SEI-USD,SEI,USD,USDC,5.0,1.0,1e-06,2026-05-31 22:09:58.755666,20260531
Hyperliquid,RUNE-USD,RUNE,USD,USDC,5.0,1.0,1e-05,2026-05-31 22:09:58.755666,20260531
Hyperliquid,OX-USD,OX,USD,USDC,3.0,1.0,1e-06,2026-05-31 22:09:58.755666,20260531
Hyperliquid,FRIEND-USD,FRIEND,USD,USDC,3.0,1.0,0.01,2026-05-31 22:09:58.755666,20260531
Hyperliquid,SHIA-USD,SHIA,USD,USDC,3.0,1.0,1e-06,2026-05-31 22:09:58.755666,20260531
Hyperliquid,CYBER-USD,CYBER,USD,USDC,3.0,1.0,0.0001,2026-05-31 22:09:58.755666,20260531
Hyperliquid,ZRO-USD,ZRO,USD,USDC,5.0,1.0,0.001,2026-05-31 22:09:58.755666,20260531
Hyperliquid,BLZ-USD,BLZ,USD,USDC,5.0,1.0,1e-06,2026-05-31 22:09:58.755666,20260531
Hyperliquid,DOT-USD,DOT,USD,USDC,10.0,1.0,0.0001,2026-05-31 22:09:58.755666,20260531
Hyperliquid,BANANA-USD,BANANA,USD,USDC,3.0,1.0,0.001,2026-05-31 22:09:58.755666,20260531
Hyperliquid,TRB-USD,TRB,USD,USDC,3.0,1.0,0.001,2026-05-31 22:09:58.755666,20260531
Hyperliquid,FTT-USD,FTT,USD,USDC,3.0,1.0,1e-05,2026-05-31 22:09:58.755666,20260531
Hyperliquid,LOOM-USD,LOOM,USD,USDC,10.0,1.0,1e-06,2026-05-31 22:09:58.755666,20260531
Hyperliquid,OGN-USD,OGN,USD,USDC,3.0,1.0,1e-06,2026-05-31 22:09:58.755666,20260531
Hyperliquid,RDNT-USD,RDNT,USD,USDC,5.0,1.0,1e-06,2026-05-31 22:09:58.755666,20260531
Hyperliquid,ARK-USD,ARK,USD,USDC,3.0,1.0,1e-05,2026-05-31 22:09:58.755666,20260531
Hyperliquid,BNT-USD,BNT,USD,USDC,3.0,1.0,1e-05,2026-05-31 22:09:58.755666,20260531
Hyperliquid,CANTO-USD,CANTO,USD,USDC,5.0,1.0,0.001,2026-05-31 22:09:58.755666,20260531
Hyperliquid,REQ-USD,REQ,USD,USDC,3.0,1.0,1e-05,2026-05-31 22:09:58.755666,20260531
Hyperliquid,BIGTIME-USD,BIGTIME,USD,USDC,3.0,1.0,1e-06,2026-05-31 22:09:58.755666,20260531
Hyperliquid,KAS-USD,KAS,USD,USDC,3.0,1.0,1e-06,2026-05-31 22:09:58.755666,20260531
Hyperliquid,ORBS-USD,ORBS,USD,USDC,3.0,1.0,1e-05,2026-05-31 22:09:58.755666,20260531
Hyperliquid,BLUR-USD,BLUR,USD,USDC,3.0,1.0,1e-06,2026-05-31 22:09:58.755666,20260531
Hyperliquid,TIA-USD,TIA,USD,USDC,5.0,1.0,1e-05,2026-05-31 22:09:58.755666,20260531
Hyperliquid,BSV-USD,BSV,USD,USDC,3.0,1.0,0.001,2026-05-31 22:09:58.755666,20260531
Hyperliquid,ADA-USD,ADA,USD,USDC,10.0,1.0,1e-05,2026-05-31 22:09:58.755666,20260531
Hyperliquid,TON-USD,TON,USD,USDC,10.0,1.0,0.001,2026-05-31 22:09:58.755666,20260531
Hyperliquid,MINA-USD,MINA,USD,USDC,3.0,1.0,1e-05,2026-05-31 22:09:58.755666,20260531
Hyperliquid,POLYX-USD,POLYX,USD,USDC,3.0,1.0,1e-06,2026-05-31 22:09:58.755666,20260531
Hyperliquid,GAS-USD,GAS,USD,USDC,3.0,1.0,0.0001,2026-05-31 22:09:58.755666,20260531
Hyperliquid,PENDLE-USD,PENDLE,USD,USDC,5.0,1.0,0.0001,2026-05-31 22:09:58.755666,20260531
Hyperliquid,STG-USD,STG,USD,USDC,3.0,1.0,1e-05,2026-05-31 22:09:58.755666,20260531
Hyperliquid,FET-USD,FET,USD,USDC,5.0,1.0,1e-05,2026-05-31 22:09:58.755666,20260531
Hyperliquid,STRAX-USD,STRAX,USD,USDC,10.0,1.0,0.0001,2026-05-31 22:09:58.755666,20260531
Hyperliquid,NEAR-USD,NEAR,USD,USDC,10.0,1.0,0.0001,2026-05-31 22:09:58.755666,20260531
Hyperliquid,MEME-USD,MEME,USD,USDC,3.0,1.0,1e-05,2026-05-31 22:09:58.755666,20260531
Hyperliquid,ORDI-USD,ORDI,USD,USDC,3.0,1.0,0.0001,2026-05-31 22:09:58.755666,20260531
Hyperliquid,BADGER-USD,BADGER,USD,USDC,5.0,1.0,1e-05,2026-05-31 22:09:58.755666,20260531
Hyperliquid,NEO-USD,NEO,USD,USDC,5.0,1.0,0.0001,2026-05-31 22:09:58.755666,20260531
Hyperliquid,ZEN-USD,ZEN,USD,USDC,5.0,1.0,0.0001,2026-05-31 22:09:58.755666,20260531
Hyperliquid,FIL-USD,FIL,USD,USDC,5.0,1.0,0.0001,2026-05-31 22:09:58.755666,20260531
Hyperliquid,PYTH-USD,PYTH,USD,USDC,5.0,1.0,1e-05,2026-05-31 22:09:58.755666,20260531
Hyperliquid,SUSHI-USD,SUSHI,USD,USDC,3.0,1.0,0.0001,2026-05-31 22:09:58.756664,20260531
Hyperliquid,ILV-USD,ILV,USD,USDC,3.0,1.0,0.001,2026-05-31 22:09:58.756664,20260531
Hyperliquid,IMX-USD,IMX,USD,USDC,5.0,1.0,1e-05,2026-05-31 22:09:58.756664,20260531
Hyperliquid,kBONK-USD,kBONK,USD,USDC,10.0,1.0,1e-06,2026-05-31 22:09:58.756664,20260531
Hyperliquid,GMT-USD,GMT,USD,USDC,3.0,1.0,1e-06,2026-05-31 22:09:58.756664,20260531
Hyperliquid,SUPER-USD,SUPER,USD,USDC,3.0,1.0,1e-05,2026-05-31 22:09:58.756664,20260531
Hyperliquid,USTC-USD,USTC,USD,USDC,3.0,1.0,1e-06,2026-05-31 22:09:58.756664,20260531
Hyperliquid,NFTI-USD,NFTI,USD,USDC,3.0,1.0,0.0001,2026-05-31 22:09:58.756664,20260531
Hyperliquid,JUP-USD,JUP,USD,USDC,10.0,1.0,1e-05,2026-05-31 22:09:58.756664,20260531
Hyperliquid,kLUNC-USD,kLUNC,USD,USDC,3.0,1.0,1e-06,2026-05-31 22:09:58.756664,20260531
Hyperliquid,RSR-USD,RSR,USD,USDC,3.0,1.0,1e-06,2026-05-31 22:09:58.756664,20260531
Hyperliquid,GALA-USD,GALA,USD,USDC,3.0,1.0,1e-06,2026-05-31 22:09:58.756664,20260531
Hyperliquid,JTO-USD,JTO,USD,USDC,5.0,1.0,1e-05,2026-05-31 22:09:58.756664,20260531
Hyperliquid,NTRN-USD,NTRN,USD,USDC,3.0,1.0,0.0001,2026-05-31 22:09:58.756664,20260531
Hyperliquid,ACE-USD,ACE,USD,USDC,3.0,1.0,0.0001,2026-05-31 22:09:58.756664,20260531
Hyperliquid,MAV-USD,MAV,USD,USDC,3.0,1.0,1e-06,2026-05-31 22:09:58.756664,20260531
Hyperliquid,WIF-USD,WIF,USD,USDC,5.0,1.0,1e-05,2026-05-31 22:09:58.756664,20260531
Hyperliquid,CAKE-USD,CAKE,USD,USDC,3.0,1.0,0.0001,2026-05-31 22:09:58.756664,20260531
Hyperliquid,PEOPLE-USD,PEOPLE,USD,USDC,3.0,1.0,1e-06,2026-05-31 22:09:58.756664,20260531
Hyperliquid,ENS-USD,ENS,USD,USDC,5.0,1.0,0.0001,2026-05-31 22:09:58.756664,20260531
Hyperliquid,ETC-USD,ETC,USD,USDC,5.0,1.0,0.0001,2026-05-31 22:09:58.756664,20260531
Hyperliquid,XAI-USD,XAI,USD,USDC,3.0,1.0,1e-05,2026-05-31 22:09:58.756664,20260531
Hyperliquid,MANTA-USD,MANTA,USD,USDC,3.0,1.0,0.0001,2026-05-31 22:09:58.756664,20260531
Hyperliquid,UMA-USD,UMA,USD,USDC,3.0,1.0,1e-05,2026-05-31 22:09:58.756664,20260531
Hyperliquid,ONDO-USD,ONDO,USD,USDC,10.0,1.0,0.001,2026-05-31 22:09:58.756664,20260531
Hyperliquid,ALT-USD,ALT,USD,USDC,3.0,1.0,1e-06,2026-05-31 22:09:58.756664,20260531
Hyperliquid,ZETA-USD,ZETA,USD,USDC,3.0,1.0,1e-05,2026-05-31 22:09:58.756664,20260531
Hyperliquid,DYM-USD,DYM,USD,USDC,3.0,1.0,1e-05,2026-05-31 22:09:58.756664,20260531
Hyperliquid,MAVIA-USD,MAVIA,USD,USDC,3.0,1.0,1e-05,2026-05-31 22:09:58.756664,20260531
Hyperliquid,W-USD,W,USD,USDC,5.0,1.0,0.0001,2026-05-31 22:09:58.756664,20260531
Hyperliquid,PANDORA-USD,PANDORA,USD,USDC,3.0,1.0,0.1,2026-05-31 22:09:58.756664,20260531
Hyperliquid,STRK-USD,STRK,USD,USDC,5.0,1.0,1e-05,2026-05-31 22:09:58.756664,20260531
Hyperliquid,PIXEL-USD,PIXEL,USD,USDC,3.0,1.0,1e-06,2026-05-31 22:09:58.756664,20260531
Hyperliquid,AI-USD,AI,USD,USDC,3.0,1.0,1e-05,2026-05-31 22:09:58.756664,20260531
Hyperliquid,TAO-USD,TAO,USD,USDC,5.0,1.0,0.01,2026-05-31 22:09:58.756664,20260531
Hyperliquid,AR-USD,AR,USD,USDC,5.0,1.0,0.0001,2026-05-31 22:09:58.756664,20260531
Hyperliquid,MYRO-USD,MYRO,USD,USDC,3.0,1.0,1e-06,2026-05-31 22:09:58.756664,20260531
Hyperliquid,kFLOKI-USD,kFLOKI,USD,USDC,5.0,1.0,1e-06,2026-05-31 22:09:58.756664,20260531
Hyperliquid,BOME-USD,BOME,USD,USDC,3.0,1.0,1e-06,2026-05-31 22:09:58.756664,20260531
Hyperliquid,ETHFI-USD,ETHFI,USD,USDC,5.0,1.0,0.0001,2026-05-31 22:09:58.756664,20260531
Hyperliquid,ENA-USD,ENA,USD,USDC,10.0,1.0,1e-06,2026-05-31 22:09:58.756664,20260531
Hyperliquid,MNT-USD,MNT,USD,USDC,5.0,1.0,1e-05,2026-05-31 22:09:58.756664,20260531
Hyperliquid,TNSR-USD,TNSR,USD,USDC,3.0,1.0,1e-05,2026-05-31 22:09:58.756664,20260531
Hyperliquid,SAGA-USD,SAGA,USD,USDC,3.0,1.0,1e-05,2026-05-31 22:09:58.756664,20260531
Hyperliquid,MERL-USD,MERL,USD,USDC,3.0,1.0,1e-05,2026-05-31 22:09:58.756664,20260531
Hyperliquid,HBAR-USD,HBAR,USD,USDC,5.0,1.0,1e-06,2026-05-31 22:09:58.756664,20260531
Hyperliquid,POPCAT-USD,POPCAT,USD,USDC,3.0,1.0,1e-06,2026-05-31 22:09:58.756664,20260531
Hyperliquid,OMNI-USD,OMNI,USD,USDC,3.0,1.0,0.0001,2026-05-31 22:09:58.756664,20260531
Hyperliquid,EIGEN-USD,EIGEN,USD,USDC,5.0,1.0,0.0001,2026-05-31 22:09:58.756664,20260531
Hyperliquid,REZ-USD,REZ,USD,USDC,3.0,1.0,1e-06,2026-05-31 22:09:58.756664,20260531
Hyperliquid,NOT-USD,NOT,USD,USDC,3.0,1.0,1e-06,2026-05-31 22:09:58.756664,20260531
Hyperliquid,TURBO-USD,TURBO,USD,USDC,3.0,1.0,1e-06,2026-05-31 22:09:58.756664,20260531
Hyperliquid,BRETT-USD,BRETT,USD,USDC,3.0,1.0,0.0001,2026-05-31 22:09:58.756664,20260531
Hyperliquid,IO-USD,IO,USD,USDC,3.0,1.0,1e-05,2026-05-31 22:09:58.756664,20260531
Hyperliquid,ZK-USD,ZK,USD,USDC,5.0,1.0,1e-06,2026-05-31 22:09:58.756664,20260531
Hyperliquid,BLAST-USD,BLAST,USD,USDC,3.0,1.0,1e-06,2026-05-31 22:09:58.756664,20260531
Hyperliquid,LISTA-USD,LISTA,USD,USDC,3.0,1.0,1e-05,2026-05-31 22:09:58.756664,20260531
Hyperliquid,MEW-USD,MEW,USD,USDC,3.0,1.0,1e-05,2026-05-31 22:09:58.756664,20260531
Hyperliquid,RENDER-USD,RENDER,USD,USDC,5.0,1.0,0.0001,2026-05-31 22:09:58.756664,20260531
Hyperliquid,kDOGS-USD,kDOGS,USD,USDC,3.0,1.0,1e-05,2026-05-31 22:09:58.756664,20260531
Hyperliquid,POL-USD,POL,USD,USDC,5.0,1.0,1e-06,2026-05-31 22:09:58.756664,20260531
Hyperliquid,CATI-USD,CATI,USD,USDC,3.0,1.0,1e-06,2026-05-31 22:09:58.756664,20260531
Hyperliquid,CELO-USD,CELO,USD,USDC,3.0,1.0,1e-06,2026-05-31 22:09:58.756664,20260531
Hyperliquid,HMSTR-USD,HMSTR,USD,USDC,3.0,1.0,1e-06,2026-05-31 22:09:58.756664,20260531
Hyperliquid,SCR-USD,SCR,USD,USDC,3.0,1.0,1e-05,2026-05-31 22:09:58.756664,20260531
Hyperliquid,NEIROETH-USD,NEIROETH,USD,USDC,5.0,1.0,1e-05,2026-05-31 22:09:58.756664,20260531
Hyperliquid,kNEIRO-USD,kNEIRO,USD,USDC,3.0,1.0,1e-05,2026-05-31 22:09:58.756664,20260531
Hyperliquid,GOAT-USD,GOAT,USD,USDC,3.0,1.0,1e-06,2026-05-31 22:09:58.756664,20260531
Hyperliquid,MOODENG-USD,MOODENG,USD,USDC,3.0,1.0,1e-06,2026-05-31 22:09:58.756664,20260531
Hyperliquid,GRASS-USD,GRASS,USD,USDC,3.0,1.0,1e-05,2026-05-31 22:09:58.756664,20260531
Hyperliquid,PURR-USD,PURR,USD,USDC,3.0,1.0,1e-05,2026-05-31 22:09:58.756664,20260531
Hyperliquid,PNUT-USD,PNUT,USD,USDC,3.0,1.0,1e-05,2026-05-31 22:09:58.756664,20260531
Hyperliquid,XLM-USD,XLM,USD,USDC,5.0,1.0,1e-05,2026-05-31 22:09:58.756664,20260531
Hyperliquid,CHILLGUY-USD,CHILLGUY,USD,USDC,3.0,1.0,1e-06,2026-05-31 22:09:58.756664,20260531
Hyperliquid,SAND-USD,SAND,USD,USDC,5.0,1.0,1e-06,2026-05-31 22:09:58.756664,20260531
Hyperliquid,IOTA-USD,IOTA,USD,USDC,3.0,1.0,1e-06,2026-05-31 22:09:58.756664,20260531
Hyperliquid,ALGO-USD,ALGO,USD,USDC,5.0,1.0,1e-05,2026-05-31 22:09:58.756664,20260531
Hyperliquid,HYPE-USD,HYPE,USD,USDC,10.0,1.0,0.001,2026-05-31 22:09:58.756664,20260531
Hyperliquid,ME-USD,ME,USD,USDC,3.0,1.0,1e-05,2026-05-31 22:09:58.756664,20260531
Hyperliquid,MOVE-USD,MOVE,USD,USDC,3.0,1.0,1e-06,2026-05-31 22:09:58.756664,20260531
Hyperliquid,VIRTUAL-USD,VIRTUAL,USD,USDC,5.0,1.0,1e-05,2026-05-31 22:09:58.756664,20260531
Hyperliquid,PENGU-USD,PENGU,USD,USDC,5.0,1.0,1e-05,2026-05-31 22:09:58.756664,20260531
Hyperliquid,USUAL-USD,USUAL,USD,USDC,3.0,1.0,1e-05,2026-05-31 22:09:58.756664,20260531
Hyperliquid,FARTCOIN-USD,FARTCOIN,USD,USDC,10.0,1.0,1e-05,2026-05-31 22:09:58.756664,20260531
Hyperliquid,AI16Z-USD,AI16Z,USD,USDC,5.0,1.0,1e-05,2026-05-31 22:09:58.756664,20260531
Hyperliquid,AIXBT-USD,AIXBT,USD,USDC,3.0,1.0,1e-06,2026-05-31 22:09:58.756664,20260531
Hyperliquid,ZEREBRO-USD,ZEREBRO,USD,USDC,3.0,1.0,1e-06,2026-05-31 22:09:58.756664,20260531
Hyperliquid,BIO-USD,BIO,USD,USDC,3.0,1.0,1e-06,2026-05-31 22:09:58.756664,20260531
Hyperliquid,GRIFFAIN-USD,GRIFFAIN,USD,USDC,3.0,1.0,1e-06,2026-05-31 22:09:58.756664,20260531
Hyperliquid,SPX-USD,SPX,USD,USDC,5.0,1.0,0.0001,2026-05-31 22:09:58.756664,20260531
Hyperliquid,S-USD,S,USD,USDC,5.0,1.0,1e-06,2026-05-31 22:09:58.756664,20260531
Hyperliquid,MORPHO-USD,MORPHO,USD,USDC,5.0,1.0,0.001,2026-05-31 22:09:58.756664,20260531
Hyperliquid,TRUMP-USD,TRUMP,USD,USDC,10.0,1.0,0.001,2026-05-31 22:09:58.756664,20260531
Hyperliquid,MELANIA-USD,MELANIA,USD,USDC,3.0,1.0,1e-05,2026-05-31 22:09:58.756664,20260531
Hyperliquid,ANIME-USD,ANIME,USD,USDC,3.0,1.0,1e-06,2026-05-31 22:09:58.756664,20260531
Hyperliquid,VINE-USD,VINE,USD,USDC,3.0,1.0,1e-06,2026-05-31 22:09:58.756664,20260531
Hyperliquid,VVV-USD,VVV,USD,USDC,3.0,1.0,0.001,2026-05-31 22:09:58.756664,20260531
Hyperliquid,JELLY-USD,JELLY,USD,USDC,3.0,1.0,1e-06,2026-05-31 22:09:58.756664,20260531
Hyperliquid,BERA-USD,BERA,USD,USDC,5.0,1.0,0.0001,2026-05-31 22:09:58.756664,20260531
Hyperliquid,TST-USD,TST,USD,USDC,3.0,1.0,1e-06,2026-05-31 22:09:58.756664,20260531
Hyperliquid,LAYER-USD,LAYER,USD,USDC,3.0,1.0,1e-06,2026-05-31 22:09:58.756664,20260531
Hyperliquid,IP-USD,IP,USD,USDC,3.0,1.0,1e-05,2026-05-31 22:09:58.756664,20260531
Hyperliquid,OM-USD,OM,USD,USDC,3.0,1.0,1e-05,2026-05-31 22:09:58.756664,20260531
Hyperliquid,KAITO-USD,KAITO,USD,USDC,5.0,1.0,0.0001,2026-05-31 22:09:58.756664,20260531
Hyperliquid,NIL-USD,NIL,USD,USDC,3.0,1.0,1e-05,2026-05-31 22:09:58.756664,20260531
Hyperliquid,PAXG-USD,PAXG,USD,USDC,10.0,1.0,0.1,2026-05-31 22:09:58.756664,20260531
Hyperliquid,PROMPT-USD,PROMPT,USD,USDC,3.0,1.0,1e-05,2026-05-31 22:09:58.756664,20260531
Hyperliquid,BABY-USD,BABY,USD,USDC,3.0,1.0,1e-06,2026-05-31 22:09:58.756664,20260531
Hyperliquid,WCT-USD,WCT,USD,USDC,3.0,1.0,1e-06,2026-05-31 22:09:58.756664,20260531
Hyperliquid,HYPER-USD,HYPER,USD,USDC,3.0,1.0,1e-06,2026-05-31 22:09:58.756664,20260531
Hyperliquid,ZORA-USD,ZORA,USD,USDC,3.0,1.0,1e-06,2026-05-31 22:09:58.756664,20260531
Hyperliquid,INIT-USD,INIT,USD,USDC,3.0,1.0,1e-06,2026-05-31 22:09:58.756664,20260531
Hyperliquid,DOOD-USD,DOOD,USD,USDC,3.0,1.0,1e-06,2026-05-31 22:09:58.756664,20260531
Hyperliquid,LAUNCHCOIN-USD,LAUNCHCOIN,USD,USDC,3.0,1.0,1e-06,2026-05-31 22:09:58.756664,20260531
Hyperliquid,NXPC-USD,NXPC,USD,USDC,3.0,1.0,1e-05,2026-05-31 22:09:58.756664,20260531
Hyperliquid,SOPH-USD,SOPH,USD,USDC,3.0,1.0,1e-06,2026-05-31 22:09:58.756664,20260531
Hyperliquid,RESOLV-USD,RESOLV,USD,USDC,3.0,1.0,1e-06,2026-05-31 22:09:58.756664,20260531
Hyperliquid,SYRUP-USD,SYRUP,USD,USDC,3.0,1.0,1e-05,2026-05-31 22:09:58.756664,20260531
Hyperliquid,PUMP-USD,PUMP,USD,USDC,10.0,1.0,1e-05,2026-05-31 22:09:58.756664,20260531
Hyperliquid,PROVE-USD,PROVE,USD,USDC,3.0,1.0,1e-05,2026-05-31 22:09:58.756664,20260531
Hyperliquid,YZY-USD,YZY,USD,USDC,3.0,1.0,1e-05,2026-05-31 22:09:58.756664,20260531
Hyperliquid,XPL-USD,XPL,USD,USDC,10.0,1.0,1e-06,2026-05-31 22:09:58.756664,20260531
Hyperliquid,WLFI-USD,WLFI,USD,USDC,5.0,1.0,1e-06,2026-05-31 22:09:58.756664,20260531
Hyperliquid,LINEA-USD,LINEA,USD,USDC,3.0,1.0,1e-06,2026-05-31 22:09:58.756664,20260531
Hyperliquid,SKY-USD,SKY,USD,USDC,3.0,1.0,1e-06,2026-05-31 22:09:58.756664,20260531
Hyperliquid,ASTER-USD,ASTER,USD,USDC,5.0,1.0,1e-05,2026-05-31 22:09:58.756664,20260531
Hyperliquid,AVNT-USD,AVNT,USD,USDC,5.0,1.0,1e-05,2026-05-31 22:09:58.756664,20260531
Hyperliquid,STBL-USD,STBL,USD,USDC,3.0,1.0,1e-06,2026-05-31 22:09:58.756664,20260531
Hyperliquid,0G-USD,0G,USD,USDC,3.0,1.0,1e-05,2026-05-31 22:09:58.756664,20260531
Hyperliquid,HEMI-USD,HEMI,USD,USDC,3.0,1.0,1e-06,2026-05-31 22:09:58.756664,20260531
Hyperliquid,APEX-USD,APEX,USD,USDC,3.0,1.0,1e-05,2026-05-31 22:09:58.756664,20260531
Hyperliquid,2Z-USD,2Z,USD,USDC,3.0,1.0,1e-06,2026-05-31 22:09:58.756664,20260531
Hyperliquid,ZEC-USD,ZEC,USD,USDC,10.0,1.0,0.01,2026-05-31 22:09:58.756664,20260531
Hyperliquid,MON-USD,MON,USD,USDC,5.0,1.0,1e-06,2026-05-31 22:09:58.756664,20260531
Hyperliquid,MET-USD,MET,USD,USDC,3.0,1.0,1e-05,2026-05-31 22:09:58.756664,20260531
Hyperliquid,MEGA-USD,MEGA,USD,USDC,3.0,1.0,1e-06,2026-05-31 22:09:58.756664,20260531
Hyperliquid,CC-USD,CC,USD,USDC,3.0,1.0,1e-05,2026-05-31 22:09:58.756664,20260531
Hyperliquid,ICP-USD,ICP,USD,USDC,5.0,1.0,0.0001,2026-05-31 22:09:58.756664,20260531
Hyperliquid,AERO-USD,AERO,USD,USDC,3.0,1.0,1e-05,2026-05-31 22:09:58.756664,20260531
Hyperliquid,STABLE-USD,STABLE,USD,USDC,3.0,1.0,1e-06,2026-05-31 22:09:58.756664,20260531
Hyperliquid,FOGO-USD,FOGO,USD,USDC,3.0,1.0,1e-06,2026-05-31 22:09:58.756664,20260531
Hyperliquid,LIT-USD,LIT,USD,USDC,5.0,1.0,0.0001,2026-05-31 22:09:58.756664,20260531
Hyperliquid,XMR-USD,XMR,USD,USDC,5.0,1.0,0.1,2026-05-31 22:09:58.756664,20260531
Hyperliquid,AXS-USD,AXS,USD,USDC,5.0,1.0,0.0001,2026-05-31 22:09:58.756664,20260531
Hyperliquid,DASH-USD,DASH,USD,USDC,5.0,1.0,0.001,2026-05-31 22:09:58.756664,20260531
Hyperliquid,SKR-USD,SKR,USD,USDC,3.0,1.0,1e-06,2026-05-31 22:09:58.756664,20260531
Hyperliquid,AZTEC-USD,AZTEC,USD,USDC,3.0,1.0,1e-05,2026-05-31 22:09:58.756664,20260531
Hyperliquid,CHIP-USD,CHIP,USD,USDC,3.0,1.0,1e-06,2026-05-31 22:09:58.756664,20260531
Kraken,PF_AUCTIONUSD,AUCTION,USDT,USDT,,1.0,0.0001,2026-05-31 22:09:58.756664,20260531
Kraken,PF_ALTUSD,ALT,USDT,USDT,,1.0,1e-06,2026-05-31 22:09:58.756664,20260531
Kraken,PF_PENGUUSD,PENGU,USDT,USDT,,1.0,1e-07,2026-05-31 22:09:58.756664,20260531
Kraken,PF_CRCLXUSD,CRCLX,USDT,USDT,,1.0,0.001,2026-05-31 22:09:58.756664,20260531
Kraken,PF_RENDERUSD,RENDER,USDT,USDT,,1.0,1e-05,2026-05-31 22:09:58.756664,20260531
Kraken,PF_ARBUSD,ARB,USDT,USDT,,1.0,1e-05,2026-05-31 22:09:58.756664,20260531
Kraken,PF_PYTHUSD,PYTH,USDT,USDT,,1.0,1e-06,2026-05-31 22:09:58.756664,20260531
Kraken,PF_MEWUSD,MEW,USDT,USDT,,1.0,1e-08,2026-05-31 22:09:58.756664,20260531
Kraken,PF_SPYXUSD,SPYX,USDT,USDT,,1.0,0.001,2026-05-31 22:09:58.756664,20260531
Kraken,PF_SKLUSD,SKL,USDT,USDT,,1.0,1e-07,2026-05-31 22:09:58.756664,20260531
Kraken,PF_CELOUSD,CELO,USDT,USDT,,1.0,1e-06,2026-05-31 22:09:58.756664,20260531
Kraken,PF_C98USD,C98,USDT,USDT,,1.0,1e-05,2026-05-31 22:09:58.756664,20260531
Kraken,PF_EURUSD,EUR,USDT,USDT,,1.0,0.0001,2026-05-31 22:09:58.756664,20260531
Kraken,PF_JTOUSD,JTO,USDT,USDT,,1.0,1e-05,2026-05-31 22:09:58.756664,20260531
Kraken,PF_LUNA2USD,LUNA2,USDT,USDT,,1.0,0.0001,2026-05-31 22:09:58.756664,20260531
Kraken,PF_SUSD,S,USDT,USDT,,1.0,1e-06,2026-05-31 22:09:58.756664,20260531
Kraken,PF_FLUXUSD,FLUX,USDT,USDT,,1.0,1e-05,2026-05-31 22:09:58.756664,20260531
Kraken,PF_JPYUSD,JPY,USDT,USDT,,1.0,1e-11,2026-05-31 22:09:58.756664,20260531
Kraken,FI_XBTUSD_260925,BTC,USD,BTC,,,0.01,2026-05-31 22:09:58.756664,20260531
Kraken,PF_MNTUSD,MNT,USDT,USDT,,1.0,1e-06,2026-05-31 22:09:58.756664,20260531
Kraken,FI_XRPUSD_250131,XRP,USD,XRP,,,1e-05,2026-05-31 22:09:58.756664,20260531
Kraken,PF_CETUSUSD,CETUS,USDT,USDT,,1.0,1e-06,2026-05-31 22:09:58.756664,20260531
Kraken,PF_NEOUSD,NEO,USDT,USDT,,1.0,1e-05,2026-05-31 22:09:58.756664,20260531
Kraken,PF_MORPHOUSD,MORPHO,USDT,USDT,,1.0,1e-06,2026-05-31 22:09:58.756664,20260531
Kraken,PF_STBLUSD,STBL,USDT,USDT,,1.0,1e-06,2026-05-31 22:09:58.756664,20260531
Kraken,PF_OPENUSD,OPEN,USDT,USDT,,1.0,1e-05,2026-05-31 22:09:58.756664,20260531
Kraken,PF_TURBOUSD,TURBO,USDT,USDT,,1.0,1e-08,2026-05-31 22:09:58.756664,20260531
Kraken,PF_1INCHUSD,1INCH,USDT,USDT,,1.0,1e-06,2026-05-31 22:09:58.756664,20260531
Kraken,PF_INITUSD,INIT,USDT,USDT,,1.0,1e-06,2026-05-31 22:09:58.756664,20260531
Kraken,PF_2ZUSD,2Z,USDT,USDT,,1.0,1e-06,2026-05-31 22:09:58.756664,20260531
Kraken,PF_CATUSD,CAT,USDT,USDT,,1.0,1e-11,2026-05-31 22:09:58.756664,20260531
Kraken,PF_FLRUSD,FLR,USDT,USDT,,1.0,1e-07,2026-05-31 22:09:58.756664,20260531
Kraken,PF_BNTUSD,BNT,USDT,USDT,,1.0,1e-06,2026-05-31 22:09:58.756664,20260531
Kraken,PF_BELUSD,BEL,USDT,USDT,,1.0,1e-06,2026-05-31 22:09:58.756664,20260531
Kraken,PF_JUPUSD,JUP,USDT,USDT,,1.0,1e-06,2026-05-31 22:09:58.756664,20260531
Kraken,PF_DEXEUSD,DEXE,USDT,USDT,,1.0,0.0001,2026-05-31 22:09:58.756664,20260531
Kraken,PF_DOGSUSD,DOGS,USDT,USDT,,1.0,1e-09,2026-05-31 22:09:58.756664,20260531
Kraken,PF_AAPLXUSD,AAPLX,USDT,USDT,,1.0,0.001,2026-05-31 22:09:58.756664,20260531
Kraken,PF_TIAUSD,TIA,USDT,USDT,,1.0,1e-05,2026-05-31 22:09:58.756664,20260531
Kraken,PF_RARIUSD,RARI,USDT,USDT,,1.0,1e-05,2026-05-31 22:09:58.756664,20260531
Kraken,PF_BANANAUSD,BANANA,USDT,USDT,,1.0,0.0001,2026-05-31 22:09:58.756664,20260531
Kraken,PF_ICXUSD,ICX,USDT,USDT,,1.0,1e-06,2026-05-31 22:09:58.756664,20260531
Kraken,PF_XMRUSD,XMR,USDT,USDT,,1.0,0.001,2026-05-31 22:09:58.756664,20260531
Kraken,PF_XRPUSD,XRP,USDT,USDT,,1.0,1e-05,2026-05-31 22:09:58.756664,20260531
Kraken,PF_THETAUSD,THETA,USDT,USDT,,1.0,1e-05,2026-05-31 22:09:58.756664,20260531
Kraken,PF_BIGTIMEUSD,BIGTIME,USDT,USDT,,1.0,1e-07,2026-05-31 22:09:58.756664,20260531
Kraken,PF_IOTAUSD,IOTA,USDT,USDT,,1.0,1e-06,2026-05-31 22:09:58.756664,20260531
Kraken,PF_XCNUSD,XCN,USDT,USDT,,1.0,1e-06,2026-05-31 22:09:58.756664,20260531
Kraken,PF_WLDUSD,WLD,USDT,USDT,,1.0,1e-05,2026-05-31 22:09:58.756664,20260531
Kraken,PF_CKBUSD,CKB,USDT,USDT,,1.0,1e-08,2026-05-31 22:09:58.756664,20260531
Kraken,PF_STEEMUSD,STEEM,USDT,USDT,,1.0,1e-06,2026-05-31 22:09:58.756664,20260531
Kraken,PF_BLURUSD,BLUR,USDT,USDT,,1.0,1e-06,2026-05-31 22:09:58.756664,20260531
Kraken,PF_ENSUSD,ENS,USDT,USDT,,1.0,0.0001,2026-05-31 22:09:58.756664,20260531
Kraken,FF_ETHUSD_260626,ETH,USDT,USDT,,,0.01,2026-05-31 22:09:58.756664,20260531
Kraken,PF_MOVRUSD,MOVR,USDT,USDT,,1.0,0.0001,2026-05-31 22:09:58.756664,20260531
Kraken,PF_SYRUPUSD,SYRUP,USDT,USDT,,1.0,1e-06,2026-05-31 22:09:58.756664,20260531
Kraken,PF_ONEUSD,ONE,USDT,USDT,,1.0,1e-07,2026-05-31 22:09:58.756664,20260531
Kraken,PF_OMIUSD,OMI,USDT,USDT,,1.0,1e-09,2026-05-31 22:09:58.756664,20260531
Kraken,PF_OXTUSD,OXT,USDT,USDT,,1.0,1e-05,2026-05-31 22:09:58.756664,20260531
Kraken,PF_PENDLEUSD,PENDLE,USDT,USDT,,1.0,1e-05,2026-05-31 22:09:58.756664,20260531
Kraken,PF_AVAXUSD,AVAX,USDT,USDT,,1.0,0.0001,2026-05-31 22:09:58.756664,20260531
Kraken,PF_GRTUSD,GRT,USDT,USDT,,1.0,1e-05,2026-05-31 22:09:58.756664,20260531
Kraken,PF_ORDIUSD,ORDI,USDT,USDT,,1.0,0.0001,2026-05-31 22:09:58.756664,20260531
Kraken,PF_WTIOILUSD,WTIOIL,USDT,USDT,,1.0,0.0001,2026-05-31 22:09:58.756664,20260531
Kraken,PF_AEVOUSD,AEVO,USDT,USDT,,1.0,1e-06,2026-05-31 22:09:58.756664,20260531
Kraken,PF_LINKUSD,LINK,USDT,USDT,,1.0,0.01,2026-05-31 22:09:58.756664,20260531
Kraken,PF_USUALUSD,USUAL,USDT,USDT,,1.0,1e-06,2026-05-31 22:09:58.756664,20260531
Kraken,PF_APTUSD,APT,USDT,USDT,,1.0,1e-05,2026-05-31 22:09:58.756664,20260531
Kraken,PF_AIXBTUSD,AIXBT,USDT,USDT,,1.0,1e-06,2026-05-31 22:09:58.756664,20260531
Kraken,PF_YGGUSD,YGG,USDT,USDT,,1.0,1e-06,2026-05-31 22:09:58.756664,20260531
Kraken,PF_TAOUSD,TAO,USDT,USDT,,1.0,0.001,2026-05-31 22:09:58.756664,20260531
Kraken,PF_PIXELUSD,PIXEL,USDT,USDT,,1.0,1e-06,2026-05-31 22:09:58.756664,20260531
Kraken,PF_ALCHUSD,ALCH,USDT,USDT,,1.0,1e-06,2026-05-31 22:09:58.756664,20260531
Kraken,PF_SUSHIUSD,SUSHI,USDT,USDT,,1.0,1e-05,2026-05-31 22:09:58.756664,20260531
Kraken,PI_XBTUSD,BTC,USD,BTC,,1.0,0.01,2026-05-31 22:09:58.756664,20260531
Kraken,PF_ALGOUSD,ALGO,USDT,USDT,,1.0,1e-06,2026-05-31 22:09:58.756664,20260531
Kraken,PF_LQTYUSD,LQTY,USDT,USDT,,1.0,1e-05,2026-05-31 22:09:58.756664,20260531
Kraken,PF_ANIMEUSD,ANIME,USDT,USDT,,1.0,1e-07,2026-05-31 22:09:58.756664,20260531
Kraken,PF_STXUSD,STX,USDT,USDT,,1.0,1e-05,2026-05-31 22:09:58.756664,20260531
Kraken,PF_MEUSD,ME,USDT,USDT,,1.0,1e-05,2026-05-31 22:09:58.756664,20260531
Kraken,PF_ORDERUSD,ORDER,USDT,USDT,,1.0,1e-07,2026-05-31 22:09:58.757661,20260531
Kraken,PF_TSLAXUSD,TSLAX,USDT,USDT,,1.0,0.001,2026-05-31 22:09:58.757661,20260531
Kraken,PF_MOGUSD,MOG,USDT,USDT,,1.0,1e-11,2026-05-31 22:09:58.757661,20260531
Kraken,PF_INJUSD,INJ,USDT,USDT,,1.0,0.0001,2026-05-31 22:09:58.757661,20260531
Kraken,PF_MSTRXUSD,MSTRX,USDT,USDT,,1.0,0.001,2026-05-31 22:09:58.757661,20260531
Kraken,PF_KAVAUSD,KAVA,USDT,USDT,,1.0,1e-06,2026-05-31 22:09:58.757661,20260531
Kraken,PF_WUSD,W,USDT,USDT,,1.0,1e-06,2026-05-31 22:09:58.757661,20260531
Kraken,PF_BSUUSD,BSU,USDT,USDT,,1.0,1e-06,2026-05-31 22:09:58.757661,20260531
Kraken,PF_COTIUSD,COTI,USDT,USDT,,1.0,1e-07,2026-05-31 22:09:58.757661,20260531
Kraken,PF_ENAUSD,ENA,USDT,USDT,,1.0,1e-06,2026-05-31 22:09:58.757661,20260531
Kraken,PF_AAVEUSD,AAVE,USDT,USDT,,1.0,0.0001,2026-05-31 22:09:58.757661,20260531
Kraken,PF_WIFUSD,WIF,USDT,USDT,,1.0,1e-05,2026-05-31 22:09:58.757661,20260531
Kraken,PF_BCHUSD,BCH,USDT,USDT,,1.0,0.1,2026-05-31 22:09:58.757661,20260531
Kraken,PF_SUIUSD,SUI,USDT,USDT,,1.0,1e-05,2026-05-31 22:09:58.757661,20260531
Kraken,PF_DEEPUSD,DEEP,USDT,USDT,,1.0,1e-07,2026-05-31 22:09:58.757661,20260531
Kraken,PF_WOOUSD,WOO,USDT,USDT,,1.0,1e-06,2026-05-31 22:09:58.757661,20260531
Kraken,PF_GALAUSD,GALA,USDT,USDT,,1.0,1e-07,2026-05-31 22:09:58.757661,20260531
Kraken,PF_SAGAUSD,SAGA,USDT,USDT,,1.0,1e-05,2026-05-31 22:09:58.757661,20260531
Kraken,PF_MTLUSD,MTL,USDT,USDT,,1.0,1e-05,2026-05-31 22:09:58.757661,20260531
Kraken,FI_LTCUSD_250131,LTC,USD,LTC,,,0.0001,2026-05-31 22:09:58.757661,20260531
Kraken,PI_LTCUSD,LTC,USD,LTC,,1.0,0.0001,2026-05-31 22:09:58.757661,20260531
Kraken,PF_LAYERUSD,LAYER,USDT,USDT,,1.0,1e-06,2026-05-31 22:09:58.757661,20260531
Kraken,PF_HIGHUSD,HIGH,USDT,USDT,,1.0,1e-05,2026-05-31 22:09:58.757661,20260531
Kraken,PF_CTSIUSD,CTSI,USDT,USDT,,1.0,1e-05,2026-05-31 22:09:58.757661,20260531
Kraken,PF_BBUSD,BB,USDT,USDT,,1.0,1e-06,2026-05-31 22:09:58.757661,20260531
Kraken,PF_TNSRUSD,TNSR,USDT,USDT,,1.0,1e-06,2026-05-31 22:09:58.757661,20260531
Kraken,PF_DYDXUSD,DYDX,USDT,USDT,,1.0,1e-06,2026-05-31 22:09:58.757661,20260531
Kraken,PF_ESPORTSUSD,ESPORTS,USDT,USDT,,1.0,1e-06,2026-05-31 22:09:58.757661,20260531
Kraken,PF_MANAUSD,MANA,USDT,USDT,,1.0,1e-06,2026-05-31 22:09:58.757661,20260531
Kraken,PF_SHELLUSD,SHELL,USDT,USDT,,1.0,1e-06,2026-05-31 22:09:58.757661,20260531
Kraken,PF_UNITASUSD,UNITAS,USDT,USDT,,1.0,1e-05,2026-05-31 22:09:58.757661,20260531
Kraken,PF_VINEUSD,VINE,USDT,USDT,,1.0,1e-06,2026-05-31 22:09:58.757661,20260531
Kraken,PF_XBTUSD,BTC,USDT,USDT,,1.0,0.01,2026-05-31 22:09:58.757661,20260531
Kraken,PF_TRUUSD,TRU,USDT,USDT,,1.0,1e-06,2026-05-31 22:09:58.757661,20260531
Kraken,PF_STGUSD,STG,USDT,USDT,,1.0,1e-06,2026-05-31 22:09:58.757661,20260531
Kraken,PF_SPXUSD,SPX,USDT,USDT,,1.0,1e-06,2026-05-31 22:09:58.757661,20260531
Kraken,PF_HBARUSD,HBAR,USDT,USDT,,1.0,1e-06,2026-05-31 22:09:58.757661,20260531
Kraken,PF_IMXUSD,IMX,USDT,USDT,,1.0,1e-05,2026-05-31 22:09:58.757661,20260531
Kraken,PF_XAUTUSD,XAUT,USDT,USDT,,1.0,0.01,2026-05-31 22:09:58.757661,20260531
Kraken,PF_BIOUSD,BIO,USDT,USDT,,1.0,1e-07,2026-05-31 22:09:58.757661,20260531
Kraken,FI_LTCUSD_260925,LTC,USD,LTC,,,0.0001,2026-05-31 22:09:58.757661,20260531
Kraken,PI_XRPUSD,XRP,USD,XRP,,1.0,1e-05,2026-05-31 22:09:58.757661,20260531
Kraken,PF_IOTXUSD,IOTX,USDT,USDT,,1.0,1e-07,2026-05-31 22:09:58.757661,20260531
Kraken,PF_HMSTRUSD,HMSTR,USDT,USDT,,1.0,1e-08,2026-05-31 22:09:58.757661,20260531
Kraken,PF_IPUSD,IP,USDT,USDT,,1.0,1e-05,2026-05-31 22:09:58.757661,20260531
Kraken,PF_CHILLGUYUSD,CHILLGUY,USDT,USDT,,1.0,1e-06,2026-05-31 22:09:58.757661,20260531
Kraken,PF_KAITOUSD,KAITO,USDT,USDT,,1.0,1e-05,2026-05-31 22:09:58.757661,20260531
Kraken,PF_KAIAUSD,KAIA,USDT,USDT,,1.0,1e-06,2026-05-31 22:09:58.757661,20260531
Kraken,PF_METISUSD,METIS,USDT,USDT,,1.0,0.0001,2026-05-31 22:09:58.757661,20260531
Kraken,PF_TLMUSD,TLM,USDT,USDT,,1.0,1e-07,2026-05-31 22:09:58.757661,20260531
Kraken,PF_NEIROUSD,NEIRO,USDT,USDT,,1.0,1e-08,2026-05-31 22:09:58.757661,20260531
Kraken,PF_LCAPUSD,LCAP,USDT,USDT,,1.0,0.0001,2026-05-31 22:09:58.757661,20260531
Kraken,PF_SSVUSD,SSV,USDT,USDT,,1.0,0.0001,2026-05-31 22:09:58.757661,20260531
Kraken,PF_SOLUSD,SOL,USDT,USDT,,1.0,0.01,2026-05-31 22:09:58.757661,20260531
Kraken,PF_LPTUSD,LPT,USDT,USDT,,1.0,0.0001,2026-05-31 22:09:58.757661,20260531
Kraken,PI_ETHUSD,ETH,USD,ETH,,1.0,0.01,2026-05-31 22:09:58.757661,20260531
Kraken,PF_KSMUSD,KSM,USDT,USDT,,1.0,0.0001,2026-05-31 22:09:58.757661,20260531
Kraken,PF_BERAUSD,BERA,USDT,USDT,,1.0,0.0001,2026-05-31 22:09:58.757661,20260531
Kraken,PF_LTCUSD,LTC,USDT,USDT,,1.0,0.0001,2026-05-31 22:09:58.757661,20260531
Kraken,PF_MOODENGUSD,MOODENG,USDT,USDT,,1.0,1e-06,2026-05-31 22:09:58.757661,20260531
Kraken,PF_WLFIUSD,WLFI,USDT,USDT,,1.0,1e-06,2026-05-31 22:09:58.757661,20260531
Kraken,PF_ETHWUSD,ETHW,USDT,USDT,,1.0,1e-05,2026-05-31 22:09:58.757661,20260531
Kraken,PF_KASUSD,KAS,USDT,USDT,,1.0,1e-06,2026-05-31 22:09:58.757661,20260531
Kraken,PF_DOTUSD,DOT,USDT,USDT,,1.0,0.001,2026-05-31 22:09:58.757661,20260531
Kraken,FF_SOLUSD_260925,SOL,USDT,USDT,,,0.01,2026-05-31 22:09:58.757661,20260531
Kraken,PF_DOGEUSD,DOGE,USDT,USDT,,1.0,1e-06,2026-05-31 22:09:58.757661,20260531
Kraken,PF_NIGHTUSD,NIGHT,USDT,USDT,,1.0,0.0001,2026-05-31 22:09:58.757661,20260531
Kraken,PF_GLDXUSD,GLDX,USDT,USDT,,1.0,0.001,2026-05-31 22:09:58.757661,20260531
Kraken,PF_SHIBUSD,SHIB,USDT,USDT,,1.0,1e-09,2026-05-31 22:09:58.757661,20260531
Kraken,PF_CVXUSD,CVX,USDT,USDT,,1.0,1e-05,2026-05-31 22:09:58.757661,20260531
Kraken,PF_RSRUSD,RSR,USDT,USDT,,1.0,1e-08,2026-05-31 22:09:58.757661,20260531
Kraken,PF_CHRUSD,CHR,USDT,USDT,,1.0,1e-06,2026-05-31 22:09:58.757661,20260531
Kraken,PF_ALICEUSD,ALICE,USDT,USDT,,1.0,1e-06,2026-05-31 22:09:58.757661,20260531
Kraken,PF_HYPEUSD,HYPE,USDT,USDT,,1.0,0.0001,2026-05-31 22:09:58.757661,20260531
Kraken,PF_ZROUSD,ZRO,USDT,USDT,,1.0,1e-05,2026-05-31 22:09:58.757661,20260531
Kraken,PF_SUNUSD,SUN,USDT,USDT,,1.0,1e-07,2026-05-31 22:09:58.757661,20260531
Kraken,PF_ASTRUSD,ASTR,USDT,USDT,,1.0,1e-07,2026-05-31 22:09:58.757661,20260531
Kraken,PF_ONTUSD,ONT,USDT,USDT,,1.0,1e-06,2026-05-31 22:09:58.757661,20260531
Kraken,PF_STORJUSD,STORJ,USDT,USDT,,1.0,1e-06,2026-05-31 22:09:58.757661,20260531
Kraken,FI_XRPUSD_260626,XRP,USD,XRP,,,1e-05,2026-05-31 22:09:58.757661,20260531
Kraken,PF_COMPUSD,COMP,USDT,USDT,,1.0,0.001,2026-05-31 22:09:58.757661,20260531
Kraken,PF_BEAMUSD,BEAM,USDT,USDT,,1.0,1e-07,2026-05-31 22:09:58.757661,20260531
Kraken,FF_XBTUSD_261225,BTC,USDT,USDT,,,0.01,2026-05-31 22:09:58.757661,20260531
Kraken,FF_ETHUSD_261225,ETH,USDT,USDT,,,0.1,2026-05-31 22:09:58.757661,20260531
Kraken,PF_ZRXUSD,ZRX,USDT,USDT,,1.0,1e-06,2026-05-31 22:09:58.757661,20260531
Kraken,PF_ARKMUSD,ARKM,USDT,USDT,,1.0,0.001,2026-05-31 22:09:58.757661,20260531
Kraken,PF_DYMUSD,DYM,USDT,USDT,,1.0,0.0001,2026-05-31 22:09:58.757661,20260531
Kraken,PF_SPKUSD,SPK,USDT,USDT,,1.0,1e-07,2026-05-31 22:09:58.757661,20260531
Kraken,PF_GMTUSD,GMT,USDT,USDT,,1.0,1e-05,2026-05-31 22:09:58.757661,20260531
Kraken,PF_ZEREBROUSD,ZEREBRO,USDT,USDT,,1.0,1e-07,2026-05-31 22:09:58.757661,20260531
Kraken,FF_ETHUSD_260925,ETH,USDT,USDT,,,0.1,2026-05-31 22:09:58.757661,20260531
Kraken,PF_GRIFFAINUSD,GRIFFAIN,USDT,USDT,,1.0,1e-06,2026-05-31 22:09:58.757661,20260531
Kraken,PF_ROSEUSD,ROSE,USDT,USDT,,1.0,1e-07,2026-05-31 22:09:58.757661,20260531
Kraken,PF_AGLDUSD,AGLD,USDT,USDT,,1.0,1e-06,2026-05-31 22:09:58.757661,20260531
Kraken,PF_MINAUSD,MINA,USDT,USDT,,1.0,1e-06,2026-05-31 22:09:58.757661,20260531
Kraken,PF_ETHFIUSD,ETHFI,USDT,USDT,,1.0,1e-05,2026-05-31 22:09:58.757661,20260531
Kraken,PF_AXSUSD,AXS,USDT,USDT,,1.0,0.0001,2026-05-31 22:09:58.757661,20260531
Kraken,PF_GPSUSD,GPS,USDT,USDT,,1.0,1e-07,2026-05-31 22:09:58.757661,20260531
Kraken,PF_MUBARAKUSD,MUBARAK,USDT,USDT,,1.0,1e-07,2026-05-31 22:09:58.757661,20260531
Kraken,PF_UNIUSD,UNI,USDT,USDT,,1.0,0.0001,2026-05-31 22:09:58.757661,20260531
Kraken,PF_AUDUSD,AUD,USDT,USDT,,1.0,0.001,2026-05-31 22:09:58.757661,20260531
Kraken,PF_BANDUSD,BAND,USDT,USDT,,1.0,1e-05,2026-05-31 22:09:58.757661,20260531
Kraken,PF_DENTUSD,DENT,USDT,USDT,,1.0,1e-09,2026-05-31 22:09:58.757661,20260531
Kraken,PF_ARUSD,AR,USDT,USDT,,1.0,1e-05,2026-05-31 22:09:58.757661,20260531
Kraken,PF_B3USD,B3,USDT,USDT,,1.0,1e-07,2026-05-31 22:09:58.757661,20260531
Kraken,PF_ONGUSD,ONG,USDT,USDT,,1.0,1e-06,2026-05-31 22:09:58.757661,20260531
Kraken,FI_ETHUSD_260626,ETH,USD,ETH,,,0.01,2026-05-31 22:09:58.757661,20260531
Kraken,PF_POWRUSD,POWR,USDT,USDT,,1.0,1e-05,2026-05-31 22:09:58.757661,20260531
Kraken,PF_SNXUSD,SNX,USDT,USDT,,1.0,1e-05,2026-05-31 22:09:58.757661,20260531
Kraken,PF_SOONUSD,SOON,USDT,USDT,,1.0,1e-06,2026-05-31 22:09:58.757661,20260531
Kraken,PF_ATHUSD,ATH,USDT,USDT,,1.0,1e-06,2026-05-31 22:09:58.757661,20260531
Kraken,PF_MONUSD,MON,USDT,USDT,,1.0,1e-05,2026-05-31 22:09:58.757661,20260531
Kraken,PF_SANDUSD,SAND,USDT,USDT,,1.0,1e-05,2026-05-31 22:09:58.757661,20260531
Kraken,PF_NEARUSD,NEAR,USDT,USDT,,1.0,0.0001,2026-05-31 22:09:58.757661,20260531
Kraken,PF_PEOPLEUSD,PEOPLE,USDT,USDT,,1.0,1e-08,2026-05-31 22:09:58.757661,20260531
Kraken,PF_PUMPUSD,PUMP,USDT,USDT,,1.0,1e-08,2026-05-31 22:09:58.757661,20260531
Kraken,PF_YFIUSD,YFI,USDT,USDT,,1.0,0.01,2026-05-31 22:09:58.757661,20260531
Kraken,PF_VETUSD,VET,USDT,USDT,,1.0,1e-07,2026-05-31 22:09:58.757661,20260531
Kraken,PF_SYNUSD,SYN,USDT,USDT,,1.0,1e-06,2026-05-31 22:09:58.757661,20260531
Kraken,PF_FLOKIUSD,FLOKI,USDT,USDT,,1.0,1e-09,2026-05-31 22:09:58.757661,20260531
Kraken,PF_ETCUSD,ETC,USDT,USDT,,1.0,0.0001,2026-05-31 22:09:58.757661,20260531
Kraken,PF_CELRUSD,CELR,USDT,USDT,,1.0,1e-07,2026-05-31 22:09:58.757661,20260531
Kraken,PF_SONICUSD,SONIC,USDT,USDT,,1.0,1e-06,2026-05-31 22:09:58.757661,20260531
Kraken,PF_GASUSD,GAS,USDT,USDT,,1.0,0.0001,2026-05-31 22:09:58.757661,20260531
Kraken,PF_PEPEUSD,PEPE,USDT,USDT,,1.0,1e-11,2026-05-31 22:09:58.757661,20260531
Kraken,PF_CAKEUSD,CAKE,USDT,USDT,,1.0,0.01,2026-05-31 22:09:58.757661,20260531
Kraken,PF_ANKRUSD,ANKR,USDT,USDT,,1.0,1e-07,2026-05-31 22:09:58.757661,20260531
Kraken,PF_FILUSD,FIL,USDT,USDT,,1.0,1e-05,2026-05-31 22:09:58.757661,20260531
Kraken,PF_RLCUSD,RLC,USDT,USDT,,1.0,1e-05,2026-05-31 22:09:58.757661,20260531
Kraken,PF_SWARMSUSD,SWARMS,USDT,USDT,,1.0,1e-06,2026-05-31 22:09:58.757661,20260531
Kraken,PF_KATUSD,KAT,USDT,USDT,,1.0,0.0001,2026-05-31 22:09:58.757661,20260531
Kraken,PF_UMAUSD,UMA,USDT,USDT,,1.0,1e-05,2026-05-31 22:09:58.757661,20260531
Kraken,PF_API3USD,API3,USDT,USDT,,1.0,0.0001,2026-05-31 22:09:58.757661,20260531
Kraken,PF_USDCUSD,USDC,USDT,USDT,,1.0,1e-05,2026-05-31 22:09:58.757661,20260531
Kraken,PF_RIVERUSD,RIVER,USDT,USDT,,1.0,0.0001,2026-05-31 22:09:58.757661,20260531
Kraken,PF_NVDAXUSD,NVDAX,USDT,USDT,,1.0,0.001,2026-05-31 22:09:58.757661,20260531
Kraken,PF_ETHUSD,ETH,USDT,USDT,,1.0,0.01,2026-05-31 22:09:58.757661,20260531
Kraken,PF_ICPUSD,ICP,USDT,USDT,,1.0,1e-05,2026-05-31 22:09:58.757661,20260531
Kraken,PF_GTCUSD,GTC,USDT,USDT,,1.0,1e-06,2026-05-31 22:09:58.757661,20260531
Kraken,PF_BDXUSD,BDX,USDT,USDT,,1.0,1e-07,2026-05-31 22:09:58.757661,20260531
Kraken,PF_HOODXUSD,HOODX,USDT,USDT,,1.0,0.001,2026-05-31 22:09:58.757661,20260531
Kraken,PF_STRKUSD,STRK,USDT,USDT,,1.0,1e-06,2026-05-31 22:09:58.757661,20260531
Kraken,PF_EIGENUSD,EIGEN,USDT,USDT,,1.0,0.0001,2026-05-31 22:09:58.757661,20260531
Kraken,PF_JASMYUSD,JASMY,USDT,USDT,,1.0,1e-07,2026-05-31 22:09:58.757661,20260531
Kraken,PF_LDOUSD,LDO,USDT,USDT,,1.0,1e-05,2026-05-31 22:09:58.757661,20260531
Kraken,PF_LSKUSD,LSK,USDT,USDT,,1.0,0.0001,2026-05-31 22:09:58.757661,20260531
Kraken,FI_XBTUSD_260626,BTC,USD,BTC,,,0.01,2026-05-31 22:09:58.757661,20260531
Kraken,PF_XTZUSD,XTZ,USDT,USDT,,1.0,1e-06,2026-05-31 22:09:58.757661,20260531
Kraken,PF_CROUSD,CRO,USDT,USDT,,1.0,1e-06,2026-05-31 22:09:58.757661,20260531
Kraken,PF_PAXGUSD,PAXG,USDT,USDT,,1.0,0.01,2026-05-31 22:09:58.757661,20260531
Kraken,PF_IOUSD,IO,USDT,USDT,,1.0,1e-05,2026-05-31 22:09:58.757661,20260531
Kraken,PF_SPELLUSD,SPELL,USDT,USDT,,1.0,1e-09,2026-05-31 22:09:58.757661,20260531
Kraken,PF_ONDOUSD,ONDO,USDT,USDT,,1.0,1e-06,2026-05-31 22:09:58.757661,20260531
Kraken,PF_FLOWUSD,FLOW,USDT,USDT,,1.0,1e-06,2026-05-31 22:09:58.757661,20260531
Kraken,FF_XBTUSD_260925,BTC,USDT,USDT,,,0.01,2026-05-31 22:09:58.757661,20260531
Kraken,PF_IDUSD,ID,USDT,USDT,,1.0,1e-06,2026-05-31 22:09:58.757661,20260531
Kraken,PF_HAEDALUSD,HAEDAL,USDT,USDT,,1.0,1e-06,2026-05-31 22:09:58.757661,20260531
Kraken,PF_SOLVUSD,SOLV,USDT,USDT,,1.0,1e-07,2026-05-31 22:09:58.757661,20260531
Kraken,PF_POPCATUSD,POPCAT,USDT,USDT,,1.0,1e-06,2026-05-31 22:09:58.757661,20260531
Kraken,PF_QTUMUSD,QTUM,USDT,USDT,,1.0,1e-05,2026-05-31 22:09:58.757661,20260531
Kraken,PF_BATUSD,BAT,USDT,USDT,,1.0,1e-06,2026-05-31 22:09:58.757661,20260531
Kraken,PF_BRETTUSD,BRETT,USDT,USDT,,1.0,1e-07,2026-05-31 22:09:58.757661,20260531
Kraken,PF_CHFUSD,CHF,USDT,USDT,,1.0,1e-11,2026-05-31 22:09:58.757661,20260531
Kraken,PF_RAVEUSD,RAVE,USDT,USDT,,1.0,1e-06,2026-05-31 22:09:58.757661,20260531
Kraken,PF_CGPTUSD,CGPT,USDT,USDT,,1.0,1e-06,2026-05-31 22:09:58.757661,20260531
Kraken,PF_TONUSD,TON,USDT,USDT,,1.0,1e-05,2026-05-31 22:09:58.757661,20260531
Kraken,PF_VIRTUALUSD,VIRTUAL,USDT,USDT,,1.0,0.0001,2026-05-31 22:09:58.757661,20260531
Kraken,PF_ZENUSD,ZEN,USDT,USDT,,1.0,0.001,2026-05-31 22:09:58.757661,20260531
Kraken,FI_LTCUSD_260626,LTC,USD,LTC,,,0.0001,2026-05-31 22:09:58.757661,20260531
Kraken,PF_MOVEUSD,MOVE,USDT,USDT,,1.0,1e-06,2026-05-31 22:09:58.757661,20260531
Kraken,PF_QNTUSD,QNT,USDT,USDT,,1.0,0.0001,2026-05-31 22:09:58.757661,20260531
Kraken,PF_LRCUSD,LRC,USDT,USDT,,1.0,1e-06,2026-05-31 22:09:58.757661,20260531
Kraken,PF_ZKUSD,ZK,USDT,USDT,,1.0,1e-06,2026-05-31 22:09:58.757661,20260531
Kraken,PF_PORTALUSD,PORTAL,USDT,USDT,,1.0,1e-06,2026-05-31 22:09:58.757661,20260531
Kraken,PF_GBPUSD,GBP,USDT,USDT,,1.0,0.0001,2026-05-31 22:09:58.757661,20260531
Kraken,PF_MELANIAUSD,MELANIA,USDT,USDT,,1.0,1e-06,2026-05-31 22:09:58.757661,20260531
Kraken,PF_TAIKOUSD,TAIKO,USDT,USDT,,1.0,1e-05,2026-05-31 22:09:58.757661,20260531
Kraken,PF_SUPERUSD,SUPER,USDT,USDT,,1.0,1e-06,2026-05-31 22:09:58.757661,20260531
Kraken,PF_ZILUSD,ZIL,USDT,USDT,,1.0,1e-07,2026-05-31 22:09:58.757661,20260531
Kraken,FF_ETHUSD_260605,ETH,USDT,USDT,,,0.1,2026-05-31 22:09:58.757661,20260531
Kraken,PF_RAYUSD,RAY,USDT,USDT,,1.0,1e-05,2026-05-31 22:09:58.757661,20260531
Kraken,PF_TRBUSD,TRB,USDT,USDT,,1.0,0.0001,2026-05-31 22:09:58.757661,20260531
Kraken,PF_BOMEUSD,BOME,USDT,USDT,,1.0,1e-08,2026-05-31 22:09:58.757661,20260531
Kraken,PF_COOKIEUSD,COOKIE,USDT,USDT,,1.0,1e-06,2026-05-31 22:09:58.757661,20260531
Kraken,PF_OPNUSD,OPN,USDT,USDT,,1.0,0.0001,2026-05-31 22:09:58.757661,20260531
Kraken,PF_TRXUSD,TRX,USDT,USDT,,1.0,1e-06,2026-05-31 22:09:58.757661,20260531
Kraken,PF_USDTUSD,USDT,USDT,USDT,,1.0,1e-05,2026-05-31 22:09:58.757661,20260531
Kraken,PF_NMRUSD,NMR,USDT,USDT,,1.0,0.001,2026-05-31 22:09:58.757661,20260531
Kraken,PF_QQQXUSD,QQQX,USDT,USDT,,1.0,0.001,2026-05-31 22:09:58.757661,20260531
Kraken,PF_REZUSD,REZ,USDT,USDT,,1.0,1e-07,2026-05-31 22:09:58.757661,20260531
Kraken,PF_PROMPTUSD,PROMPT,USDT,USDT,,1.0,1e-06,2026-05-31 22:09:58.757661,20260531
Kraken,PF_ACEUSD,ACE,USDT,USDT,,1.0,1e-05,2026-05-31 22:09:58.757661,20260531
Kraken,PF_ASTERUSD,ASTER,USDT,USDT,,1.0,1e-05,2026-05-31 22:09:58.757661,20260531
Kraken,PF_ARCUSD,ARC,USDT,USDT,,1.0,1e-07,2026-05-31 22:09:58.757661,20260531
Kraken,FF_SOLUSD_260626,SOL,USDT,USDT,,,0.01,2026-05-31 22:09:58.757661,20260531
Kraken,PF_GMXUSD,GMX,USDT,USDT,,1.0,0.0001,2026-05-31 22:09:58.757661,20260531
Kraken,PF_ATOMUSD,ATOM,USDT,USDT,,1.0,1e-05,2026-05-31 22:09:58.757661,20260531
Kraken,PF_BICOUSD,BICO,USDT,USDT,,1.0,1e-06,2026-05-31 22:09:58.757661,20260531
Kraken,PF_OPUSD,OP,USDT,USDT,,1.0,1e-05,2026-05-31 22:09:58.757661,20260531
Kraken,PF_ZECUSD,ZEC,USDT,USDT,,1.0,0.0001,2026-05-31 22:09:58.757661,20260531
Kraken,PF_XLMUSD,XLM,USDT,USDT,,1.0,1e-07,2026-05-31 22:09:58.757661,20260531
Kraken,PF_DASHUSD,DASH,USDT,USDT,,1.0,0.0001,2026-05-31 22:09:58.757661,20260531
Kraken,FF_XBTUSD_260626,BTC,USDT,USDT,,,0.01,2026-05-31 22:09:58.757661,20260531
Kraken,PF_ALEOUSD,ALEO,USDT,USDT,,1.0,1e-05,2026-05-31 22:09:58.757661,20260531
Kraken,PF_HFTUSD,HFT,USDT,USDT,,1.0,1e-06,2026-05-31 22:09:58.757661,20260531
Kraken,PF_ADAUSD,ADA,USDT,USDT,,1.0,1e-06,2026-05-31 22:09:58.757661,20260531
Kraken,PF_RAREUSD,RARE,USDT,USDT,,1.0,1e-06,2026-05-31 22:09:58.757661,20260531
Kraken,PF_GOATUSD,GOAT,USDT,USDT,,1.0,1e-05,2026-05-31 22:09:58.757661,20260531
Kraken,FI_XRPUSD_260925,XRP,USD,XRP,,,1e-05,2026-05-31 22:09:58.757661,20260531
Kraken,PF_AKTUSD,AKT,USDT,USDT,,1.0,1e-05,2026-05-31 22:09:58.757661,20260531
Kraken,PF_CFGUSD,CFG,USDT,USDT,,1.0,1e-05,2026-05-31 22:09:58.757661,20260531
Kraken,PF_COWUSD,COW,USDT,USDT,,1.0,1e-06,2026-05-31 22:09:58.757661,20260531
Kraken,PF_GOOGLXUSD,GOOGLX,USDT,USDT,,1.0,0.001,2026-05-31 22:09:58.757661,20260531
Kraken,PF_CHZUSD,CHZ,USDT,USDT,,1.0,1e-07,2026-05-31 22:09:58.757661,20260531
Kraken,PF_BONKUSD,BONK,USDT,USDT,,1.0,1e-10,2026-05-31 22:09:58.757661,20260531
Kraken,PF_CATIUSD,CATI,USDT,USDT,,1.0,1e-06,2026-05-31 22:09:58.757661,20260531
Kraken,PF_NOTUSD,NOT,USDT,USDT,,1.0,1e-08,2026-05-31 22:09:58.757661,20260531
Kraken,PF_VELOUSD,VELO,USDT,USDT,,1.0,1e-08,2026-05-31 22:09:58.757661,20260531
Kraken,PF_CYBERUSD,CYBER,USDT,USDT,,1.0,1e-05,2026-05-31 22:09:58.757661,20260531
Kraken,PF_ZIGUSD,ZIG,USDT,USDT,,1.0,1e-06,2026-05-31 22:09:58.757661,20260531
Kraken,PF_DEGENUSD,DEGEN,USDT,USDT,,1.0,1e-08,2026-05-31 22:09:58.757661,20260531
Kraken,PF_FARTCOINUSD,FARTCOIN,USDT,USDT,,1.0,1e-05,2026-05-31 22:09:58.757661,20260531
Kraken,PF_GIGAUSD,GIGA,USDT,USDT,,1.0,1e-06,2026-05-31 22:09:58.757661,20260531
Kraken,PF_SEIUSD,SEI,USDT,USDT,,1.0,1e-06,2026-05-31 22:09:58.757661,20260531
Kraken,PF_CRVUSD,CRV,USDT,USDT,,1.0,1e-05,2026-05-31 22:09:58.757661,20260531
Kraken,PF_APEUSD,APE,USDT,USDT,,1.0,1e-05,2026-05-31 22:09:58.757661,20260531
Kraken,PF_RUNEUSD,RUNE,USDT,USDT,,1.0,1e-05,2026-05-31 22:09:58.757661,20260531
Kraken,PF_TRUMPUSD,TRUMP,USDT,USDT,,1.0,0.0001,2026-05-31 22:09:58.757661,20260531
Kraken,FI_XBTUSD_261225,BTC,USD,BTC,,,0.01,2026-05-31 22:09:58.757661,20260531
Kraken,PF_OGNUSD,OGN,USDT,USDT,,1.0,1e-07,2026-05-31 22:09:58.758659,20260531
Kraken,PF_DOGUSD,DOG,USDT,USDT,,1.0,1e-08,2026-05-31 22:09:58.758659,20260531
Kraken,PF_IOSTUSD,IOST,USDT,USDT,,1.0,1e-07,2026-05-31 22:09:58.758659,20260531
Kraken,PF_MIRAUSD,MIRA,USDT,USDT,,1.0,1e-06,2026-05-31 22:09:58.758659,20260531
Kraken,PF_XPLUSD,XPL,USDT,USDT,,1.0,1e-06,2026-05-31 22:09:58.758659,20260531
Kraken,PF_ZBTUSD,ZBT,USDT,USDT,,1.0,1e-06,2026-05-31 22:09:58.758659,20260531
Kraken,PF_ZETAUSD,ZETA,USDT,USDT,,1.0,1e-06,2026-05-31 22:09:58.758659,20260531
Kraken,FI_ETHUSD_260925,ETH,USD,ETH,,,0.1,2026-05-31 22:09:58.758659,20260531
Kraken,PF_SXTUSD,SXT,USDT,USDT,,1.0,1e-06,2026-05-31 22:09:58.758659,20260531
Kraken,PF_POLUSD,POL,USDT,USDT,,1.0,0.0001,2026-05-31 22:09:58.758659,20260531
Kraken,PF_CFXUSD,CFX,USDT,USDT,,1.0,1e-06,2026-05-31 22:09:58.758659,20260531
Kraken,PF_XVSUSD,XVS,USDT,USDT,,1.0,0.0001,2026-05-31 22:09:58.758659,20260531
Kraken,PF_FETUSD,FET,USDT,USDT,,1.0,1e-05,2026-05-31 22:09:58.758659,20260531
Kraken,PF_GRASSUSD,GRASS,USDT,USDT,,1.0,1e-05,2026-05-31 22:09:58.758659,20260531
Kraken,PF_KOMAUSD,KOMA,USDT,USDT,,1.0,1e-06,2026-05-31 22:09:58.758659,20260531
Kraken,PF_BNBUSD,BNB,USDT,USDT,,1.0,0.001,2026-05-31 22:09:58.758659,20260531
Kraken,FF_XBTUSD_260605,BTC,USDT,USDT,,,0.01,2026-05-31 22:09:58.758659,20260531
Kraken,PF_ESPUSD,ESP,USDT,USDT,,1.0,1e-07,2026-05-31 22:09:58.758659,20260531
Kraken,PF_PNUTUSD,PNUT,USDT,USDT,,1.0,1e-05,2026-05-31 22:09:58.758659,20260531
Kraken,PF_TUSD,T,USDT,USDT,,1.0,1e-07,2026-05-31 22:09:58.758659,20260531
Kraken,PF_EGLDUSD,EGLD,USDT,USDT,,1.0,0.001,2026-05-31 22:09:58.758659,20260531
Kraken,FI_ETHUSD_261225,ETH,USD,ETH,,,0.1,2026-05-31 22:09:58.758659,20260531
Kraken,PF_ORCAUSD,ORCA,USDT,USDT,,1.0,1e-05,2026-05-31 22:09:58.758659,20260531
Kraken,PF_ENJUSD,ENJ,USDT,USDT,,1.0,1e-05,2026-05-31 22:09:58.758659,20260531
KuCoin,XBTUSDTM,BTC,USDT,USDT,,8.0,0.1,2026-05-31 22:09:58.758659,20260531
KuCoin,ETHUSDTM,ETH,USDT,USDT,,8.0,0.01,2026-05-31 22:09:58.758659,20260531
KuCoin,SOLUSDTM,SOL,USDT,USDT,,8.0,0.001,2026-05-31 22:09:58.758659,20260531
KuCoin,WIFUSDTM,WIF,USDT,USDT,,4.0,0.0001,2026-05-31 22:09:58.758659,20260531
KuCoin,PEPEUSDTM,PEPE,USDT,USDT,,8.0,1e-10,2026-05-31 22:09:58.758659,20260531
KuCoin,DOGEUSDTM,DOGE,USDT,USDT,,8.0,1e-05,2026-05-31 22:09:58.758659,20260531
KuCoin,XRPUSDTM,XRP,USDT,USDT,,8.0,1e-05,2026-05-31 22:09:58.758659,20260531
KuCoin,0GUSDTM,0G,USDT,USDT,,4.0,1e-05,2026-05-31 22:09:58.758659,20260531
KuCoin,1000000MOGUSDTM,1000000MOG,USDT,USDT,,4.0,0.0001,2026-05-31 22:09:58.758659,20260531
KuCoin,10000CATUSDTM,10000CAT,USDT,USDT,,4.0,1e-05,2026-05-31 22:09:58.758659,20260531
KuCoin,10000SATSUSDTM,10000SATS,USDT,USDT,,4.0,1e-07,2026-05-31 22:09:58.758659,20260531
KuCoin,1000BONKUSDTM,1000BONK,USDT,USDT,,4.0,1e-06,2026-05-31 22:09:58.758659,20260531
KuCoin,1000CHEEMSUSDTM,1000CHEEMS,USDT,USDT,,4.0,1e-07,2026-05-31 22:09:58.758659,20260531
KuCoin,1000RATSUSDTM,1000RATS,USDT,USDT,,4.0,1e-05,2026-05-31 22:09:58.758659,20260531
KuCoin,1INCHUSDTM,1INCH,USDT,USDT,,8.0,0.0001,2026-05-31 22:09:58.758659,20260531
KuCoin,1MBABYDOGEUSDTM,1MBABYDOGE,USDT,USDT,,4.0,1e-07,2026-05-31 22:09:58.758659,20260531
KuCoin,2ZUSDTM,2Z,USDT,USDT,,4.0,1e-06,2026-05-31 22:09:58.758659,20260531
KuCoin,4USDTM,4,USDT,USDT,,4.0,1e-05,2026-05-31 22:09:58.758659,20260531
KuCoin,AAOIUSDTM,AAOI,USDT,USDT,,8.0,0.01,2026-05-31 22:09:58.758659,20260531
KuCoin,AAPLUSDTM,AAPL,USDT,USDT,,8.0,0.01,2026-05-31 22:09:58.758659,20260531
KuCoin,AAVEUSDTM,AAVE,USDT,USDT,,8.0,0.01,2026-05-31 22:09:58.758659,20260531
KuCoin,ACEUSDTM,ACE,USDT,USDT,,4.0,0.0001,2026-05-31 22:09:58.758659,20260531
KuCoin,ACHUSDTM,ACH,USDT,USDT,,8.0,1e-06,2026-05-31 22:09:58.758659,20260531
KuCoin,ACTSOLUSDTM,ACTSOL,USDT,USDT,,4.0,1e-05,2026-05-31 22:09:58.758659,20260531
KuCoin,ACUUSDTM,ACU,USDT,USDT,,4.0,1e-05,2026-05-31 22:09:58.758659,20260531
KuCoin,ADAUSDTM,ADA,USDT,USDT,,8.0,1e-05,2026-05-31 22:09:58.758659,20260531
KuCoin,AERGOUSDTM,AERGO,USDT,USDT,,4.0,1e-05,2026-05-31 22:09:58.758659,20260531
KuCoin,AEROUSDTM,AERO,USDT,USDT,,4.0,0.0001,2026-05-31 22:09:58.758659,20260531
KuCoin,AEVOUSDTM,AEVO,USDT,USDT,,4.0,1e-05,2026-05-31 22:09:58.758659,20260531
KuCoin,AGIUSDTM,AGI,USDT,USDT,,8.0,1e-05,2026-05-31 22:09:58.758659,20260531
KuCoin,AGLDUSDTM,AGLD,USDT,USDT,,8.0,0.0001,2026-05-31 22:09:58.758659,20260531
KuCoin,AGTUSDTM,AGT,USDT,USDT,,4.0,1e-06,2026-05-31 22:09:58.758659,20260531
KuCoin,AIGENSYNUSDTM,AIGENSYN,USDT,USDT,,4.0,1e-05,2026-05-31 22:09:58.758659,20260531
KuCoin,AINUSDTM,AIN,USDT,USDT,,4.0,1e-05,2026-05-31 22:09:58.758659,20260531
KuCoin,AIOTUSDTM,AIOT,USDT,USDT,,4.0,1e-05,2026-05-31 22:09:58.758659,20260531
KuCoin,AIOUSDTM,AIO,USDT,USDT,,4.0,1e-05,2026-05-31 22:09:58.758659,20260531
KuCoin,AIXBTUSDTM,AIXBT,USDT,USDT,,4.0,1e-05,2026-05-31 22:09:58.758659,20260531
KuCoin,AKEUSDTM,AKE,USDT,USDT,,4.0,1e-08,2026-05-31 22:09:58.758659,20260531
KuCoin,ALCHUSDTM,ALCH,USDT,USDT,,4.0,1e-05,2026-05-31 22:09:58.758659,20260531
KuCoin,ALGOUSDTM,ALGO,USDT,USDT,,8.0,1e-05,2026-05-31 22:09:58.758659,20260531
KuCoin,ALICEUSDTM,ALICE,USDT,USDT,,4.0,0.0001,2026-05-31 22:09:58.758659,20260531
KuCoin,ALLOUSDTM,ALLO,USDT,USDT,,4.0,0.0001,2026-05-31 22:09:58.758659,20260531
KuCoin,ALPINEUSDTM,ALPINE,USDT,USDT,,4.0,0.0001,2026-05-31 22:09:58.758659,20260531
KuCoin,ALTUSDTM,ALT,USDT,USDT,,4.0,1e-05,2026-05-31 22:09:58.758659,20260531
KuCoin,AMDUSDTM,AMD,USDT,USDT,,8.0,0.01,2026-05-31 22:09:58.758659,20260531
KuCoin,AMZNUSDTM,AMZN,USDT,USDT,,8.0,0.01,2026-05-31 22:09:58.758659,20260531
KuCoin,ANIMEUSDTM,ANIME,USDT,USDT,,4.0,1e-06,2026-05-31 22:09:58.758659,20260531
KuCoin,ANKRUSDTM,ANKR,USDT,USDT,,4.0,1e-05,2026-05-31 22:09:58.758659,20260531
KuCoin,APEUSDTM,APE,USDT,USDT,,8.0,0.0001,2026-05-31 22:09:58.758659,20260531
KuCoin,API3USDTM,API3,USDT,USDT,,4.0,0.0001,2026-05-31 22:09:58.758659,20260531
KuCoin,APLDUSDTM,APLD,USDT,USDT,,8.0,0.01,2026-05-31 22:09:58.758659,20260531
KuCoin,APRUSDTM,APR,USDT,USDT,,4.0,1e-05,2026-05-31 22:09:58.758659,20260531
KuCoin,APTUSDTM,APT,USDT,USDT,,8.0,0.0001,2026-05-31 22:09:58.758659,20260531
KuCoin,ARBUSDTM,ARB,USDT,USDT,,8.0,0.0001,2026-05-31 22:09:58.758659,20260531
KuCoin,ARCUSDTM,ARC,USDT,USDT,,4.0,1e-06,2026-05-31 22:09:58.758659,20260531
KuCoin,ARIAUSDTM,ARIA,USDT,USDT,,4.0,1e-05,2026-05-31 22:09:58.758659,20260531
KuCoin,ARKMUSDTM,ARKM,USDT,USDT,,8.0,0.0001,2026-05-31 22:09:58.758659,20260531
KuCoin,ARKUSDTM,ARK,USDT,USDT,,4.0,0.0001,2026-05-31 22:09:58.758659,20260531
KuCoin,ARMUSDTM,ARM,USDT,USDT,,8.0,0.01,2026-05-31 22:09:58.758659,20260531
KuCoin,ARPAUSDTM,ARPA,USDT,USDT,,8.0,1e-06,2026-05-31 22:09:58.758659,20260531
KuCoin,ARUSDTM,AR,USDT,USDT,,8.0,0.001,2026-05-31 22:09:58.758659,20260531
KuCoin,ASMLUSDTM,ASML,USDT,USDT,,8.0,0.01,2026-05-31 22:09:58.758659,20260531
KuCoin,ASPUSDTM,ASP,USDT,USDT,,4.0,1e-05,2026-05-31 22:09:58.758659,20260531
KuCoin,ASRUSDTM,ASR,USDT,USDT,,4.0,0.001,2026-05-31 22:09:58.758659,20260531
KuCoin,ASTERUSDTM,ASTER,USDT,USDT,,4.0,1e-05,2026-05-31 22:09:58.758659,20260531
KuCoin,ASTRUSDTM,ASTR,USDT,USDT,,8.0,1e-05,2026-05-31 22:09:58.758659,20260531
KuCoin,ASTSUSDTM,ASTS,USDT,USDT,,8.0,0.01,2026-05-31 22:09:58.758659,20260531
KuCoin,ATHUSDTM,ATH,USDT,USDT,,4.0,1e-05,2026-05-31 22:09:58.758659,20260531
KuCoin,ATOMUSDTM,ATOM,USDT,USDT,,8.0,0.001,2026-05-31 22:09:58.758659,20260531
KuCoin,ATUSDTM,AT,USDT,USDT,,4.0,0.0001,2026-05-31 22:09:58.758659,20260531
KuCoin,AUCTIONUSDTM,AUCTION,USDT,USDT,,4.0,0.001,2026-05-31 22:09:58.758659,20260531
KuCoin,AUSDTM,A,USDT,USDT,,4.0,1e-05,2026-05-31 22:09:58.758659,20260531
KuCoin,AVAAIUSDTM,AVAAI,USDT,USDT,,4.0,1e-05,2026-05-31 22:09:58.758659,20260531
KuCoin,AVAUSDTM,AVA,USDT,USDT,,4.0,0.0001,2026-05-31 22:09:58.758659,20260531
KuCoin,AVAXUSDTM,AVAX,USDT,USDT,,8.0,0.001,2026-05-31 22:09:58.758659,20260531
KuCoin,AVGOUSDTM,AVGO,USDT,USDT,,8.0,0.01,2026-05-31 22:09:58.758659,20260531
KuCoin,AVNTUSDTM,AVNT,USDT,USDT,,4.0,1e-05,2026-05-31 22:09:58.758659,20260531
KuCoin,AWEUSDTM,AWE,USDT,USDT,,4.0,1e-05,2026-05-31 22:09:58.758659,20260531
KuCoin,AXLUSDTM,AXL,USDT,USDT,,4.0,1e-05,2026-05-31 22:09:58.758659,20260531
KuCoin,AXSUSDTM,AXS,USDT,USDT,,4.0,0.001,2026-05-31 22:09:58.758659,20260531
KuCoin,AZTECUSDTM,AZTEC,USDT,USDT,,4.0,1e-05,2026-05-31 22:09:58.758659,20260531
KuCoin,B2USDTM,B2,USDT,USDT,,4.0,0.0001,2026-05-31 22:09:58.758659,20260531
KuCoin,BABAUSDTM,BABA,USDT,USDT,,8.0,0.01,2026-05-31 22:09:58.758659,20260531
KuCoin,BABYUSDTM,BABY,USDT,USDT,,4.0,1e-05,2026-05-31 22:09:58.758659,20260531
KuCoin,BANANAS31USDTM,BANANAS31,USDT,USDT,,4.0,1e-06,2026-05-31 22:09:58.758659,20260531
KuCoin,BANANAUSDTM,BANANA,USDT,USDT,,4.0,0.001,2026-05-31 22:09:58.758659,20260531
KuCoin,BANDUSDTM,BAND,USDT,USDT,,8.0,0.0001,2026-05-31 22:09:58.758659,20260531
KuCoin,BANKUSDTM,BANK,USDT,USDT,,4.0,1e-05,2026-05-31 22:09:58.758659,20260531
KuCoin,BANUSDTM,BAN,USDT,USDT,,4.0,1e-05,2026-05-31 22:09:58.758659,20260531
KuCoin,BARDUSDTM,BARD,USDT,USDT,,4.0,1e-05,2026-05-31 22:09:58.758659,20260531
KuCoin,BASEDUSDTM,BASED,USDT,USDT,,4.0,1e-05,2026-05-31 22:09:58.758659,20260531
KuCoin,BASUSDTM,BAS,USDT,USDT,,4.0,1e-06,2026-05-31 22:09:58.758659,20260531
KuCoin,BATUSDTM,BAT,USDT,USDT,,8.0,0.0001,2026-05-31 22:09:58.758659,20260531
KuCoin,BBUSDTM,BB,USDT,USDT,,4.0,1e-05,2026-05-31 22:09:58.758659,20260531
KuCoin,BCHUSDTM,BCH,USDT,USDT,,8.0,0.01,2026-05-31 22:09:58.758659,20260531
KuCoin,BDXUSDTM,BDX,USDT,USDT,,4.0,1e-05,2026-05-31 22:09:58.758659,20260531
KuCoin,BEATUSDTM,BEAT,USDT,USDT,,4.0,1e-05,2026-05-31 22:09:58.758659,20260531
KuCoin,BELUSDTM,BEL,USDT,USDT,,8.0,0.0001,2026-05-31 22:09:58.758659,20260531
KuCoin,BERAUSDTM,BERA,USDT,USDT,,4.0,0.0001,2026-05-31 22:09:58.758659,20260531
KuCoin,BEUSDTM,BE,USDT,USDT,,8.0,0.01,2026-05-31 22:09:58.758659,20260531
KuCoin,BIGTIMEUSDTM,BIGTIME,USDT,USDT,,4.0,1e-05,2026-05-31 22:09:58.758659,20260531
KuCoin,BILLUSDTM,BILL,USDT,USDT,,4.0,1e-06,2026-05-31 22:09:58.758659,20260531
KuCoin,BINANCELIFEUSDTM,BINANCELIFE,USDT,USDT,,4.0,1e-05,2026-05-31 22:09:58.758659,20260531
KuCoin,BIOUSDTM,BIO,USDT,USDT,,4.0,1e-05,2026-05-31 22:09:58.758659,20260531
KuCoin,BIRBUSDTM,BIRB,USDT,USDT,,4.0,1e-05,2026-05-31 22:09:58.758659,20260531
KuCoin,BLASTUSDTM,BLAST,USDT,USDT,,8.0,1e-07,2026-05-31 22:09:58.758659,20260531
KuCoin,BLENDUSDTM,BLEND,USDT,USDT,,4.0,1e-05,2026-05-31 22:09:58.758659,20260531
KuCoin,BLESSUSDTM,BLESS,USDT,USDT,,4.0,1e-06,2026-05-31 22:09:58.758659,20260531
KuCoin,BLUAIUSDTM,BLUAI,USDT,USDT,,4.0,1e-05,2026-05-31 22:09:58.758659,20260531
KuCoin,BLURUSDTM,BLUR,USDT,USDT,,4.0,1e-05,2026-05-31 22:09:58.758659,20260531
KuCoin,BMNRUSDTM,BMNR,USDT,USDT,,8.0,0.01,2026-05-31 22:09:58.758659,20260531
KuCoin,BMTUSDTM,BMT,USDT,USDT,,4.0,1e-05,2026-05-31 22:09:58.758659,20260531
KuCoin,BNBUSDTM,BNB,USDT,USDT,,8.0,0.01,2026-05-31 22:09:58.758659,20260531
KuCoin,BNTUSDTM,BNT,USDT,USDT,,8.0,0.0001,2026-05-31 22:09:58.758659,20260531
KuCoin,BOMEUSDTM,BOME,USDT,USDT,,4.0,1e-07,2026-05-31 22:09:58.758659,20260531
KuCoin,BPUSDTM,BP,USDT,USDT,,8.0,1e-05,2026-05-31 22:09:58.758659,20260531
KuCoin,BRETTUSDTM,BRETT,USDT,USDT,,4.0,1e-05,2026-05-31 22:09:58.758659,20260531
KuCoin,BREVUSDTM,BREV,USDT,USDT,,4.0,0.0001,2026-05-31 22:09:58.758659,20260531
KuCoin,BRKBUSDTM,BRKB,USDT,USDT,,8.0,0.01,2026-05-31 22:09:58.758659,20260531
KuCoin,BROCCOLI714USDTM,BROCCOLI714,USDT,USDT,,4.0,1e-05,2026-05-31 22:09:58.758659,20260531
KuCoin,BRUSDTM,BR,USDT,USDT,,4.0,1e-05,2026-05-31 22:09:58.758659,20260531
KuCoin,BSBUSDTM,BSB,USDT,USDT,,4.0,1e-05,2026-05-31 22:09:58.758659,20260531
KuCoin,BSVUSDTM,BSV,USDT,USDT,,4.0,0.01,2026-05-31 22:09:58.758659,20260531
KuCoin,BTRUSDTM,BTR,USDT,USDT,,4.0,1e-05,2026-05-31 22:09:58.758659,20260531
KuCoin,BUSDTM,B,USDT,USDT,,4.0,1e-05,2026-05-31 22:09:58.758659,20260531
KuCoin,BZUSDTM,BZ,USDT,USDT,,4.0,0.01,2026-05-31 22:09:58.758659,20260531
KuCoin,C98USDTM,C98,USDT,USDT,,8.0,1e-05,2026-05-31 22:09:58.758659,20260531
KuCoin,CAKEUSDTM,CAKE,USDT,USDT,,4.0,0.0001,2026-05-31 22:09:58.758659,20260531
KuCoin,CARVUSDTM,CARV,USDT,USDT,,4.0,0.0001,2026-05-31 22:09:58.758659,20260531
KuCoin,CATIUSDTM,CATI,USDT,USDT,,4.0,1e-05,2026-05-31 22:09:58.758659,20260531
KuCoin,CBRSUSDTM,CBRS,USDT,USDT,,8.0,0.01,2026-05-31 22:09:58.758659,20260531
KuCoin,CCUSDTM,CC,USDT,USDT,,4.0,1e-05,2026-05-31 22:09:58.758659,20260531
KuCoin,CELOUSDTM,CELO,USDT,USDT,,8.0,0.0001,2026-05-31 22:09:58.758659,20260531
KuCoin,CELRUSDTM,CELR,USDT,USDT,,8.0,1e-06,2026-05-31 22:09:58.758659,20260531
KuCoin,CETUSUSDTM,CETUS,USDT,USDT,,4.0,1e-05,2026-05-31 22:09:58.758659,20260531
KuCoin,CFGUSDTM,CFG,USDT,USDT,,4.0,0.0001,2026-05-31 22:09:58.758659,20260531
KuCoin,CFXUSDTM,CFX,USDT,USDT,,8.0,1e-05,2026-05-31 22:09:58.758659,20260531
KuCoin,CGPTUSDTM,CGPT,USDT,USDT,,4.0,1e-05,2026-05-31 22:09:58.758659,20260531
KuCoin,CHILLGUYUSDTM,CHILLGUY,USDT,USDT,,4.0,1e-05,2026-05-31 22:09:58.758659,20260531
KuCoin,CHIPUSDTM,CHIP,USDT,USDT,,4.0,1e-05,2026-05-31 22:09:58.758659,20260531
KuCoin,CHRUSDTM,CHR,USDT,USDT,,8.0,1e-05,2026-05-31 22:09:58.758659,20260531
KuCoin,CHZUSDTM,CHZ,USDT,USDT,,8.0,1e-05,2026-05-31 22:09:58.758659,20260531
KuCoin,CKBUSDTM,CKB,USDT,USDT,,8.0,1e-06,2026-05-31 22:09:58.758659,20260531
KuCoin,CLANKERUSDTM,CLANKER,USDT,USDT,,4.0,0.01,2026-05-31 22:09:58.758659,20260531
KuCoin,CLOUSDTM,CLO,USDT,USDT,,4.0,1e-05,2026-05-31 22:09:58.758659,20260531
KuCoin,CLUSDTM,CL,USDT,USDT,,4.0,0.001,2026-05-31 22:09:58.758659,20260531
KuCoin,COAIUSDTM,COAI,USDT,USDT,,4.0,1e-05,2026-05-31 22:09:58.758659,20260531
KuCoin,COHRUSDTM,COHR,USDT,USDT,,8.0,0.1,2026-05-31 22:09:58.758659,20260531
KuCoin,COINUSDTM,COIN,USDT,USDT,,8.0,0.01,2026-05-31 22:09:58.758659,20260531
KuCoin,COLLECTUSDTM,COLLECT,USDT,USDT,,4.0,1e-05,2026-05-31 22:09:58.758659,20260531
KuCoin,COMPUSDTM,COMP,USDT,USDT,,8.0,0.01,2026-05-31 22:09:58.758659,20260531
KuCoin,COOKIEUSDTM,COOKIE,USDT,USDT,,4.0,1e-05,2026-05-31 22:09:58.758659,20260531
KuCoin,COPPERUSDTM,COPPER,USDT,USDT,,4.0,0.001,2026-05-31 22:09:58.758659,20260531
KuCoin,COSTUSDTM,COST,USDT,USDT,,8.0,0.1,2026-05-31 22:09:58.758659,20260531
KuCoin,COTIUSDTM,COTI,USDT,USDT,,8.0,1e-05,2026-05-31 22:09:58.758659,20260531
KuCoin,COWUSDTM,COW,USDT,USDT,,4.0,0.0001,2026-05-31 22:09:58.758659,20260531
KuCoin,CRCLUSDTM,CRCL,USDT,USDT,,8.0,0.01,2026-05-31 22:09:58.758659,20260531
KuCoin,CROSSUSDTM,CROSS,USDT,USDT,,4.0,1e-05,2026-05-31 22:09:58.758659,20260531
KuCoin,CROUSDTM,CRO,USDT,USDT,,8.0,1e-05,2026-05-31 22:09:58.758659,20260531
KuCoin,CRVUSDTM,CRV,USDT,USDT,,8.0,0.0001,2026-05-31 22:09:58.758659,20260531
KuCoin,CRWVUSDTM,CRWV,USDT,USDT,,8.0,0.01,2026-05-31 22:09:58.758659,20260531
KuCoin,CSCOUSDTM,CSCO,USDT,USDT,,8.0,0.01,2026-05-31 22:09:58.758659,20260531
KuCoin,CTCUSDTM,CTC,USDT,USDT,,4.0,0.0001,2026-05-31 22:09:58.758659,20260531
KuCoin,CTRUSDTM,CTR,USDT,USDT,,4.0,1e-05,2026-05-31 22:09:58.758659,20260531
KuCoin,CTSIUSDTM,CTSI,USDT,USDT,,8.0,1e-05,2026-05-31 22:09:58.758659,20260531
KuCoin,CUSDTM,C,USDT,USDT,,4.0,1e-05,2026-05-31 22:09:58.758659,20260531
KuCoin,CVCUSDTM,CVC,USDT,USDT,,4.0,1e-05,2026-05-31 22:09:58.758659,20260531
KuCoin,CVXUSDTM,CVX,USDT,USDT,,4.0,0.001,2026-05-31 22:09:58.758659,20260531
KuCoin,CYBERUSDTM,CYBER,USDT,USDT,,4.0,0.001,2026-05-31 22:09:58.758659,20260531
KuCoin,CYSUSDTM,CYS,USDT,USDT,,4.0,0.0001,2026-05-31 22:09:58.758659,20260531
KuCoin,DASHUSDTM,DASH,USDT,USDT,,8.0,0.01,2026-05-31 22:09:58.758659,20260531
KuCoin,DEEPUSDTM,DEEP,USDT,USDT,,4.0,1e-05,2026-05-31 22:09:58.758659,20260531
KuCoin,DELLUSDTM,DELL,USDT,USDT,,8.0,0.01,2026-05-31 22:09:58.758659,20260531
KuCoin,DISUSDTM,DIS,USDT,USDT,,8.0,0.01,2026-05-31 22:09:58.758659,20260531
KuCoin,DODOUSDTM,DODO,USDT,USDT,,4.0,1e-05,2026-05-31 22:09:58.758659,20260531
KuCoin,DOGEUSDCM,DOGE,USDC,USDC,,8.0,1e-05,2026-05-31 22:09:58.758659,20260531
KuCoin,DOGEUSDM,DOGE,USD,DOGE,,8.0,1e-05,2026-05-31 22:09:58.758659,20260531
KuCoin,DOGSUSDTM,DOGS,USDT,USDT,,4.0,1e-08,2026-05-31 22:09:58.758659,20260531
KuCoin,DOGUSDTM,DOG,USDT,USDT,,,1e-06,2026-05-31 22:09:58.758659,20260531
KuCoin,DOLOUSDTM,DOLO,USDT,USDT,,4.0,1e-05,2026-05-31 22:09:58.758659,20260531
KuCoin,DOODUSDTM,DOOD,USDT,USDT,,4.0,1e-06,2026-05-31 22:09:58.758659,20260531
KuCoin,DOTUSDM,DOT,USD,DOT,,8.0,0.001,2026-05-31 22:09:58.758659,20260531
KuCoin,DOTUSDTM,DOT,USDT,USDT,,8.0,0.001,2026-05-31 22:09:58.758659,20260531
KuCoin,DRAMUSDTM,DRAM,USDT,USDT,,8.0,0.01,2026-05-31 22:09:58.758659,20260531
KuCoin,DRIFTUSDTM,DRIFT,USDT,USDT,,4.0,1e-05,2026-05-31 22:09:58.758659,20260531
KuCoin,DUSDTM,D,USDT,USDT,,4.0,1e-05,2026-05-31 22:09:58.758659,20260531
KuCoin,DUSKUSDTM,DUSK,USDT,USDT,,4.0,1e-05,2026-05-31 22:09:58.758659,20260531
KuCoin,DYDXUSDTM,DYDX,USDT,USDT,,8.0,0.0001,2026-05-31 22:09:58.758659,20260531
KuCoin,DYMUSDTM,DYM,USDT,USDT,,4.0,1e-05,2026-05-31 22:09:58.758659,20260531
KuCoin,EDENUSDTM,EDEN,USDT,USDT,,4.0,1e-05,2026-05-31 22:09:58.758659,20260531
KuCoin,EDGEUSDTM,EDGE,USDT,USDT,,4.0,0.0001,2026-05-31 22:09:58.758659,20260531
KuCoin,EDUUSDTM,EDU,USDT,USDT,,8.0,1e-05,2026-05-31 22:09:58.758659,20260531
KuCoin,EGLDUSDTM,EGLD,USDT,USDT,,8.0,0.001,2026-05-31 22:09:58.758659,20260531
KuCoin,EIGENUSDTM,EIGEN,USDT,USDT,,4.0,0.0001,2026-05-31 22:09:58.758659,20260531
KuCoin,ELSAUSDTM,ELSA,USDT,USDT,,4.0,1e-05,2026-05-31 22:09:58.758659,20260531
KuCoin,ENAUSDTM,ENA,USDT,USDT,,4.0,1e-05,2026-05-31 22:09:58.758659,20260531
KuCoin,ENJUSDTM,ENJ,USDT,USDT,,4.0,1e-05,2026-05-31 22:09:58.758659,20260531
KuCoin,ENSOUSDTM,ENSO,USDT,USDT,,4.0,0.0001,2026-05-31 22:09:58.758659,20260531
KuCoin,ENSUSDTM,ENS,USDT,USDT,,8.0,0.001,2026-05-31 22:09:58.758659,20260531
KuCoin,ERAUSDTM,ERA,USDT,USDT,,4.0,1e-05,2026-05-31 22:09:58.758659,20260531
KuCoin,ESPORTSUSDTM,ESPORTS,USDT,USDT,,4.0,0.0001,2026-05-31 22:09:58.758659,20260531
KuCoin,ESPUSDTM,ESP,USDT,USDT,,4.0,1e-05,2026-05-31 22:09:58.758659,20260531
KuCoin,ESUSDTM,ES,USDT,USDT,,4.0,0.0001,2026-05-31 22:09:58.758659,20260531
KuCoin,ETCUSDTM,ETC,USDT,USDT,,8.0,0.001,2026-05-31 22:09:58.758659,20260531
KuCoin,ETHBTCUSDTM,ETHBTC,USDT,USDT,,8.0,1e-06,2026-05-31 22:09:58.758659,20260531
KuCoin,ETHFIUSDTM,ETHFI,USDT,USDT,,4.0,0.0001,2026-05-31 22:09:58.759656,20260531
KuCoin,ETHUSDCM,ETH,USDC,USDC,,8.0,0.01,2026-05-31 22:09:58.759656,20260531
KuCoin,ETHUSDM,ETH,USD,ETH,,8.0,0.01,2026-05-31 22:09:58.759656,20260531
KuCoin,EULUSDTM,EUL,USDT,USDT,,4.0,0.0001,2026-05-31 22:09:58.759656,20260531
KuCoin,EVAAUSDTM,EVAA,USDT,USDT,,4.0,0.0001,2026-05-31 22:09:58.759656,20260531
KuCoin,EWJUSDTM,EWJ,USDT,USDT,,8.0,0.01,2026-05-31 22:09:58.759656,20260531
KuCoin,EWYUSDTM,EWY,USDT,USDT,,8.0,0.01,2026-05-31 22:09:58.759656,20260531
KuCoin,FARTCOINUSDTM,FARTCOIN,USDT,USDT,,4.0,0.0001,2026-05-31 22:09:58.759656,20260531
KuCoin,FETUSDTM,FET,USDT,USDT,,8.0,0.0001,2026-05-31 22:09:58.759656,20260531
KuCoin,FFUSDTM,FF,USDT,USDT,,4.0,1e-05,2026-05-31 22:09:58.759656,20260531
KuCoin,FHEUSDTM,FHE,USDT,USDT,,4.0,1e-05,2026-05-31 22:09:58.759656,20260531
KuCoin,FIGHTUSDTM,FIGHT,USDT,USDT,,4.0,1e-06,2026-05-31 22:09:58.759656,20260531
KuCoin,FILUSDTM,FIL,USDT,USDT,,8.0,0.0001,2026-05-31 22:09:58.759656,20260531
KuCoin,FLNCUSDTM,FLNC,USDT,USDT,,8.0,0.01,2026-05-31 22:09:58.759656,20260531
KuCoin,FLOCKUSDTM,FLOCK,USDT,USDT,,4.0,1e-05,2026-05-31 22:09:58.759656,20260531
KuCoin,FLOKIUSDTM,FLOKI,USDT,USDT,,8.0,1e-09,2026-05-31 22:09:58.759656,20260531
KuCoin,FLOWUSDTM,FLOW,USDT,USDT,,4.0,1e-05,2026-05-31 22:09:58.759656,20260531
KuCoin,FLUIDUSDTM,FLUID,USDT,USDT,,4.0,0.001,2026-05-31 22:09:58.759656,20260531
KuCoin,FLUXUSDTM,FLUX,USDT,USDT,,4.0,1e-05,2026-05-31 22:09:58.759656,20260531
KuCoin,FOGOUSDTM,FOGO,USDT,USDT,,4.0,1e-05,2026-05-31 22:09:58.759656,20260531
KuCoin,FOLKSUSDTM,FOLKS,USDT,USDT,,4.0,0.001,2026-05-31 22:09:58.759656,20260531
KuCoin,FORMUSDTM,FORM,USDT,USDT,,4.0,0.0001,2026-05-31 22:09:58.759656,20260531
KuCoin,FRAXUSDTM,FRAX,USDT,USDT,,4.0,0.0001,2026-05-31 22:09:58.759656,20260531
KuCoin,FTTUSDTM,FTT,USDT,USDT,,8.0,0.0001,2026-05-31 22:09:58.759656,20260531
KuCoin,FUSDTM,F,USDT,USDT,,4.0,1e-06,2026-05-31 22:09:58.759656,20260531
KuCoin,GALAUSDTM,GALA,USDT,USDT,,8.0,1e-06,2026-05-31 22:09:58.759656,20260531
KuCoin,GASUSDTM,GAS,USDT,USDT,,4.0,0.001,2026-05-31 22:09:58.759656,20260531
KuCoin,GENIUSUSDTM,GENIUS,USDT,USDT,,4.0,1e-05,2026-05-31 22:09:58.759656,20260531
KuCoin,GIGGLEUSDTM,GIGGLE,USDT,USDT,,4.0,0.01,2026-05-31 22:09:58.759656,20260531
KuCoin,GLMRUSDTM,GLMR,USDT,USDT,,8.0,1e-05,2026-05-31 22:09:58.759656,20260531
KuCoin,GLWUSDTM,GLW,USDT,USDT,,8.0,0.01,2026-05-31 22:09:58.759656,20260531
KuCoin,GMTUSDTM,GMT,USDT,USDT,,4.0,1e-05,2026-05-31 22:09:58.759656,20260531
KuCoin,GMXUSDTM,GMX,USDT,USDT,,8.0,0.01,2026-05-31 22:09:58.759656,20260531
KuCoin,GOATUSDTM,GOAT,USDT,USDT,,4.0,1e-05,2026-05-31 22:09:58.759656,20260531
KuCoin,GOOGLUSDTM,GOOGL,USDT,USDT,,8.0,0.01,2026-05-31 22:09:58.759656,20260531
KuCoin,GPSUSDTM,GPS,USDT,USDT,,4.0,1e-05,2026-05-31 22:09:58.759656,20260531
KuCoin,GRASSUSDTM,GRASS,USDT,USDT,,4.0,0.0001,2026-05-31 22:09:58.759656,20260531
KuCoin,GRIFFAINUSDTM,GRIFFAIN,USDT,USDT,,4.0,1e-05,2026-05-31 22:09:58.759656,20260531
KuCoin,GRTUSDTM,GRT,USDT,USDT,,8.0,1e-05,2026-05-31 22:09:58.759656,20260531
KuCoin,GTCUSDTM,GTC,USDT,USDT,,8.0,0.0001,2026-05-31 22:09:58.759656,20260531
KuCoin,GUAUSDTM,GUA,USDT,USDT,,4.0,1e-05,2026-05-31 22:09:58.759656,20260531
KuCoin,GUNUSDTM,GUN,USDT,USDT,,4.0,1e-05,2026-05-31 22:09:58.759656,20260531
KuCoin,GUSDTM,G,USDT,USDT,,4.0,1e-06,2026-05-31 22:09:58.759656,20260531
KuCoin,GWEIUSDTM,GWEI,USDT,USDT,,4.0,1e-06,2026-05-31 22:09:58.759656,20260531
KuCoin,HAEDALUSDTM,HAEDAL,USDT,USDT,,4.0,1e-05,2026-05-31 22:09:58.759656,20260531
KuCoin,HANAUSDTM,HANA,USDT,USDT,,4.0,1e-05,2026-05-31 22:09:58.759656,20260531
KuCoin,HBARUSDTM,HBAR,USDT,USDT,,8.0,1e-05,2026-05-31 22:09:58.759656,20260531
KuCoin,HDUSDTM,HD,USDT,USDT,,8.0,0.01,2026-05-31 22:09:58.759656,20260531
KuCoin,HEIUSDTM,HEI,USDT,USDT,,4.0,0.0001,2026-05-31 22:09:58.759656,20260531
KuCoin,HEMIUSDTM,HEMI,USDT,USDT,,4.0,1e-06,2026-05-31 22:09:58.759656,20260531
KuCoin,HFTUSDTM,HFT,USDT,USDT,,8.0,1e-05,2026-05-31 22:09:58.759656,20260531
KuCoin,HIGHUSDTM,HIGH,USDT,USDT,,8.0,0.0001,2026-05-31 22:09:58.759656,20260531
KuCoin,HIMSUSDTM,HIMS,USDT,USDT,,8.0,0.01,2026-05-31 22:09:58.759656,20260531
KuCoin,HIVEUSDTM,HIVE,USDT,USDT,,1.0,0.0001,2026-05-31 22:09:58.759656,20260531
KuCoin,HMSTRUSDTM,HMSTR,USDT,USDT,,4.0,1e-07,2026-05-31 22:09:58.759656,20260531
KuCoin,HOLOUSDTM,HOLO,USDT,USDT,,4.0,1e-05,2026-05-31 22:09:58.759656,20260531
KuCoin,HOMEUSDTM,HOME,USDT,USDT,,4.0,1e-06,2026-05-31 22:09:58.759656,20260531
KuCoin,HOODUSDTM,HOOD,USDT,USDT,,8.0,0.01,2026-05-31 22:09:58.759656,20260531
KuCoin,HOTUSDTM,HOT,USDT,USDT,,8.0,1e-07,2026-05-31 22:09:58.759656,20260531
KuCoin,HUMAUSDTM,HUMA,USDT,USDT,,4.0,1e-06,2026-05-31 22:09:58.759656,20260531
KuCoin,HUSDTM,H,USDT,USDT,,4.0,1e-05,2026-05-31 22:09:58.759656,20260531
KuCoin,HYPERUSDTM,HYPER,USDT,USDT,,4.0,1e-05,2026-05-31 22:09:58.759656,20260531
KuCoin,HYPEUSDTM,HYPE,USDT,USDT,,4.0,0.001,2026-05-31 22:09:58.759656,20260531
KuCoin,IBMUSDTM,IBM,USDT,USDT,,8.0,0.01,2026-05-31 22:09:58.759656,20260531
KuCoin,ICNTUSDTM,ICNT,USDT,USDT,,4.0,1e-05,2026-05-31 22:09:58.759656,20260531
KuCoin,ICPUSDTM,ICP,USDT,USDT,,8.0,0.001,2026-05-31 22:09:58.759656,20260531
KuCoin,ICXUSDTM,ICX,USDT,USDT,,4.0,1e-05,2026-05-31 22:09:58.759656,20260531
KuCoin,IDOLUSDTM,IDOL,USDT,USDT,,4.0,1e-05,2026-05-31 22:09:58.759656,20260531
KuCoin,IDUSDTM,ID,USDT,USDT,,1.0,1e-05,2026-05-31 22:09:58.759656,20260531
KuCoin,ILVUSDTM,ILV,USDT,USDT,,4.0,0.001,2026-05-31 22:09:58.759656,20260531
KuCoin,IMXUSDTM,IMX,USDT,USDT,,4.0,0.0001,2026-05-31 22:09:58.759656,20260531
KuCoin,INFQUSDTM,INFQ,USDT,USDT,,8.0,0.01,2026-05-31 22:09:58.759656,20260531
KuCoin,INITUSDTM,INIT,USDT,USDT,,4.0,0.0001,2026-05-31 22:09:58.759656,20260531
KuCoin,INJUSDTM,INJ,USDT,USDT,,8.0,0.001,2026-05-31 22:09:58.759656,20260531
KuCoin,INTCUSDTM,INTC,USDT,USDT,,8.0,0.01,2026-05-31 22:09:58.759656,20260531
KuCoin,INUSDTM,IN,USDT,USDT,,4.0,1e-05,2026-05-31 22:09:58.759656,20260531
KuCoin,INXUSDTM,INX,USDT,USDT,,4.0,1e-06,2026-05-31 22:09:58.759656,20260531
KuCoin,IOTAUSDTM,IOTA,USDT,USDT,,8.0,0.0001,2026-05-31 22:09:58.759656,20260531
KuCoin,IOTXUSDTM,IOTX,USDT,USDT,,8.0,1e-05,2026-05-31 22:09:58.759656,20260531
KuCoin,IOUSDTM,IO,USDT,USDT,,4.0,0.0001,2026-05-31 22:09:58.759656,20260531
KuCoin,IPUSDTM,IP,USDT,USDT,,4.0,1e-05,2026-05-31 22:09:58.759656,20260531
KuCoin,IRYSUSDTM,IRYS,USDT,USDT,,4.0,1e-06,2026-05-31 22:09:58.759656,20260531
KuCoin,JASMYUSDTM,JASMY,USDT,USDT,,8.0,1e-06,2026-05-31 22:09:58.759656,20260531
KuCoin,JCTUSDTM,JCT,USDT,USDT,,4.0,1e-07,2026-05-31 22:09:58.759656,20260531
KuCoin,JELLYJELLYUSDTM,JELLYJELLY,USDT,USDT,,4.0,1e-06,2026-05-31 22:09:58.759656,20260531
KuCoin,JOEUSDTM,JOE,USDT,USDT,,8.0,1e-05,2026-05-31 22:09:58.759656,20260531
KuCoin,JPMUSDTM,JPM,USDT,USDT,,8.0,0.01,2026-05-31 22:09:58.759656,20260531
KuCoin,JTOUSDTM,JTO,USDT,USDT,,4.0,0.0001,2026-05-31 22:09:58.759656,20260531
KuCoin,JUPUSDTM,JUP,USDT,USDT,,4.0,0.0001,2026-05-31 22:09:58.759656,20260531
KuCoin,KAIAUSDTM,KAIA,USDT,USDT,,4.0,1e-05,2026-05-31 22:09:58.759656,20260531
KuCoin,KAITOUSDTM,KAITO,USDT,USDT,,4.0,0.0001,2026-05-31 22:09:58.759656,20260531
KuCoin,KASUSDTM,KAS,USDT,USDT,,4.0,1e-06,2026-05-31 22:09:58.759656,20260531
KuCoin,KATUSDTM,KAT,USDT,USDT,,4.0,1e-05,2026-05-31 22:09:58.759656,20260531
KuCoin,KAVAUSDTM,KAVA,USDT,USDT,,4.0,0.0001,2026-05-31 22:09:58.759656,20260531
KuCoin,KCSUSDTM,KCS,USDT,USDT,,8.0,0.001,2026-05-31 22:09:58.759656,20260531
KuCoin,KERNELUSDTM,KERNEL,USDT,USDT,,4.0,1e-05,2026-05-31 22:09:58.759656,20260531
KuCoin,KGENUSDTM,KGEN,USDT,USDT,,4.0,1e-05,2026-05-31 22:09:58.759656,20260531
KuCoin,KITEUSDTM,KITE,USDT,USDT,,4.0,1e-05,2026-05-31 22:09:58.759656,20260531
KuCoin,KNCUSDTM,KNC,USDT,USDT,,8.0,0.0001,2026-05-31 22:09:58.759656,20260531
KuCoin,KOMAUSDTM,KOMA,USDT,USDT,,4.0,1e-05,2026-05-31 22:09:58.759656,20260531
KuCoin,KSMUSDTM,KSM,USDT,USDT,,8.0,0.001,2026-05-31 22:09:58.759656,20260531
KuCoin,LABUSDTM,LAB,USDT,USDT,,4.0,1e-05,2026-05-31 22:09:58.759656,20260531
KuCoin,LAUSDTM,LA,USDT,USDT,,4.0,0.0001,2026-05-31 22:09:58.759656,20260531
KuCoin,LDOUSDTM,LDO,USDT,USDT,,8.0,0.0001,2026-05-31 22:09:58.759656,20260531
KuCoin,LIGHTUSDTM,LIGHT,USDT,USDT,,4.0,1e-05,2026-05-31 22:09:58.759656,20260531
KuCoin,LINEAUSDTM,LINEA,USDT,USDT,,4.0,1e-06,2026-05-31 22:09:58.759656,20260531
KuCoin,LINKUSDTM,LINK,USDT,USDT,,8.0,0.001,2026-05-31 22:09:58.759656,20260531
KuCoin,LISTAUSDTM,LISTA,USDT,USDT,,4.0,1e-05,2026-05-31 22:09:58.759656,20260531
KuCoin,LITEUSDTM,LITE,USDT,USDT,,8.0,0.01,2026-05-31 22:09:58.759656,20260531
KuCoin,LITUSDTM,LIT,USDT,USDT,,4.0,0.001,2026-05-31 22:09:58.759656,20260531
KuCoin,LLYUSDTM,LLY,USDT,USDT,,8.0,0.1,2026-05-31 22:09:58.759656,20260531
KuCoin,LPTUSDTM,LPT,USDT,USDT,,4.0,0.001,2026-05-31 22:09:58.759656,20260531
KuCoin,LQTYUSDTM,LQTY,USDT,USDT,,8.0,0.0001,2026-05-31 22:09:58.759656,20260531
KuCoin,LRCUSDTM,LRC,USDT,USDT,,1.0,1e-05,2026-05-31 22:09:58.759656,20260531
KuCoin,LTCUSDTM,LTC,USDT,USDT,,8.0,0.01,2026-05-31 22:09:58.759656,20260531
KuCoin,LUNAUSDTM,LUNA,USDT,USDT,,4.0,1e-05,2026-05-31 22:09:58.759656,20260531
KuCoin,LUNCUSDTM,LUNC,USDT,USDT,,8.0,1e-09,2026-05-31 22:09:58.759656,20260531
KuCoin,LYNUSDTM,LYN,USDT,USDT,,4.0,1e-05,2026-05-31 22:09:58.759656,20260531
KuCoin,MAGICUSDTM,MAGIC,USDT,USDT,,4.0,1e-05,2026-05-31 22:09:58.759656,20260531
KuCoin,MAGMAUSDTM,MAGMA,USDT,USDT,,4.0,1e-05,2026-05-31 22:09:58.759656,20260531
KuCoin,MANAUSDTM,MANA,USDT,USDT,,8.0,0.0001,2026-05-31 22:09:58.759656,20260531
KuCoin,MANTAUSDTM,MANTA,USDT,USDT,,4.0,0.0001,2026-05-31 22:09:58.759656,20260531
KuCoin,MANTRAUSDTM,MANTRA,USDT,USDT,,4.0,1e-05,2026-05-31 22:09:58.759656,20260531
KuCoin,MASKUSDTM,MASK,USDT,USDT,,4.0,0.0001,2026-05-31 22:09:58.759656,20260531
KuCoin,MAVIAUSDTM,MAVIA,USDT,USDT,,4.0,1e-05,2026-05-31 22:09:58.759656,20260531
KuCoin,MAVUSDTM,MAV,USDT,USDT,,8.0,1e-05,2026-05-31 22:09:58.759656,20260531
KuCoin,MBOXUSDTM,MBOX,USDT,USDT,,4.0,1e-05,2026-05-31 22:09:58.759656,20260531
KuCoin,MCDUSDTM,MCD,USDT,USDT,,8.0,0.01,2026-05-31 22:09:58.759656,20260531
KuCoin,MEGAUSDTM,MEGA,USDT,USDT,,4.0,1e-05,2026-05-31 22:09:58.759656,20260531
KuCoin,MELANIAUSDTM,MELANIA,USDT,USDT,,4.0,0.0001,2026-05-31 22:09:58.759656,20260531
KuCoin,MEMEUSDTM,MEME,USDT,USDT,,4.0,1e-06,2026-05-31 22:09:58.759656,20260531
KuCoin,MERLUSDTM,MERL,USDT,USDT,,4.0,1e-05,2026-05-31 22:09:58.759656,20260531
KuCoin,METAUSDTM,META,USDT,USDT,,8.0,0.01,2026-05-31 22:09:58.759656,20260531
KuCoin,METISUSDTM,METIS,USDT,USDT,,4.0,0.001,2026-05-31 22:09:58.759656,20260531
KuCoin,METUSDTM,MET,USDT,USDT,,4.0,0.0001,2026-05-31 22:09:58.759656,20260531
KuCoin,MEUSDTM,ME,USDT,USDT,,4.0,0.0001,2026-05-31 22:09:58.759656,20260531
KuCoin,MEWUSDTM,MEW,USDT,USDT,,4.0,1e-06,2026-05-31 22:09:58.759656,20260531
KuCoin,MINAUSDTM,MINA,USDT,USDT,,8.0,0.0001,2026-05-31 22:09:58.759656,20260531
KuCoin,MIRAUSDTM,MIRA,USDT,USDT,,4.0,1e-06,2026-05-31 22:09:58.759656,20260531
KuCoin,MITOUSDTM,MITO,USDT,USDT,,4.0,1e-05,2026-05-31 22:09:58.759656,20260531
KuCoin,MMTUSDTM,MMT,USDT,USDT,,4.0,1e-05,2026-05-31 22:09:58.759656,20260531
KuCoin,MOCAUSDTM,MOCA,USDT,USDT,,4.0,1e-05,2026-05-31 22:09:58.759656,20260531
KuCoin,MONUSDTM,MON,USDT,USDT,,4.0,1e-05,2026-05-31 22:09:58.759656,20260531
KuCoin,MOODENGUSDTM,MOODENG,USDT,USDT,,4.0,1e-05,2026-05-31 22:09:58.759656,20260531
KuCoin,MORPHOUSDTM,MORPHO,USDT,USDT,,4.0,0.0001,2026-05-31 22:09:58.759656,20260531
KuCoin,MOVEUSDTM,MOVE,USDT,USDT,,4.0,1e-05,2026-05-31 22:09:58.759656,20260531
KuCoin,MOVRUSDTM,MOVR,USDT,USDT,,4.0,0.001,2026-05-31 22:09:58.759656,20260531
KuCoin,MPUSDTM,MP,USDT,USDT,,8.0,0.01,2026-05-31 22:09:58.759656,20260531
KuCoin,MRVLUSDTM,MRVL,USDT,USDT,,8.0,0.01,2026-05-31 22:09:58.759656,20260531
KuCoin,MSFTUSDTM,MSFT,USDT,USDT,,8.0,0.01,2026-05-31 22:09:58.759656,20260531
KuCoin,MSTRUSDTM,MSTR,USDT,USDT,,8.0,0.01,2026-05-31 22:09:58.759656,20260531
KuCoin,MTLUSDTM,MTL,USDT,USDT,,8.0,0.0001,2026-05-31 22:09:58.759656,20260531
KuCoin,MUBARAKUSDTM,MUBARAK,USDT,USDT,,4.0,1e-05,2026-05-31 22:09:58.759656,20260531
KuCoin,MUSDTM,M,USDT,USDT,,4.0,1e-05,2026-05-31 22:09:58.759656,20260531
KuCoin,MUUSDTM,MU,USDT,USDT,,8.0,0.01,2026-05-31 22:09:58.759656,20260531
KuCoin,MYXUSDTM,MYX,USDT,USDT,,4.0,1e-05,2026-05-31 22:09:58.759656,20260531
KuCoin,NAORISUSDTM,NAORIS,USDT,USDT,,4.0,1e-05,2026-05-31 22:09:58.759656,20260531
KuCoin,NATGASUSDTM,NATGAS,USDT,USDT,,4.0,0.001,2026-05-31 22:09:58.759656,20260531
KuCoin,NBISUSDTM,NBIS,USDT,USDT,,8.0,0.01,2026-05-31 22:09:58.759656,20260531
KuCoin,NEARUSDTM,NEAR,USDT,USDT,,8.0,0.001,2026-05-31 22:09:58.759656,20260531
KuCoin,NEIROCTOUSDTM,NEIROCTO,USDT,USDT,,4.0,1e-07,2026-05-31 22:09:58.759656,20260531
KuCoin,NEOUSDTM,NEO,USDT,USDT,,8.0,0.001,2026-05-31 22:09:58.759656,20260531
KuCoin,NEWTUSDTM,NEWT,USDT,USDT,,4.0,1e-05,2026-05-31 22:09:58.759656,20260531
KuCoin,NEXUSDTM,NEX,USDT,USDT,,4.0,1e-09,2026-05-31 22:09:58.759656,20260531
KuCoin,NFLXUSDTM,NFLX,USDT,USDT,,4.0,0.01,2026-05-31 22:09:58.759656,20260531
KuCoin,NFPUSDTM,NFP,USDT,USDT,,4.0,1e-05,2026-05-31 22:09:58.759656,20260531
KuCoin,NIGHTUSDTM,NIGHT,USDT,USDT,,4.0,1e-07,2026-05-31 22:09:58.759656,20260531
KuCoin,NILUSDTM,NIL,USDT,USDT,,4.0,1e-05,2026-05-31 22:09:58.759656,20260531
KuCoin,NMRUSDTM,NMR,USDT,USDT,,4.0,0.001,2026-05-31 22:09:58.759656,20260531
KuCoin,NOKUSDTM,NOK,USDT,USDT,,8.0,0.01,2026-05-31 22:09:58.759656,20260531
KuCoin,NOMUSDTM,NOM,USDT,USDT,,4.0,1e-06,2026-05-31 22:09:58.759656,20260531
KuCoin,NOTUSDTM,NOT,USDT,USDT,,4.0,1e-07,2026-05-31 22:09:58.759656,20260531
KuCoin,NPCUSDTM,NPC,USDT,USDT,,4.0,1e-06,2026-05-31 22:09:58.759656,20260531
KuCoin,NVDAUSDTM,NVDA,USDT,USDT,,8.0,0.01,2026-05-31 22:09:58.759656,20260531
KuCoin,NXPCUSDTM,NXPC,USDT,USDT,,4.0,0.0001,2026-05-31 22:09:58.759656,20260531
KuCoin,OFCUSDTM,OFC,USDT,USDT,,4.0,1e-05,2026-05-31 22:09:58.759656,20260531
KuCoin,OGNUSDTM,OGN,USDT,USDT,,4.0,1e-05,2026-05-31 22:09:58.759656,20260531
KuCoin,OGUSDTM,OG,USDT,USDT,,4.0,0.0001,2026-05-31 22:09:58.759656,20260531
KuCoin,OKLOUSDTM,OKLO,USDT,USDT,,8.0,0.01,2026-05-31 22:09:58.759656,20260531
KuCoin,ONDOUSDTM,ONDO,USDT,USDT,,4.0,0.0001,2026-05-31 22:09:58.759656,20260531
KuCoin,ONEUSDTM,ONE,USDT,USDT,,8.0,1e-06,2026-05-31 22:09:58.759656,20260531
KuCoin,ONTUSDTM,ONT,USDT,USDT,,4.0,1e-05,2026-05-31 22:09:58.759656,20260531
KuCoin,ONUSDTM,ON,USDT,USDT,,4.0,1e-05,2026-05-31 22:09:58.759656,20260531
KuCoin,OPENAIUSDTM,OPENAI,USDT,USDT,,8.0,0.01,2026-05-31 22:09:58.759656,20260531
KuCoin,OPENUSDTM,OPEN,USDT,USDT,,4.0,1e-05,2026-05-31 22:09:58.759656,20260531
KuCoin,OPGUSDTM,OPG,USDT,USDT,,4.0,1e-05,2026-05-31 22:09:58.759656,20260531
KuCoin,OPNUSDTM,OPN,USDT,USDT,,4.0,0.0001,2026-05-31 22:09:58.759656,20260531
KuCoin,OPUSDTM,OP,USDT,USDT,,8.0,0.0001,2026-05-31 22:09:58.759656,20260531
KuCoin,ORBSUSDTM,ORBS,USDT,USDT,,4.0,1e-05,2026-05-31 22:09:58.759656,20260531
KuCoin,ORCAUSDTM,ORCA,USDT,USDT,,4.0,0.0001,2026-05-31 22:09:58.759656,20260531
KuCoin,ORCLUSDTM,ORCL,USDT,USDT,,8.0,0.01,2026-05-31 22:09:58.759656,20260531
KuCoin,ORDERUSDTM,ORDER,USDT,USDT,,4.0,1e-05,2026-05-31 22:09:58.759656,20260531
KuCoin,ORDIUSDTM,ORDI,USDT,USDT,,4.0,0.0001,2026-05-31 22:09:58.759656,20260531
KuCoin,PARTIUSDTM,PARTI,USDT,USDT,,4.0,1e-05,2026-05-31 22:09:58.759656,20260531
KuCoin,PAXGUSDTM,PAXG,USDT,USDT,,4.0,0.01,2026-05-31 22:09:58.759656,20260531
KuCoin,PAYPUSDTM,PAYP,USDT,USDT,,8.0,0.01,2026-05-31 22:09:58.759656,20260531
KuCoin,PENDLEUSDTM,PENDLE,USDT,USDT,,8.0,0.0001,2026-05-31 22:09:58.759656,20260531
KuCoin,PENGUUSDTM,PENGU,USDT,USDT,,4.0,1e-06,2026-05-31 22:09:58.759656,20260531
KuCoin,PEOPLEUSDTM,PEOPLE,USDT,USDT,,8.0,1e-05,2026-05-31 22:09:58.759656,20260531
KuCoin,PEPEUSDCM,PEPE,USDC,USDC,,8.0,1e-10,2026-05-31 22:09:58.759656,20260531
KuCoin,PHAUSDTM,PHA,USDT,USDT,,4.0,1e-05,2026-05-31 22:09:58.759656,20260531
KuCoin,PIEVERSEUSDTM,PIEVERSE,USDT,USDT,,4.0,1e-05,2026-05-31 22:09:58.759656,20260531
KuCoin,PIPPINUSDTM,PIPPIN,USDT,USDT,,4.0,1e-05,2026-05-31 22:09:58.759656,20260531
KuCoin,PIXELUSDTM,PIXEL,USDT,USDT,,4.0,1e-05,2026-05-31 22:09:58.759656,20260531
KuCoin,PLTRUSDTM,PLTR,USDT,USDT,,8.0,0.01,2026-05-31 22:09:58.759656,20260531
KuCoin,PLUMEUSDTM,PLUME,USDT,USDT,,4.0,1e-05,2026-05-31 22:09:58.759656,20260531
KuCoin,PNUTUSDTM,PNUT,USDT,USDT,,4.0,1e-05,2026-05-31 22:09:58.759656,20260531
KuCoin,POLUSDTM,POL,USDT,USDT,,4.0,1e-05,2026-05-31 22:09:58.759656,20260531
KuCoin,POLYXUSDTM,POLYX,USDT,USDT,,4.0,1e-05,2026-05-31 22:09:58.759656,20260531
KuCoin,POPCATUSDTM,POPCAT,USDT,USDT,,4.0,1e-05,2026-05-31 22:09:58.759656,20260531
KuCoin,PORTALUSDTM,PORTAL,USDT,USDT,,4.0,1e-05,2026-05-31 22:09:58.759656,20260531
KuCoin,POWERUSDTM,POWER,USDT,USDT,,4.0,1e-05,2026-05-31 22:09:58.759656,20260531
KuCoin,POWRUSDTM,POWR,USDT,USDT,,4.0,0.0001,2026-05-31 22:09:58.759656,20260531
KuCoin,PRLUSDTM,PRL,USDT,USDT,,4.0,1e-05,2026-05-31 22:09:58.759656,20260531
KuCoin,PROMPTUSDTM,PROMPT,USDT,USDT,,4.0,1e-05,2026-05-31 22:09:58.759656,20260531
KuCoin,PROMUSDTM,PROM,USDT,USDT,,4.0,0.0001,2026-05-31 22:09:58.759656,20260531
KuCoin,PROSUSDTM,PROS,USDT,USDT,,4.0,0.0001,2026-05-31 22:09:58.759656,20260531
KuCoin,PROVEUSDTM,PROVE,USDT,USDT,,4.0,1e-05,2026-05-31 22:09:58.759656,20260531
KuCoin,PTBUSDTM,PTB,USDT,USDT,,4.0,1e-06,2026-05-31 22:09:58.759656,20260531
KuCoin,PUMPUSDTM,PUMP,USDT,USDT,,4.0,1e-06,2026-05-31 22:09:58.759656,20260531
KuCoin,PYTHUSDTM,PYTH,USDT,USDT,,4.0,1e-05,2026-05-31 22:09:58.759656,20260531
KuCoin,QCOMUSDTM,QCOM,USDT,USDT,,8.0,0.01,2026-05-31 22:09:58.759656,20260531
KuCoin,QNTUSDTM,QNT,USDT,USDT,,8.0,0.01,2026-05-31 22:09:58.759656,20260531
KuCoin,QNTXUSDTM,QNTX,USDT,USDT,,8.0,0.01,2026-05-31 22:09:58.759656,20260531
KuCoin,QQQUSDTM,QQQ,USDT,USDT,,8.0,0.01,2026-05-31 22:09:58.759656,20260531
KuCoin,QTUMUSDTM,QTUM,USDT,USDT,,8.0,0.001,2026-05-31 22:09:58.760653,20260531
KuCoin,QUSDTM,Q,USDT,USDT,,4.0,1e-06,2026-05-31 22:09:58.760653,20260531
KuCoin,RAREUSDTM,RARE,USDT,USDT,,4.0,1e-05,2026-05-31 22:09:58.760653,20260531
KuCoin,RAVEUSDTM,RAVE,USDT,USDT,,4.0,1e-05,2026-05-31 22:09:58.760653,20260531
KuCoin,RAYUSDTM,RAY,USDT,USDT,,4.0,0.0001,2026-05-31 22:09:58.760653,20260531
KuCoin,RDDTUSDTM,RDDT,USDT,USDT,,8.0,0.01,2026-05-31 22:09:58.760653,20260531
KuCoin,RDWUSDTM,RDW,USDT,USDT,,8.0,0.01,2026-05-31 22:09:58.760653,20260531
KuCoin,RECALLUSDTM,RECALL,USDT,USDT,,4.0,1e-05,2026-05-31 22:09:58.760653,20260531
KuCoin,REDSTONEUSDTM,REDSTONE,USDT,USDT,,4.0,0.0001,2026-05-31 22:09:58.760653,20260531
KuCoin,RENDERUSDTM,RENDER,USDT,USDT,,4.0,0.001,2026-05-31 22:09:58.760653,20260531
KuCoin,RESOLVUSDTM,RESOLV,USDT,USDT,,4.0,1e-05,2026-05-31 22:09:58.760653,20260531
KuCoin,REZUSDTM,REZ,USDT,USDT,,4.0,1e-06,2026-05-31 22:09:58.760653,20260531
KuCoin,RGTIUSDTM,RGTI,USDT,USDT,,8.0,0.01,2026-05-31 22:09:58.760653,20260531
KuCoin,RIFUSDTM,RIF,USDT,USDT,,4.0,1e-05,2026-05-31 22:09:58.760653,20260531
KuCoin,RIVERUSDTM,RIVER,USDT,USDT,,4.0,0.001,2026-05-31 22:09:58.760653,20260531
KuCoin,RKLBUSDTM,RKLB,USDT,USDT,,8.0,0.01,2026-05-31 22:09:58.760653,20260531
KuCoin,RNBWUSDTM,RNBW,USDT,USDT,,4.0,1e-05,2026-05-31 22:09:58.760653,20260531
KuCoin,ROAMUSDTM,ROAM,USDT,USDT,,4.0,1e-06,2026-05-31 22:09:58.760653,20260531
KuCoin,ROBOUSDTM,ROBO,USDT,USDT,,4.0,1e-05,2026-05-31 22:09:58.760653,20260531
KuCoin,RONUSDTM,RON,USDT,USDT,,4.0,0.0001,2026-05-31 22:09:58.760653,20260531
KuCoin,ROSEUSDTM,ROSE,USDT,USDT,,8.0,1e-05,2026-05-31 22:09:58.760653,20260531
KuCoin,RSRUSDTM,RSR,USDT,USDT,,8.0,1e-06,2026-05-31 22:09:58.760653,20260531
KuCoin,RUNEUSDTM,RUNE,USDT,USDT,,8.0,0.0001,2026-05-31 22:09:58.760653,20260531
KuCoin,RVNUSDTM,RVN,USDT,USDT,,4.0,1e-05,2026-05-31 22:09:58.760653,20260531
KuCoin,SAGAUSDTM,SAGA,USDT,USDT,,4.0,1e-05,2026-05-31 22:09:58.760653,20260531
KuCoin,SAHARAUSDTM,SAHARA,USDT,USDT,,4.0,1e-05,2026-05-31 22:09:58.760653,20260531
KuCoin,SANDUSDTM,SAND,USDT,USDT,,8.0,1e-05,2026-05-31 22:09:58.760653,20260531
KuCoin,SAPIENUSDTM,SAPIEN,USDT,USDT,,4.0,1e-05,2026-05-31 22:09:58.760653,20260531
KuCoin,SCRUSDTM,SCR,USDT,USDT,,4.0,1e-05,2026-05-31 22:09:58.760653,20260531
KuCoin,SEIUSDTM,SEI,USDT,USDT,,8.0,1e-05,2026-05-31 22:09:58.760653,20260531
KuCoin,SENTUSDTM,SENT,USDT,USDT,,4.0,1e-05,2026-05-31 22:09:58.760653,20260531
KuCoin,SFPUSDTM,SFP,USDT,USDT,,8.0,0.0001,2026-05-31 22:09:58.760653,20260531
KuCoin,SHELLUSDTM,SHELL,USDT,USDT,,4.0,1e-05,2026-05-31 22:09:58.760653,20260531
KuCoin,SHIBUSDTM,SHIB,USDT,USDT,,8.0,1e-09,2026-05-31 22:09:58.760653,20260531
KuCoin,SIGNUSDTM,SIGN,USDT,USDT,,4.0,1e-05,2026-05-31 22:09:58.760653,20260531
KuCoin,SIRENUSDTM,SIREN,USDT,USDT,,4.0,1e-05,2026-05-31 22:09:58.760653,20260531
KuCoin,SKLUSDTM,SKL,USDT,USDT,,4.0,1e-05,2026-05-31 22:09:58.760653,20260531
KuCoin,SKRUSDTM,SKR,USDT,USDT,,4.0,1e-06,2026-05-31 22:09:58.760653,20260531
KuCoin,SKYAIUSDTM,SKYAI,USDT,USDT,,4.0,1e-05,2026-05-31 22:09:58.760653,20260531
KuCoin,SKYUSDTM,SKY,USDT,USDT,,4.0,1e-05,2026-05-31 22:09:58.760653,20260531
KuCoin,SNDKUSDTM,SNDK,USDT,USDT,,8.0,0.01,2026-05-31 22:09:58.760653,20260531
KuCoin,SNXUSDTM,SNX,USDT,USDT,,8.0,0.0001,2026-05-31 22:09:58.760653,20260531
KuCoin,SOLAYERUSDTM,SOLAYER,USDT,USDT,,4.0,0.0001,2026-05-31 22:09:58.760653,20260531
KuCoin,SOLUSDCM,SOL,USDC,USDC,,8.0,0.01,2026-05-31 22:09:58.760653,20260531
KuCoin,SOLUSDM,SOL,USD,SOL,,8.0,0.001,2026-05-31 22:09:58.760653,20260531
KuCoin,SOLVUSDTM,SOLV,USDT,USDT,,4.0,1e-06,2026-05-31 22:09:58.760653,20260531
KuCoin,SOMIUSDTM,SOMI,USDT,USDT,,4.0,0.0001,2026-05-31 22:09:58.760653,20260531
KuCoin,SONICUSDTM,SONIC,USDT,USDT,,4.0,1e-05,2026-05-31 22:09:58.760653,20260531
KuCoin,SOONUSDTM,SOON,USDT,USDT,,4.0,1e-05,2026-05-31 22:09:58.760653,20260531
KuCoin,SOPHUSDTM,SOPH,USDT,USDT,,4.0,1e-05,2026-05-31 22:09:58.760653,20260531
KuCoin,SOXLUSDTM,SOXL,USDT,USDT,,8.0,0.01,2026-05-31 22:09:58.760653,20260531
KuCoin,SOXSUSDTM,SOXS,USDT,USDT,,8.0,0.01,2026-05-31 22:09:58.760653,20260531
KuCoin,SPACEUSDTM,SPACE,USDT,USDT,,4.0,1e-06,2026-05-31 22:09:58.760653,20260531
KuCoin,SPCXUSDTM,SPCX,USDT,USDT,,8.0,0.01,2026-05-31 22:09:58.760653,20260531
KuCoin,SPELLUSDTM,SPELL,USDT,USDT,,8.0,1e-07,2026-05-31 22:09:58.760653,20260531
KuCoin,SPKUSDTM,SPK,USDT,USDT,,4.0,1e-05,2026-05-31 22:09:58.760653,20260531
KuCoin,SPORTFUNUSDTM,SPORTFUN,USDT,USDT,,4.0,1e-05,2026-05-31 22:09:58.760653,20260531
KuCoin,SPXUSDTM,SPX,USDT,USDT,,4.0,0.0001,2026-05-31 22:09:58.760653,20260531
KuCoin,SPYUSDTM,SPY,USDT,USDT,,8.0,0.01,2026-05-31 22:09:58.760653,20260531
KuCoin,SQDUSDTM,SQD,USDT,USDT,,4.0,1e-05,2026-05-31 22:09:58.760653,20260531
KuCoin,SQQQUSDTM,SQQQ,USDT,USDT,,8.0,0.01,2026-05-31 22:09:58.760653,20260531
KuCoin,SSVUSDTM,SSV,USDT,USDT,,8.0,0.001,2026-05-31 22:09:58.760653,20260531
KuCoin,STABLEUSDTM,STABLE,USDT,USDT,,4.0,1e-05,2026-05-31 22:09:58.760653,20260531
KuCoin,STARUSDTM,STAR,USDT,USDT,,4.0,1e-05,2026-05-31 22:09:58.760653,20260531
KuCoin,STBLUSDTM,STBL,USDT,USDT,,4.0,1e-05,2026-05-31 22:09:58.760653,20260531
KuCoin,STEEMUSDTM,STEEM,USDT,USDT,,4.0,0.0001,2026-05-31 22:09:58.760653,20260531
KuCoin,STGUSDTM,STG,USDT,USDT,,8.0,0.0001,2026-05-31 22:09:58.760653,20260531
KuCoin,STORJUSDTM,STORJ,USDT,USDT,,4.0,0.0001,2026-05-31 22:09:58.760653,20260531
KuCoin,STOUSDTM,STO,USDT,USDT,,4.0,1e-05,2026-05-31 22:09:58.760653,20260531
KuCoin,STRKUSDTM,STRK,USDT,USDT,,4.0,1e-05,2026-05-31 22:09:58.760653,20260531
KuCoin,STXUSDTM,STX,USDT,USDT,,8.0,0.0001,2026-05-31 22:09:58.760653,20260531
KuCoin,SUIUSDCM,SUI,USDC,USDC,,8.0,0.0001,2026-05-31 22:09:58.760653,20260531
KuCoin,SUIUSDM,SUI,USD,SUI,,8.0,0.0001,2026-05-31 22:09:58.760653,20260531
KuCoin,SUIUSDTM,SUI,USDT,USDT,,8.0,0.0001,2026-05-31 22:09:58.760653,20260531
KuCoin,SUNUSDTM,SUN,USDT,USDT,,4.0,1e-06,2026-05-31 22:09:58.760653,20260531
KuCoin,SUPERUSDTM,SUPER,USDT,USDT,,4.0,0.0001,2026-05-31 22:09:58.760653,20260531
KuCoin,SUSDTM,S,USDT,USDT,,4.0,1e-05,2026-05-31 22:09:58.760653,20260531
KuCoin,SUSHIUSDTM,SUSHI,USDT,USDT,,8.0,0.0001,2026-05-31 22:09:58.760653,20260531
KuCoin,SWARMSUSDTM,SWARMS,USDT,USDT,,4.0,1e-05,2026-05-31 22:09:58.760653,20260531
KuCoin,SXTUSDTM,SXT,USDT,USDT,,4.0,1e-05,2026-05-31 22:09:58.760653,20260531
KuCoin,SYRUPUSDTM,SYRUP,USDT,USDT,,4.0,1e-05,2026-05-31 22:09:58.760653,20260531
KuCoin,TACUSDTM,TAC,USDT,USDT,,4.0,1e-06,2026-05-31 22:09:58.760653,20260531
KuCoin,TAGUSDTM,TAG,USDT,USDT,,4.0,1e-07,2026-05-31 22:09:58.760653,20260531
KuCoin,TAIKOUSDTM,TAIKO,USDT,USDT,,4.0,0.0001,2026-05-31 22:09:58.760653,20260531
KuCoin,TAKEUSDTM,TAKE,USDT,USDT,,4.0,1e-05,2026-05-31 22:09:58.760653,20260531
KuCoin,TAOUSDTM,TAO,USDT,USDT,,4.0,0.1,2026-05-31 22:09:58.760653,20260531
KuCoin,TAUSDTM,TA,USDT,USDT,,4.0,1e-05,2026-05-31 22:09:58.760653,20260531
KuCoin,THETAUSDTM,THETA,USDT,USDT,,8.0,0.0001,2026-05-31 22:09:58.760653,20260531
KuCoin,THEUSDTM,THE,USDT,USDT,,4.0,0.0001,2026-05-31 22:09:58.760653,20260531
KuCoin,TIAUSDTM,TIA,USDT,USDT,,4.0,0.0001,2026-05-31 22:09:58.760653,20260531
KuCoin,TNSRUSDTM,TNSR,USDT,USDT,,4.0,1e-05,2026-05-31 22:09:58.760653,20260531
KuCoin,TONUSDTM,TON,USDT,USDT,,4.0,0.0001,2026-05-31 22:09:58.760653,20260531
KuCoin,TOSHIUSDTM,TOSHI,USDT,USDT,,4.0,1e-08,2026-05-31 22:09:58.760653,20260531
KuCoin,TOWNSUSDTM,TOWNS,USDT,USDT,,4.0,1e-06,2026-05-31 22:09:58.760653,20260531
KuCoin,TQQQUSDTM,TQQQ,USDT,USDT,,8.0,0.01,2026-05-31 22:09:58.760653,20260531
KuCoin,TRADOORUSDTM,TRADOOR,USDT,USDT,,4.0,0.001,2026-05-31 22:09:58.760653,20260531
KuCoin,TRBUSDTM,TRB,USDT,USDT,,4.0,0.001,2026-05-31 22:09:58.760653,20260531
KuCoin,TREEUSDTM,TREE,USDT,USDT,,4.0,1e-05,2026-05-31 22:09:58.760653,20260531
KuCoin,TRIAUSDTM,TRIA,USDT,USDT,,4.0,1e-06,2026-05-31 22:09:58.760653,20260531
KuCoin,TRUMPUSDTM,TRUMP,USDT,USDT,,4.0,0.001,2026-05-31 22:09:58.760653,20260531
KuCoin,TRUSTUSDTM,TRUST,USDT,USDT,,4.0,1e-05,2026-05-31 22:09:58.760653,20260531
KuCoin,TRUTHUSDTM,TRUTH,USDT,USDT,,4.0,1e-06,2026-05-31 22:09:58.760653,20260531
KuCoin,TRXUSDTM,TRX,USDT,USDT,,8.0,1e-05,2026-05-31 22:09:58.760653,20260531
KuCoin,TSLAUSDTM,TSLA,USDT,USDT,,8.0,0.01,2026-05-31 22:09:58.760653,20260531
KuCoin,TSMUSDTM,TSM,USDT,USDT,,8.0,0.01,2026-05-31 22:09:58.760653,20260531
KuCoin,TSTBSCUSDTM,TSTBSC,USDT,USDT,,4.0,1e-05,2026-05-31 22:09:58.760653,20260531
KuCoin,TURBOUSDTM,TURBO,USDT,USDT,,4.0,1e-07,2026-05-31 22:09:58.760653,20260531
KuCoin,TURTLEUSDTM,TURTLE,USDT,USDT,,4.0,1e-05,2026-05-31 22:09:58.760653,20260531
KuCoin,TUSDTM,T,USDT,USDT,,4.0,1e-05,2026-05-31 22:09:58.760653,20260531
KuCoin,TUTUSDTM,TUT,USDT,USDT,,4.0,1e-05,2026-05-31 22:09:58.760653,20260531
KuCoin,TWTUSDTM,TWT,USDT,USDT,,4.0,0.0001,2026-05-31 22:09:58.760653,20260531
KuCoin,UAIUSDTM,UAI,USDT,USDT,,4.0,1e-05,2026-05-31 22:09:58.760653,20260531
KuCoin,UBERUSDTM,UBER,USDT,USDT,,8.0,0.01,2026-05-31 22:09:58.760653,20260531
KuCoin,UBUSDTM,UB,USDT,USDT,,4.0,1e-07,2026-05-31 22:09:58.760653,20260531
KuCoin,UMAUSDTM,UMA,USDT,USDT,,4.0,0.0001,2026-05-31 22:09:58.760653,20260531
KuCoin,UNIUSDTM,UNI,USDT,USDT,,8.0,0.001,2026-05-31 22:09:58.760653,20260531
KuCoin,USARUSDTM,USAR,USDT,USDT,,8.0,0.01,2026-05-31 22:09:58.760653,20260531
KuCoin,USDCUSDTM,USDC,USDT,USDT,,8.0,0.0001,2026-05-31 22:09:58.760653,20260531
KuCoin,USDGUSDTM,USDG,USDT,USDT,,8.0,0.0001,2026-05-31 22:09:58.760653,20260531
KuCoin,USELESSUSDTM,USELESS,USDT,USDT,,4.0,1e-05,2026-05-31 22:09:58.760653,20260531
KuCoin,USTCUSDTM,USTC,USDT,USDT,,4.0,1e-06,2026-05-31 22:09:58.760653,20260531
KuCoin,USUALUSDTM,USUAL,USDT,USDT,,4.0,1e-05,2026-05-31 22:09:58.760653,20260531
KuCoin,USUSDTM,US,USDT,USDT,,4.0,1e-06,2026-05-31 22:09:58.760653,20260531
KuCoin,VANAUSDTM,VANA,USDT,USDT,,4.0,0.001,2026-05-31 22:09:58.760653,20260531
KuCoin,VANRYUSDTM,VANRY,USDT,USDT,,4.0,1e-05,2026-05-31 22:09:58.760653,20260531
KuCoin,VELOUSDTM,VELO,USDT,USDT,,4.0,1e-06,2026-05-31 22:09:58.760653,20260531
KuCoin,VELVETUSDTM,VELVET,USDT,USDT,,4.0,1e-05,2026-05-31 22:09:58.760653,20260531
KuCoin,VETUSDTM,VET,USDT,USDT,,8.0,1e-06,2026-05-31 22:09:58.760653,20260531
KuCoin,VICUSDTM,VIC,USDT,USDT,,4.0,1e-05,2026-05-31 22:09:58.760653,20260531
KuCoin,VIRTUALUSDTM,VIRTUAL,USDT,USDT,,4.0,0.0001,2026-05-31 22:09:58.760653,20260531
KuCoin,VRTUSDTM,VRT,USDT,USDT,,8.0,0.01,2026-05-31 22:09:58.760653,20260531
KuCoin,VUSDTM,V,USDT,USDT,,8.0,0.01,2026-05-31 22:09:58.760653,20260531
KuCoin,VVVUSDTM,VVV,USDT,USDT,,4.0,0.001,2026-05-31 22:09:58.760653,20260531
KuCoin,WALUSDTM,WAL,USDT,USDT,,4.0,0.0001,2026-05-31 22:09:58.760653,20260531
KuCoin,WARDUSDTM,WARD,USDT,USDT,,4.0,1e-06,2026-05-31 22:09:58.760653,20260531
KuCoin,WAVESUSDTM,WAVES,USDT,USDT,,8.0,0.0001,2026-05-31 22:09:58.760653,20260531
KuCoin,WAXPUSDTM,WAXP,USDT,USDT,,4.0,1e-05,2026-05-31 22:09:58.760653,20260531
KuCoin,WCTUSDTM,WCT,USDT,USDT,,4.0,1e-05,2026-05-31 22:09:58.760653,20260531
KuCoin,WDCUSDTM,WDC,USDT,USDT,,8.0,0.01,2026-05-31 22:09:58.760653,20260531
KuCoin,WETUSDTM,WET,USDT,USDT,,4.0,1e-05,2026-05-31 22:09:58.760653,20260531
KuCoin,WHITEWHALEUSDTM,WHITEWHALE,USDT,USDT,,4.0,1e-05,2026-05-31 22:09:58.760653,20260531
KuCoin,WLDUSDTM,WLD,USDT,USDT,,8.0,0.0001,2026-05-31 22:09:58.760653,20260531
KuCoin,WLFIUSDTM,WLFI,USDT,USDT,,4.0,0.0001,2026-05-31 22:09:58.760653,20260531
KuCoin,WLUSDTM,WL,USDT,USDT,,4.0,1e-05,2026-05-31 22:09:58.760653,20260531
KuCoin,WMTUSDTM,WMT,USDT,USDT,,8.0,0.01,2026-05-31 22:09:58.760653,20260531
KuCoin,WOOUSDTM,WOO,USDT,USDT,,8.0,1e-05,2026-05-31 22:09:58.760653,20260531
KuCoin,WOTAMALAILEUSDTM,WOTAMALAILE,USDT,USDT,,4.0,1e-06,2026-05-31 22:09:58.760653,20260531
KuCoin,WUSDTM,W,USDT,USDT,,4.0,1e-05,2026-05-31 22:09:58.760653,20260531
KuCoin,XAGUSDTM,XAG,USDT,USDT,,4.0,0.01,2026-05-31 22:09:58.760653,20260531
KuCoin,XAIUSDTM,XAI,USDT,USDT,,4.0,1e-05,2026-05-31 22:09:58.760653,20260531
KuCoin,XANUSDTM,XAN,USDT,USDT,,4.0,1e-06,2026-05-31 22:09:58.760653,20260531
KuCoin,XAUTUSDTM,XAUT,USDT,USDT,,4.0,0.01,2026-05-31 22:09:58.760653,20260531
KuCoin,XBTMM26,BTC,USD,BTC,,,0.1,2026-05-31 22:09:58.760653,20260531
KuCoin,XBTUSDCM,BTC,USDC,USDC,,8.0,0.1,2026-05-31 22:09:58.760653,20260531
KuCoin,XBTUSDM,BTC,USD,BTC,,8.0,0.1,2026-05-31 22:09:58.760653,20260531
KuCoin,XECUSDTM,XEC,USDT,USDT,,8.0,1e-08,2026-05-31 22:09:58.760653,20260531
KuCoin,XLMUSDTM,XLM,USDT,USDT,,8.0,1e-05,2026-05-31 22:09:58.760653,20260531
KuCoin,XMRUSDTM,XMR,USDT,USDT,,8.0,0.01,2026-05-31 22:09:58.760653,20260531
KuCoin,XNYUSDTM,XNY,USDT,USDT,,4.0,1e-06,2026-05-31 22:09:58.760653,20260531
KuCoin,XOMUSDTM,XOM,USDT,USDT,,8.0,0.01,2026-05-31 22:09:58.760653,20260531
KuCoin,XPDUSDTM,XPD,USDT,USDT,,4.0,0.01,2026-05-31 22:09:58.760653,20260531
KuCoin,XPINUSDTM,XPIN,USDT,USDT,,4.0,1e-07,2026-05-31 22:09:58.760653,20260531
KuCoin,XPLUSDTM,XPL,USDT,USDT,,4.0,1e-05,2026-05-31 22:09:58.760653,20260531
KuCoin,XPTUSDTM,XPT,USDT,USDT,,4.0,0.01,2026-05-31 22:09:58.760653,20260531
KuCoin,XRPUSDCM,XRP,USDC,USDC,,8.0,0.0001,2026-05-31 22:09:58.760653,20260531
KuCoin,XRPUSDM,XRP,USD,XRP,,8.0,0.0001,2026-05-31 22:09:58.760653,20260531
KuCoin,XTZUSDTM,XTZ,USDT,USDT,,4.0,0.0001,2026-05-31 22:09:58.760653,20260531
KuCoin,XVGUSDTM,XVG,USDT,USDT,,8.0,1e-06,2026-05-31 22:09:58.760653,20260531
KuCoin,XVSUSDTM,XVS,USDT,USDT,,8.0,0.001,2026-05-31 22:09:58.760653,20260531
KuCoin,YBUSDTM,YB,USDT,USDT,,4.0,0.0001,2026-05-31 22:09:58.760653,20260531
KuCoin,YFIUSDTM,YFI,USDT,USDT,,8.0,1.0,2026-05-31 22:09:58.760653,20260531
KuCoin,YGGUSDTM,YGG,USDT,USDT,,4.0,1e-05,2026-05-31 22:09:58.760653,20260531
KuCoin,ZAMAUSDTM,ZAMA,USDT,USDT,,4.0,1e-05,2026-05-31 22:09:58.760653,20260531
KuCoin,ZBTUSDTM,ZBT,USDT,USDT,,4.0,1e-05,2026-05-31 22:09:58.760653,20260531
KuCoin,ZECUSDTM,ZEC,USDT,USDT,,8.0,0.01,2026-05-31 22:09:58.760653,20260531
KuCoin,ZENUSDTM,ZEN,USDT,USDT,,8.0,0.001,2026-05-31 22:09:58.760653,20260531
KuCoin,ZEREBROUSDTM,ZEREBRO,USDT,USDT,,4.0,1e-06,2026-05-31 22:09:58.760653,20260531
KuCoin,ZESTUSDTM,ZEST,USDT,USDT,,4.0,1e-05,2026-05-31 22:09:58.760653,20260531
KuCoin,ZETAUSDTM,ZETA,USDT,USDT,,4.0,0.0001,2026-05-31 22:09:58.760653,20260531
KuCoin,ZIGUSDTM,ZIG,USDT,USDT,,4.0,1e-05,2026-05-31 22:09:58.760653,20260531
KuCoin,ZILUSDTM,ZIL,USDT,USDT,,4.0,1e-06,2026-05-31 22:09:58.760653,20260531
KuCoin,ZKCUSDTM,ZKC,USDT,USDT,,4.0,1e-05,2026-05-31 22:09:58.760653,20260531
KuCoin,ZKPUSDTM,ZKP,USDT,USDT,,4.0,1e-05,2026-05-31 22:09:58.760653,20260531
KuCoin,ZKUSDTM,ZK,USDT,USDT,,4.0,1e-05,2026-05-31 22:09:58.760653,20260531
KuCoin,ZORAUSDTM,ZORA,USDT,USDT,,4.0,1e-05,2026-05-31 22:09:58.760653,20260531
KuCoin,ZROUSDTM,ZRO,USDT,USDT,,4.0,0.0001,2026-05-31 22:09:58.760653,20260531
KuCoin,ZRXUSDTM,ZRX,USDT,USDT,,4.0,0.0001,2026-05-31 22:09:58.760653,20260531
LBank,BTCUSDT,BTC,USDT,USDT,200.0,8.0,0.1,2026-05-31 22:09:58.760653,20260531
LBank,ETHUSDT,ETH,USDT,USDT,200.0,8.0,0.01,2026-05-31 22:09:58.760653,20260531
LBank,XRPUSDT,XRP,USDT,USDT,75.0,8.0,0.0001,2026-05-31 22:09:58.760653,20260531
LBank,XAUTUSDT,XAUT,USDT,USDT,500.0,4.0,0.1,2026-05-31 22:09:58.760653,20260531
LBank,SOLUSDT,SOL,USDT,USDT,100.0,8.0,0.01,2026-05-31 22:09:58.760653,20260531
LBank,SILVERUSDT,SILVER,USDT,USDT,200.0,4.0,0.01,2026-05-31 22:09:58.760653,20260531
LBank,GOLDUSDT,GOLD,USDT,USDT,100.0,4.0,0.01,2026-05-31 22:09:58.760653,20260531
LBank,SUIUSDT,SUI,USDT,USDT,75.0,8.0,0.0001,2026-05-31 22:09:58.760653,20260531
LBank,DOGEUSDT,DOGE,USDT,USDT,75.0,8.0,1e-05,2026-05-31 22:09:58.760653,20260531
LBank,FARTCOINUSDT,FARTCOIN,USDT,USDT,50.0,4.0,0.0001,2026-05-31 22:09:58.760653,20260531
LBank,ASTERUSDT,ASTER,USDT,USDT,50.0,4.0,0.0001,2026-05-31 22:09:58.760653,20260531
LBank,WLFIUSDT,WLFI,USDT,USDT,20.0,4.0,0.0001,2026-05-31 22:09:58.760653,20260531
LBank,ADAUSDT,ADA,USDT,USDT,75.0,8.0,0.0001,2026-05-31 22:09:58.760653,20260531
LBank,TRUMPSOLUSDT,TRUMPSOL,USDT,USDT,50.0,4.0,0.001,2026-05-31 22:09:58.760653,20260531
LBank,LINKUSDT,LINK,USDT,USDT,75.0,8.0,0.001,2026-05-31 22:09:58.760653,20260531
LBank,DOTUSDT,DOT,USDT,USDT,75.0,8.0,0.001,2026-05-31 22:09:58.760653,20260531
LBank,AVAXUSDT,AVAX,USDT,USDT,75.0,8.0,0.001,2026-05-31 22:09:58.760653,20260531
LBank,PEPEUSDT,PEPE,USDT,USDT,75.0,8.0,1e-10,2026-05-31 22:09:58.760653,20260531
LBank,KOMAUSDT,KOMA,USDT,USDT,75.0,4.0,1e-06,2026-05-31 22:09:58.760653,20260531
LBank,GUSDTUSDT,GUSDT,USDT,USDT,0.0,8.0,1e-05,2026-05-31 22:09:58.760653,20260531
LBank,LTCUSDT,LTC,USDT,USDT,75.0,8.0,0.01,2026-05-31 22:09:58.760653,20260531
LBank,TONUSDT,TON,USDT,USDT,75.0,4.0,0.0001,2026-05-31 22:09:58.760653,20260531
LBank,MAGICUSDT,MAGIC,USDT,USDT,75.0,4.0,1e-05,2026-05-31 22:09:58.760653,20260531
LBank,ENSOUSDT,ENSO,USDT,USDT,50.0,4.0,0.0001,2026-05-31 22:09:58.760653,20260531
LBank,WIFUSDT,WIF,USDT,USDT,75.0,4.0,0.0001,2026-05-31 22:09:58.760653,20260531
LBank,SHIBUSDT,SHIB,USDT,USDT,75.0,8.0,1e-09,2026-05-31 22:09:58.760653,20260531
LBank,BNBUSDT,BNB,USDT,USDT,75.0,8.0,0.01,2026-05-31 22:09:58.760653,20260531
LBank,CRVUSDT,CRV,USDT,USDT,75.0,8.0,0.0001,2026-05-31 22:09:58.760653,20260531
LBank,AMDUSDT,AMD,USDT,USDT,50.0,8.0,0.01,2026-05-31 22:09:58.760653,20260531
LBank,TIAUSDT,TIA,USDT,USDT,75.0,4.0,0.0001,2026-05-31 22:09:58.760653,20260531
LBank,ATOMUSDT,ATOM,USDT,USDT,75.0,8.0,0.001,2026-05-31 22:09:58.760653,20260531
LBank,AERGOUSDT,AERGO,USDT,USDT,50.0,4.0,1e-05,2026-05-31 22:09:58.760653,20260531
LBank,ALCHUSDT,ALCH,USDT,USDT,50.0,4.0,1e-05,2026-05-31 22:09:58.760653,20260531
LBank,ORCAUSDT,ORCA,USDT,USDT,50.0,4.0,0.001,2026-05-31 22:09:58.760653,20260531
LBank,METISUSDT,METIS,USDT,USDT,50.0,4.0,0.001,2026-05-31 22:09:58.760653,20260531
LBank,ONDOUSDT,ONDO,USDT,USDT,50.0,4.0,0.0001,2026-05-31 22:09:58.760653,20260531
LBank,DOGSUSDT,DOGS,USDT,USDT,75.0,4.0,1e-08,2026-05-31 22:09:58.760653,20260531
LBank,MEWUSDT,MEW,USDT,USDT,75.0,4.0,1e-07,2026-05-31 22:09:58.760653,20260531
LBank,SUSDT,S,USDT,USDT,75.0,4.0,1e-05,2026-05-31 22:09:58.760653,20260531
LBank,BCHUSDT,BCH,USDT,USDT,75.0,8.0,0.01,2026-05-31 22:09:58.760653,20260531
LBank,PARTIUSDT,PARTI,USDT,USDT,75.0,4.0,1e-05,2026-05-31 22:09:58.760653,20260531
LBank,FETUSDT,FET,USDT,USDT,50.0,8.0,0.0001,2026-05-31 22:09:58.760653,20260531
LBank,TUSDT,T,USDT,USDT,20.0,4.0,1e-06,2026-05-31 22:09:58.760653,20260531
LBank,KASUSDT,KAS,USDT,USDT,50.0,4.0,1e-05,2026-05-31 22:09:58.761650,20260531
LBank,ARBUSDT,ARB,USDT,USDT,75.0,8.0,0.0001,2026-05-31 22:09:58.761650,20260531
LBank,NOTUSDT,NOT,USDT,USDT,75.0,4.0,1e-07,2026-05-31 22:09:58.761650,20260531
LBank,HAEDALUSDT,HAEDAL,USDT,USDT,50.0,4.0,1e-05,2026-05-31 22:09:58.761650,20260531
LBank,NEWTUSDT,NEWT,USDT,USDT,50.0,4.0,0.0001,2026-05-31 22:09:58.761650,20260531
LBank,RGTIUSDT,RGTI,USDT,USDT,20.0,8.0,0.01,2026-05-31 22:09:58.761650,20260531
LBank,LWLGUSDT,LWLG,USDT,USDT,50.0,8.0,0.01,2026-05-31 22:09:58.761650,20260531
LBank,QNTXUSDT,QNTX,USDT,USDT,50.0,8.0,0.01,2026-05-31 22:09:58.761650,20260531
LBank,MPUSDT,MP,USDT,USDT,50.0,8.0,0.01,2026-05-31 22:09:58.761650,20260531
LBank,OUSTUSDT,OUST,USDT,USDT,50.0,8.0,0.01,2026-05-31 22:09:58.761650,20260531
LBank,RDDTUSDT,RDDT,USDT,USDT,50.0,8.0,0.01,2026-05-31 22:09:58.761650,20260531
LBank,APPUSDT,APP,USDT,USDT,50.0,8.0,0.01,2026-05-31 22:09:58.761650,20260531
LBank,AMATUSDT,AMAT,USDT,USDT,50.0,8.0,0.01,2026-05-31 22:09:58.761650,20260531
LBank,HIMSUSDT,HIMS,USDT,USDT,50.0,8.0,0.01,2026-05-31 22:09:58.761650,20260531
LBank,ONDSUSDT,ONDS,USDT,USDT,50.0,8.0,0.01,2026-05-31 22:09:58.761650,20260531
LBank,APLDUSDT,APLD,USDT,USDT,50.0,8.0,0.01,2026-05-31 22:09:58.761650,20260531
LBank,SNOWUSDT,SNOW,USDT,USDT,50.0,8.0,0.01,2026-05-31 22:09:58.761650,20260531
LBank,CTRUSDT,CTR,USDT,USDT,20.0,4.0,1e-05,2026-05-31 22:09:58.761650,20260531
LBank,BEUSDT,BE,USDT,USDT,50.0,8.0,0.01,2026-05-31 22:09:58.761650,20260531
LBank,APHUSDT,APH,USDT,USDT,50.0,8.0,0.01,2026-05-31 22:09:58.761650,20260531
LBank,SMCIUSDT,SMCI,USDT,USDT,50.0,8.0,0.01,2026-05-31 22:09:58.761650,20260531
LBank,VRTUSDT,VRT,USDT,USDT,50.0,8.0,0.01,2026-05-31 22:09:58.761650,20260531
LBank,PANWUSDT,PANW,USDT,USDT,50.0,8.0,0.01,2026-05-31 22:09:58.761650,20260531
LBank,USARUSDT,USAR,USDT,USDT,50.0,8.0,0.01,2026-05-31 22:09:58.761650,20260531
LBank,POETUSDT,POET,USDT,USDT,50.0,8.0,0.01,2026-05-31 22:09:58.761650,20260531
LBank,CRDOUSDT,CRDO,USDT,USDT,50.0,8.0,0.01,2026-05-31 22:09:58.761650,20260531
LBank,KOPNUSDT,KOPN,USDT,USDT,50.0,8.0,0.01,2026-05-31 22:09:58.761650,20260531
LBank,FLYUSDT,FLY,USDT,USDT,50.0,8.0,0.01,2026-05-31 22:09:58.761650,20260531
LBank,RDWUSDT,RDW,USDT,USDT,50.0,8.0,0.01,2026-05-31 22:09:58.761650,20260531
LBank,NOKUSDT,NOK,USDT,USDT,50.0,8.0,0.001,2026-05-31 22:09:58.761650,20260531
LBank,ASTSUSDT,ASTS,USDT,USDT,50.0,8.0,0.01,2026-05-31 22:09:58.761650,20260531
LBank,AXTIUSDT,AXTI,USDT,USDT,50.0,8.0,0.01,2026-05-31 22:09:58.761650,20260531
LBank,WDCUSDT,WDC,USDT,USDT,50.0,8.0,0.01,2026-05-31 22:09:58.761650,20260531
LBank,INFQUSDT,INFQ,USDT,USDT,50.0,8.0,0.01,2026-05-31 22:09:58.761650,20260531
LBank,PITCHUSDT,PITCH,USDT,USDT,50.0,4.0,0.001,2026-05-31 22:09:58.761650,20260531
LBank,ACUUSDT,ACU,USDT,USDT,50.0,4.0,1e-05,2026-05-31 22:09:58.761650,20260531
LBank,BABYSHARKUSDT,BABYSHAR,USDT,USDT,20.0,4.0,1e-05,2026-05-31 22:09:58.761650,20260531
LBank,SLXUSDT,SLX,USDT,USDT,50.0,4.0,0.0001,2026-05-31 22:09:58.761650,20260531
LBank,GRASSUSDT,GRASS,USDT,USDT,50.0,4.0,0.0001,2026-05-31 22:09:58.761650,20260531
LBank,NILUSDT,NIL,USDT,USDT,50.0,4.0,1e-05,2026-05-31 22:09:58.761650,20260531
LBank,BILLUSDT,BILL,USDT,USDT,50.0,4.0,1e-05,2026-05-31 22:09:58.761650,20260531
LBank,EDENUSDT,EDEN,USDT,USDT,50.0,4.0,1e-05,2026-05-31 22:09:58.761650,20260531
LBank,FIDAUSDT,FIDA,USDT,USDT,75.0,4.0,1e-05,2026-05-31 22:09:58.761650,20260531
LBank,XTIUSDT,XTI,USDT,USDT,100.0,4.0,0.001,2026-05-31 22:09:58.761650,20260531
LBank,ZECUSDT,ZEC,USDT,USDT,75.0,8.0,0.01,2026-05-31 22:09:58.761650,20260531
LBank,PROVEUSDT,PROVE,USDT,USDT,20.0,4.0,0.0001,2026-05-31 22:09:58.761650,20260531
LBank,HYPEUSDT,HYPE,USDT,USDT,50.0,4.0,0.001,2026-05-31 22:09:58.761650,20260531
LBank,CROUSDT,CRO,USDT,USDT,50.0,8.0,1e-05,2026-05-31 22:09:58.761650,20260531
LBank,MERLUSDT,MERL,USDT,USDT,50.0,4.0,1e-05,2026-05-31 22:09:58.761650,20260531
LBank,URNMUSDT,URNM,USDT,USDT,20.0,8.0,0.01,2026-05-31 22:09:58.761650,20260531
LBank,SPCXUSDT,SPCX,USDT,USDT,50.0,8.0,0.01,2026-05-31 22:09:58.761650,20260531
LBank,NEXUSDT,NEX,USDT,USDT,20.0,4.0,1e-09,2026-05-31 22:09:58.761650,20260531
LBank,LABUSDT,LAB,USDT,USDT,50.0,4.0,0.0001,2026-05-31 22:09:58.761650,20260531
LBank,LITUSDT,LIT,USDT,USDT,50.0,4.0,0.0001,2026-05-31 22:09:58.761650,20260531
LBank,PLAYUSDT,PLAY,USDT,USDT,50.0,4.0,1e-05,2026-05-31 22:09:58.761650,20260531
LBank,BLENDUSDT,BLEND,USDT,USDT,50.0,4.0,1e-05,2026-05-31 22:09:58.761650,20260531
LBank,PROMPTUSDT,PROMPT,USDT,USDT,50.0,4.0,1e-05,2026-05-31 22:09:58.761650,20260531
LBank,RONUSDT,RON,USDT,USDT,50.0,4.0,0.0001,2026-05-31 22:09:58.761650,20260531
LBank,GBPUSDT,GBP,USDT,USDT,50.0,4.0,0.0001,2026-05-31 22:09:58.761650,20260531
LBank,JPYUSDT,JPY,USDT,USDT,50.0,4.0,1e-06,2026-05-31 22:09:58.761650,20260531
LBank,AUDUSDT,AUD,USDT,USDT,50.0,4.0,0.0001,2026-05-31 22:09:58.761650,20260531
LBank,CADUSDT,CAD,USDT,USDT,50.0,4.0,0.0001,2026-05-31 22:09:58.761650,20260531
LBank,EURUSDT,EUR,USDT,USDT,50.0,4.0,0.0001,2026-05-31 22:09:58.761650,20260531
LBank,DISUSDT,DIS,USDT,USDT,50.0,8.0,0.01,2026-05-31 22:09:58.761650,20260531
LBank,FLNCUSDT,FLNC,USDT,USDT,50.0,8.0,0.01,2026-05-31 22:09:58.761650,20260531
LBank,BRKBUSDT,BRKB,USDT,USDT,50.0,8.0,0.01,2026-05-31 22:09:58.761650,20260531
LBank,WMTUSDT,WMT,USDT,USDT,50.0,8.0,0.01,2026-05-31 22:09:58.761650,20260531
LBank,HDUSDT,HD,USDT,USDT,50.0,8.0,0.01,2026-05-31 22:09:58.761650,20260531
LBank,TRACUSDT,TRAC,USDT,USDT,20.0,4.0,0.001,2026-05-31 22:09:58.761650,20260531
LBank,OPENAIUSDT,OPENAI,USDT,USDT,20.0,8.0,0.01,2026-05-31 22:09:58.761650,20260531
LBank,UBERUSDT,UBER,USDT,USDT,20.0,8.0,0.01,2026-05-31 22:09:58.761650,20260531
LBank,SOXLUSDT,SOXL,USDT,USDT,50.0,8.0,0.01,2026-05-31 22:09:58.761650,20260531
LBank,CBRSUSDT,CBRS,USDT,USDT,50.0,8.0,0.01,2026-05-31 22:09:58.761650,20260531
LBank,JPMUSDT,JPM,USDT,USDT,50.0,8.0,0.01,2026-05-31 22:09:58.761650,20260531
LBank,JMPUSDT,JMP,USDT,USDT,0.0,8.0,0.01,2026-05-31 22:09:58.761650,20260531
LBank,UBUSDT,UB,USDT,USDT,50.0,4.0,1e-06,2026-05-31 22:09:58.761650,20260531
LBank,TRUTHUSDT,TRUTH,USDT,USDT,50.0,4.0,1e-06,2026-05-31 22:09:58.761650,20260531
LBank,STARUSDT,STAR,USDT,USDT,20.0,4.0,1e-05,2026-05-31 22:09:58.761650,20260531
LBank,CANTONUSDT,CANTON,USDT,USDT,20.0,4.0,1e-05,2026-05-31 22:09:58.761650,20260531
LBank,ASTEROIDUSDT,ASTEROID,USDT,USDT,20.0,4.0,1e-05,2026-05-31 22:09:58.761650,20260531
LBank,ARMUSDT,ARM,USDT,USDT,50.0,8.0,0.01,2026-05-31 22:09:58.761650,20260531
LBank,COSTUSDT,COST,USDT,USDT,50.0,8.0,0.01,2026-05-31 22:09:58.761650,20260531
LBank,CRWVUSDT,CRWV,USDT,USDT,50.0,8.0,0.01,2026-05-31 22:09:58.761650,20260531
LBank,COHRUSDT,COHR,USDT,USDT,50.0,8.0,0.01,2026-05-31 22:09:58.761650,20260531
LBank,IONQUSDT,IONQ,USDT,USDT,50.0,8.0,0.01,2026-05-31 22:09:58.761650,20260531
LBank,KLACUSDT,KLAC,USDT,USDT,50.0,8.0,0.01,2026-05-31 22:09:58.761650,20260531
LBank,MCDUSDT,MCD,USDT,USDT,50.0,8.0,0.01,2026-05-31 22:09:58.761650,20260531
LBank,NBISUSDT,NBIS,USDT,USDT,20.0,8.0,0.01,2026-05-31 22:09:58.761650,20260531
LBank,SHLDUSDT,SHLD,USDT,USDT,20.0,8.0,0.01,2026-05-31 22:09:58.761650,20260531
LBank,RKLBUSDT,RKLB,USDT,USDT,50.0,8.0,0.01,2026-05-31 22:09:58.761650,20260531
LBank,VVVUSDT,VVV,USDT,USDT,50.0,4.0,0.001,2026-05-31 22:09:58.761650,20260531
LBank,FOLKSUSDT,FOLKS,USDT,USDT,20.0,4.0,0.001,2026-05-31 22:09:58.761650,20260531
LBank,SAGAUSDT,SAGA,USDT,USDT,50.0,4.0,1e-05,2026-05-31 22:09:58.761650,20260531
LBank,BUSDT,B,USDT,USDT,50.0,4.0,1e-05,2026-05-31 22:09:58.761650,20260531
LBank,USUSDT,US,USDT,USDT,50.0,4.0,1e-06,2026-05-31 22:09:58.761650,20260531
LBank,ANTHROPICUSDT,ANTHROPIC,USDT,USDT,20.0,8.0,0.1,2026-05-31 22:09:58.761650,20260531
LBank,BONKUSDT,BONK,USDT,USDT,75.0,4.0,1e-09,2026-05-31 22:09:58.761650,20260531
LBank,NAORISUSDT,NAORIS,USDT,USDT,50.0,4.0,1e-05,2026-05-31 22:09:58.761650,20260531
LBank,XLEUSDT,XLE,USDT,USDT,50.0,8.0,0.01,2026-05-31 22:09:58.761650,20260531
LBank,COCOAUSDT,COCOA,USDT,USDT,50.0,8.0,1.0,2026-05-31 22:09:58.761650,20260531
LBank,GOBLINUSDT,GOBLIN,USDT,USDT,20.0,4.0,1e-05,2026-05-31 22:09:58.761650,20260531
LBank,GMESTOCKUSDT,GMESTOCK,USDT,USDT,20.0,8.0,0.01,2026-05-31 22:09:58.761650,20260531
LBank,DRAMUSDT,DRAM,USDT,USDT,20.0,8.0,0.01,2026-05-31 22:09:58.761650,20260531
LBank,B3USDT,B3,USDT,USDT,20.0,4.0,1e-06,2026-05-31 22:09:58.761650,20260531
LBank,SATOUSDT,SATO,USDT,USDT,20.0,4.0,0.001,2026-05-31 22:09:58.761650,20260531
LBank,STXSTOCKUSDT,STXSTOCK,USDT,USDT,50.0,8.0,0.01,2026-05-31 22:09:58.761650,20260531
LBank,LITEUSDT,LITE,USDT,USDT,50.0,8.0,0.01,2026-05-31 22:09:58.761650,20260531
LBank,DDUSDT,DD,USDT,USDT,20.0,8.0,0.01,2026-05-31 22:09:58.761650,20260531
LBank,BUDUSDT,BUD,USDT,USDT,20.0,8.0,0.01,2026-05-31 22:09:58.761650,20260531
LBank,SKYAIUSDT,SKYAI,USDT,USDT,20.0,4.0,1e-05,2026-05-31 22:09:58.761650,20260531
LBank,PROSUSDT,PROS,USDT,USDT,50.0,4.0,0.0001,2026-05-31 22:09:58.761650,20260531
LBank,BLESSUSDT,BLESS,USDT,USDT,50.0,4.0,1e-06,2026-05-31 22:09:58.761650,20260531
LBank,PIEVERSEUSDT,PIEVERSE,USDT,USDT,20.0,4.0,0.0001,2026-05-31 22:09:58.761650,20260531
LBank,SPKUSDT,SPK,USDT,USDT,50.0,4.0,1e-05,2026-05-31 22:09:58.761650,20260531
LBank,CHIPUSDT,CHIP,USDT,USDT,50.0,4.0,1e-05,2026-05-31 22:09:58.761650,20260531
LBank,ZBTUSDT,ZBT,USDT,USDT,20.0,4.0,0.0001,2026-05-31 22:09:58.761650,20260531
LBank,RAVEUSDT,RAVE,USDT,USDT,50.0,4.0,0.0001,2026-05-31 22:09:58.761650,20260531
LBank,GALAUSDT,GALA,USDT,USDT,50.0,8.0,1e-06,2026-05-31 22:09:58.761650,20260531
LBank,AIGENSYNUSDT,AIGENSYN,USDT,USDT,50.0,4.0,1e-05,2026-05-31 22:09:58.761650,20260531
LBank,FNUSDT,FN,USDT,USDT,50.0,8.0,0.1,2026-05-31 22:09:58.761650,20260531
LBank,TXNUSDT,TXN,USDT,USDT,50.0,8.0,0.01,2026-05-31 22:09:58.761650,20260531
LBank,GLWUSDT,GLW,USDT,USDT,50.0,8.0,0.01,2026-05-31 22:09:58.761650,20260531
LBank,SOXXUSDT,SOXX,USDT,USDT,50.0,8.0,0.01,2026-05-31 22:09:58.761650,20260531
LBank,DELLUSDT,DELL,USDT,USDT,50.0,8.0,0.01,2026-05-31 22:09:58.761650,20260531
LBank,ASTEROIDETHUSDT,ASTEROIDETH,USDT,USDT,20.0,4.0,1e-07,2026-05-31 22:09:58.761650,20260531
LBank,EWJUSDT,EWJ,USDT,USDT,50.0,8.0,0.01,2026-05-31 22:09:58.761650,20260531
LBank,ASRUSDT,ASR,USDT,USDT,50.0,4.0,0.001,2026-05-31 22:09:58.761650,20260531
LBank,XTZUSDT,XTZ,USDT,USDT,50.0,4.0,0.0001,2026-05-31 22:09:58.761650,20260531
LBank,COREUSDT,CORE,USDT,USDT,50.0,8.0,1e-05,2026-05-31 22:09:58.761650,20260531
LBank,AAOIUSDT,AAOI,USDT,USDT,50.0,8.0,0.01,2026-05-31 22:09:58.761650,20260531
LBank,ONEUSDT,ONE,USDT,USDT,75.0,8.0,1e-06,2026-05-31 22:09:58.761650,20260531
LBank,OPGUSDT,OPG,USDT,USDT,50.0,4.0,0.0001,2026-05-31 22:09:58.761650,20260531
LBank,PAYPUSDT,PAYP,USDT,USDT,50.0,8.0,0.01,2026-05-31 22:09:58.761650,20260531
LBank,WOJAKUSDT,WOJAK,USDT,USDT,20.0,4.0,1e-11,2026-05-31 22:09:58.761650,20260531
LBank,GNOUSDT,GNO,USDT,USDT,50.0,8.0,0.01,2026-05-31 22:09:58.761650,20260531
LBank,BASEDUSDT,BASED,USDT,USDT,20.0,4.0,1e-05,2026-05-31 22:09:58.761650,20260531
LBank,ENAUSDT,ENA,USDT,USDT,75.0,4.0,1e-05,2026-05-31 22:09:58.761650,20260531
LBank,COTTONUSDT,COTTON,USDT,USDT,20.0,8.0,0.0001,2026-05-31 22:09:58.761650,20260531
LBank,WHEATUSDT,WHEAT,USDT,USDT,20.0,8.0,0.001,2026-05-31 22:09:58.761650,20260531
LBank,SUGARUSDT,SUGAR,USDT,USDT,20.0,8.0,0.0001,2026-05-31 22:09:58.761650,20260531
LBank,SOYBEANUSDT,SOYBEAN,USDT,USDT,20.0,8.0,0.001,2026-05-31 22:09:58.761650,20260531
LBank,GENIUSUSDT,GENIUS,USDT,USDT,20.0,4.0,0.0001,2026-05-31 22:09:58.761650,20260531
LBank,TSTUSDT,TST,USDT,USDT,50.0,4.0,1e-06,2026-05-31 22:09:58.761650,20260531
LBank,TREEUSDT,TREE,USDT,USDT,50.0,4.0,1e-05,2026-05-31 22:09:58.761650,20260531
LBank,ARIAUSDT,ARIA,USDT,USDT,50.0,4.0,1e-05,2026-05-31 22:09:58.761650,20260531
LBank,OFCUSDT,OFC,USDT,USDT,50.0,4.0,1e-05,2026-05-31 22:09:58.761650,20260531
LBank,SNDKUSDT,SNDK,USDT,USDT,50.0,8.0,0.01,2026-05-31 22:09:58.761650,20260531
LBank,TSMONUSDT,TSMON,USDT,USDT,50.0,8.0,0.01,2026-05-31 22:09:58.761650,20260531
LBank,PGUSDT,PG,USDT,USDT,50.0,8.0,0.01,2026-05-31 22:09:58.761650,20260531
LBank,XBRUSDT,XBR,USDT,USDT,100.0,4.0,0.01,2026-05-31 22:09:58.761650,20260531
LBank,UP2USDT,UP2,USDT,USDT,50.0,4.0,0.0001,2026-05-31 22:09:58.761650,20260531
LBank,AGGUSDT,AGG,USDT,USDT,50.0,8.0,0.01,2026-05-31 22:09:58.761650,20260531
LBank,TLTUSDT,TLT,USDT,USDT,50.0,8.0,0.01,2026-05-31 22:09:58.761650,20260531
LBank,OKLOUSDT,OKLO,USDT,USDT,50.0,8.0,0.01,2026-05-31 22:09:58.761650,20260531
LBank,LMTUSDT,LMT,USDT,USDT,50.0,8.0,0.01,2026-05-31 22:09:58.761650,20260531
LBank,IRENONUSDT,IRENON,USDT,USDT,50.0,8.0,0.01,2026-05-31 22:09:58.761650,20260531
LBank,NFLXUSDT,NFLX,USDT,USDT,50.0,8.0,0.01,2026-05-31 22:09:58.761650,20260531
LBank,DRIFTUSDT,DRIFT,USDT,USDT,50.0,4.0,1e-05,2026-05-31 22:09:58.761650,20260531
LBank,WOTAMALAILEUSDT,WOTAMALAILE,USDT,USDT,20.0,4.0,1e-06,2026-05-31 22:09:58.761650,20260531
LBank,HYPERUSDT,HYPER,USDT,USDT,20.0,4.0,1e-05,2026-05-31 22:09:58.761650,20260531
LBank,PTBUSDT,PTB,USDT,USDT,20.0,4.0,1e-07,2026-05-31 22:09:58.761650,20260531
LBank,STOUSDT,STO,USDT,USDT,20.0,4.0,1e-05,2026-05-31 22:09:58.761650,20260531
LBank,BULLAUSDT,BULLA,USDT,USDT,20.0,4.0,1e-06,2026-05-31 22:09:58.761650,20260531
LBank,XZNUSDT,XZN,USDT,USDT,20.0,8.0,0.01,2026-05-31 22:09:58.761650,20260531
LBank,RIVERUSDT,RIVER,USDT,USDT,20.0,4.0,0.001,2026-05-31 22:09:58.761650,20260531
LBank,EDGEXUSDT,EDGE,USDT,USDT,50.0,4.0,0.0001,2026-05-31 22:09:58.761650,20260531
LBank,TICSUSDT,TICS,USDT,USDT,0.0,4.0,1e-05,2026-05-31 22:09:58.761650,20260531
LBank,MEGAUSDT,MEGA,USDT,USDT,20.0,4.0,1e-05,2026-05-31 22:09:58.761650,20260531
LBank,ZEREBROUSDT,ZEREBRO,USDT,USDT,50.0,4.0,1e-06,2026-05-31 22:09:58.761650,20260531
LBank,SOLVUSDT,SOLV,USDT,USDT,50.0,4.0,1e-06,2026-05-31 22:09:58.761650,20260531
LBank,IPUSDT,IP,USDT,USDT,50.0,4.0,0.0001,2026-05-31 22:09:58.761650,20260531
LBank,HEMIUSDT,HEMI,USDT,USDT,50.0,4.0,1e-06,2026-05-31 22:09:58.761650,20260531
LBank,BRETTUSDT,BRETT,USDT,USDT,50.0,4.0,1e-06,2026-05-31 22:09:58.761650,20260531
LBank,XPBUSDT,XPB,USDT,USDT,50.0,8.0,0.01,2026-05-31 22:09:58.761650,20260531
LBank,XALUSDT,XAL,USDT,USDT,50.0,8.0,0.01,2026-05-31 22:09:58.761650,20260531
LBank,XNIUSDT,XNI,USDT,USDT,50.0,8.0,0.01,2026-05-31 22:09:58.761650,20260531
LBank,NGASUSDT,NGAS,USDT,USDT,50.0,1.0,0.001,2026-05-31 22:09:58.761650,20260531
LBank,TAOUSDT,TAO,USDT,USDT,75.0,4.0,0.1,2026-05-31 22:09:58.761650,20260531
LBank,METEORAUSDT,METEORA,USDT,USDT,50.0,4.0,0.0001,2026-05-31 22:09:58.761650,20260531
LBank,VIXINDEXUSDT,VIXINDEX,USDT,USDT,50.0,8.0,0.001,2026-05-31 22:09:58.761650,20260531
LBank,TW88USDT,TW88,USDT,USDT,50.0,8.0,0.01,2026-05-31 22:09:58.761650,20260531
LBank,HSCHKDUSDT,HSCHKD,USDT,USDT,20.0,8.0,0.01,2026-05-31 22:09:58.761650,20260531
LBank,US2000USDT,US2000,USDT,USDT,20.0,8.0,0.01,2026-05-31 22:09:58.761650,20260531
LBank,UK100USDT,UK100,USDT,USDT,20.0,8.0,0.01,2026-05-31 22:09:58.761650,20260531
LBank,AUS200USDT,AUS200,USDT,USDT,20.0,8.0,0.01,2026-05-31 22:09:58.761650,20260531
LBank,NAS100USDT,NAS100,USDT,USDT,50.0,8.0,0.01,2026-05-31 22:09:58.761650,20260531
LBank,SPX500USDT,SPX500,USDT,USDT,50.0,8.0,0.01,2026-05-31 22:09:58.761650,20260531
LBank,JPN225USDT,JPN225,USDT,USDT,50.0,8.0,0.01,2026-05-31 22:09:58.761650,20260531
LBank,HK50USDT,HK50,USDT,USDT,50.0,8.0,0.01,2026-05-31 22:09:58.761650,20260531
LBank,PRLUSDT,PRL,USDT,USDT,20.0,4.0,0.0001,2026-05-31 22:09:58.761650,20260531
LBank,GEVUSDT,GEV,USDT,USDT,50.0,8.0,0.01,2026-05-31 22:09:58.761650,20260531
LBank,SIRENUSDT,SIREN,USDT,USDT,50.0,4.0,1e-05,2026-05-31 22:09:58.761650,20260531
LBank,US30USDT,US30,USDT,USDT,50.0,8.0,0.01,2026-05-31 22:09:58.761650,20260531
LBank,ORDERUSDT,ORDER,USDT,USDT,20.0,4.0,1e-05,2026-05-31 22:09:58.761650,20260531
LBank,BMNRUSDT,BMNR,USDT,USDT,50.0,8.0,0.01,2026-05-31 22:09:58.761650,20260531
LBank,BARDUSDT,BARD,USDT,USDT,50.0,4.0,0.0001,2026-05-31 22:09:58.761650,20260531
LBank,CFGUSDT,CFG,USDT,USDT,50.0,4.0,0.0001,2026-05-31 22:09:58.761650,20260531
LBank,EWYUSDT,EWY,USDT,USDT,20.0,8.0,0.01,2026-05-31 22:09:58.761650,20260531
LBank,CUSDT,C,USDT,USDT,50.0,4.0,1e-05,2026-05-31 22:09:58.761650,20260531
LBank,LONGXIAUSDT,LONGXIA,USDT,USDT,20.0,4.0,1e-06,2026-05-31 22:09:58.761650,20260531
LBank,TRYUSDT,TRY,USDT,USDT,50.0,4.0,1e-05,2026-05-31 22:09:58.761650,20260531
LBank,BRLUSDT,BRL,USDT,USDT,50.0,4.0,0.0001,2026-05-31 22:09:58.761650,20260531
LBank,XPTUSDT,XPT,USDT,USDT,50.0,4.0,0.01,2026-05-31 22:09:58.761650,20260531
LBank,XPDUSDT,XPD,USDT,USDT,50.0,4.0,0.01,2026-05-31 22:09:58.761650,20260531
LBank,XCUUSDT,XCU,USDT,USDT,50.0,4.0,0.001,2026-05-31 22:09:58.761650,20260531
LBank,MANTRAUSDT,MANTRA,USDT,USDT,50.0,4.0,1e-05,2026-05-31 22:09:58.761650,20260531
LBank,1000BTTCUSDT,1000BTTC,USDT,USDT,50.0,8.0,1e-07,2026-05-31 22:09:58.761650,20260531
LBank,OGFANUSDT,OGFAN,USDT,USDT,50.0,4.0,0.001,2026-05-31 22:09:58.761650,20260531
LBank,FIGHT1USDT,FIGHT1,USDT,USDT,50.0,4.0,1e-06,2026-05-31 22:09:58.761650,20260531
LBank,CRWDUSDT,CRWD,USDT,USDT,50.0,8.0,0.01,2026-05-31 22:09:58.761650,20260531
LBank,PYPLUSDT,PYPL,USDT,USDT,50.0,8.0,0.01,2026-05-31 22:09:58.761650,20260531
LBank,KATUSDT,KAT,USDT,USDT,50.0,4.0,1e-05,2026-05-31 22:09:58.761650,20260531
LBank,ALTUSDT,ALT,USDT,USDT,50.0,4.0,1e-06,2026-05-31 22:09:58.761650,20260531
LBank,WALUSDT,WAL,USDT,USDT,50.0,4.0,1e-05,2026-05-31 22:09:58.761650,20260531
LBank,AVAAIUSDT,AVAAI,USDT,USDT,25.0,4.0,1e-06,2026-05-31 22:09:58.761650,20260531
LBank,SWARMSUSDT,SWARMS,USDT,USDT,50.0,4.0,1e-06,2026-05-31 22:09:58.761650,20260531
LBank,FLUXUSDT,FLUX,USDT,USDT,75.0,4.0,1e-05,2026-05-31 22:09:58.761650,20260531
LBank,VANAUSDT,VANA,USDT,USDT,20.0,4.0,0.001,2026-05-31 22:09:58.761650,20260531
LBank,ROBOUSDT,ROBO,USDT,USDT,20.0,4.0,1e-05,2026-05-31 22:09:58.761650,20260531
LBank,STRKUSDT,STRK,USDT,USDT,75.0,4.0,1e-05,2026-05-31 22:09:58.761650,20260531
LBank,PIXELUSDT,PIXEL,USDT,USDT,50.0,4.0,1e-06,2026-05-31 22:09:58.761650,20260531
LBank,LUMIAUSDT,LUMIA,USDT,USDT,50.0,4.0,1e-05,2026-05-31 22:09:58.761650,20260531
LBank,ATHUSDT,ATH,USDT,USDT,50.0,4.0,1e-06,2026-05-31 22:09:58.761650,20260531
LBank,ALLOUSDT,ALLO,USDT,USDT,50.0,4.0,1e-05,2026-05-31 22:09:58.761650,20260531
LBank,2ZUSDT,2Z,USDT,USDT,50.0,4.0,1e-05,2026-05-31 22:09:58.761650,20260531
LBank,HBARUSDT,HBAR,USDT,USDT,50.0,8.0,1e-05,2026-05-31 22:09:58.761650,20260531
LBank,CARVUSDT,CARV,USDT,USDT,50.0,4.0,1e-05,2026-05-31 22:09:58.761650,20260531
LBank,OPNUSDT,OPN,USDT,USDT,50.0,4.0,0.0001,2026-05-31 22:09:58.761650,20260531
LBank,FLOCK1USDT,FLOCK1,USDT,USDT,50.0,4.0,1e-05,2026-05-31 22:09:58.761650,20260531
LBank,KSMUSDT,KSM,USDT,USDT,50.0,8.0,0.001,2026-05-31 22:09:58.761650,20260531
LBank,ILVUSDT,ILV,USDT,USDT,50.0,4.0,0.001,2026-05-31 22:09:58.761650,20260531
LBank,PIPPINUSDT,PIPPIN,USDT,USDT,50.0,4.0,1e-05,2026-05-31 22:09:58.761650,20260531
LBank,MASTOCKUSDT,MASTOCK,USDT,USDT,50.0,8.0,0.01,2026-05-31 22:09:58.762647,20260531
LBank,USTCUSDT,USTC,USDT,USDT,50.0,4.0,1e-06,2026-05-31 22:09:58.762647,20260531
LBank,ZAMAUSDT,ZAMA,USDT,USDT,20.0,4.0,1e-05,2026-05-31 22:09:58.762647,20260531
LBank,INXUSDT,INX,USDT,USDT,20.0,4.0,1e-06,2026-05-31 22:09:58.762647,20260531
LBank,ESPUSDT,ESP,USDT,USDT,20.0,4.0,1e-05,2026-05-31 22:09:58.762647,20260531
LBank,AZTECUSDT,AZTEC,USDT,USDT,50.0,4.0,1e-05,2026-05-31 22:09:58.762647,20260531
LBank,PDDUSDT,PDD,USDT,USDT,20.0,8.0,0.01,2026-05-31 22:09:58.762647,20260531
LBank,JDUSDT,JD,USDT,USDT,20.0,8.0,0.01,2026-05-31 22:09:58.762647,20260531
LBank,MITOUSDT,MITO,USDT,USDT,50.0,4.0,1e-05,2026-05-31 22:09:58.762647,20260531
LBank,POPCATUSDT,POPCAT,USDT,USDT,75.0,4.0,1e-05,2026-05-31 22:09:58.762647,20260531
LBank,VICUSDT,VIC,USDT,USDT,50.0,4.0,1e-05,2026-05-31 22:09:58.762647,20260531
LBank,AXLUSDT,AXL,USDT,USDT,50.0,4.0,1e-05,2026-05-31 22:09:58.762647,20260531
LBank,ALICEUSDT,ALICE,USDT,USDT,50.0,4.0,0.0001,2026-05-31 22:09:58.762647,20260531
LBank,USOUSDT,USO,USDT,USDT,50.0,8.0,0.01,2026-05-31 22:09:58.762647,20260531
LBank,BABYDOGEUSDT,BABYDOGE,USDT,USDT,50.0,4.0,1e-13,2026-05-31 22:09:58.762647,20260531
LBank,ZKPUSDT,ZKP,USDT,USDT,20.0,4.0,1e-05,2026-05-31 22:09:58.762647,20260531
LBank,WETUSDT,WET,USDT,USDT,20.0,4.0,1e-05,2026-05-31 22:09:58.762647,20260531
LBank,SKRUSDT,SKR,USDT,USDT,50.0,4.0,1e-06,2026-05-31 22:09:58.762647,20260531
LBank,SPACE1USDT,SPACE1,USDT,USDT,50.0,4.0,1e-06,2026-05-31 22:09:58.762647,20260531
LBank,TRIAUSDT,TRIA,USDT,USDT,20.0,4.0,1e-05,2026-05-31 22:09:58.762647,20260531
LBank,KOUSDT,KO,USDT,USDT,50.0,8.0,0.01,2026-05-31 22:09:58.762647,20260531
LBank,IBMUSDT,IBM,USDT,USDT,50.0,8.0,0.01,2026-05-31 22:09:58.762647,20260531
LBank,BIRBUSDT,BIRB,USDT,USDT,20.0,4.0,0.0001,2026-05-31 22:09:58.762647,20260531
LBank,CATIUSDT,CATI,USDT,USDT,75.0,4.0,1e-05,2026-05-31 22:09:58.762647,20260531
LBank,PAXGUSDT,PAXG,USDT,USDT,50.0,4.0,0.01,2026-05-31 22:09:58.762647,20260531
LBank,BTCDOMUSDT,BTCDOM,USDT,USDT,50.0,8.0,0.1,2026-05-31 22:09:58.762647,20260531
LBank,ALLUSDT,ALL,USDT,USDT,50.0,8.0,0.0001,2026-05-31 22:09:58.762647,20260531
LBank,USD1USDT,USD1,USDT,USDT,50.0,4.0,0.0001,2026-05-31 22:09:58.762647,20260531
LBank,REDUSDT,RED,USDT,USDT,50.0,4.0,0.0001,2026-05-31 22:09:58.762647,20260531
LBank,POLUSDT,POL,USDT,USDT,75.0,4.0,1e-05,2026-05-31 22:09:58.762647,20260531
LBank,MOCAUSDT,MOCA,USDT,USDT,75.0,4.0,1e-05,2026-05-31 22:09:58.762647,20260531
LBank,KGENUSDT,KGEN,USDT,USDT,20.0,4.0,0.0001,2026-05-31 22:09:58.762647,20260531
LBank,HIVEUSDT,HIVE,USDT,USDT,75.0,1.0,1e-05,2026-05-31 22:09:58.762647,20260531
LBank,GUNUSDT,GUN,USDT,USDT,50.0,4.0,1e-05,2026-05-31 22:09:58.762647,20260531
LBank,GIGGLEUSDT,GIGGLE,USDT,USDT,50.0,4.0,0.01,2026-05-31 22:09:58.762647,20260531
LBank,ESPORTSUSDT,ESPORTS,USDT,USDT,20.0,4.0,1e-05,2026-05-31 22:09:58.762647,20260531
LBank,EPICUSDT,EPIC,USDT,USDT,50.0,4.0,0.0001,2026-05-31 22:09:58.762647,20260531
LBank,CATUSDT,CAT,USDT,USDT,50.0,4.0,1e-09,2026-05-31 22:09:58.762647,20260531
LBank,BTRUSDT,BTR,USDT,USDT,50.0,4.0,1e-05,2026-05-31 22:09:58.762647,20260531
LBank,VELODROMEUSDT,VELODROME,USDT,USDT,50.0,4.0,1e-05,2026-05-31 22:09:58.762647,20260531
LBank,XAIUSDT,XAI,USDT,USDT,50.0,4.0,1e-05,2026-05-31 22:09:58.762647,20260531
LBank,XNYUSDT,XNY,USDT,USDT,50.0,4.0,1e-06,2026-05-31 22:09:58.762647,20260531
LBank,XPLUSDT,XPL,USDT,USDT,50.0,4.0,0.0001,2026-05-31 22:09:58.762647,20260531
LBank,GTUSDT,GT,USDT,USDT,20.0,8.0,0.01,2026-05-31 22:09:58.762647,20260531
LBank,COSUSDT,COS,USDT,USDT,20.0,4.0,1e-06,2026-05-31 22:09:58.762647,20260531
LBank,BIO1USDT,BIO1,USDT,USDT,50.0,4.0,1e-05,2026-05-31 22:09:58.762647,20260531
LBank,BGBUSDT,BGB,USDT,USDT,20.0,8.0,0.001,2026-05-31 22:09:58.762647,20260531
LBank,APROUSDT,APRO,USDT,USDT,20.0,4.0,0.0001,2026-05-31 22:09:58.762647,20260531
LBank,AINBSCUSDT,AINBSC,USDT,USDT,50.0,4.0,1e-05,2026-05-31 22:09:58.762647,20260531
LBank,BEATUSDT,BEAT,USDT,USDT,20.0,4.0,0.0001,2026-05-31 22:09:58.762647,20260531
LBank,ALPINEUSDT,ALPINE,USDT,USDT,50.0,4.0,0.0001,2026-05-31 22:09:58.762647,20260531
LBank,ZENUSDT,ZEN,USDT,USDT,50.0,8.0,0.001,2026-05-31 22:09:58.762647,20260531
LBank,XPINUSDT,XPIN,USDT,USDT,50.0,4.0,1e-07,2026-05-31 22:09:58.762647,20260531
LBank,TURTLEUSDT,TURTLE,USDT,USDT,50.0,4.0,1e-05,2026-05-31 22:09:58.762647,20260531
LBank,THEUSDT,THE,USDT,USDT,50.0,4.0,0.0001,2026-05-31 22:09:58.762647,20260531
LBank,SQDUSDT,SQD,USDT,USDT,50.0,4.0,1e-05,2026-05-31 22:09:58.762647,20260531
LBank,QUACKAIUSDT,QUACKAI,USDT,USDT,50.0,4.0,1e-06,2026-05-31 22:09:58.762647,20260531
LBank,SENTUSDT,SENT,USDT,USDT,20.0,4.0,1e-05,2026-05-31 22:09:58.762647,20260531
LBank,MONUSDT,MON,USDT,USDT,50.0,4.0,1e-05,2026-05-31 22:09:58.762647,20260531
LBank,POWERUSDT,POWER,USDT,USDT,20.0,4.0,1e-05,2026-05-31 22:09:58.762647,20260531
LBank,OBOLUSDT,OBOL,USDT,USDT,0.0,4.0,1e-05,2026-05-31 22:09:58.762647,20260531
LBank,SYNUSDT,SYN,USDT,USDT,50.0,4.0,1e-05,2026-05-31 22:09:58.762647,20260531
LBank,NEIRO1USDT,NEIRO1,USDT,USDT,75.0,4.0,1e-07,2026-05-31 22:09:58.762647,20260531
LBank,MUSDT,M,USDT,USDT,50.0,4.0,0.0001,2026-05-31 22:09:58.762647,20260531
LBank,ICNTUSDT,ICNT,USDT,USDT,50.0,4.0,0.0001,2026-05-31 22:09:58.762647,20260531
LBank,HNTUSDT,HNT,USDT,USDT,50.0,8.0,0.001,2026-05-31 22:09:58.762647,20260531
LBank,GLMUSDT,GLM,USDT,USDT,50.0,4.0,0.0001,2026-05-31 22:09:58.762647,20260531
LBank,FRAXUSDT,FRAX,USDT,USDT,50.0,4.0,0.0001,2026-05-31 22:09:58.762647,20260531
LBank,EULUSDT,EUL,USDT,USDT,50.0,4.0,0.001,2026-05-31 22:09:58.762647,20260531
LBank,GPSUSDT,GPS,USDT,USDT,50.0,4.0,1e-06,2026-05-31 22:09:58.762647,20260531
LBank,CTKUSDT,CTK,USDT,USDT,50.0,4.0,0.0001,2026-05-31 22:09:58.762647,20260531
LBank,CHEEMSUSDT,CHEEMS,USDT,USDT,75.0,4.0,1e-10,2026-05-31 22:09:58.762647,20260531
LBank,ELSAUSDT,ELSA,USDT,USDT,20.0,4.0,0.0001,2026-05-31 22:09:58.762647,20260531
LBank,TAUSDT,TA,USDT,USDT,20.0,4.0,1e-05,2026-05-31 22:09:58.762647,20260531
LBank,TACUSDT,TAC,USDT,USDT,50.0,4.0,1e-06,2026-05-31 22:09:58.762647,20260531
LBank,AIOUSDT,AIO,USDT,USDT,50.0,4.0,1e-05,2026-05-31 22:09:58.762647,20260531
LBank,AGTUSDT,AGT,USDT,USDT,50.0,4.0,1e-06,2026-05-31 22:09:58.762647,20260531
LBank,SPORTFUNUSDT,SPORTFUN,USDT,USDT,50.0,4.0,1e-05,2026-05-31 22:09:58.762647,20260531
LBank,MEXCUSDT,MEXC,USDT,USDT,20.0,4.0,0.001,2026-05-31 22:09:58.762647,20260531
LBank,LYNUSDT,LYN,USDT,USDT,20.0,4.0,1e-05,2026-05-31 22:09:58.762647,20260531
LBank,EVAAUSDT,EVAA,USDT,USDT,50.0,4.0,0.0001,2026-05-31 22:09:58.762647,20260531
LBank,COLLECTUSDT,COLLECT,USDT,USDT,50.0,4.0,1e-05,2026-05-31 22:09:58.762647,20260531
LBank,BIANRENSHENGUSDT,BIANRENSHENG,USDT,USDT,50.0,4.0,0.0001,2026-05-31 22:09:58.762647,20260531
LBank,BASUSDT,BAS,USDT,USDT,50.0,4.0,1e-06,2026-05-31 22:09:58.762647,20260531
LBank,JCTUSDT,JCT,USDT,USDT,20.0,4.0,1e-06,2026-05-31 22:09:58.762647,20260531
LBank,HOLOUSDT,HOLO,USDT,USDT,50.0,4.0,1e-05,2026-05-31 22:09:58.762647,20260531
LBank,4USDT,4,USDT,USDT,50.0,4.0,1e-05,2026-05-31 22:09:58.762647,20260531
LBank,UAIUSDT,UAI,USDT,USDT,50.0,4.0,0.0001,2026-05-31 22:09:58.762647,20260531
LBank,TAKEUSDT,TAKE,USDT,USDT,50.0,4.0,1e-05,2026-05-31 22:09:58.762647,20260531
LBank,TAGUSDT,TAG,USDT,USDT,50.0,4.0,1e-07,2026-05-31 22:09:58.762647,20260531
LBank,SOMIUSDT,SOMI,USDT,USDT,50.0,4.0,0.0001,2026-05-31 22:09:58.762647,20260531
LBank,OROCHIUSDT,OROCHI,USDT,USDT,50.0,4.0,0.0001,2026-05-31 22:09:58.762647,20260531
LBank,MIRAUSDT,MIRA,USDT,USDT,50.0,4.0,0.0001,2026-05-31 22:09:58.762647,20260531
LBank,MAGMAUSDT,MAGMA,USDT,USDT,50.0,4.0,1e-05,2026-05-31 22:09:58.762647,20260531
LBank,LIGHT1USDT,LIGHT1,USDT,USDT,20.0,4.0,0.0001,2026-05-31 22:09:58.762647,20260531
LBank,FOGOUSDT,FOGO,USDT,USDT,20.0,4.0,1e-05,2026-05-31 22:09:58.762647,20260531
LBank,IDOLUSDT,IDOL,USDT,USDT,50.0,4.0,1e-05,2026-05-31 22:09:58.762647,20260531
LBank,APEXUSDT,APEX,USDT,USDT,50.0,4.0,0.0001,2026-05-31 22:09:58.762647,20260531
LBank,AIOTUSDT,AIOT,USDT,USDT,50.0,4.0,1e-05,2026-05-31 22:09:58.762647,20260531
LBank,GUAUSDT,GUA,USDT,USDT,10.0,4.0,0.0001,2026-05-31 22:09:58.762647,20260531
LBank,ZILUSDT,ZIL,USDT,USDT,50.0,4.0,1e-05,2026-05-31 22:09:58.762647,20260531
LBank,SPXUSDT,SPX,USDT,USDT,50.0,4.0,0.0001,2026-05-31 22:09:58.762647,20260531
LBank,CROSSUSDT,CROSS,USDT,USDT,20.0,4.0,1e-05,2026-05-31 22:09:58.762647,20260531
LBank,KITEUSDT,KITE,USDT,USDT,50.0,4.0,1e-05,2026-05-31 22:09:58.762647,20260531
LBank,YBUSDT,YB,USDT,USDT,50.0,4.0,0.0001,2026-05-31 22:09:58.762647,20260531
LBank,SONICUSDT,SONIC,USDT,USDT,75.0,4.0,1e-05,2026-05-31 22:09:58.762647,20260531
LBank,CYSUSDT,CYS,USDT,USDT,20.0,4.0,0.0001,2026-05-31 22:09:58.762647,20260531
LBank,B2USDT,B2,USDT,USDT,50.0,4.0,0.0001,2026-05-31 22:09:58.762647,20260531
LBank,COAIUSDT,COAI,USDT,USDT,50.0,4.0,0.0001,2026-05-31 22:09:58.762647,20260531
LBank,BANKUSDT,BANK,USDT,USDT,50.0,4.0,1e-05,2026-05-31 22:09:58.762647,20260531
LBank,AKEUSDT,AKE,USDT,USDT,50.0,4.0,1e-07,2026-05-31 22:09:58.762647,20260531
LBank,INUSDT,IN,USDT,USDT,50.0,4.0,1e-05,2026-05-31 22:09:58.762647,20260531
LBank,SAPIENUSDT,SAPIEN,USDT,USDT,50.0,4.0,1e-05,2026-05-31 22:09:58.762647,20260531
LBank,STABLEUSDT,STABLE,USDT,USDT,50.0,4.0,1e-05,2026-05-31 22:09:58.762647,20260531
LBank,MMTUSDT,MMT,USDT,USDT,20.0,4.0,0.0001,2026-05-31 22:09:58.762647,20260531
LBank,VELVETUSDT,VELVET,USDT,USDT,50.0,4.0,1e-05,2026-05-31 22:09:58.762647,20260531
LBank,CHILLGUYUSDT,CHILLGUY,USDT,USDT,50.0,4.0,1e-05,2026-05-31 22:09:58.762647,20260531
LBank,BROCCOLIUSDT,BROCCOLI,USDT,USDT,50.0,4.0,1e-05,2026-05-31 22:09:58.762647,20260531
LBank,ZETAUSDT,ZETA,USDT,USDT,75.0,4.0,1e-05,2026-05-31 22:09:58.762647,20260531
LBank,SOONUSDT,SOON,USDT,USDT,50.0,4.0,0.0001,2026-05-31 22:09:58.762647,20260531
LBank,LINEAUSDT,LINEA,USDT,USDT,50.0,4.0,1e-06,2026-05-31 22:09:58.762647,20260531
LBank,BREVUSDT,BREV,USDT,USDT,20.0,4.0,0.0001,2026-05-31 22:09:58.762647,20260531
LBank,DOLOUSDT,DOLO,USDT,USDT,50.0,4.0,1e-05,2026-05-31 22:09:58.762647,20260531
LBank,STBLUSDT,STBL,USDT,USDT,50.0,4.0,1e-05,2026-05-31 22:09:58.762647,20260531
LBank,TAIKOUSDT,TAIKO,USDT,USDT,50.0,4.0,0.0001,2026-05-31 22:09:58.762647,20260531
LBank,MNTUSDT,MNT,USDT,USDT,50.0,8.0,0.0001,2026-05-31 22:09:58.762647,20260531
LBank,ZKCUSDT,ZKC,USDT,USDT,50.0,4.0,0.0001,2026-05-31 22:09:58.762647,20260531
LBank,BLUAIUSDT,BLUAI,USDT,USDT,50.0,4.0,1e-06,2026-05-31 22:09:58.762647,20260531
LBank,ZORAUSDT,ZORA,USDT,USDT,50.0,4.0,1e-05,2026-05-31 22:09:58.762647,20260531
LBank,OKBUSDT,OKB,USDT,USDT,50.0,4.0,0.01,2026-05-31 22:09:58.762647,20260531
LBank,TWTUSDT,TWT,USDT,USDT,50.0,4.0,0.0001,2026-05-31 22:09:58.762647,20260531
LBank,AVNTUSDT,AVNT,USDT,USDT,50.0,4.0,0.0001,2026-05-31 22:09:58.762647,20260531
LBank,PUMPUSDT,PUMP,USDT,USDT,50.0,4.0,1e-06,2026-05-31 22:09:58.762647,20260531
LBank,ARCUSDT,ARC,USDT,USDT,50.0,4.0,1e-05,2026-05-31 22:09:58.762647,20260531
LBank,HUSDT,H,USDT,USDT,50.0,4.0,1e-05,2026-05-31 22:09:58.762647,20260531
LBank,NIGHTUSDT,NIGHT,USDT,USDT,50.0,4.0,1e-05,2026-05-31 22:09:58.762647,20260531
LBank,DEEPUSDT,DEEP,USDT,USDT,50.0,4.0,1e-05,2026-05-31 22:09:58.762647,20260531
LBank,DOODUSDT,DOOD,USDT,USDT,50.0,4.0,1e-06,2026-05-31 22:09:58.762647,20260531
LBank,JELLYJELLYUSDT,JELLYJELLY,USDT,USDT,20.0,4.0,1e-05,2026-05-31 22:09:58.762647,20260531
LBank,AEROUSDT,AERO,USDT,USDT,50.0,4.0,0.0001,2026-05-31 22:09:58.762647,20260531
LBank,NOMUSDT,NOM,USDT,USDT,20.0,4.0,1e-06,2026-05-31 22:09:58.762647,20260531
LBank,BANUSDT,BAN,USDT,USDT,50.0,4.0,1e-05,2026-05-31 22:09:58.762647,20260531
LBank,GRIFFAINUSDT,GRIFFAIN,USDT,USDT,50.0,4.0,1e-05,2026-05-31 22:09:58.762647,20260531
LBank,FFUSDT,FF,USDT,USDT,50.0,4.0,1e-05,2026-05-31 22:09:58.762647,20260531
LBank,0GUSDT,0G,USDT,USDT,20.0,4.0,0.0001,2026-05-31 22:09:58.762647,20260531
LBank,CLANKERUSDT,CLANKER,USDT,USDT,50.0,4.0,0.01,2026-05-31 22:09:58.762647,20260531
LBank,MELANIAUSDT,MELANIA,USDT,USDT,50.0,4.0,0.0001,2026-05-31 22:09:58.762647,20260531
LBank,FLUIDUSDT,FLUID,USDT,USDT,50.0,4.0,0.001,2026-05-31 22:09:58.762647,20260531
LBank,FLRUSDT,FLR,USDT,USDT,50.0,8.0,1e-05,2026-05-31 22:09:58.762647,20260531
LBank,MOGUSDT,MOG,USDT,USDT,50.0,4.0,1e-10,2026-05-31 22:09:58.762647,20260531
LBank,MYXUSDT,MYX,USDT,USDT,50.0,4.0,1e-05,2026-05-31 22:09:58.762647,20260531
LBank,BRUSDT,BR,USDT,USDT,50.0,4.0,1e-05,2026-05-31 22:09:58.762647,20260531
LBank,USELESSUSDT,USELESS,USDT,USDT,50.0,4.0,1e-05,2026-05-31 22:09:58.762647,20260531
LBank,APRUSDT,APR,USDT,USDT,50.0,4.0,1e-05,2026-05-31 22:09:58.762647,20260531
LBank,OPENUSDT,OPEN,USDT,USDT,50.0,4.0,0.0001,2026-05-31 22:09:58.762647,20260531
LBank,PUMPBTCUSDT,PUMPBTC,USDT,USDT,50.0,4.0,1e-05,2026-05-31 22:09:58.762647,20260531
LBank,FUSDT,F,USDT,USDT,50.0,4.0,1e-06,2026-05-31 22:09:58.762647,20260531
LBank,IRYSUSDT,IRYS,USDT,USDT,20.0,4.0,1e-05,2026-05-31 22:09:58.762647,20260531
LBank,TOSHIUSDT,TOSHI,USDT,USDT,50.0,4.0,1e-07,2026-05-31 22:09:58.762647,20260531
LBank,FHEUSDT,FHE,USDT,USDT,50.0,4.0,1e-05,2026-05-31 22:09:58.762647,20260531
LBank,USDEUSDT,USDE,USDT,USDT,20.0,8.0,0.0001,2026-05-31 22:09:58.762647,20260531
LBank,IOUSDT,IO,USDT,USDT,75.0,4.0,0.0001,2026-05-31 22:09:58.762647,20260531
LBank,1000LUNCUSDT,1000LUNC,USDT,USDT,50.0,8.0,1e-05,2026-05-31 22:09:58.762647,20260531
LBank,ZROUSDT,ZRO,USDT,USDT,75.0,4.0,0.001,2026-05-31 22:09:58.762647,20260531
LBank,CHZUSDT,CHZ,USDT,USDT,50.0,8.0,1e-05,2026-05-31 22:09:58.762647,20260531
LBank,JUPUSDT,JUP,USDT,USDT,75.0,4.0,0.0001,2026-05-31 22:09:58.762647,20260531
LBank,SYRUPUSDT,SYRUP,USDT,USDT,50.0,4.0,1e-05,2026-05-31 22:09:58.762647,20260531
LBank,IOTAUSDT,IOTA,USDT,USDT,50.0,8.0,0.0001,2026-05-31 22:09:58.762647,20260531
LBank,WCTUSDT,WCT,USDT,USDT,20.0,4.0,1e-05,2026-05-31 22:09:58.762647,20260531
LBank,SHELLUSDT,SHELL,USDT,USDT,50.0,4.0,1e-05,2026-05-31 22:09:58.762647,20260531
LBank,BERAUSDT,BERA,USDT,USDT,50.0,4.0,0.0001,2026-05-31 22:09:58.762647,20260531
LBank,VANRYUSDT,VANRY,USDT,USDT,50.0,4.0,1e-06,2026-05-31 22:09:58.762647,20260531
LBank,SLPUSDT,SLP,USDT,USDT,50.0,4.0,1e-07,2026-05-31 22:09:58.762647,20260531
LBank,SOPHUSDT,SOPH,USDT,USDT,50.0,4.0,1e-06,2026-05-31 22:09:58.762647,20260531
LBank,SCRUSDT,SCR,USDT,USDT,50.0,4.0,1e-05,2026-05-31 22:09:58.762647,20260531
LBank,MANTAUSDT,MANTA,USDT,USDT,50.0,4.0,1e-05,2026-05-31 22:09:58.762647,20260531
LBank,ZRXUSDT,ZRX,USDT,USDT,20.0,4.0,0.0001,2026-05-31 22:09:58.762647,20260531
LBank,ZKSYNCUSDT,ZKSYNC,USDT,USDT,50.0,4.0,1e-05,2026-05-31 22:09:58.762647,20260531
LBank,WUSDT,W,USDT,USDT,75.0,4.0,1e-05,2026-05-31 22:09:58.762647,20260531
LBank,VIRTUALUSDT,VIRTUAL,USDT,USDT,75.0,4.0,0.0001,2026-05-31 22:09:58.762647,20260531
LBank,TUTUSDT,TUT,USDT,USDT,50.0,4.0,1e-05,2026-05-31 22:09:58.762647,20260531
LBank,TURBOUSDT,TURBO,USDT,USDT,75.0,4.0,1e-06,2026-05-31 22:09:58.762647,20260531
LBank,THETAUSDT,THETA,USDT,USDT,50.0,8.0,0.0001,2026-05-31 22:09:58.762647,20260531
LBank,SUPERUSDT,SUPER,USDT,USDT,20.0,4.0,0.0001,2026-05-31 22:09:58.762647,20260531
LBank,SAHARAUSDT,SAHARA,USDT,USDT,20.0,4.0,1e-05,2026-05-31 22:09:58.762647,20260531
LBank,RVNUSDT,RVN,USDT,USDT,20.0,4.0,1e-05,2026-05-31 22:09:58.762647,20260531
LBank,RSRUSDT,RSR,USDT,USDT,75.0,8.0,1e-06,2026-05-31 22:09:58.762647,20260531
LBank,REZUSDT,REZ,USDT,USDT,50.0,4.0,1e-06,2026-05-31 22:09:58.762647,20260531
LBank,RENDERUSDT,RENDER,USDT,USDT,75.0,4.0,0.001,2026-05-31 22:09:58.762647,20260531
LBank,RAYUSDT,RAY,USDT,USDT,75.0,8.0,0.0001,2026-05-31 22:09:58.762647,20260531
LBank,RATSUSDT,RATS,USDT,USDT,75.0,4.0,1e-08,2026-05-31 22:09:58.762647,20260531
LBank,RAREUSDT,RARE,USDT,USDT,75.0,4.0,1e-05,2026-05-31 22:09:58.762647,20260531
LBank,PYTHUSDT,PYTH,USDT,USDT,75.0,4.0,1e-05,2026-05-31 22:09:58.762647,20260531
LBank,PORTALUSDT,PORTAL,USDT,USDT,50.0,4.0,1e-05,2026-05-31 22:09:58.762647,20260531
LBank,PNUTUSDT,PNUT,USDT,USDT,50.0,4.0,1e-05,2026-05-31 22:09:58.762647,20260531
LBank,PHAUSDT,PHA,USDT,USDT,50.0,4.0,1e-05,2026-05-31 22:09:58.762647,20260531
LBank,PENGUUSDT,PENGU,USDT,USDT,50.0,4.0,1e-06,2026-05-31 22:09:58.762647,20260531
LBank,ONTUSDT,ONT,USDT,USDT,20.0,4.0,0.0001,2026-05-31 22:09:58.762647,20260531
LBank,NXPCUSDT,NXPC,USDT,USDT,50.0,4.0,0.0001,2026-05-31 22:09:58.762647,20260531
LBank,NFPUSDT,NFP,USDT,USDT,50.0,4.0,1e-05,2026-05-31 22:09:58.762647,20260531
LBank,MUBARAKUSDT,MUBARAK,USDT,USDT,50.0,4.0,1e-05,2026-05-31 22:09:58.762647,20260531
LBank,MOVRUSDT,MOVR,USDT,USDT,50.0,4.0,0.001,2026-05-31 22:09:58.762647,20260531
LBank,MOVEUSDT,MOVE,USDT,USDT,50.0,4.0,1e-05,2026-05-31 22:09:58.762647,20260531
LBank,MOODENGUSDT,MOODENG,USDT,USDT,50.0,4.0,1e-05,2026-05-31 22:09:58.762647,20260531
LBank,MEUSDT,ME,USDT,USDT,50.0,4.0,0.0001,2026-05-31 22:09:58.762647,20260531
LBank,LUNAUSDT,LUNA,USDT,USDT,50.0,4.0,0.0001,2026-05-31 22:09:58.762647,20260531
LBank,LAUSDT,LA,USDT,USDT,20.0,4.0,0.0001,2026-05-31 22:09:58.762647,20260531
LBank,KAIAUSDT,KAIA,USDT,USDT,75.0,4.0,1e-05,2026-05-31 22:09:58.762647,20260531
LBank,JTOUSDT,JTO,USDT,USDT,75.0,4.0,0.0001,2026-05-31 22:09:58.762647,20260531
LBank,INITUSDT,INIT,USDT,USDT,50.0,4.0,0.0001,2026-05-31 22:09:58.762647,20260531
LBank,ETHWUSDT,ETHW,USDT,USDT,75.0,4.0,0.0001,2026-05-31 22:09:58.762647,20260531
LBank,ETHFIUSDT,ETHFI,USDT,USDT,50.0,4.0,0.0001,2026-05-31 22:09:58.762647,20260531
LBank,ERAUSDT,ERA,USDT,USDT,50.0,4.0,0.0001,2026-05-31 22:09:58.762647,20260531
LBank,EIGENUSDT,EIGEN,USDT,USDT,75.0,4.0,0.0001,2026-05-31 22:09:58.762647,20260531
LBank,EGLDUSDT,EGLD,USDT,USDT,50.0,8.0,0.001,2026-05-31 22:09:58.762647,20260531
LBank,DYMUSDT,DYM,USDT,USDT,20.0,4.0,1e-05,2026-05-31 22:09:58.762647,20260531
LBank,CYBERUSDT,CYBER,USDT,USDT,50.0,4.0,0.0001,2026-05-31 22:09:58.762647,20260531
LBank,CVXUSDT,CVX,USDT,USDT,20.0,4.0,0.001,2026-05-31 22:09:58.762647,20260531
LBank,COWUSDT,COW,USDT,USDT,20.0,4.0,0.0001,2026-05-31 22:09:58.762647,20260531
LBank,CKBUSDT,CKB,USDT,USDT,75.0,8.0,1e-06,2026-05-31 22:09:58.762647,20260531
LBank,CHRUSDT,CHR,USDT,USDT,50.0,8.0,1e-05,2026-05-31 22:09:58.762647,20260531
LBank,CETUSUSDT,CETUS,USDT,USDT,50.0,4.0,1e-05,2026-05-31 22:09:58.762647,20260531
LBank,CELRUSDT,CELR,USDT,USDT,50.0,8.0,1e-06,2026-05-31 22:09:58.762647,20260531
LBank,BOMEUSDT,BOME,USDT,USDT,75.0,4.0,1e-07,2026-05-31 22:09:58.762647,20260531
LBank,BMTUSDT,BMT,USDT,USDT,50.0,4.0,1e-05,2026-05-31 22:09:58.762647,20260531
LBank,BEAMXUSDT,BEAMX,USDT,USDT,50.0,4.0,1e-06,2026-05-31 22:09:58.762647,20260531
LBank,BBUSDT,BB,USDT,USDT,50.0,4.0,1e-05,2026-05-31 22:09:58.762647,20260531
LBank,BANANAUSDT,BANANA,USDT,USDT,75.0,4.0,0.001,2026-05-31 22:09:58.762647,20260531
LBank,BABYUSDT,BABY,USDT,USDT,50.0,4.0,1e-05,2026-05-31 22:09:58.762647,20260531
LBank,AVAUSDT,AVA,USDT,USDT,50.0,4.0,0.0001,2026-05-31 22:09:58.762647,20260531
LBank,AUCTIONUSDT,AUCTION,USDT,USDT,20.0,4.0,0.001,2026-05-31 22:09:58.763645,20260531
LBank,ARUSDT,AR,USDT,USDT,50.0,8.0,0.001,2026-05-31 22:09:58.763645,20260531
LBank,ARKUSDT,ARK,USDT,USDT,20.0,4.0,0.0001,2026-05-31 22:09:58.763645,20260531
LBank,API3USDT,API3,USDT,USDT,50.0,4.0,0.0001,2026-05-31 22:09:58.763645,20260531
LBank,ANIMEUSDT,ANIME,USDT,USDT,50.0,4.0,1e-06,2026-05-31 22:09:58.763645,20260531
LBank,ALGOUSDT,ALGO,USDT,USDT,50.0,8.0,0.0001,2026-05-31 22:09:58.763645,20260531
LBank,AIXBTUSDT,AIXBT,USDT,USDT,75.0,4.0,1e-05,2026-05-31 22:09:58.763645,20260531
LBank,AEVOUSDT,AEVO,USDT,USDT,50.0,4.0,1e-05,2026-05-31 22:09:58.763645,20260531
LBank,ACTUSDT,ACT,USDT,USDT,50.0,4.0,1e-05,2026-05-31 22:09:58.763645,20260531
LBank,ACEUSDT,ACE,USDT,USDT,50.0,4.0,0.0001,2026-05-31 22:09:58.763645,20260531
LBank,USUALUSDT,USUAL,USDT,USDT,50.0,4.0,1e-05,2026-05-31 22:09:58.763645,20260531
LBank,TOWNSUSDT,TOWNS,USDT,USDT,50.0,4.0,1e-06,2026-05-31 22:09:58.763645,20260531
LBank,SIGNUSDT,SIGN,USDT,USDT,20.0,4.0,1e-05,2026-05-31 22:09:58.763645,20260531
LBank,RESOLVUSDT,RESOLV,USDT,USDT,20.0,4.0,1e-05,2026-05-31 22:09:58.763645,20260531
LBank,PUNDIXUSDT,PUNDIX,USDT,USDT,50.0,4.0,0.0001,2026-05-31 22:09:58.763645,20260531
LBank,PROMUSDT,PROM,USDT,USDT,75.0,4.0,0.001,2026-05-31 22:09:58.763645,20260531
LBank,PLUMEUSDT,PLUME,USDT,USDT,20.0,4.0,1e-05,2026-05-31 22:09:58.763645,20260531
LBank,LAYERUSDT,LAYER,USDT,USDT,50.0,4.0,0.0001,2026-05-31 22:09:58.763645,20260531
LBank,KMNOUSDT,KMNO,USDT,USDT,75.0,4.0,1e-05,2026-05-31 22:09:58.763645,20260531
LBank,KAITOUSDT,KAITO,USDT,USDT,50.0,4.0,0.0001,2026-05-31 22:09:58.763645,20260531
LBank,JSTUSDT,JST,USDT,USDT,50.0,4.0,1e-05,2026-05-31 22:09:58.763645,20260531
LBank,HUMAUSDT,HUMA,USDT,USDT,50.0,4.0,1e-05,2026-05-31 22:09:58.763645,20260531
LBank,HOTUSDT,HOT,USDT,USDT,75.0,8.0,1e-06,2026-05-31 22:09:58.763645,20260531
LBank,HOMEUSDT,HOME,USDT,USDT,20.0,4.0,1e-05,2026-05-31 22:09:58.763645,20260531
LBank,HMSTRUSDT,HMSTR,USDT,USDT,75.0,4.0,1e-07,2026-05-31 22:09:58.763645,20260531
LBank,GOATSEUSUSDT,GOATSEUS,USDT,USDT,50.0,4.0,1e-05,2026-05-31 22:09:58.763645,20260531
LBank,GMTUSDT,GMT,USDT,USDT,50.0,4.0,1e-05,2026-05-31 22:09:58.763645,20260531
LBank,FORMUSDT,FORM,USDT,USDT,50.0,4.0,0.0001,2026-05-31 22:09:58.763645,20260531
LBank,ETCUSDT,ETC,USDT,USDT,75.0,8.0,0.001,2026-05-31 22:09:58.763645,20260531
LBank,DEXEUSDT,DEXE,USDT,USDT,75.0,4.0,0.001,2026-05-31 22:09:58.763645,20260531
LBank,CVCUSDT,CVC,USDT,USDT,50.0,4.0,1e-05,2026-05-31 22:09:58.763645,20260531
LBank,COOKIEUSDT,COOKIE,USDT,USDT,75.0,4.0,1e-05,2026-05-31 22:09:58.763645,20260531
LBank,CGPTUSDT,CGPT,USDT,USDT,75.0,4.0,1e-05,2026-05-31 22:09:58.763645,20260531
LBank,BANANAS31USDT,BANANAS31,USDT,USDT,50.0,4.0,1e-06,2026-05-31 22:09:58.763645,20260531
LBank,AUSDT,A,USDT,USDT,50.0,4.0,0.0001,2026-05-31 22:09:58.763645,20260531
LBank,AUDIOUSDT,AUDIO,USDT,USDT,50.0,4.0,1e-05,2026-05-31 22:09:58.763645,20260531
LBank,SXTUSDT,SXT,USDT,USDT,50.0,4.0,1e-05,2026-05-31 22:09:58.763645,20260531
LBank,BANDUSDT,BAND,USDT,USDT,50.0,8.0,0.0001,2026-05-31 22:09:58.763645,20260531
LBank,ANKRUSDT,ANKR,USDT,USDT,20.0,4.0,1e-06,2026-05-31 22:09:58.763645,20260531
LBank,RPLUSDT,RPL,USDT,USDT,50.0,4.0,0.001,2026-05-31 22:09:58.763645,20260531
LBank,YFIUSDT,YFI,USDT,USDT,50.0,8.0,1.0,2026-05-31 22:09:58.763645,20260531
LBank,ACHUSDT,ACH,USDT,USDT,50.0,8.0,1e-06,2026-05-31 22:09:58.763645,20260531
LBank,ASTRUSDT,ASTR,USDT,USDT,50.0,8.0,1e-06,2026-05-31 22:09:58.763645,20260531
LBank,SKLUSDT,SKL,USDT,USDT,50.0,4.0,1e-05,2026-05-31 22:09:58.763645,20260531
LBank,BATUSDT,BAT,USDT,USDT,50.0,8.0,0.0001,2026-05-31 22:09:58.763645,20260531
LBank,10TAUSDT,10TA,USDT,USDT,0.0,8.0,0.0001,2026-05-31 22:09:58.763645,20260531
LBank,SKY1USDT,SKY1,USDT,USDT,50.0,4.0,1e-05,2026-05-31 22:09:58.763645,20260531
LBank,SAFE1USDT,SAFE1,USDT,USDT,50.0,4.0,0.0001,2026-05-31 22:09:58.763645,20260531
LBank,CRTUSDT,CRT,USDT,USDT,0.0,8.0,1e-05,2026-05-31 22:09:58.763645,20260531
LBank,AMPUSDT,AMP,USDT,USDT,50.0,4.0,1e-06,2026-05-31 22:09:58.763645,20260531
LBank,APEUSDT,APE,USDT,USDT,50.0,8.0,0.0001,2026-05-31 22:09:58.763645,20260531
LBank,1000XECUSDT,1000XEC,USDT,USDT,0.0,8.0,1e-05,2026-05-31 22:09:58.763645,20260531
LBank,142803USDT,142803,USDT,USDT,0.0,8.0,0.001,2026-05-31 22:09:58.763645,20260531
LBank,142801USDT,142801,USDT,USDT,0.0,8.0,0.001,2026-05-31 22:09:58.763645,20260531
LBank,142802USDT,142802,USDT,USDT,0.0,8.0,0.001,2026-05-31 22:09:58.763645,20260531
LBank,142800USDT,142800,USDT,USDT,0.0,8.0,0.001,2026-05-31 22:09:58.763645,20260531
LBank,MORPHOUSDT,MORPHO,USDT,USDT,75.0,4.0,0.0001,2026-05-31 22:09:58.763645,20260531
LBank,GMXUSDT,GMX,USDT,USDT,50.0,8.0,0.001,2026-05-31 22:09:58.763645,20260531
LBank,SUSHIUSDT,SUSHI,USDT,USDT,50.0,8.0,0.0001,2026-05-31 22:09:58.763645,20260531
LBank,SATSUSDT,SATS,USDT,USDT,75.0,8.0,1e-11,2026-05-31 22:09:58.763645,20260531
LBank,QNTUSDT,QNT,USDT,USDT,50.0,8.0,0.01,2026-05-31 22:09:58.763645,20260531
LBank,NEOUSDT,NEO,USDT,USDT,50.0,8.0,0.001,2026-05-31 22:09:58.763645,20260531
LBank,MEMECOINUSDT,MEMECOIN,USDT,USDT,50.0,4.0,1e-06,2026-05-31 22:09:58.763645,20260531
LBank,IOTXUSDT,IOTX,USDT,USDT,50.0,8.0,1e-05,2026-05-31 22:09:58.763645,20260531
LBank,CAKEUSDT,CAKE,USDT,USDT,50.0,4.0,0.0001,2026-05-31 22:09:58.763645,20260531
LBank,WLDUSDT,WLD,USDT,USDT,75.0,8.0,0.0001,2026-05-31 22:09:58.763645,20260531
LBank,XLMUSDT,XLM,USDT,USDT,50.0,8.0,1e-05,2026-05-31 22:09:58.763645,20260531
LBank,NEARUSDT,NEAR,USDT,USDT,75.0,8.0,0.001,2026-05-31 22:09:58.763645,20260531
LBank,FILUSDT,FIL,USDT,USDT,75.0,8.0,0.001,2026-05-31 22:09:58.763645,20260531
LBank,INJUSDT,INJ,USDT,USDT,20.0,8.0,0.001,2026-05-31 22:09:58.763645,20260531
LBank,TRXUSDT,TRX,USDT,USDT,75.0,8.0,1e-05,2026-05-31 22:09:58.763645,20260531
LBank,ENJUSDT,ENJ,USDT,USDT,20.0,4.0,1e-05,2026-05-31 22:09:58.763645,20260531
LBank,SNXUSDT,SNX,USDT,USDT,50.0,8.0,0.0001,2026-05-31 22:09:58.763645,20260531
LBank,C98USDT,C98,USDT,USDT,50.0,8.0,1e-05,2026-05-31 22:09:58.763645,20260531
LBank,SEIUSDT,SEI,USDT,USDT,75.0,8.0,1e-05,2026-05-31 22:09:58.763645,20260531
LBank,MINAUSDT,MINA,USDT,USDT,50.0,8.0,1e-05,2026-05-31 22:09:58.763645,20260531
LBank,VETUSDT,VET,USDT,USDT,50.0,8.0,1e-06,2026-05-31 22:09:58.763645,20260531
LBank,FLOWUSDT,FLOW,USDT,USDT,50.0,4.0,1e-05,2026-05-31 22:09:58.763645,20260531
LBank,PEOPLEUSDT,PEOPLE,USDT,USDT,75.0,8.0,1e-06,2026-05-31 22:09:58.763645,20260531
LBank,YGGUSDT,YGG,USDT,USDT,50.0,4.0,1e-05,2026-05-31 22:09:58.763645,20260531
LBank,XVGUSDT,XVG,USDT,USDT,50.0,8.0,1e-06,2026-05-31 22:09:58.763645,20260531
LBank,BELUSDT,BEL,USDT,USDT,50.0,8.0,0.0001,2026-05-31 22:09:58.763645,20260531
LBank,TRBUSDT,TRB,USDT,USDT,50.0,4.0,0.001,2026-05-31 22:09:58.763645,20260531
LBank,ICPUSDT,ICP,USDT,USDT,50.0,8.0,0.001,2026-05-31 22:09:58.763645,20260531
LBank,DODOUSDT,DODO,USDT,USDT,50.0,4.0,1e-06,2026-05-31 22:09:58.763645,20260531
LBank,IDUSDT,ID,USDT,USDT,50.0,1.0,1e-05,2026-05-31 22:09:58.763645,20260531
LBank,XVSUSDT,XVS,USDT,USDT,50.0,8.0,0.001,2026-05-31 22:09:58.763645,20260531
LBank,WOOUSDT,WOO,USDT,USDT,50.0,8.0,1e-05,2026-05-31 22:09:58.763645,20260531
LBank,STXUSDT,STX,USDT,USDT,50.0,8.0,0.0001,2026-05-31 22:09:58.763645,20260531
LBank,STORJUSDT,STORJ,USDT,USDT,50.0,4.0,0.0001,2026-05-31 22:09:58.763645,20260531
LBank,SSVUSDT,SSV,USDT,USDT,50.0,8.0,0.001,2026-05-31 22:09:58.763645,20260531
LBank,SANDUSDT,SAND,USDT,USDT,50.0,8.0,1e-05,2026-05-31 22:09:58.763645,20260531
LBank,RUNEUSDT,RUNE,USDT,USDT,75.0,8.0,0.0001,2026-05-31 22:09:58.763645,20260531
LBank,ROSEUSDT,ROSE,USDT,USDT,50.0,8.0,1e-05,2026-05-31 22:09:58.763645,20260531
LBank,PENDLEUSDT,PENDLE,USDT,USDT,75.0,8.0,0.0001,2026-05-31 22:09:58.763645,20260531
LBank,ORDIUSDT,ORDI,USDT,USDT,75.0,4.0,0.001,2026-05-31 22:09:58.763645,20260531
LBank,OPUSDT,OP,USDT,USDT,50.0,8.0,0.0001,2026-05-31 22:09:58.763645,20260531
LBank,MAVUSDT,MAV,USDT,USDT,75.0,8.0,1e-05,2026-05-31 22:09:58.763645,20260531
LBank,MANAUSDT,MANA,USDT,USDT,50.0,8.0,0.0001,2026-05-31 22:09:58.763645,20260531
LBank,LPTUSDT,LPT,USDT,USDT,50.0,4.0,0.001,2026-05-31 22:09:58.763645,20260531
LBank,LDOUSDT,LDO,USDT,USDT,75.0,8.0,0.0001,2026-05-31 22:09:58.763645,20260531
LBank,KNCUSDT,KNC,USDT,USDT,50.0,8.0,0.0001,2026-05-31 22:09:58.763645,20260531
LBank,KAVAUSDT,KAVA,USDT,USDT,50.0,4.0,0.0001,2026-05-31 22:09:58.763645,20260531
LBank,JASMYUSDT,JASMY,USDT,USDT,50.0,8.0,1e-06,2026-05-31 22:09:58.763645,20260531
LBank,IOSTUSDT,IOST,USDT,USDT,50.0,8.0,1e-06,2026-05-31 22:09:58.763645,20260531
LBank,IMXUSDT,IMX,USDT,USDT,50.0,4.0,0.0001,2026-05-31 22:09:58.763645,20260531
LBank,HIGHUSDT,HIGH,USDT,USDT,50.0,8.0,0.0001,2026-05-31 22:09:58.763645,20260531
LBank,GRTUSDT,GRT,USDT,USDT,50.0,8.0,1e-05,2026-05-31 22:09:58.763645,20260531
LBank,FLOKIUSDT,FLOKI,USDT,USDT,50.0,8.0,1e-08,2026-05-31 22:09:58.763645,20260531
LBank,ENSUSDT,ENS,USDT,USDT,50.0,8.0,0.001,2026-05-31 22:09:58.763645,20260531
LBank,DYDXUSDT,DYDX,USDT,USDT,50.0,8.0,0.0001,2026-05-31 22:09:58.763645,20260531
LBank,COMPUSDT,COMP,USDT,USDT,50.0,8.0,0.01,2026-05-31 22:09:58.763645,20260531
LBank,CFXUSDT,CFX,USDT,USDT,50.0,8.0,1e-05,2026-05-31 22:09:58.763645,20260531
LBank,CELOUSDT,CELO,USDT,USDT,50.0,8.0,0.0001,2026-05-31 22:09:58.763645,20260531
LBank,BSVUSDT,BSV,USDT,USDT,75.0,4.0,0.01,2026-05-31 22:09:58.763645,20260531
LBank,BLURUSDT,BLUR,USDT,USDT,50.0,4.0,1e-05,2026-05-31 22:09:58.763645,20260531
LBank,BIGTIMEUSDT,BIGTIME,USDT,USDT,75.0,4.0,1e-05,2026-05-31 22:09:58.763645,20260531
LBank,AXSUSDT,AXS,USDT,USDT,20.0,4.0,0.001,2026-05-31 22:09:58.763645,20260531
LBank,ARKMUSDT,ARKM,USDT,USDT,50.0,8.0,0.0001,2026-05-31 22:09:58.763645,20260531
LBank,1INCHUSDT,1INCH,USDT,USDT,50.0,8.0,0.0001,2026-05-31 22:09:58.763645,20260531
LBank,UNIUSDT,UNI,USDT,USDT,75.0,8.0,0.001,2026-05-31 22:09:58.763645,20260531
LBank,SFPUSDT,SFP,USDT,USDT,50.0,8.0,0.0001,2026-05-31 22:09:58.763645,20260531
LBank,APTUSDT,APT,USDT,USDT,75.0,8.0,0.0001,2026-05-31 22:09:58.763645,20260531
LBank,AAVEUSDT,AAVE,USDT,USDT,75.0,8.0,0.01,2026-05-31 22:09:58.763645,20260531
LBank,HOODUSDT,HOOD,USDT,USDT,50.0,8.0,0.01,2026-05-31 22:09:58.763645,20260531
LBank,ORCLUSDT,ORCL,USDT,USDT,50.0,8.0,0.01,2026-05-31 22:09:58.763645,20260531
LBank,FIGUSDT,FIG,USDT,USDT,50.0,8.0,0.01,2026-05-31 22:09:58.763645,20260531
LBank,MUSTOCKUSDT,MUSTOCK,USDT,USDT,50.0,8.0,0.01,2026-05-31 22:09:58.763645,20260531
LBank,NVDAUSDT,NVDA,USDT,USDT,50.0,8.0,0.01,2026-05-31 22:09:58.763645,20260531
LBank,CRCLUSDT,CRCL,USDT,USDT,50.0,8.0,0.01,2026-05-31 22:09:58.763645,20260531
LBank,PLTRUSDT,PLTR,USDT,USDT,50.0,8.0,0.01,2026-05-31 22:09:58.763645,20260531
LBank,BABAUSDT,BABA,USDT,USDT,50.0,8.0,0.01,2026-05-31 22:09:58.763645,20260531
LBank,GEUSDT,GE,USDT,USDT,50.0,8.0,0.01,2026-05-31 22:09:58.763645,20260531
LBank,FUTUUSDT,FUTU,USDT,USDT,50.0,8.0,0.01,2026-05-31 22:09:58.763645,20260531
LBank,MRVLUSDT,MRVL,USDT,USDT,50.0,8.0,0.01,2026-05-31 22:09:58.763645,20260531
LBank,TSLAUSDT,TSLA,USDT,USDT,50.0,8.0,0.01,2026-05-31 22:09:58.763645,20260531
LBank,LLYUSDT,LLY,USDT,USDT,50.0,8.0,0.01,2026-05-31 22:09:58.763645,20260531
LBank,AVGOUSDT,AVGO,USDT,USDT,50.0,8.0,0.01,2026-05-31 22:09:58.763645,20260531
LBank,INTCUSDT,INTC,USDT,USDT,50.0,8.0,0.01,2026-05-31 22:09:58.763645,20260531
LBank,CSCOUSDT,CSCO,USDT,USDT,50.0,8.0,0.01,2026-05-31 22:09:58.763645,20260531
LBank,VUSDT,V,USDT,USDT,50.0,8.0,0.01,2026-05-31 22:09:58.763645,20260531
LBank,UNHUSDT,UNH,USDT,USDT,50.0,8.0,0.01,2026-05-31 22:09:58.763645,20260531
LBank,GOOGLUSDT,GOOGL,USDT,USDT,50.0,8.0,0.01,2026-05-31 22:09:58.763645,20260531
LBank,ADBEUSDT,ADBE,USDT,USDT,50.0,8.0,0.01,2026-05-31 22:09:58.763645,20260531
LBank,MSTRUSDT,MSTR,USDT,USDT,50.0,8.0,0.01,2026-05-31 22:09:58.763645,20260531
LBank,COINUSDT,COIN,USDT,USDT,20.0,8.0,0.01,2026-05-31 22:09:58.763645,20260531
LBank,MSFTUSDT,MSFT,USDT,USDT,50.0,8.0,0.01,2026-05-31 22:09:58.763645,20260531
LBank,QCOMUSDT,QCOM,USDT,USDT,50.0,8.0,0.01,2026-05-31 22:09:58.763645,20260531
LBank,METASTOCKUSDT,METASTOCK,USDT,USDT,50.0,8.0,0.01,2026-05-31 22:09:58.763645,20260531
LBank,ASMLUSDT,ASML,USDT,USDT,50.0,8.0,0.01,2026-05-31 22:09:58.763645,20260531
LBank,AMZNUSDT,AMZN,USDT,USDT,50.0,8.0,0.01,2026-05-31 22:09:58.763645,20260531
LBank,SPYUSDT,SPY,USDT,USDT,50.0,8.0,0.01,2026-05-31 22:09:58.763645,20260531
LBank,QQQUSDT,QQQ,USDT,USDT,50.0,8.0,0.01,2026-05-31 22:09:58.763645,20260531
LBank,AAPLUSDT,AAPL,USDT,USDT,50.0,8.0,0.01,2026-05-31 22:09:58.763645,20260531
Lighter,USDKRW-USDC,USDKRW,USDC,USDC,,1.0,2.0,2026-05-31 22:09:58.763645,20260531
Lighter,BERA-USDC,BERA,USDC,USDC,,1.0,5.0,2026-05-31 22:09:58.763645,20260531
Lighter,SPX-USDC,SPX,USDC,USDC,,1.0,5.0,2026-05-31 22:09:58.763645,20260531
Lighter,TAO-USDC,TAO,USDC,USDC,,1.0,3.0,2026-05-31 22:09:58.763645,20260531
Lighter,AMD-USDC,AMD,USDC,USDC,,1.0,2.0,2026-05-31 22:09:58.763645,20260531
Lighter,DUSK-USDC,DUSK,USDC,USDC,,1.0,5.0,2026-05-31 22:09:58.763645,20260531
Lighter,BTC-USDC,BTC,USDC,USDC,,1.0,1.0,2026-05-31 22:09:58.763645,20260531
Lighter,DASH-USDC,DASH,USDC,USDC,,1.0,3.0,2026-05-31 22:09:58.763645,20260531
Lighter,TSM-USDC,TSM,USDC,USDC,,1.0,2.0,2026-05-31 22:09:58.763645,20260531
Lighter,BIRB-USDC,BIRB,USDC,USDC,,1.0,5.0,2026-05-31 22:09:58.763645,20260531
Lighter,BMNR-USDC,BMNR,USDC,USDC,,1.0,3.0,2026-05-31 22:09:58.763645,20260531
Lighter,JUP-USDC,JUP,USDC,USDC,,1.0,5.0,2026-05-31 22:09:58.763645,20260531
Lighter,LIT-USDC,LIT,USDC,USDC,,1.0,4.0,2026-05-31 22:09:58.763645,20260531
Lighter,TSLA-USDC,TSLA,USDC,USDC,,1.0,2.0,2026-05-31 22:09:58.763645,20260531
Lighter,BNB-USDC,BNB,USDC,USDC,,1.0,4.0,2026-05-31 22:09:58.763645,20260531
Lighter,DELL-USDC,DELL,USDC,USDC,,1.0,2.0,2026-05-31 22:09:58.763645,20260531
Lighter,APT-USDC,APT,USDC,USDC,,1.0,4.0,2026-05-31 22:09:58.763645,20260531
Lighter,STABLE-USDC,STABLE,USDC,USDC,,1.0,6.0,2026-05-31 22:09:58.763645,20260531
Lighter,ORCL-USDC,ORCL,USDC,USDC,,1.0,2.0,2026-05-31 22:09:58.763645,20260531
Lighter,KAITO-USDC,KAITO,USDC,USDC,,1.0,5.0,2026-05-31 22:09:58.763645,20260531
Lighter,AAVE-USDC,AAVE,USDC,USDC,,1.0,3.0,2026-05-31 22:09:58.763645,20260531
Lighter,1000PEPE-USDC,1000PEPE,USDC,USDC,,1.0,6.0,2026-05-31 22:09:58.763645,20260531
Lighter,WLFI-USDC,WLFI,USDC,USDC,,1.0,5.0,2026-05-31 22:09:58.763645,20260531
Lighter,USELESS-USDC,USELESS,USDC,USDC,,1.0,5.0,2026-05-31 22:09:58.763645,20260531
Lighter,ROBO-USDC,ROBO,USDC,USDC,,1.0,6.0,2026-05-31 22:09:58.763645,20260531
Lighter,USDCHF-USDC,USDCHF,USDC,USDC,,1.0,5.0,2026-05-31 22:09:58.763645,20260531
Lighter,CRWV-USDC,CRWV,USDC,USDC,,1.0,2.0,2026-05-31 22:09:58.763645,20260531
Lighter,STBL-USDC,STBL,USDC,USDC,,1.0,5.0,2026-05-31 22:09:58.763645,20260531
Lighter,MYX-USDC,MYX,USDC,USDC,,1.0,4.0,2026-05-31 22:09:58.763645,20260531
Lighter,DOGE-USDC,DOGE,USDC,USDC,,1.0,6.0,2026-05-31 22:09:58.763645,20260531
Lighter,LDO-USDC,LDO,USDC,USDC,,1.0,5.0,2026-05-31 22:09:58.763645,20260531
Lighter,PAXG-USDC,PAXG,USDC,USDC,,1.0,2.0,2026-05-31 22:09:58.763645,20260531
Lighter,APEX-USDC,APEX,USDC,USDC,,1.0,5.0,2026-05-31 22:09:58.763645,20260531
Lighter,XLM-USDC,XLM,USDC,USDC,,1.0,5.0,2026-05-31 22:09:58.763645,20260531
Lighter,EWY-USDC,EWY,USDC,USDC,,1.0,2.0,2026-05-31 22:09:58.763645,20260531
Lighter,XRP-USDC,XRP,USDC,USDC,,1.0,6.0,2026-05-31 22:09:58.763645,20260531
Lighter,HYPE-USDC,HYPE,USDC,USDC,,1.0,4.0,2026-05-31 22:09:58.763645,20260531
Lighter,VVV-USDC,VVV,USDC,USDC,,1.0,4.0,2026-05-31 22:09:58.763645,20260531
Lighter,NATGAS-USDC,NATGAS,USDC,USDC,,1.0,4.0,2026-05-31 22:09:58.763645,20260531
Lighter,PENDLE-USDC,PENDLE,USDC,USDC,,1.0,4.0,2026-05-31 22:09:58.763645,20260531
Lighter,BABA-USDC,BABA,USDC,USDC,,1.0,2.0,2026-05-31 22:09:58.763645,20260531
Lighter,CRO-USDC,CRO,USDC,USDC,,1.0,5.0,2026-05-31 22:09:58.763645,20260531
Lighter,AUDUSD-USDC,AUDUSD,USDC,USDC,,1.0,5.0,2026-05-31 22:09:58.763645,20260531
Lighter,XPT-USDC,XPT,USDC,USDC,,1.0,1.0,2026-05-31 22:09:58.763645,20260531
Lighter,COIN-USDC,COIN,USDC,USDC,,1.0,3.0,2026-05-31 22:09:58.763645,20260531
Lighter,SNDK-USDC,SNDK,USDC,USDC,,1.0,2.0,2026-05-31 22:09:58.763645,20260531
Lighter,CHIP-USDC,CHIP,USDC,USDC,,1.0,5.0,2026-05-31 22:09:58.763645,20260531
Lighter,TIA-USDC,TIA,USDC,USDC,,1.0,5.0,2026-05-31 22:09:58.763645,20260531
Lighter,2Z-USDC,2Z,USDC,USDC,,1.0,5.0,2026-05-31 22:09:58.763645,20260531
Lighter,JTO-USDC,JTO,USDC,USDC,,1.0,5.0,2026-05-31 22:09:58.763645,20260531
Lighter,GME-USDC,GME,USDC,USDC,,1.0,3.0,2026-05-31 22:09:58.763645,20260531
Lighter,1000FLOKI-USDC,1000FLOKI,USDC,USDC,,1.0,6.0,2026-05-31 22:09:58.763645,20260531
Lighter,GBPUSD-USDC,GBPUSD,USDC,USDC,,1.0,5.0,2026-05-31 22:09:58.763645,20260531
Lighter,MSTR-USDC,MSTR,USDC,USDC,,1.0,2.0,2026-05-31 22:09:58.763645,20260531
Lighter,PROVE-USDC,PROVE,USDC,USDC,,1.0,5.0,2026-05-31 22:09:58.763645,20260531
Lighter,INTC-USDC,INTC,USDC,USDC,,1.0,3.0,2026-05-31 22:09:58.763645,20260531
Lighter,SEI-USDC,SEI,USDC,USDC,,1.0,5.0,2026-05-31 22:09:58.763645,20260531
Lighter,WHEAT-USDC,WHEAT,USDC,USDC,,1.0,4.0,2026-05-31 22:09:58.763645,20260531
Lighter,CBRS-USDC,CBRS,USDC,USDC,,1.0,2.0,2026-05-31 22:09:58.763645,20260531
Lighter,S-USDC,S,USDC,USDC,,1.0,5.0,2026-05-31 22:09:58.763645,20260531
Lighter,MORPHO-USDC,MORPHO,USDC,USDC,,1.0,5.0,2026-05-31 22:09:58.763645,20260531
Lighter,SYRUP-USDC,SYRUP,USDC,USDC,,1.0,5.0,2026-05-31 22:09:58.763645,20260531
Lighter,DYDX-USDC,DYDX,USDC,USDC,,1.0,5.0,2026-05-31 22:09:58.763645,20260531
Lighter,IWM-USDC,IWM,USDC,USDC,,1.0,2.0,2026-05-31 22:09:58.763645,20260531
Lighter,ETHFI-USDC,ETHFI,USDC,USDC,,1.0,5.0,2026-05-31 22:09:58.763645,20260531
Lighter,SOXX-USDC,SOXX,USDC,USDC,,1.0,2.0,2026-05-31 22:09:58.763645,20260531
Lighter,ZRO-USDC,ZRO,USDC,USDC,,1.0,5.0,2026-05-31 22:09:58.763645,20260531
Lighter,ZEC-USDC,ZEC,USDC,USDC,,1.0,3.0,2026-05-31 22:09:58.763645,20260531
Lighter,MEGA-USDC,MEGA,USDC,USDC,,1.0,5.0,2026-05-31 22:09:58.763645,20260531
Lighter,IP-USDC,IP,USDC,USDC,,1.0,4.0,2026-05-31 22:09:58.763645,20260531
Lighter,1000TOSHI-USDC,1000TOSHI,USDC,USDC,,1.0,4.0,2026-05-31 22:09:58.763645,20260531
Lighter,HYUNDAIUSD-USDC,HYUNDAIUSD,USDC,USDC,,1.0,3.0,2026-05-31 22:09:58.763645,20260531
Lighter,ASML-USDC,ASML,USDC,USDC,,1.0,1.0,2026-05-31 22:09:58.763645,20260531
Lighter,VIRTUAL-USDC,VIRTUAL,USDC,USDC,,1.0,5.0,2026-05-31 22:09:58.763645,20260531
Lighter,BOT-USDC,BOT,USDC,USDC,,1.0,3.0,2026-05-31 22:09:58.763645,20260531
Lighter,RKLB-USDC,RKLB,USDC,USDC,,1.0,2.0,2026-05-31 22:09:58.763645,20260531
Lighter,AERO-USDC,AERO,USDC,USDC,,1.0,5.0,2026-05-31 22:09:58.763645,20260531
Lighter,AMZN-USDC,AMZN,USDC,USDC,,1.0,3.0,2026-05-31 22:09:58.764642,20260531
Lighter,1000NOT-USDC,1000NOT,USDC,USDC,,1.0,5.0,2026-05-31 22:09:58.764642,20260531
Lighter,AVAX-USDC,AVAX,USDC,USDC,,1.0,4.0,2026-05-31 22:09:58.764642,20260531
Lighter,PUMP-USDC,PUMP,USDC,USDC,,1.0,6.0,2026-05-31 22:09:58.764642,20260531
Lighter,MAGS-USDC,MAGS,USDC,USDC,,1.0,3.0,2026-05-31 22:09:58.764642,20260531
Lighter,MSFT-USDC,MSFT,USDC,USDC,,1.0,2.0,2026-05-31 22:09:58.764642,20260531
Lighter,BIO-USDC,BIO,USDC,USDC,,1.0,6.0,2026-05-31 22:09:58.764642,20260531
Lighter,USDCAD-USDC,USDCAD,USDC,USDC,,1.0,5.0,2026-05-31 22:09:58.764642,20260531
Lighter,ICP-USDC,ICP,USDC,USDC,,1.0,4.0,2026-05-31 22:09:58.764642,20260531
Lighter,HOOD-USDC,HOOD,USDC,USDC,,1.0,3.0,2026-05-31 22:09:58.764642,20260531
Lighter,ARC-USDC,ARC,USDC,USDC,,1.0,6.0,2026-05-31 22:09:58.764642,20260531
Lighter,USDJPY-USDC,USDJPY,USDC,USDC,,1.0,3.0,2026-05-31 22:09:58.764642,20260531
Lighter,FARTCOIN-USDC,FARTCOIN,USDC,USDC,,1.0,5.0,2026-05-31 22:09:58.764642,20260531
Lighter,AZTEC-USDC,AZTEC,USDC,USDC,,1.0,6.0,2026-05-31 22:09:58.764642,20260531
Lighter,ARB-USDC,ARB,USDC,USDC,,1.0,5.0,2026-05-31 22:09:58.764642,20260531
Lighter,GOOGL-USDC,GOOGL,USDC,USDC,,1.0,2.0,2026-05-31 22:09:58.764642,20260531
Lighter,AAPL-USDC,AAPL,USDC,USDC,,1.0,3.0,2026-05-31 22:09:58.764642,20260531
Lighter,POPCAT-USDC,POPCAT,USDC,USDC,,1.0,5.0,2026-05-31 22:09:58.764642,20260531
Lighter,0G-USDC,0G,USDC,USDC,,1.0,4.0,2026-05-31 22:09:58.764642,20260531
Lighter,SKR-USDC,SKR,USDC,USDC,,1.0,6.0,2026-05-31 22:09:58.764642,20260531
Lighter,MNT-USDC,MNT,USDC,USDC,,1.0,5.0,2026-05-31 22:09:58.764642,20260531
Lighter,LITE-USDC,LITE,USDC,USDC,,1.0,2.0,2026-05-31 22:09:58.764642,20260531
Lighter,MON-USDC,MON,USDC,USDC,,1.0,5.0,2026-05-31 22:09:58.764642,20260531
Lighter,AXS-USDC,AXS,USDC,USDC,,1.0,4.0,2026-05-31 22:09:58.764642,20260531
Lighter,CRCL-USDC,CRCL,USDC,USDC,,1.0,3.0,2026-05-31 22:09:58.764642,20260531
Lighter,NMR-USDC,NMR,USDC,USDC,,1.0,4.0,2026-05-31 22:09:58.764642,20260531
Lighter,CC-USDC,CC,USDC,USDC,,1.0,5.0,2026-05-31 22:09:58.764642,20260531
Lighter,WLD-USDC,WLD,USDC,USDC,,1.0,5.0,2026-05-31 22:09:58.764642,20260531
Lighter,ADA-USDC,ADA,USDC,USDC,,1.0,5.0,2026-05-31 22:09:58.764642,20260531
Lighter,SPY-USDC,SPY,USDC,USDC,,1.0,2.0,2026-05-31 22:09:58.764642,20260531
Lighter,UNI-USDC,UNI,USDC,USDC,,1.0,4.0,2026-05-31 22:09:58.764642,20260531
Lighter,WTI-USDC,WTI,USDC,USDC,,1.0,3.0,2026-05-31 22:09:58.764642,20260531
Lighter,RAIL-USDC,RAIL,USDC,USDC,,1.0,4.0,2026-05-31 22:09:58.764642,20260531
Lighter,XPD-USDC,XPD,USDC,USDC,,1.0,1.0,2026-05-31 22:09:58.764642,20260531
Lighter,NVDA-USDC,NVDA,USDC,USDC,,1.0,3.0,2026-05-31 22:09:58.764642,20260531
Lighter,XMR-USDC,XMR,USDC,USDC,,1.0,3.0,2026-05-31 22:09:58.764642,20260531
Lighter,QQQ-USDC,QQQ,USDC,USDC,,1.0,2.0,2026-05-31 22:09:58.764642,20260531
Lighter,DOT-USDC,DOT,USDC,USDC,,1.0,5.0,2026-05-31 22:09:58.764642,20260531
Lighter,CTR-USDC,CTR,USDC,USDC,,1.0,5.0,2026-05-31 22:09:58.764642,20260531
Lighter,ASTER-USDC,ASTER,USDC,USDC,,1.0,5.0,2026-05-31 22:09:58.764642,20260531
Lighter,RIVER-USDC,RIVER,USDC,USDC,,1.0,3.0,2026-05-31 22:09:58.764642,20260531
Lighter,PYTH-USDC,PYTH,USDC,USDC,,1.0,5.0,2026-05-31 22:09:58.764642,20260531
Lighter,TRX-USDC,TRX,USDC,USDC,,1.0,5.0,2026-05-31 22:09:58.764642,20260531
Lighter,XCU-USDC,XCU,USDC,USDC,,1.0,4.0,2026-05-31 22:09:58.764642,20260531
Lighter,AVNT-USDC,AVNT,USDC,USDC,,1.0,5.0,2026-05-31 22:09:58.764642,20260531
Lighter,URA-USDC,URA,USDC,USDC,,1.0,3.0,2026-05-31 22:09:58.764642,20260531
Lighter,SOL-USDC,SOL,USDC,USDC,,1.0,3.0,2026-05-31 22:09:58.764642,20260531
Lighter,XAG-USDC,XAG,USDC,USDC,,1.0,4.0,2026-05-31 22:09:58.764642,20260531
Lighter,TON-USDC,TON,USDC,USDC,,1.0,5.0,2026-05-31 22:09:58.764642,20260531
Lighter,HBAR-USDC,HBAR,USDC,USDC,,1.0,5.0,2026-05-31 22:09:58.764642,20260531
Lighter,LINEA-USDC,LINEA,USDC,USDC,,1.0,6.0,2026-05-31 22:09:58.764642,20260531
Lighter,MRVL-USDC,MRVL,USDC,USDC,,1.0,2.0,2026-05-31 22:09:58.764642,20260531
Lighter,META-USDC,META,USDC,USDC,,1.0,2.0,2026-05-31 22:09:58.764642,20260531
Lighter,SUI-USDC,SUI,USDC,USDC,,1.0,5.0,2026-05-31 22:09:58.764642,20260531
Lighter,ETH-USDC,ETH,USDC,USDC,,1.0,2.0,2026-05-31 22:09:58.764642,20260531
Lighter,EURUSD-USDC,EURUSD,USDC,USDC,,1.0,5.0,2026-05-31 22:09:58.764642,20260531
Lighter,XPL-USDC,XPL,USDC,USDC,,1.0,5.0,2026-05-31 22:09:58.764642,20260531
Lighter,H100-USDC,H100,USDC,USDC,,1.0,4.0,2026-05-31 22:09:58.764642,20260531
Lighter,1000BONK-USDC,1000BONK,USDC,USDC,,1.0,6.0,2026-05-31 22:09:58.764642,20260531
Lighter,OP-USDC,OP,USDC,USDC,,1.0,5.0,2026-05-31 22:09:58.764642,20260531
Lighter,NEAR-USDC,NEAR,USDC,USDC,,1.0,5.0,2026-05-31 22:09:58.764642,20260531
Lighter,BRENTOIL-USDC,BRENTOIL,USDC,USDC,,1.0,2.0,2026-05-31 22:09:58.764642,20260531
Lighter,EDGE-USDC,EDGE,USDC,USDC,,1.0,5.0,2026-05-31 22:09:58.764642,20260531
Lighter,SAMSUNGUSD-USDC,SAMSUNGUSD,USDC,USDC,,1.0,3.0,2026-05-31 22:09:58.764642,20260531
Lighter,EIGEN-USDC,EIGEN,USDC,USDC,,1.0,5.0,2026-05-31 22:09:58.764642,20260531
Lighter,MET-USDC,MET,USDC,USDC,,1.0,5.0,2026-05-31 22:09:58.764642,20260531
Lighter,FOGO-USDC,FOGO,USDC,USDC,,1.0,6.0,2026-05-31 22:09:58.764642,20260531
Lighter,NZDUSD-USDC,NZDUSD,USDC,USDC,,1.0,5.0,2026-05-31 22:09:58.764642,20260531
Lighter,ONDO-USDC,ONDO,USDC,USDC,,1.0,5.0,2026-05-31 22:09:58.764642,20260531
Lighter,XAU-USDC,XAU,USDC,USDC,,1.0,2.0,2026-05-31 22:09:58.764642,20260531
Lighter,PLTR-USDC,PLTR,USDC,USDC,,1.0,3.0,2026-05-31 22:09:58.764642,20260531
Lighter,ENA-USDC,ENA,USDC,USDC,,1.0,5.0,2026-05-31 22:09:58.764642,20260531
Lighter,MU-USDC,MU,USDC,USDC,,1.0,2.0,2026-05-31 22:09:58.764642,20260531
Lighter,DIA-USDC,DIA,USDC,USDC,,1.0,2.0,2026-05-31 22:09:58.764642,20260531
Lighter,1000SHIB-USDC,1000SHIB,USDC,USDC,,1.0,6.0,2026-05-31 22:09:58.764642,20260531
Lighter,SKHYNIXUSD-USDC,SKHYNIXUSD,USDC,USDC,,1.0,3.0,2026-05-31 22:09:58.764642,20260531
Lighter,GMX-USDC,GMX,USDC,USDC,,1.0,4.0,2026-05-31 22:09:58.764642,20260531
Lighter,ZK-USDC,ZK,USDC,USDC,,1.0,6.0,2026-05-31 22:09:58.764642,20260531
Lighter,LTC-USDC,LTC,USDC,USDC,,1.0,3.0,2026-05-31 22:09:58.764642,20260531
Lighter,US100-USDC,US100,USDC,USDC,,1.0,0.0,2026-05-31 22:09:58.764642,20260531
Lighter,TRUMP-USDC,TRUMP,USDC,USDC,,1.0,4.0,2026-05-31 22:09:58.764642,20260531
Lighter,EDEN-USDC,EDEN,USDC,USDC,,1.0,5.0,2026-05-31 22:09:58.764642,20260531
Lighter,ZORA-USDC,ZORA,USDC,USDC,,1.0,6.0,2026-05-31 22:09:58.764642,20260531
Lighter,FF-USDC,FF,USDC,USDC,,1.0,5.0,2026-05-31 22:09:58.764642,20260531
Lighter,PIPPIN-USDC,PIPPIN,USDC,USDC,,1.0,5.0,2026-05-31 22:09:58.764642,20260531
Lighter,DOLO-USDC,DOLO,USDC,USDC,,1.0,5.0,2026-05-31 22:09:58.764642,20260531
Lighter,BOTZ-USDC,BOTZ,USDC,USDC,,1.0,3.0,2026-05-31 22:09:58.764642,20260531
Lighter,POL-USDC,POL,USDC,USDC,,1.0,6.0,2026-05-31 22:09:58.764642,20260531
Lighter,CRV-USDC,CRV,USDC,USDC,,1.0,5.0,2026-05-31 22:09:58.764642,20260531
Lighter,PENGU-USDC,PENGU,USDC,USDC,,1.0,6.0,2026-05-31 22:09:58.764642,20260531
Lighter,SPACEX-USDC,SPACEX,USDC,USDC,,1.0,1.0,2026-05-31 22:09:58.764642,20260531
Lighter,RESOLV-USDC,RESOLV,USDC,USDC,,1.0,6.0,2026-05-31 22:09:58.764642,20260531
Lighter,STRC-USDC,STRC,USDC,USDC,,1.0,3.0,2026-05-31 22:09:58.764642,20260531
Lighter,GRASS-USDC,GRASS,USDC,USDC,,1.0,5.0,2026-05-31 22:09:58.764642,20260531
Lighter,WIF-USDC,WIF,USDC,USDC,,1.0,5.0,2026-05-31 22:09:58.764642,20260531
Lighter,US500-USDC,US500,USDC,USDC,,1.0,1.0,2026-05-31 22:09:58.764642,20260531
Lighter,STRK-USDC,STRK,USDC,USDC,,1.0,5.0,2026-05-31 22:09:58.764642,20260531
Lighter,FIL-USDC,FIL,USDC,USDC,,1.0,5.0,2026-05-31 22:09:58.764642,20260531
Lighter,TTWO-USDC,TTWO,USDC,USDC,,1.0,2.0,2026-05-31 22:09:58.764642,20260531
Lighter,LINK-USDC,LINK,USDC,USDC,,1.0,5.0,2026-05-31 22:09:58.764642,20260531
Lighter,SKY-USDC,SKY,USDC,USDC,,1.0,6.0,2026-05-31 22:09:58.764642,20260531
Lighter,BCH-USDC,BCH,USDC,USDC,,1.0,3.0,2026-05-31 22:09:58.764642,20260531
MEXC,BTC_USDT,BTC,USDT,USDT,500.0,8.0,0.1,2026-05-31 22:09:58.764642,20260531
MEXC,ETH_USDT,ETH,USDT,USDT,500.0,8.0,0.01,2026-05-31 22:09:58.764642,20260531
MEXC,XAUT_USDT,XAUT,USDT,USDT,1000.0,4.0,0.1,2026-05-31 22:09:58.764642,20260531
MEXC,SOL_USDT,SOL,USDT,USDT,300.0,8.0,0.01,2026-05-31 22:09:58.764642,20260531
MEXC,LAB_USDT,LAB,USDT,USDT,100.0,4.0,0.0001,2026-05-31 22:09:58.764642,20260531
MEXC,HYPE_USDT,HYPE,USDT,USDT,100.0,4.0,0.001,2026-05-31 22:09:58.764642,20260531
MEXC,XLM_USDT,XLM,USDT,USDT,300.0,8.0,1e-05,2026-05-31 22:09:58.764642,20260531
MEXC,PORTAL_USDT,PORTAL,USDT,USDT,100.0,4.0,1e-05,2026-05-31 22:09:58.764642,20260531
MEXC,ALLO_USDT,ALLO,USDT,USDT,100.0,4.0,1e-05,2026-05-31 22:09:58.764642,20260531
MEXC,BNB_USDT,BNB,USDT,USDT,200.0,8.0,0.1,2026-05-31 22:09:58.764642,20260531
MEXC,XAU_USDT,XAU,USDT,USDT,1000.0,4.0,0.01,2026-05-31 22:09:58.764642,20260531
MEXC,XRP_USDT,XRP,USDT,USDT,300.0,8.0,0.0001,2026-05-31 22:09:58.764642,20260531
MEXC,ZEC_USDT,ZEC,USDT,USDT,100.0,8.0,0.01,2026-05-31 22:09:58.764642,20260531
MEXC,WLD_USDT,WLD,USDT,USDT,300.0,8.0,0.0001,2026-05-31 22:09:58.764642,20260531
MEXC,H_USDT,H,USDT,USDT,50.0,4.0,1e-05,2026-05-31 22:09:58.764642,20260531
MEXC,SUI_USDT,SUI,USDT,USDT,300.0,8.0,0.0001,2026-05-31 22:09:58.764642,20260531
MEXC,PLAY_USDT,PLAY,USDT,USDT,50.0,4.0,1e-05,2026-05-31 22:09:58.764642,20260531
MEXC,AIA_USDT,AIA,USDT,USDT,20.0,4.0,1e-05,2026-05-31 22:09:58.764642,20260531
MEXC,TAO_USDT,TAO,USDT,USDT,300.0,4.0,0.01,2026-05-31 22:09:58.764642,20260531
MEXC,ASTER_USDT,ASTER,USDT,USDT,100.0,4.0,0.0001,2026-05-31 22:09:58.764642,20260531
MEXC,NEAR_USDT,NEAR,USDT,USDT,200.0,8.0,0.001,2026-05-31 22:09:58.764642,20260531
MEXC,TA_USDT,TA,USDT,USDT,50.0,4.0,1e-05,2026-05-31 22:09:58.764642,20260531
MEXC,ONDO_USDT,ONDO,USDT,USDT,200.0,4.0,0.0001,2026-05-31 22:09:58.764642,20260531
MEXC,HEI_USDT,HEI,USDT,USDT,100.0,4.0,0.0001,2026-05-31 22:09:58.764642,20260531
MEXC,STG_USDT,STG,USDT,USDT,125.0,8.0,0.0001,2026-05-31 22:09:58.764642,20260531
MEXC,STRAX_USDT,STRAX,USDT,USDT,50.0,4.0,1e-05,2026-05-31 22:09:58.764642,20260531
MEXC,SKYAI_USDT,SKYAI,USDT,USDT,100.0,4.0,1e-05,2026-05-31 22:09:58.764642,20260531
MEXC,TONCOIN_USDT,TONCOIN,USDT,USDT,200.0,4.0,0.0001,2026-05-31 22:09:58.764642,20260531
MEXC,FET_USDT,FET,USDT,USDT,200.0,8.0,0.0001,2026-05-31 22:09:58.764642,20260531
MEXC,DOGE_USDT,DOGE,USDT,USDT,300.0,8.0,1e-05,2026-05-31 22:09:58.764642,20260531
MEXC,HIVE_USDT,HIVE,USDT,USDT,20.0,1.0,1e-05,2026-05-31 22:09:58.764642,20260531
MEXC,INJ_USDT,INJ,USDT,USDT,300.0,8.0,0.001,2026-05-31 22:09:58.764642,20260531
MEXC,USOIL_USDT,USOIL,USDT,USDT,200.0,4.0,0.01,2026-05-31 22:09:58.764642,20260531
MEXC,UB_USDT,UB,USDT,USDT,100.0,4.0,1e-05,2026-05-31 22:09:58.764642,20260531
MEXC,BSB_USDT,BSB,USDT,USDT,50.0,4.0,0.0001,2026-05-31 22:09:58.764642,20260531
MEXC,LINK_USDT,LINK,USDT,USDT,300.0,8.0,0.001,2026-05-31 22:09:58.764642,20260531
MEXC,VVV_USDT,VVV,USDT,USDT,50.0,4.0,0.001,2026-05-31 22:09:58.764642,20260531
MEXC,BEAT_USDT,BEAT,USDT,USDT,100.0,4.0,0.0001,2026-05-31 22:09:58.764642,20260531
MEXC,HBAR_USDT,HBAR,USDT,USDT,200.0,8.0,1e-05,2026-05-31 22:09:58.764642,20260531
MEXC,MYX_USDT,MYX,USDT,USDT,50.0,4.0,0.0001,2026-05-31 22:09:58.764642,20260531
MEXC,ADA_USDT,ADA,USDT,USDT,300.0,8.0,0.0001,2026-05-31 22:09:58.764642,20260531
MEXC,SILVER_USDT,SILVER,USDT,USDT,1000.0,4.0,0.01,2026-05-31 22:09:58.764642,20260531
MEXC,PEPE_USDT,PEPE,USDT,USDT,300.0,8.0,1e-10,2026-05-31 22:09:58.764642,20260531
MEXC,BILL_USDT,BILL,USDT,USDT,50.0,4.0,1e-05,2026-05-31 22:09:58.764642,20260531
MEXC,PUNDIX_USDT,PUNDIX,USDT,USDT,50.0,4.0,0.0001,2026-05-31 22:09:58.764642,20260531
MEXC,NFP_USDT,NFP,USDT,USDT,50.0,4.0,1e-05,2026-05-31 22:09:58.764642,20260531
MEXC,ENA_USDT,ENA,USDT,USDT,200.0,4.0,1e-05,2026-05-31 22:09:58.764642,20260531
MEXC,ID_USDT,ID,USDT,USDT,20.0,1.0,1e-05,2026-05-31 22:09:58.764642,20260531
MEXC,AVAX_USDT,AVAX,USDT,USDT,200.0,8.0,0.001,2026-05-31 22:09:58.764642,20260531
MEXC,RENDER_USDT,RENDER,USDT,USDT,200.0,4.0,0.001,2026-05-31 22:09:58.764642,20260531
MEXC,BIANRENSHENG_USDT,BIANRENSHENG,USDT,USDT,100.0,4.0,1e-05,2026-05-31 22:09:58.764642,20260531
MEXC,GUN_USDT,GUN,USDT,USDT,100.0,4.0,1e-05,2026-05-31 22:09:58.764642,20260531
MEXC,DOT_USDT,DOT,USDT,USDT,300.0,8.0,0.001,2026-05-31 22:09:58.764642,20260531
MEXC,HOME_USDT,HOME,USDT,USDT,50.0,4.0,1e-05,2026-05-31 22:09:58.764642,20260531
MEXC,XMR_USDT,XMR,USDT,USDT,100.0,8.0,0.01,2026-05-31 22:09:58.764642,20260531
MEXC,GUA_USDT,GUA,USDT,USDT,20.0,4.0,0.0001,2026-05-31 22:09:58.764642,20260531
MEXC,PRL_USDT,PRL,USDT,USDT,20.0,4.0,0.0001,2026-05-31 22:09:58.764642,20260531
MEXC,SEI_USDT,SEI,USDT,USDT,300.0,8.0,1e-05,2026-05-31 22:09:58.764642,20260531
MEXC,ESPORTS_USDT,ESPORTS,USDT,USDT,100.0,4.0,0.0001,2026-05-31 22:09:58.764642,20260531
MEXC,RIVER_USDT,RIVER,USDT,USDT,50.0,4.0,0.001,2026-05-31 22:09:58.764642,20260531
MEXC,SIGN_USDT,SIGN,USDT,USDT,20.0,4.0,1e-05,2026-05-31 22:09:58.764642,20260531
MEXC,GENIUS_USDT,GENIUS,USDT,USDT,20.0,4.0,0.0001,2026-05-31 22:09:58.764642,20260531
MEXC,SIREN_USDT,SIREN,USDT,USDT,50.0,4.0,0.0001,2026-05-31 22:09:58.764642,20260531
MEXC,ORDI_USDT,ORDI,USDT,USDT,200.0,4.0,0.001,2026-05-31 22:09:58.764642,20260531
MEXC,LTC_USDT,LTC,USDT,USDT,200.0,8.0,0.01,2026-05-31 22:09:58.764642,20260531
MEXC,AAVE_USDT,AAVE,USDT,USDT,200.0,8.0,0.01,2026-05-31 22:09:58.764642,20260531
MEXC,CAKE_USDT,CAKE,USDT,USDT,125.0,4.0,0.0001,2026-05-31 22:09:58.764642,20260531
MEXC,FARTCOIN_USDT,FARTCOIN,USDT,USDT,100.0,4.0,1e-05,2026-05-31 22:09:58.764642,20260531
MEXC,ARIA_USDT,ARIA,USDT,USDT,20.0,4.0,0.0001,2026-05-31 22:09:58.764642,20260531
MEXC,ICP_USDT,ICP,USDT,USDT,50.0,8.0,0.001,2026-05-31 22:09:58.764642,20260531
MEXC,ALGO_USDT,ALGO,USDT,USDT,200.0,8.0,0.0001,2026-05-31 22:09:58.764642,20260531
MEXC,BCH_USDT,BCH,USDT,USDT,200.0,8.0,0.01,2026-05-31 22:09:58.764642,20260531
MEXC,LA_USDT,LA,USDT,USDT,20.0,4.0,0.0001,2026-05-31 22:09:58.764642,20260531
MEXC,TAKE_USDT,TAKE,USDT,USDT,50.0,4.0,1e-05,2026-05-31 22:09:58.764642,20260531
MEXC,DELLSTOCK_USDT,DELLSTOCK,USDT,USDT,50.0,8.0,0.1,2026-05-31 22:09:58.764642,20260531
MEXC,APT_USDT,APT,USDT,USDT,200.0,8.0,0.0001,2026-05-31 22:09:58.764642,20260531
MEXC,ARB_USDT,ARB,USDT,USDT,200.0,8.0,1e-05,2026-05-31 22:09:58.764642,20260531
MEXC,UKOIL_USDT,UKOIL,USDT,USDT,200.0,4.0,0.01,2026-05-31 22:09:58.764642,20260531
MEXC,SPCXSTOCK_USDT,SPCXSTOCK,USDT,USDT,50.0,8.0,0.01,2026-05-31 22:09:58.764642,20260531
MEXC,ATOM_USDT,ATOM,USDT,USDT,200.0,8.0,0.001,2026-05-31 22:09:58.764642,20260531
MEXC,UNI_USDT,UNI,USDT,USDT,200.0,8.0,0.001,2026-05-31 22:09:58.764642,20260531
MEXC,PENDLE_USDT,PENDLE,USDT,USDT,125.0,8.0,0.0001,2026-05-31 22:09:58.764642,20260531
MEXC,GRASS_USDT,GRASS,USDT,USDT,100.0,4.0,0.0001,2026-05-31 22:09:58.764642,20260531
MEXC,SATO_USDT,SATO,USDT,USDT,20.0,4.0,0.0001,2026-05-31 22:09:58.764642,20260531
MEXC,EIGEN_USDT,EIGEN,USDT,USDT,125.0,4.0,0.0001,2026-05-31 22:09:58.764642,20260531
MEXC,NIGHT_USDT,NIGHT,USDT,USDT,100.0,4.0,1e-05,2026-05-31 22:09:58.764642,20260531
MEXC,TIA_USDT,TIA,USDT,USDT,300.0,4.0,0.0001,2026-05-31 22:09:58.764642,20260531
MEXC,BASED_USDT,BASED,USDT,USDT,50.0,4.0,1e-05,2026-05-31 22:09:58.764642,20260531
MEXC,MEME_USDT,MEME,USDT,USDT,50.0,4.0,1e-07,2026-05-31 22:09:58.764642,20260531
MEXC,TRX_USDT,TRX,USDT,USDT,200.0,8.0,1e-05,2026-05-31 22:09:58.764642,20260531
MEXC,DASH_USDT,DASH,USDT,USDT,100.0,8.0,0.01,2026-05-31 22:09:58.764642,20260531
MEXC,AVNT_USDT,AVNT,USDT,USDT,100.0,4.0,0.0001,2026-05-31 22:09:58.764642,20260531
MEXC,IO_USDT,IO,USDT,USDT,125.0,4.0,0.0001,2026-05-31 22:09:58.764642,20260531
MEXC,PITCH_USDT,PITCH,USDT,USDT,20.0,4.0,0.001,2026-05-31 22:09:58.764642,20260531
MEXC,PENGU_USDT,PENGU,USDT,USDT,125.0,4.0,1e-06,2026-05-31 22:09:58.764642,20260531
MEXC,MUSTOCK_USDT,MUSTOCK,USDT,USDT,100.0,8.0,0.01,2026-05-31 22:09:58.764642,20260531
MEXC,GITLAWB_USDT,GITLAWB,USDT,USDT,20.0,4.0,1e-07,2026-05-31 22:09:58.764642,20260531
MEXC,VTHO_USDT,VTHO,USDT,USDT,50.0,4.0,1e-07,2026-05-31 22:09:58.764642,20260531
MEXC,RAVE_USDT,RAVE,USDT,USDT,50.0,4.0,0.0001,2026-05-31 22:09:58.765639,20260531
MEXC,COAI_USDT,COAI,USDT,USDT,50.0,4.0,0.0001,2026-05-31 22:09:58.765639,20260531
MEXC,LIT_USDT,LIT,USDT,USDT,100.0,4.0,0.0001,2026-05-31 22:09:58.765639,20260531
MEXC,SHIB_USDT,SHIB,USDT,USDT,300.0,8.0,1e-09,2026-05-31 22:09:58.765639,20260531
MEXC,US_USDT,US,USDT,USDT,100.0,4.0,1e-06,2026-05-31 22:09:58.765639,20260531
MEXC,CHZ_USDT,CHZ,USDT,USDT,200.0,8.0,1e-05,2026-05-31 22:09:58.765639,20260531
MEXC,ASTEROID_USDT,ASTEROID,USDT,USDT,20.0,4.0,1e-07,2026-05-31 22:09:58.765639,20260531
MEXC,CLO_USDT,CLO,USDT,USDT,50.0,4.0,0.0001,2026-05-31 22:09:58.765639,20260531
MEXC,4_USDT,4,USDT,USDT,100.0,4.0,1e-05,2026-05-31 22:09:58.765639,20260531
MEXC,PIPPIN_USDT,PIPPIN,USDT,USDT,50.0,4.0,1e-05,2026-05-31 22:09:58.765639,20260531
MEXC,CTR_USDT,CTR,USDT,USDT,20.0,4.0,1e-05,2026-05-31 22:09:58.765639,20260531
MEXC,OP_USDT,OP,USDT,USDT,300.0,8.0,0.0001,2026-05-31 22:09:58.765639,20260531
MEXC,LUNC_USDT,LUNC,USDT,USDT,200.0,8.0,1e-08,2026-05-31 22:09:58.765639,20260531
MEXC,GIGGLE_USDT,GIGGLE,USDT,USDT,50.0,4.0,0.01,2026-05-31 22:09:58.765639,20260531
MEXC,NIL_USDT,NIL,USDT,USDT,100.0,4.0,1e-05,2026-05-31 22:09:58.765639,20260531
MEXC,BTC_USD,BTC,USD,BTC,125.0,8.0,0.1,2026-05-31 22:09:58.765639,20260531
MEXC,VIRTUAL_USDT,VIRTUAL,USDT,USDT,100.0,4.0,0.0001,2026-05-31 22:09:58.765639,20260531
MEXC,ETH_USD,ETH,USD,ETH,125.0,8.0,0.01,2026-05-31 22:09:58.765639,20260531
MEXC,ARCSOL_USDT,ARCSOL,USDT,USDT,100.0,4.0,1e-05,2026-05-31 22:09:58.765639,20260531
MEXC,LTC_USD,LTC,USD,LTC,100.0,8.0,0.01,2026-05-31 22:09:58.765639,20260531
MEXC,XRP_USD,XRP,USD,XRP,100.0,8.0,0.0001,2026-05-31 22:09:58.765639,20260531
MEXC,ADA_USD,ADA,USD,ADA,100.0,8.0,0.0001,2026-05-31 22:09:58.765639,20260531
MEXC,LINK_USD,LINK,USD,LINK,100.0,8.0,0.001,2026-05-31 22:09:58.765639,20260531
MEXC,AVAX_USD,AVAX,USD,AVAX,100.0,8.0,0.01,2026-05-31 22:09:58.765639,20260531
MEXC,SOL_USD,SOL,USD,SOL,100.0,8.0,0.01,2026-05-31 22:09:58.765639,20260531
MEXC,DOGE_USD,DOGE,USD,DOGE,100.0,8.0,1e-05,2026-05-31 22:09:58.765639,20260531
MEXC,SUI_USD,SUI,USD,SUI,100.0,8.0,0.0001,2026-05-31 22:09:58.765639,20260531
MEXC,BULLA_USDT,BULLA,USDT,USDT,20.0,4.0,1e-06,2026-05-31 22:09:58.765639,20260531
MEXC,SLX_USDT,SLX,USDT,USDT,20.0,4.0,0.0001,2026-05-31 22:09:58.765639,20260531
MEXC,KAS_USDT,KAS,USDT,USDT,200.0,4.0,1e-05,2026-05-31 22:09:58.765639,20260531
MEXC,EDEN_USDT,EDEN,USDT,USDT,50.0,4.0,1e-05,2026-05-31 22:09:58.765639,20260531
MEXC,ETHFI_USDT,ETHFI,USDT,USDT,125.0,4.0,0.0001,2026-05-31 22:09:58.765639,20260531
MEXC,DYDX_USDT,DYDX,USDT,USDT,125.0,8.0,0.0001,2026-05-31 22:09:58.765639,20260531
MEXC,TOWNS_USDT,TOWNS,USDT,USDT,100.0,4.0,1e-06,2026-05-31 22:09:58.765639,20260531
MEXC,SPX500_USDT,SPX500,USDT,USDT,100.0,8.0,0.1,2026-05-31 22:09:58.765639,20260531
MEXC,ICNT_USDT,ICNT,USDT,USDT,50.0,4.0,0.0001,2026-05-31 22:09:58.765639,20260531
MEXC,MNT_USDT,MNT,USDT,USDT,100.0,8.0,0.0001,2026-05-31 22:09:58.765639,20260531
MEXC,PHA_USDT,PHA,USDT,USDT,50.0,4.0,1e-05,2026-05-31 22:09:58.765639,20260531
MEXC,APE_USDT,APE,USDT,USDT,50.0,8.0,0.0001,2026-05-31 22:09:58.765639,20260531
MEXC,FLOKI_USDT,FLOKI,USDT,USDT,200.0,8.0,1e-08,2026-05-31 22:09:58.765639,20260531
MEXC,PUMPFUN_USDT,PUMPFUN,USDT,USDT,100.0,4.0,1e-06,2026-05-31 22:09:58.765639,20260531
MEXC,STEEM_USDT,STEEM,USDT,USDT,20.0,4.0,1e-05,2026-05-31 22:09:58.765639,20260531
MEXC,NVIDIA_USDT,NVIDIA,USDT,USDT,100.0,8.0,0.01,2026-05-31 22:09:58.765639,20260531
MEXC,BTC_USDC,BTC,USDC,USDC,200.0,8.0,0.1,2026-05-31 22:09:58.765639,20260531
MEXC,XPL_USDT,XPL,USDT,USDT,100.0,4.0,0.0001,2026-05-31 22:09:58.765639,20260531
MEXC,SAGA_USDT,SAGA,USDT,USDT,50.0,4.0,1e-05,2026-05-31 22:09:58.765639,20260531
MEXC,ZRO_USDT,ZRO,USDT,USDT,125.0,4.0,0.001,2026-05-31 22:09:58.765639,20260531
MEXC,MANTRA_USDT,MANTRA,USDT,USDT,50.0,4.0,1e-05,2026-05-31 22:09:58.765639,20260531
MEXC,PAXG_USDT,PAXG,USDT,USDT,100.0,4.0,0.01,2026-05-31 22:09:58.765639,20260531
MEXC,FILECOIN_USDT,FILECOIN,USDT,USDT,50.0,8.0,0.001,2026-05-31 22:09:58.765639,20260531
MEXC,AR_USDT,AR,USDT,USDT,100.0,8.0,0.001,2026-05-31 22:09:58.765639,20260531
MEXC,OPG_USDT,OPG,USDT,USDT,20.0,4.0,0.0001,2026-05-31 22:09:58.765639,20260531
MEXC,HOOLI_USDT,HOOLI,USDT,USDT,20.0,4.0,1e-06,2026-05-31 22:09:58.765639,20260531
MEXC,ARKM_USDT,ARKM,USDT,USDT,200.0,8.0,0.0001,2026-05-31 22:09:58.765639,20260531
MEXC,JCT_USDT,JCT,USDT,USDT,50.0,4.0,1e-06,2026-05-31 22:09:58.765639,20260531
MEXC,UP_USDT,UP,USDT,USDT,50.0,4.0,0.0001,2026-05-31 22:09:58.765639,20260531
MEXC,AXS_USDT,AXS,USDT,USDT,50.0,4.0,0.001,2026-05-31 22:09:58.765639,20260531
MEXC,BAS_USDT,BAS,USDT,USDT,100.0,4.0,1e-06,2026-05-31 22:09:58.765639,20260531
MEXC,WIF_USDT,WIF,USDT,USDT,50.0,4.0,0.0001,2026-05-31 22:09:58.765639,20260531
MEXC,B_USDT,B,USDT,USDT,100.0,4.0,0.0001,2026-05-31 22:09:58.765639,20260531
MEXC,VET_USDT,VET,USDT,USDT,125.0,8.0,1e-06,2026-05-31 22:09:58.765639,20260531
MEXC,ZAMA_USDT,ZAMA,USDT,USDT,50.0,4.0,1e-05,2026-05-31 22:09:58.765639,20260531
MEXC,CHIP_USDT,CHIP,USDT,USDT,50.0,4.0,1e-05,2026-05-31 22:09:58.765639,20260531
MEXC,JTO_USDT,JTO,USDT,USDT,50.0,4.0,0.0001,2026-05-31 22:09:58.765639,20260531
MEXC,EVAA_USDT,EVAA,USDT,USDT,50.0,4.0,0.0001,2026-05-31 22:09:58.765639,20260531
MEXC,ZORA_USDT,ZORA,USDT,USDT,50.0,4.0,1e-05,2026-05-31 22:09:58.765639,20260531
MEXC,ZEREBRO_USDT,ZEREBRO,USDT,USDT,50.0,4.0,1e-06,2026-05-31 22:09:58.765639,20260531
MEXC,FIDA_USDT,FIDA,USDT,USDT,50.0,4.0,1e-05,2026-05-31 22:09:58.765639,20260531
MEXC,ZEN_USDT,ZEN,USDT,USDT,200.0,8.0,0.001,2026-05-31 22:09:58.765639,20260531
MEXC,EDU_USDT,EDU,USDT,USDT,50.0,8.0,1e-05,2026-05-31 22:09:58.765639,20260531
MEXC,IOTA_USDT,IOTA,USDT,USDT,125.0,8.0,0.0001,2026-05-31 22:09:58.765639,20260531
MEXC,ZEST_USDT,ZEST,USDT,USDT,20.0,4.0,0.0001,2026-05-31 22:09:58.765639,20260531
MEXC,BRETT_USDT,BRETT,USDT,USDT,200.0,4.0,1e-06,2026-05-31 22:09:58.765639,20260531
MEXC,SURPLUS_USDT,SURPLUS,USDT,USDT,20.0,4.0,1e-08,2026-05-31 22:09:58.765639,20260531
MEXC,IBMSTOCK_USDT,IBMSTOCK,USDT,USDT,50.0,8.0,0.01,2026-05-31 22:09:58.765639,20260531
MEXC,JUP_USDT,JUP,USDT,USDT,200.0,4.0,0.0001,2026-05-31 22:09:58.765639,20260531
MEXC,FHE_USDT,FHE,USDT,USDT,50.0,4.0,1e-05,2026-05-31 22:09:58.765639,20260531
MEXC,TROLLSOL_USDT,TROLLSOL,USDT,USDT,20.0,4.0,1e-05,2026-05-31 22:09:58.765639,20260531
MEXC,TRUMPOFFICIAL_USDT,TRUMPOFFICIAL,USDT,USDT,50.0,4.0,0.001,2026-05-31 22:09:58.765639,20260531
MEXC,SNOWSTOCK_USDT,SNOWSTOCK,USDT,USDT,50.0,8.0,0.01,2026-05-31 22:09:58.765639,20260531
MEXC,FORM_USDT,FORM,USDT,USDT,100.0,4.0,0.0001,2026-05-31 22:09:58.765639,20260531
MEXC,OL_USDT,OL,USDT,USDT,100.0,4.0,1e-06,2026-05-31 22:09:58.765639,20260531
MEXC,FAI_USDT,FAI,USDT,USDT,20.0,4.0,1e-06,2026-05-31 22:09:58.765639,20260531
MEXC,MEGA_USDT,MEGA,USDT,USDT,50.0,4.0,1e-05,2026-05-31 22:09:58.765639,20260531
MEXC,MAGMA_USDT,MAGMA,USDT,USDT,50.0,4.0,0.0001,2026-05-31 22:09:58.765639,20260531
MEXC,XTZ_USDT,XTZ,USDT,USDT,100.0,4.0,0.0001,2026-05-31 22:09:58.765639,20260531
MEXC,DOGS_USDT,DOGS,USDT,USDT,200.0,4.0,1e-08,2026-05-31 22:09:58.765639,20260531
MEXC,OKB_USDT,OKB,USDT,USDT,25.0,4.0,0.01,2026-05-31 22:09:58.765639,20260531
MEXC,DRIFT_USDT,DRIFT,USDT,USDT,20.0,4.0,1e-05,2026-05-31 22:09:58.765639,20260531
MEXC,LDO_USDT,LDO,USDT,USDT,200.0,8.0,0.0001,2026-05-31 22:09:58.765639,20260531
MEXC,POL_USDT,POL,USDT,USDT,125.0,4.0,1e-05,2026-05-31 22:09:58.765639,20260531
MEXC,ARMSTOCK_USDT,ARMSTOCK,USDT,USDT,100.0,8.0,0.01,2026-05-31 22:09:58.765639,20260531
MEXC,NAS100_USDT,NAS100,USDT,USDT,100.0,8.0,1.0,2026-05-31 22:09:58.765639,20260531
MEXC,REDO_USDT,REDO,USDT,USDT,20.0,4.0,0.0001,2026-05-31 22:09:58.765639,20260531
MEXC,NEX_USDT,NEX,USDT,USDT,50.0,4.0,1e-09,2026-05-31 22:09:58.765639,20260531
MEXC,CRV_USDT,CRV,USDT,USDT,125.0,8.0,0.0001,2026-05-31 22:09:58.765639,20260531
MEXC,JASMY_USDT,JASMY,USDT,USDT,200.0,8.0,1e-06,2026-05-31 22:09:58.765639,20260531
MEXC,PYTH_USDT,PYTH,USDT,USDT,125.0,4.0,1e-05,2026-05-31 22:09:58.765639,20260531
MEXC,MBOX_USDT,MBOX,USDT,USDT,50.0,4.0,1e-05,2026-05-31 22:09:58.765639,20260531
MEXC,NOT_USDT,NOT,USDT,USDT,200.0,4.0,1e-07,2026-05-31 22:09:58.765639,20260531
MEXC,LYN_USDT,LYN,USDT,USDT,50.0,4.0,1e-05,2026-05-31 22:09:58.765639,20260531
MEXC,WOJAK_USDT,WOJAK,USDT,USDT,20.0,4.0,1e-11,2026-05-31 22:09:58.765639,20260531
MEXC,EPIC_USDT,EPIC,USDT,USDT,100.0,4.0,0.0001,2026-05-31 22:09:58.765639,20260531
MEXC,BAT_USDT,BAT,USDT,USDT,125.0,8.0,0.0001,2026-05-31 22:09:58.765639,20260531
MEXC,IN_USDT,IN,USDT,USDT,20.0,4.0,1e-05,2026-05-31 22:09:58.765639,20260531
MEXC,STAR_USDT,STAR,USDT,USDT,10.0,4.0,1e-05,2026-05-31 22:09:58.765639,20260531
MEXC,1000000BABYDOGE_USDT,1000000BABYDOGE,USDT,USDT,50.0,4.0,1e-07,2026-05-31 22:09:58.765639,20260531
MEXC,USELESS_USDT,USELESS,USDT,USDT,50.0,4.0,1e-05,2026-05-31 22:09:58.765639,20260531
MEXC,GRT_USDT,GRT,USDT,USDT,200.0,8.0,1e-05,2026-05-31 22:09:58.765639,20260531
MEXC,KITE_USDT,KITE,USDT,USDT,50.0,4.0,1e-05,2026-05-31 22:09:58.765639,20260531
MEXC,PTB_USDT,PTB,USDT,USDT,20.0,4.0,1e-07,2026-05-31 22:09:58.765639,20260531
MEXC,NOM_USDT,NOM,USDT,USDT,20.0,4.0,1e-06,2026-05-31 22:09:58.765639,20260531
MEXC,INIT_USDT,INIT,USDT,USDT,20.0,4.0,0.0001,2026-05-31 22:09:58.765639,20260531
MEXC,BP_USDT,BP,USDT,USDT,20.0,4.0,0.0001,2026-05-31 22:09:58.765639,20260531
MEXC,AIGENSYN_USDT,AIGENSYN,USDT,USDT,20.0,4.0,1e-05,2026-05-31 22:09:58.765639,20260531
MEXC,1000BONK_USDT,1000BONK,USDT,USDT,125.0,4.0,1e-06,2026-05-31 22:09:58.765639,20260531
MEXC,ENJ_USDT,ENJ,USDT,USDT,75.0,4.0,1e-05,2026-05-31 22:09:58.765639,20260531
MEXC,KERNEL_USDT,KERNEL,USDT,USDT,20.0,4.0,1e-05,2026-05-31 22:09:58.765639,20260531
MEXC,NAORIS_USDT,NAORIS,USDT,USDT,100.0,4.0,1e-05,2026-05-31 22:09:58.765639,20260531
MEXC,STBL_USDT,STBL,USDT,USDT,100.0,4.0,1e-05,2026-05-31 22:09:58.765639,20260531
MEXC,GMESTOCK_USDT,GMESTOCK,USDT,USDT,20.0,8.0,0.01,2026-05-31 22:09:58.765639,20260531
MEXC,BLESS_USDT,BLESS,USDT,USDT,100.0,4.0,1e-06,2026-05-31 22:09:58.765639,20260531
MEXC,STABLE_USDT,STABLE,USDT,USDT,20.0,4.0,1e-05,2026-05-31 22:09:58.765639,20260531
MEXC,HIGH_USDT,HIGH,USDT,USDT,50.0,8.0,0.0001,2026-05-31 22:09:58.765639,20260531
MEXC,M_USDT,M,USDT,USDT,50.0,4.0,0.0001,2026-05-31 22:09:58.765639,20260531
MEXC,RECALL_USDT,RECALL,USDT,USDT,50.0,4.0,1e-05,2026-05-31 22:09:58.765639,20260531
MEXC,CGPT_USDT,CGPT,USDT,USDT,100.0,4.0,1e-05,2026-05-31 22:09:58.765639,20260531
MEXC,TRADOOR_USDT,TRADOOR,USDT,USDT,100.0,4.0,0.0001,2026-05-31 22:09:58.765639,20260531
MEXC,ROAM_USDT,ROAM,USDT,USDT,50.0,4.0,1e-06,2026-05-31 22:09:58.765639,20260531
MEXC,MAGAALIENS_USDT,MAGAALIENS,USDT,USDT,20.0,4.0,1e-06,2026-05-31 22:09:58.765639,20260531
MEXC,STX_USDT,STX,USDT,USDT,50.0,8.0,0.0001,2026-05-31 22:09:58.765639,20260531
MEXC,BOME_USDT,BOME,USDT,USDT,200.0,4.0,1e-07,2026-05-31 22:09:58.765639,20260531
MEXC,APR_USDT,APR,USDT,USDT,50.0,4.0,1e-05,2026-05-31 22:09:58.765639,20260531
MEXC,METIS_USDT,METIS,USDT,USDT,50.0,4.0,0.001,2026-05-31 22:09:58.765639,20260531
MEXC,CROSS_USDT,CROSS,USDT,USDT,100.0,4.0,1e-05,2026-05-31 22:09:58.765639,20260531
MEXC,MORPHO_USDT,MORPHO,USDT,USDT,100.0,4.0,0.0001,2026-05-31 22:09:58.765639,20260531
MEXC,NGAS_USDT,NGAS,USDT,USDT,100.0,1.0,0.001,2026-05-31 22:09:58.765639,20260531
MEXC,ETC_USDT,ETC,USDT,USDT,200.0,8.0,0.001,2026-05-31 22:09:58.765639,20260531
MEXC,BUILDONBOB_USDT,BUILDONBOB,USDT,USDT,20.0,4.0,1e-06,2026-05-31 22:09:58.765639,20260531
MEXC,SPX_USDT,SPX,USDT,USDT,100.0,4.0,0.0001,2026-05-31 22:09:58.765639,20260531
MEXC,POND_USDT,POND,USDT,USDT,50.0,4.0,1e-05,2026-05-31 22:09:58.765639,20260531
MEXC,SPACE_USDT,SPACE,USDT,USDT,100.0,4.0,1e-06,2026-05-31 22:09:58.765639,20260531
MEXC,IMX_USDT,IMX,USDT,USDT,125.0,4.0,0.0001,2026-05-31 22:09:58.765639,20260531
MEXC,SUPRA_USDT,SUPRA,USDT,USDT,50.0,4.0,1e-07,2026-05-31 22:09:58.765639,20260531
MEXC,PLUME_USDT,PLUME,USDT,USDT,100.0,4.0,1e-05,2026-05-31 22:09:58.765639,20260531
MEXC,QNT_USDT,QNT,USDT,USDT,200.0,8.0,0.01,2026-05-31 22:09:58.765639,20260531
MEXC,S_USDT,S,USDT,USDT,200.0,4.0,1e-05,2026-05-31 22:09:58.765639,20260531
MEXC,SPORTFUN_USDT,SPORTFUN,USDT,USDT,20.0,4.0,1e-05,2026-05-31 22:09:58.765639,20260531
MEXC,JELLYJELLY_USDT,JELLYJELLY,USDT,USDT,20.0,4.0,1e-05,2026-05-31 22:09:58.765639,20260531
MEXC,INTCSTOCK_USDT,INTCSTOCK,USDT,USDT,100.0,8.0,0.01,2026-05-31 22:09:58.765639,20260531
MEXC,PEAQ_USDT,PEAQ,USDT,USDT,100.0,8.0,1e-05,2026-05-31 22:09:58.765639,20260531
MEXC,CRO_USDT,CRO,USDT,USDT,200.0,8.0,1e-05,2026-05-31 22:09:58.765639,20260531
MEXC,SAHARA_USDT,SAHARA,USDT,USDT,20.0,4.0,1e-05,2026-05-31 22:09:58.765639,20260531
MEXC,GOBLIN_USDT,GOBLIN,USDT,USDT,20.0,4.0,1e-05,2026-05-31 22:09:58.765639,20260531
MEXC,WLFI_USDT,WLFI,USDT,USDT,100.0,4.0,0.0001,2026-05-31 22:09:58.765639,20260531
MEXC,AKT_USDT,AKT,USDT,USDT,50.0,4.0,0.0001,2026-05-31 22:09:58.765639,20260531
MEXC,AEON_USDT,AEON,USDT,USDT,20.0,4.0,1e-07,2026-05-31 22:09:58.765639,20260531
MEXC,ALT_USDT,ALT,USDT,USDT,50.0,4.0,1e-06,2026-05-31 22:09:58.765639,20260531
MEXC,POWER_USDT,POWER,USDT,USDT,20.0,4.0,1e-05,2026-05-31 22:09:58.765639,20260531
MEXC,MANYU_USDT,MANYU,USDT,USDT,50.0,4.0,1e-12,2026-05-31 22:09:58.765639,20260531
MEXC,CAT_USDT,CAT,USDT,USDT,100.0,4.0,1e-09,2026-05-31 22:09:58.765639,20260531
MEXC,SWARMS_USDT,SWARMS,USDT,USDT,100.0,4.0,1e-06,2026-05-31 22:09:58.765639,20260531
MEXC,HYPE_USDC,HYPE,USDC,USDC,125.0,4.0,0.001,2026-05-31 22:09:58.765639,20260531
MEXC,SAND_USDT,SAND,USDT,USDT,200.0,8.0,1e-05,2026-05-31 22:09:58.765639,20260531
MEXC,CORE_USDT,CORE,USDT,USDT,100.0,8.0,1e-05,2026-05-31 22:09:58.765639,20260531
MEXC,UAI_USDT,UAI,USDT,USDT,50.0,4.0,0.0001,2026-05-31 22:09:58.765639,20260531
MEXC,HEMI_USDT,HEMI,USDT,USDT,50.0,4.0,1e-06,2026-05-31 22:09:58.765639,20260531
MEXC,COOKIE_USDT,COOKIE,USDT,USDT,100.0,4.0,1e-05,2026-05-31 22:09:58.765639,20260531
MEXC,AMDSTOCK_USDT,AMDSTOCK,USDT,USDT,100.0,8.0,0.01,2026-05-31 22:09:58.765639,20260531
MEXC,UPEG_USDT,UPEG,USDT,USDT,20.0,4.0,0.1,2026-05-31 22:09:58.765639,20260531
MEXC,GALA_USDT,GALA,USDT,USDT,125.0,8.0,1e-06,2026-05-31 22:09:58.765639,20260531
MEXC,POLYX_USDT,POLYX,USDT,USDT,20.0,4.0,1e-05,2026-05-31 22:09:58.765639,20260531
MEXC,STRK_USDT,STRK,USDT,USDT,100.0,4.0,1e-05,2026-05-31 22:09:58.765639,20260531
MEXC,BAN_USDT,BAN,USDT,USDT,100.0,4.0,1e-05,2026-05-31 22:09:58.765639,20260531
MEXC,ROSE_USDT,ROSE,USDT,USDT,100.0,8.0,1e-05,2026-05-31 22:09:58.765639,20260531
MEXC,COPPER_USDT,COPPER,USDT,USDT,100.0,4.0,0.001,2026-05-31 22:09:58.765639,20260531
MEXC,BANK_USDT,BANK,USDT,USDT,100.0,4.0,1e-05,2026-05-31 22:09:58.765639,20260531
MEXC,SFP_USDT,SFP,USDT,USDT,200.0,8.0,0.0001,2026-05-31 22:09:58.765639,20260531
MEXC,TESLA_USDT,TESLA,USDT,USDT,100.0,8.0,0.01,2026-05-31 22:09:58.765639,20260531
MEXC,MSFTSTOCK_USDT,MSFTSTOCK,USDT,USDT,100.0,8.0,0.01,2026-05-31 22:09:58.765639,20260531
MEXC,AERO_USDT,AERO,USDT,USDT,100.0,4.0,0.0001,2026-05-31 22:09:58.765639,20260531
MEXC,LUMIA_USDT,LUMIA,USDT,USDT,100.0,4.0,1e-05,2026-05-31 22:09:58.765639,20260531
MEXC,SOL_USDC,SOL,USDC,USDC,200.0,8.0,0.01,2026-05-31 22:09:58.765639,20260531
MEXC,SNDKSTOCK_USDT,SNDKSTOCK,USDT,USDT,50.0,8.0,0.01,2026-05-31 22:09:58.765639,20260531
MEXC,POPCAT_USDT,POPCAT,USDT,USDT,200.0,4.0,1e-05,2026-05-31 22:09:58.765639,20260531
MEXC,FOLKS_USDT,FOLKS,USDT,USDT,100.0,4.0,0.001,2026-05-31 22:09:58.765639,20260531
MEXC,PIEVERSE_USDT,PIEVERSE,USDT,USDT,20.0,4.0,0.0001,2026-05-31 22:09:58.765639,20260531
MEXC,VIC_USDT,VIC,USDT,USDT,100.0,4.0,1e-05,2026-05-31 22:09:58.765639,20260531
MEXC,EDGE_USDT,EDGE,USDT,USDT,50.0,4.0,0.0001,2026-05-31 22:09:58.765639,20260531
MEXC,WOTAMALAILE_USDT,WOTAMALAILE,USDT,USDT,20.0,4.0,1e-05,2026-05-31 22:09:58.765639,20260531
MEXC,BROCCOLI_USDT,BROCCOLI,USDT,USDT,20.0,4.0,1e-05,2026-05-31 22:09:58.765639,20260531
MEXC,PIXEL_USDT,PIXEL,USDT,USDT,20.0,4.0,1e-06,2026-05-31 22:09:58.765639,20260531
MEXC,LINEA_USDT,LINEA,USDT,USDT,100.0,4.0,1e-06,2026-05-31 22:09:58.765639,20260531
MEXC,MONAD_USDT,MONAD,USDT,USDT,50.0,4.0,1e-05,2026-05-31 22:09:58.765639,20260531
MEXC,BIO_USDT,BIO,USDT,USDT,20.0,4.0,1e-05,2026-05-31 22:09:58.765639,20260531
MEXC,SOONNETWORK_USDT,SOONNETWORK,USDT,USDT,20.0,4.0,0.0001,2026-05-31 22:09:58.765639,20260531
MEXC,APLDSTOCK_USDT,APLDSTOCK,USDT,USDT,20.0,8.0,0.01,2026-05-31 22:09:58.765639,20260531
MEXC,COTI_USDT,COTI,USDT,USDT,100.0,8.0,1e-05,2026-05-31 22:09:58.765639,20260531
MEXC,XDC_USDT,XDC,USDT,USDT,100.0,4.0,1e-05,2026-05-31 22:09:58.765639,20260531
MEXC,RUNE_USDT,RUNE,USDT,USDT,125.0,8.0,0.0001,2026-05-31 22:09:58.765639,20260531
MEXC,TAC_USDT,TAC,USDT,USDT,50.0,4.0,1e-06,2026-05-31 22:09:58.765639,20260531
MEXC,Q_USDT,Q,USDT,USDT,50.0,4.0,1e-06,2026-05-31 22:09:58.765639,20260531
MEXC,NOCK_USDT,NOCK,USDT,USDT,20.0,4.0,1e-05,2026-05-31 22:09:58.765639,20260531
MEXC,CLANKER_USDT,CLANKER,USDT,USDT,50.0,4.0,0.01,2026-05-31 22:09:58.765639,20260531
MEXC,NBISSTOCK_USDT,NBISSTOCK,USDT,USDT,100.0,8.0,0.01,2026-05-31 22:09:58.765639,20260531
MEXC,CHILLGUY_USDT,CHILLGUY,USDT,USDT,100.0,4.0,1e-05,2026-05-31 22:09:58.765639,20260531
MEXC,MUBARAK_USDT,MUBARAK,USDT,USDT,50.0,4.0,1e-05,2026-05-31 22:09:58.765639,20260531
MEXC,ETH_USDC,ETH,USDC,USDC,200.0,8.0,0.01,2026-05-31 22:09:58.765639,20260531
MEXC,QNTSTOCK_USDT,QNTSTOCK,USDT,USDT,20.0,8.0,0.01,2026-05-31 22:09:58.765639,20260531
MEXC,JST_USDT,JST,USDT,USDT,50.0,4.0,1e-05,2026-05-31 22:09:58.765639,20260531
MEXC,VELVET_USDT,VELVET,USDT,USDT,50.0,4.0,1e-05,2026-05-31 22:09:58.766637,20260531
MEXC,XAN_USDT,XAN,USDT,USDT,50.0,4.0,1e-06,2026-05-31 22:09:58.766637,20260531
MEXC,ZBT_USDT,ZBT,USDT,USDT,100.0,4.0,0.0001,2026-05-31 22:09:58.766637,20260531
MEXC,RDWSTOCK_USDT,RDWSTOCK,USDT,USDT,50.0,8.0,0.01,2026-05-31 22:09:58.766637,20260531
MEXC,SAPIEN_USDT,SAPIEN,USDT,USDT,50.0,4.0,1e-05,2026-05-31 22:09:58.766637,20260531
MEXC,VRTSTOCK_USDT,VRTSTOCK,USDT,USDT,50.0,8.0,0.01,2026-05-31 22:09:58.766637,20260531
MEXC,IRYS_USDT,IRYS,USDT,USDT,20.0,4.0,1e-05,2026-05-31 22:09:58.766637,20260531
MEXC,MOODENG_USDT,MOODENG,USDT,USDT,50.0,4.0,1e-05,2026-05-31 22:09:58.766637,20260531
MEXC,ZBCN_USDT,ZBCN,USDT,USDT,50.0,8.0,1e-07,2026-05-31 22:09:58.766637,20260531
MEXC,AIOT_USDT,AIOT,USDT,USDT,50.0,4.0,1e-05,2026-05-31 22:09:58.766637,20260531
MEXC,HYPER_USDT,HYPER,USDT,USDT,20.0,4.0,1e-05,2026-05-31 22:09:58.766637,20260531
MEXC,KAITO_USDT,KAITO,USDT,USDT,50.0,4.0,0.0001,2026-05-31 22:09:58.766637,20260531
MEXC,PANWSTOCK_USDT,PANWSTOCK,USDT,USDT,50.0,8.0,0.01,2026-05-31 22:09:58.766637,20260531
MEXC,RAY_USDT,RAY,USDT,USDT,100.0,8.0,0.0001,2026-05-31 22:09:58.766637,20260531
MEXC,FIGHT_USDT,FIGHT,USDT,USDT,20.0,4.0,1e-06,2026-05-31 22:09:58.766637,20260531
MEXC,ENS_USDT,ENS,USDT,USDT,75.0,8.0,0.001,2026-05-31 22:09:58.766637,20260531
MEXC,AEVO_USDT,AEVO,USDT,USDT,75.0,4.0,1e-05,2026-05-31 22:09:58.766637,20260531
MEXC,SYRUP_USDT,SYRUP,USDT,USDT,100.0,4.0,0.0001,2026-05-31 22:09:58.766637,20260531
MEXC,D_USDT,D,USDT,USDT,20.0,4.0,1e-06,2026-05-31 22:09:58.766637,20260531
MEXC,OPENAI_USDT,OPENAI,USDT,USDT,20.0,8.0,0.1,2026-05-31 22:09:58.766637,20260531
MEXC,XPIN_USDT,XPIN,USDT,USDT,100.0,4.0,1e-06,2026-05-31 22:09:58.766637,20260531
MEXC,LIGHT_USDT,LIGHT,USDT,USDT,50.0,4.0,0.0001,2026-05-31 22:09:58.766637,20260531
MEXC,MEZO_USDT,MEZO,USDT,USDT,20.0,4.0,1e-05,2026-05-31 22:09:58.766637,20260531
MEXC,CFX_USDT,CFX,USDT,USDT,125.0,8.0,1e-05,2026-05-31 22:09:58.766637,20260531
MEXC,TRB_USDT,TRB,USDT,USDT,125.0,4.0,0.001,2026-05-31 22:09:58.766637,20260531
MEXC,LPT_USDT,LPT,USDT,USDT,50.0,4.0,0.001,2026-05-31 22:09:58.766637,20260531
MEXC,W_USDT,W,USDT,USDT,50.0,4.0,1e-05,2026-05-31 22:09:58.766637,20260531
MEXC,SXT_USDT,SXT,USDT,USDT,50.0,4.0,1e-05,2026-05-31 22:09:58.766637,20260531
MEXC,THETA_USDT,THETA,USDT,USDT,100.0,8.0,0.0001,2026-05-31 22:09:58.766637,20260531
MEXC,GMT_USDT,GMT,USDT,USDT,20.0,4.0,1e-05,2026-05-31 22:09:58.766637,20260531
MEXC,AIXBT_USDT,AIXBT,USDT,USDT,100.0,4.0,1e-05,2026-05-31 22:09:58.766637,20260531
MEXC,SKY_USDT,SKY,USDT,USDT,100.0,4.0,1e-05,2026-05-31 22:09:58.766637,20260531
MEXC,GWEI_USDT,GWEI,USDT,USDT,50.0,4.0,1e-05,2026-05-31 22:09:58.766637,20260531
MEXC,BAND_USDT,BAND,USDT,USDT,100.0,8.0,0.0001,2026-05-31 22:09:58.766637,20260531
MEXC,ZKSYNC_USDT,ZKSYNC,USDT,USDT,50.0,4.0,1e-05,2026-05-31 22:09:58.766637,20260531
MEXC,AGT_USDT,AGT,USDT,USDT,100.0,4.0,1e-06,2026-05-31 22:09:58.766637,20260531
MEXC,PLTRSTOCK_USDT,PLTRSTOCK,USDT,USDT,100.0,8.0,0.01,2026-05-31 22:09:58.766637,20260531
MEXC,AVICI_USDT,AVICI,USDT,USDT,20.0,4.0,0.0001,2026-05-31 22:09:58.766637,20260531
MEXC,TWT_USDT,TWT,USDT,USDT,125.0,4.0,0.0001,2026-05-31 22:09:58.766637,20260531
MEXC,XAI_USDT,XAI,USDT,USDT,50.0,4.0,1e-05,2026-05-31 22:09:58.766637,20260531
MEXC,RIF_USDT,RIF,USDT,USDT,200.0,4.0,1e-05,2026-05-31 22:09:58.766637,20260531
MEXC,IP_USDT,IP,USDT,USDT,50.0,4.0,0.0001,2026-05-31 22:09:58.766637,20260531
MEXC,C_USDT,C,USDT,USDT,50.0,4.0,1e-05,2026-05-31 22:09:58.766637,20260531
MEXC,BARD_USDT,BARD,USDT,USDT,50.0,4.0,0.0001,2026-05-31 22:09:58.766637,20260531
MEXC,AAOISTOCK_USDT,AAOISTOCK,USDT,USDT,50.0,8.0,0.01,2026-05-31 22:09:58.766637,20260531
MEXC,COMP_USDT,COMP,USDT,USDT,20.0,8.0,0.01,2026-05-31 22:09:58.766637,20260531
MEXC,MANTA_USDT,MANTA,USDT,USDT,50.0,4.0,1e-05,2026-05-31 22:09:58.766637,20260531
MEXC,YB_USDT,YB,USDT,USDT,50.0,4.0,0.0001,2026-05-31 22:09:58.766637,20260531
MEXC,BOBA_USDT,BOBA,USDT,USDT,20.0,8.0,1e-05,2026-05-31 22:09:58.766637,20260531
MEXC,RON_USDT,RON,USDT,USDT,50.0,4.0,0.0001,2026-05-31 22:09:58.766637,20260531
MEXC,B2_USDT,B2,USDT,USDT,100.0,4.0,0.0001,2026-05-31 22:09:58.766637,20260531
MEXC,ORCLSTOCK_USDT,ORCLSTOCK,USDT,USDT,100.0,8.0,0.01,2026-05-31 22:09:58.766637,20260531
MEXC,BLAST_USDT,BLAST,USDT,USDT,50.0,8.0,1e-07,2026-05-31 22:09:58.766637,20260531
MEXC,BANANAS31_USDT,BANANAS31,USDT,USDT,100.0,4.0,1e-06,2026-05-31 22:09:58.766637,20260531
MEXC,NXPC_USDT,NXPC,USDT,USDT,100.0,4.0,0.0001,2026-05-31 22:09:58.766637,20260531
MEXC,ANTHROPIC_USDT,ANTHROPIC,USDT,USDT,20.0,8.0,0.1,2026-05-31 22:09:58.766637,20260531
MEXC,TURBO_USDT,TURBO,USDT,USDT,20.0,4.0,1e-06,2026-05-31 22:09:58.766637,20260531
MEXC,TRUTH_USDT,TRUTH,USDT,USDT,20.0,4.0,1e-06,2026-05-31 22:09:58.766637,20260531
MEXC,CC_USDT,CC,USDT,USDT,100.0,4.0,1e-05,2026-05-31 22:09:58.766637,20260531
MEXC,NOWSTOCK_USDT,NOWSTOCK,USDT,USDT,100.0,8.0,0.01,2026-05-31 22:09:58.766637,20260531
MEXC,SNX_USDT,SNX,USDT,USDT,100.0,8.0,0.0001,2026-05-31 22:09:58.766637,20260531
MEXC,ACH_USDT,ACH,USDT,USDT,125.0,8.0,1e-06,2026-05-31 22:09:58.766637,20260531
MEXC,BNB_USDC,BNB,USDC,USDC,125.0,8.0,0.01,2026-05-31 22:09:58.766637,20260531
MEXC,FF_USDT,FF,USDT,USDT,50.0,4.0,1e-05,2026-05-31 22:09:58.766637,20260531
MEXC,WCT_USDT,WCT,USDT,USDT,50.0,4.0,1e-05,2026-05-31 22:09:58.766637,20260531
MEXC,XVG_USDT,XVG,USDT,USDT,50.0,8.0,1e-06,2026-05-31 22:09:58.766637,20260531
MEXC,MOVR_USDT,MOVR,USDT,USDT,20.0,4.0,0.001,2026-05-31 22:09:58.766637,20260531
MEXC,ZETA_USDT,ZETA,USDT,USDT,50.0,4.0,1e-05,2026-05-31 22:09:58.766637,20260531
MEXC,MIRA_USDT,MIRA,USDT,USDT,20.0,4.0,0.0001,2026-05-31 22:09:58.766637,20260531
MEXC,ONT_USDT,ONT,USDT,USDT,50.0,4.0,0.0001,2026-05-31 22:09:58.766637,20260531
MEXC,RSR_USDT,RSR,USDT,USDT,75.0,8.0,1e-06,2026-05-31 22:09:58.766637,20260531
MEXC,ARK_USDT,ARK,USDT,USDT,20.0,4.0,0.0001,2026-05-31 22:09:58.766637,20260531
MEXC,LISTA_USDT,LISTA,USDT,USDT,100.0,4.0,0.0001,2026-05-31 22:09:58.766637,20260531
MEXC,XPT_USDT,XPT,USDT,USDT,100.0,4.0,0.01,2026-05-31 22:09:58.766637,20260531
MEXC,ZRX_USDT,ZRX,USDT,USDT,50.0,4.0,0.0001,2026-05-31 22:09:58.766637,20260531
MEXC,EGLD_USDT,EGLD,USDT,USDT,125.0,8.0,0.001,2026-05-31 22:09:58.766637,20260531
MEXC,BERA_USDT,BERA,USDT,USDT,20.0,4.0,0.0001,2026-05-31 22:09:58.766637,20260531
MEXC,ROBINHOOD_USDT,ROBINHOOD,USDT,USDT,100.0,8.0,0.01,2026-05-31 22:09:58.766637,20260531
MEXC,POD_USDT,POD,USDT,USDT,20.0,4.0,0.0001,2026-05-31 22:09:58.766637,20260531
MEXC,CVC_USDT,CVC,USDT,USDT,50.0,4.0,1e-05,2026-05-31 22:09:58.766637,20260531
MEXC,IOTX_USDT,IOTX,USDT,USDT,125.0,8.0,1e-05,2026-05-31 22:09:58.766637,20260531
MEXC,XVS_USDT,XVS,USDT,USDT,50.0,8.0,0.001,2026-05-31 22:09:58.766637,20260531
MEXC,GOAT_USDT,GOAT,USDT,USDT,200.0,4.0,1e-05,2026-05-31 22:09:58.766637,20260531
MEXC,TST_USDT,TST,USDT,USDT,50.0,4.0,1e-05,2026-05-31 22:09:58.766637,20260531
MEXC,TRIA_USDT,TRIA,USDT,USDT,50.0,4.0,1e-05,2026-05-31 22:09:58.766637,20260531
MEXC,LQTY_USDT,LQTY,USDT,USDT,200.0,8.0,0.0001,2026-05-31 22:09:58.766637,20260531
MEXC,ORCA_USDT,ORCA,USDT,USDT,20.0,4.0,0.001,2026-05-31 22:09:58.766637,20260531
MEXC,HMSTR_USDT,HMSTR,USDT,USDT,50.0,4.0,1e-07,2026-05-31 22:09:58.766637,20260531
MEXC,MANA_USDT,MANA,USDT,USDT,200.0,8.0,0.0001,2026-05-31 22:09:58.766637,20260531
MEXC,VELO_USDT,VELO,USDT,USDT,100.0,8.0,1e-06,2026-05-31 22:09:58.766637,20260531
MEXC,MSTRSTOCK_USDT,MSTRSTOCK,USDT,USDT,100.0,8.0,0.01,2026-05-31 22:09:58.766637,20260531
MEXC,H_USDC,H,USDC,USDC,50.0,4.0,1e-05,2026-05-31 22:09:58.766637,20260531
MEXC,BLUAI_USDT,BLUAI,USDT,USDT,50.0,4.0,1e-06,2026-05-31 22:09:58.766637,20260531
MEXC,AZTEC_USDT,AZTEC,USDT,USDT,20.0,4.0,1e-05,2026-05-31 22:09:58.766637,20260531
MEXC,XLM_USDC,XLM,USDC,USDC,125.0,8.0,1e-05,2026-05-31 22:09:58.766637,20260531
MEXC,NEWT_USDT,NEWT,USDT,USDT,50.0,4.0,0.0001,2026-05-31 22:09:58.766637,20260531
MEXC,EUL_USDT,EUL,USDT,USDT,75.0,4.0,0.001,2026-05-31 22:09:58.766637,20260531
MEXC,NOKSTOCK_USDT,NOKSTOCK,USDT,USDT,50.0,8.0,0.001,2026-05-31 22:09:58.766637,20260531
MEXC,BB_USDT,BB,USDT,USDT,100.0,4.0,1e-05,2026-05-31 22:09:58.766637,20260531
MEXC,PROMPT_USDT,PROMPT,USDT,USDT,20.0,4.0,1e-05,2026-05-31 22:09:58.766637,20260531
MEXC,OPN_USDT,OPN,USDT,USDT,50.0,4.0,0.0001,2026-05-31 22:09:58.766637,20260531
MEXC,ZIG_USDT,ZIG,USDT,USDT,20.0,4.0,1e-05,2026-05-31 22:09:58.766637,20260531
MEXC,CELR_USDT,CELR,USDT,USDT,125.0,8.0,1e-06,2026-05-31 22:09:58.766637,20260531
MEXC,ATH_USDT,ATH,USDT,USDT,50.0,4.0,1e-06,2026-05-31 22:09:58.766637,20260531
MEXC,F_USDT,F,USDT,USDT,50.0,4.0,1e-06,2026-05-31 22:09:58.766637,20260531
MEXC,FLOCK_USDT,FLOCK,USDT,USDT,100.0,4.0,1e-05,2026-05-31 22:09:58.766637,20260531
MEXC,STO_USDT,STO,USDT,USDT,50.0,4.0,1e-05,2026-05-31 22:09:58.766637,20260531
MEXC,DRAM_USDT,DRAM,USDT,USDT,20.0,8.0,0.01,2026-05-31 22:09:58.766637,20260531
MEXC,MERL_USDT,MERL,USDT,USDT,100.0,4.0,1e-05,2026-05-31 22:09:58.766637,20260531
MEXC,CFG_USDT,CFG,USDT,USDT,20.0,4.0,0.0001,2026-05-31 22:09:58.766637,20260531
MEXC,XRP_USDC,XRP,USDC,USDC,125.0,8.0,0.0001,2026-05-31 22:09:58.766637,20260531
MEXC,PARTI_USDT,PARTI,USDT,USDT,50.0,4.0,1e-05,2026-05-31 22:09:58.766637,20260531
MEXC,BTX_USDT,BTX,USDT,USDT,20.0,4.0,1e-05,2026-05-31 22:09:58.766637,20260531
MEXC,JPMSTOCK_USDT,JPMSTOCK,USDT,USDT,100.0,8.0,0.01,2026-05-31 22:09:58.766637,20260531
MEXC,BIRB_USDT,BIRB,USDT,USDT,50.0,4.0,0.0001,2026-05-31 22:09:58.766637,20260531
MEXC,PNUT_USDT,PNUT,USDT,USDT,100.0,4.0,1e-05,2026-05-31 22:09:58.766637,20260531
MEXC,AIN_USDT,AIN,USDT,USDT,100.0,4.0,1e-05,2026-05-31 22:09:58.766637,20260531
MEXC,OPENLEDGER_USDT,OPENLEDGER,USDT,USDT,100.0,4.0,0.0001,2026-05-31 22:09:58.766637,20260531
MEXC,CYS_USDT,CYS,USDT,USDT,50.0,4.0,0.0001,2026-05-31 22:09:58.766637,20260531
MEXC,EWY_USDT,EWY,USDT,USDT,20.0,8.0,0.01,2026-05-31 22:09:58.766637,20260531
MEXC,LUNANEW_USDT,LUNANEW,USDT,USDT,20.0,4.0,1e-05,2026-05-31 22:09:58.766637,20260531
MEXC,DYM_USDT,DYM,USDT,USDT,20.0,4.0,1e-05,2026-05-31 22:09:58.766637,20260531
MEXC,NEIROCTO_USDT,NEIROCTO,USDT,USDT,200.0,4.0,1e-08,2026-05-31 22:09:58.766637,20260531
MEXC,AAPLSTOCK_USDT,AAPLSTOCK,USDT,USDT,100.0,8.0,0.01,2026-05-31 22:09:58.766637,20260531
MEXC,AVGOSTOCK_USDT,AVGOSTOCK,USDT,USDT,100.0,8.0,0.01,2026-05-31 22:09:58.766637,20260531
MEXC,GMX_USDT,GMX,USDT,USDT,125.0,8.0,0.001,2026-05-31 22:09:58.766637,20260531
MEXC,BLUR_USDT,BLUR,USDT,USDT,20.0,4.0,1e-05,2026-05-31 22:09:58.766637,20260531
MEXC,MOVE_USDT,MOVE,USDT,USDT,20.0,4.0,1e-05,2026-05-31 22:09:58.766637,20260531
MEXC,TLM_USDT,TLM,USDT,USDT,20.0,4.0,1e-06,2026-05-31 22:09:58.766637,20260531
MEXC,TOSHI_USDT,TOSHI,USDT,USDT,50.0,4.0,1e-07,2026-05-31 22:09:58.766637,20260531
MEXC,ACX_USDT,ACX,USDT,USDT,50.0,4.0,1e-05,2026-05-31 22:09:58.766637,20260531
MEXC,HUMA_USDT,HUMA,USDT,USDT,50.0,4.0,1e-05,2026-05-31 22:09:58.766637,20260531
MEXC,RESOLV_USDT,RESOLV,USDT,USDT,100.0,4.0,1e-05,2026-05-31 22:09:58.766637,20260531
MEXC,MET_USDT,MET,USDT,USDT,20.0,4.0,0.0001,2026-05-31 22:09:58.766637,20260531
MEXC,ASTSSTOCK_USDT,ASTSSTOCK,USDT,USDT,100.0,8.0,0.01,2026-05-31 22:09:58.766637,20260531
MEXC,DUSK_USDT,DUSK,USDT,USDT,20.0,4.0,1e-05,2026-05-31 22:09:58.766637,20260531
MEXC,AMP_USDT,AMP,USDT,USDT,50.0,4.0,1e-06,2026-05-31 22:09:58.766637,20260531
MEXC,CRCLSTOCK_USDT,CRCLSTOCK,USDT,USDT,100.0,8.0,0.01,2026-05-31 22:09:58.766637,20260531
MEXC,ON_USDT,ON,USDT,USDT,50.0,4.0,1e-05,2026-05-31 22:09:58.766637,20260531
MEXC,CRWVSTOCK_USDT,CRWVSTOCK,USDT,USDT,100.0,8.0,0.01,2026-05-31 22:09:58.766637,20260531
MEXC,OFC_USDT,OFC,USDT,USDT,50.0,4.0,1e-05,2026-05-31 22:09:58.766637,20260531
MEXC,ONE_USDT,ONE,USDT,USDT,125.0,8.0,1e-06,2026-05-31 22:09:58.766637,20260531
MEXC,USTC_USDT,USTC,USDT,USDT,100.0,4.0,1e-06,2026-05-31 22:09:58.766637,20260531
MEXC,TRAC_USDT,TRAC,USDT,USDT,20.0,4.0,0.0001,2026-05-31 22:09:58.766637,20260531
MEXC,WHITEWHALE_USDT,WHITEWHALE,USDT,USDT,50.0,4.0,1e-06,2026-05-31 22:09:58.766637,20260531
MEXC,STORJ_USDT,STORJ,USDT,USDT,20.0,4.0,0.0001,2026-05-31 22:09:58.766637,20260531
MEXC,BABY_USDT,BABY,USDT,USDT,20.0,4.0,1e-05,2026-05-31 22:09:58.766637,20260531
MEXC,KOMA_USDT,KOMA,USDT,USDT,100.0,4.0,1e-06,2026-05-31 22:09:58.766637,20260531
MEXC,LAYER_USDT,LAYER,USDT,USDT,20.0,4.0,0.0001,2026-05-31 22:09:58.766637,20260531
MEXC,AIO_USDT,AIO,USDT,USDT,50.0,4.0,1e-05,2026-05-31 22:09:58.766637,20260531
MEXC,RKLBSTOCK_USDT,RKLBSTOCK,USDT,USDT,100.0,8.0,0.01,2026-05-31 22:09:58.766637,20260531
MEXC,ST_USDT,ST,USDT,USDT,20.0,4.0,1e-05,2026-05-31 22:09:58.766637,20260531
MEXC,RLC_USDT,RLC,USDT,USDT,125.0,8.0,0.0001,2026-05-31 22:09:58.766637,20260531
MEXC,APEX_USDT,APEX,USDT,USDT,50.0,4.0,0.0001,2026-05-31 22:09:58.766637,20260531
MEXC,GRIFFAIN_USDT,GRIFFAIN,USDT,USDT,100.0,4.0,1e-05,2026-05-31 22:09:58.766637,20260531
MEXC,BR_USDT,BR,USDT,USDT,100.0,4.0,1e-05,2026-05-31 22:09:58.766637,20260531
MEXC,UBERSTOCK_USDT,UBERSTOCK,USDT,USDT,50.0,8.0,0.01,2026-05-31 22:09:58.766637,20260531
MEXC,BROCCOLIF3B_USDT,BROCCOLIF3B,USDT,USDT,100.0,4.0,1e-06,2026-05-31 22:09:58.766637,20260531
MEXC,GOOGLSTOCK_USDT,GOOGLSTOCK,USDT,USDT,100.0,8.0,0.01,2026-05-31 22:09:58.766637,20260531
MEXC,HANA_USDT,HANA,USDT,USDT,100.0,4.0,1e-05,2026-05-31 22:09:58.766637,20260531
MEXC,ASTEROID1_USDT,ASTEROID1,USDT,USDT,20.0,4.0,1e-06,2026-05-31 22:09:58.766637,20260531
MEXC,ETHW_USDT,ETHW,USDT,USDT,100.0,4.0,0.0001,2026-05-31 22:09:58.766637,20260531
MEXC,POWR_USDT,POWR,USDT,USDT,125.0,4.0,1e-05,2026-05-31 22:09:58.766637,20260531
MEXC,DOLO_USDT,DOLO,USDT,USDT,20.0,4.0,1e-05,2026-05-31 22:09:58.766637,20260531
MEXC,XNY_USDT,XNY,USDT,USDT,100.0,4.0,1e-06,2026-05-31 22:09:58.766637,20260531
MEXC,COLLECT_USDT,COLLECT,USDT,USDT,50.0,4.0,1e-05,2026-05-31 22:09:58.766637,20260531
MEXC,ROBO_USDT,ROBO,USDT,USDT,50.0,4.0,1e-05,2026-05-31 22:09:58.766637,20260531
MEXC,YFI_USDT,YFI,USDT,USDT,75.0,8.0,1.0,2026-05-31 22:09:58.766637,20260531
MEXC,SUN_USDT,SUN,USDT,USDT,125.0,4.0,1e-06,2026-05-31 22:09:58.766637,20260531
MEXC,CTSI_USDT,CTSI,USDT,USDT,50.0,8.0,1e-05,2026-05-31 22:09:58.766637,20260531
MEXC,SUPER_USDT,SUPER,USDT,USDT,20.0,4.0,0.0001,2026-05-31 22:09:58.766637,20260531
MEXC,1000RATS_USDT,1000RATS,USDT,USDT,125.0,4.0,1e-05,2026-05-31 22:09:58.766637,20260531
MEXC,REZ_USDT,REZ,USDT,USDT,50.0,4.0,1e-06,2026-05-31 22:09:58.766637,20260531
MEXC,COS_USDT,COS,USDT,USDT,20.0,4.0,1e-06,2026-05-31 22:09:58.766637,20260531
MEXC,GIGA_USDT,GIGA,USDT,USDT,20.0,4.0,1e-06,2026-05-31 22:09:58.766637,20260531
MEXC,PROVE_USDT,PROVE,USDT,USDT,20.0,4.0,0.0001,2026-05-31 22:09:58.766637,20260531
MEXC,2Z_USDT,2Z,USDT,USDT,50.0,4.0,1e-05,2026-05-31 22:09:58.766637,20260531
MEXC,FLOW_USDT,FLOW,USDT,USDT,50.0,4.0,1e-05,2026-05-31 22:09:58.766637,20260531
MEXC,API3_USDT,API3,USDT,USDT,50.0,4.0,0.0001,2026-05-31 22:09:58.766637,20260531
MEXC,SSV_USDT,SSV,USDT,USDT,50.0,8.0,0.001,2026-05-31 22:09:58.766637,20260531
MEXC,GPS_USDT,GPS,USDT,USDT,100.0,4.0,1e-06,2026-05-31 22:09:58.766637,20260531
MEXC,PEOPLE_USDT,PEOPLE,USDT,USDT,200.0,8.0,1e-06,2026-05-31 22:09:58.766637,20260531
MEXC,SYN_USDT,SYN,USDT,USDT,50.0,4.0,1e-05,2026-05-31 22:09:58.766637,20260531
MEXC,ULTIMA_USDT,ULTIMA,USDT,USDT,50.0,4.0,1.0,2026-05-31 22:09:58.766637,20260531
MEXC,XPD_USDT,XPD,USDT,USDT,100.0,4.0,0.01,2026-05-31 22:09:58.766637,20260531
MEXC,NEO_USDT,NEO,USDT,USDT,50.0,8.0,0.001,2026-05-31 22:09:58.766637,20260531
MEXC,1INCH_USDT,1INCH,USDT,USDT,200.0,8.0,0.0001,2026-05-31 22:09:58.766637,20260531
MEXC,BIGTIME_USDT,BIGTIME,USDT,USDT,125.0,4.0,1e-05,2026-05-31 22:09:58.766637,20260531
MEXC,IKA_USDT,IKA,USDT,USDT,50.0,4.0,1e-06,2026-05-31 22:09:58.766637,20260531
MEXC,MITO_USDT,MITO,USDT,USDT,20.0,4.0,1e-05,2026-05-31 22:09:58.766637,20260531
MEXC,KAT_USDT,KAT,USDT,USDT,20.0,4.0,1e-05,2026-05-31 22:09:58.766637,20260531
MEXC,ONDSSTOCK_USDT,ONDSSTOCK,USDT,USDT,50.0,8.0,0.01,2026-05-31 22:09:58.766637,20260531
MEXC,USDC_USDT,USDC,USDT,USDT,200.0,8.0,1e-05,2026-05-31 22:09:58.766637,20260531
MEXC,AIOZ_USDT,AIOZ,USDT,USDT,50.0,8.0,1e-05,2026-05-31 22:09:58.766637,20260531
MEXC,CHEEMS_USDT,CHEEMS,USDT,USDT,50.0,4.0,1e-10,2026-05-31 22:09:58.766637,20260531
MEXC,AKE_USDT,AKE,USDT,USDT,20.0,4.0,1e-07,2026-05-31 22:09:58.766637,20260531
MEXC,QQQSTOCK_USDT,QQQSTOCK,USDT,USDT,100.0,8.0,0.01,2026-05-31 22:09:58.766637,20260531
MEXC,SUSHI_USDT,SUSHI,USDT,USDT,75.0,8.0,0.0001,2026-05-31 22:09:58.766637,20260531
MEXC,MAVIA_USDT,MAVIA,USDT,USDT,100.0,4.0,1e-05,2026-05-31 22:09:58.766637,20260531
MEXC,USUAL_USDT,USUAL,USDT,USDT,100.0,4.0,1e-05,2026-05-31 22:09:58.766637,20260531
MEXC,MELANIA_USDT,MELANIA,USDT,USDT,100.0,4.0,0.0001,2026-05-31 22:09:58.766637,20260531
MEXC,KGEN_USDT,KGEN,USDT,USDT,50.0,4.0,0.0001,2026-05-31 22:09:58.766637,20260531
MEXC,BTC_USD1,BTC,USD1,USD1,100.0,8.0,0.1,2026-05-31 22:09:58.766637,20260531
MEXC,ASTEROIDSOL_USDT,ASTEROIDSOL,USDT,USDT,20.0,4.0,1e-05,2026-05-31 22:09:58.766637,20260531
MEXC,JOE_USDT,JOE,USDT,USDT,50.0,8.0,1e-05,2026-05-31 22:09:58.766637,20260531
MEXC,ALEO_USDT,ALEO,USDT,USDT,100.0,8.0,1e-05,2026-05-31 22:09:58.766637,20260531
MEXC,PYR_USDT,PYR,USDT,USDT,20.0,8.0,0.0001,2026-05-31 22:09:58.766637,20260531
MEXC,DEEP_USDT,DEEP,USDT,USDT,100.0,4.0,1e-05,2026-05-31 22:09:58.766637,20260531
MEXC,ALCH_USDT,ALCH,USDT,USDT,100.0,4.0,1e-05,2026-05-31 22:09:58.766637,20260531
MEXC,SOLV_USDT,SOLV,USDT,USDT,100.0,4.0,1e-06,2026-05-31 22:09:58.766637,20260531
MEXC,TUT_USDT,TUT,USDT,USDT,100.0,4.0,1e-05,2026-05-31 22:09:58.766637,20260531
MEXC,ZEC_USDC,ZEC,USDC,USDC,75.0,4.0,0.01,2026-05-31 22:09:58.766637,20260531
MEXC,SATS_USDT,SATS,USDT,USDT,100.0,8.0,1e-11,2026-05-31 22:09:58.766637,20260531
MEXC,TNSR_USDT,TNSR,USDT,USDT,50.0,4.0,1e-05,2026-05-31 22:09:58.766637,20260531
MEXC,THE_USDT,THE,USDT,USDT,100.0,4.0,0.0001,2026-05-31 22:09:58.766637,20260531
MEXC,COINBASE_USDT,COINBASE,USDT,USDT,100.0,8.0,0.01,2026-05-31 22:09:58.766637,20260531
MEXC,CHR_USDT,CHR,USDT,USDT,100.0,8.0,1e-05,2026-05-31 22:09:58.766637,20260531
MEXC,OG_USDT,OG,USDT,USDT,50.0,4.0,0.001,2026-05-31 22:09:58.766637,20260531
MEXC,CETUS_USDT,CETUS,USDT,USDT,100.0,4.0,1e-05,2026-05-31 22:09:58.766637,20260531
MEXC,ONG_USDT,ONG,USDT,USDT,20.0,4.0,1e-05,2026-05-31 22:09:58.766637,20260531
MEXC,DSYNC_USDT,DSYNC,USDT,USDT,50.0,4.0,1e-05,2026-05-31 22:09:58.766637,20260531
MEXC,TAG_USDT,TAG,USDT,USDT,100.0,4.0,1e-07,2026-05-31 22:09:58.766637,20260531
MEXC,GLWSTOCK_USDT,GLWSTOCK,USDT,USDT,20.0,8.0,0.1,2026-05-31 22:09:58.766637,20260531
MEXC,MTL_USDT,MTL,USDT,USDT,20.0,8.0,0.0001,2026-05-31 22:09:58.766637,20260531
MEXC,PROM_USDT,PROM,USDT,USDT,50.0,4.0,0.001,2026-05-31 22:09:58.766637,20260531
MEXC,LSK_USDT,LSK,USDT,USDT,100.0,4.0,0.0001,2026-05-31 22:09:58.767635,20260531
MEXC,HOLO_USDT,HOLO,USDT,USDT,50.0,4.0,1e-05,2026-05-31 22:09:58.767635,20260531
MEXC,INX_USDT,INX,USDT,USDT,50.0,4.0,1e-05,2026-05-31 22:09:58.767635,20260531
MEXC,BLEND_USDT,BLEND,USDT,USDT,50.0,4.0,1e-05,2026-05-31 22:09:58.767635,20260531
MEXC,ZIL_USDT,ZIL,USDT,USDT,125.0,4.0,1e-05,2026-05-31 22:09:58.767635,20260531
MEXC,C98_USDT,C98,USDT,USDT,100.0,8.0,1e-05,2026-05-31 22:09:58.767635,20260531
MEXC,FLR_USDT,FLR,USDT,USDT,20.0,8.0,1e-05,2026-05-31 22:09:58.767635,20260531
MEXC,CKB_USDT,CKB,USDT,USDT,125.0,8.0,1e-06,2026-05-31 22:09:58.767635,20260531
MEXC,XCN_USDT,XCN,USDT,USDT,20.0,4.0,1e-06,2026-05-31 22:09:58.767635,20260531
MEXC,ERA_USDT,ERA,USDT,USDT,20.0,4.0,0.0001,2026-05-31 22:09:58.767635,20260531
MEXC,QTUM_USDT,QTUM,USDT,USDT,50.0,8.0,0.001,2026-05-31 22:09:58.767635,20260531
MEXC,KSM_USDT,KSM,USDT,USDT,20.0,8.0,0.001,2026-05-31 22:09:58.767635,20260531
MEXC,CELO_USDT,CELO,USDT,USDT,50.0,8.0,0.0001,2026-05-31 22:09:58.767635,20260531
MEXC,FLUX_USDT,FLUX,USDT,USDT,100.0,4.0,1e-05,2026-05-31 22:09:58.767635,20260531
MEXC,NMR_USDT,NMR,USDT,USDT,50.0,4.0,0.001,2026-05-31 22:09:58.767635,20260531
MEXC,SQD_USDT,SQD,USDT,USDT,50.0,4.0,1e-05,2026-05-31 22:09:58.767635,20260531
MEXC,BTR_USDT,BTR,USDT,USDT,20.0,4.0,1e-05,2026-05-31 22:09:58.767635,20260531
MEXC,RKC_USDT,RKC,USDT,USDT,20.0,4.0,1e-06,2026-05-31 22:09:58.767635,20260531
MEXC,HDSTOCK_USDT,HDSTOCK,USDT,USDT,20.0,8.0,0.01,2026-05-31 22:09:58.767635,20260531
MEXC,KAVA_USDT,KAVA,USDT,USDT,20.0,4.0,0.0001,2026-05-31 22:09:58.767635,20260531
MEXC,B3_USDT,B3,USDT,USDT,20.0,4.0,1e-07,2026-05-31 22:09:58.767635,20260531
MEXC,TIA_USDC,TIA,USDC,USDC,125.0,4.0,0.0001,2026-05-31 22:09:58.767635,20260531
MEXC,AT_USDT,AT,USDT,USDT,50.0,4.0,1e-05,2026-05-31 22:09:58.767635,20260531
MEXC,USARSTOCK_USDT,USARSTOCK,USDT,USDT,20.0,8.0,0.01,2026-05-31 22:09:58.767635,20260531
MEXC,WOO_USDT,WOO,USDT,USDT,200.0,8.0,1e-05,2026-05-31 22:09:58.767635,20260531
MEXC,TEL_USDT,TEL,USDT,USDT,20.0,4.0,1e-06,2026-05-31 22:09:58.767635,20260531
MEXC,VINE_USDT,VINE,USDT,USDT,100.0,4.0,1e-05,2026-05-31 22:09:58.767635,20260531
MEXC,WAL_USDT,WAL,USDT,USDT,20.0,4.0,1e-05,2026-05-31 22:09:58.767635,20260531
MEXC,DOOD_USDT,DOOD,USDT,USDT,20.0,4.0,1e-06,2026-05-31 22:09:58.767635,20260531
MEXC,METASTOCK_USDT,METASTOCK,USDT,USDT,100.0,8.0,0.01,2026-05-31 22:09:58.767635,20260531
MEXC,MRVLSTOCK_USDT,MRVLSTOCK,USDT,USDT,100.0,8.0,0.01,2026-05-31 22:09:58.767635,20260531
MEXC,AMATSTOCK_USDT,AMATSTOCK,USDT,USDT,100.0,8.0,0.01,2026-05-31 22:09:58.767635,20260531
MEXC,ALPINE_USDT,ALPINE,USDT,USDT,50.0,4.0,0.0001,2026-05-31 22:09:58.767635,20260531
MEXC,AXL_USDT,AXL,USDT,USDT,50.0,4.0,1e-05,2026-05-31 22:09:58.767635,20260531
MEXC,ME_USDT,ME,USDT,USDT,20.0,4.0,0.0001,2026-05-31 22:09:58.767635,20260531
MEXC,STRK_USDC,STRK,USDC,USDC,125.0,8.0,1e-05,2026-05-31 22:09:58.767635,20260531
MEXC,SOMI_USDT,SOMI,USDT,USDT,50.0,4.0,0.0001,2026-05-31 22:09:58.767635,20260531
MEXC,IRENSTOCK_USDT,IRENSTOCK,USDT,USDT,50.0,8.0,0.01,2026-05-31 22:09:58.767635,20260531
MEXC,LONGXIA_USDT,LONGXIA,USDT,USDT,50.0,4.0,1e-06,2026-05-31 22:09:58.767635,20260531
MEXC,SAMSUNGSTOCK_USDT,SAMSUNGSTOCK,USDT,USDT,20.0,1.0,0.01,2026-05-31 22:09:58.767635,20260531
MEXC,ANKR_USDT,ANKR,USDT,USDT,20.0,4.0,1e-06,2026-05-31 22:09:58.767635,20260531
MEXC,AUDIO_USDT,AUDIO,USDT,USDT,50.0,4.0,1e-05,2026-05-31 22:09:58.767635,20260531
MEXC,BEL_USDT,BEL,USDT,USDT,50.0,8.0,0.0001,2026-05-31 22:09:58.767635,20260531
MEXC,MAGIC_USDT,MAGIC,USDT,USDT,50.0,4.0,1e-05,2026-05-31 22:09:58.767635,20260531
MEXC,RARE_USDT,RARE,USDT,USDT,100.0,4.0,1e-05,2026-05-31 22:09:58.767635,20260531
MEXC,KAIA_USDT,KAIA,USDT,USDT,100.0,4.0,1e-05,2026-05-31 22:09:58.767635,20260531
MEXC,ACT_USDT,ACT,USDT,USDT,100.0,4.0,1e-05,2026-05-31 22:09:58.767635,20260531
MEXC,AVAAI_USDT,AVAAI,USDT,USDT,100.0,4.0,1e-06,2026-05-31 22:09:58.767635,20260531
MEXC,NEAR_USDC,NEAR,USDC,USDC,125.0,8.0,0.001,2026-05-31 22:09:58.767635,20260531
MEXC,RLS_USDT,RLS,USDT,USDT,50.0,4.0,1e-06,2026-05-31 22:09:58.767635,20260531
MEXC,HIMSSTOCK_USDT,HIMSSTOCK,USDT,USDT,50.0,8.0,0.01,2026-05-31 22:09:58.767635,20260531
MEXC,WAVES_USDT,WAVES,USDT,USDT,20.0,8.0,0.0001,2026-05-31 22:09:58.767635,20260531
MEXC,YGG_USDT,YGG,USDT,USDT,50.0,4.0,1e-05,2026-05-31 22:09:58.767635,20260531
MEXC,ILV_USDT,ILV,USDT,USDT,50.0,4.0,0.001,2026-05-31 22:09:58.767635,20260531
MEXC,MAV_USDT,MAV,USDT,USDT,50.0,8.0,1e-05,2026-05-31 22:09:58.767635,20260531
MEXC,VANRY_USDT,VANRY,USDT,USDT,50.0,4.0,1e-06,2026-05-31 22:09:58.767635,20260531
MEXC,SHELL_USDT,SHELL,USDT,USDT,50.0,4.0,1e-05,2026-05-31 22:09:58.767635,20260531
MEXC,IDOL_USDT,IDOL,USDT,USDT,50.0,4.0,1e-05,2026-05-31 22:09:58.767635,20260531
MEXC,0G_USDT,0G,USDT,USDT,50.0,4.0,0.0001,2026-05-31 22:09:58.767635,20260531
MEXC,ACU_USDT,ACU,USDT,USDT,50.0,4.0,1e-05,2026-05-31 22:09:58.767635,20260531
MEXC,HNT_USDT,HNT,USDT,USDT,100.0,8.0,0.001,2026-05-31 22:09:58.767635,20260531
MEXC,ALICE_USDT,ALICE,USDT,USDT,20.0,4.0,0.0001,2026-05-31 22:09:58.767635,20260531
MEXC,HOT_USDT,HOT,USDT,USDT,20.0,8.0,1e-06,2026-05-31 22:09:58.767635,20260531
MEXC,MINA_USDT,MINA,USDT,USDT,50.0,8.0,1e-05,2026-05-31 22:09:58.767635,20260531
MEXC,ASTR_USDT,ASTR,USDT,USDT,125.0,8.0,1e-06,2026-05-31 22:09:58.767635,20260531
MEXC,HFT_USDT,HFT,USDT,USDT,50.0,8.0,1e-05,2026-05-31 22:09:58.767635,20260531
MEXC,VANA_USDT,VANA,USDT,USDT,20.0,4.0,0.001,2026-05-31 22:09:58.767635,20260531
MEXC,ENA_USDC,ENA,USDC,USDC,125.0,4.0,1e-05,2026-05-31 22:09:58.767635,20260531
MEXC,TURTLE_USDT,TURTLE,USDT,USDT,20.0,4.0,1e-05,2026-05-31 22:09:58.767635,20260531
MEXC,MMT_USDT,MMT,USDT,USDT,20.0,4.0,0.0001,2026-05-31 22:09:58.767635,20260531
MEXC,FLNCSTOCK_USDT,FLNCSTOCK,USDT,USDT,20.0,8.0,0.01,2026-05-31 22:09:58.767635,20260531
MEXC,RVN_USDT,RVN,USDT,USDT,125.0,4.0,1e-05,2026-05-31 22:09:58.767635,20260531
MEXC,ACE_USDT,ACE,USDT,USDT,50.0,4.0,0.0001,2026-05-31 22:09:58.767635,20260531
MEXC,ALL_USDT,ALLINDEX,USDT,USDT,75.0,8.0,0.0001,2026-05-31 22:09:58.767635,20260531
MEXC,GEVSTOCK_USDT,GEVSTOCK,USDT,USDT,100.0,8.0,0.01,2026-05-31 22:09:58.767635,20260531
MEXC,SKHYNIXSTOCK_USDT,SKHYNIXSTOCK,USDT,USDT,20.0,1.0,0.1,2026-05-31 22:09:58.767635,20260531
MEXC,SLP_USDT,SLP,USDT,USDT,125.0,4.0,1e-07,2026-05-31 22:09:58.767635,20260531
MEXC,MASK_USDT,MASK,USDT,USDT,50.0,8.0,0.0001,2026-05-31 22:09:58.767635,20260531
MEXC,REQ_USDT,REQ,USDT,USDT,20.0,8.0,1e-05,2026-05-31 22:09:58.767635,20260531
MEXC,SNT_USDT,SNT,USDT,USDT,50.0,4.0,1e-05,2026-05-31 22:09:58.767635,20260531
MEXC,MEW_USDT,MEW,USDT,USDT,125.0,4.0,1e-07,2026-05-31 22:09:58.767635,20260531
MEXC,FLUID_USDT,FLUID,USDT,USDT,100.0,4.0,0.001,2026-05-31 22:09:58.767635,20260531
MEXC,SPK_USDT,SPK,USDT,USDT,50.0,4.0,1e-05,2026-05-31 22:09:58.767635,20260531
MEXC,BMNRSTOCK_USDT,BMNRSTOCK,USDT,USDT,50.0,8.0,0.01,2026-05-31 22:09:58.767635,20260531
MEXC,SENT_USDT,SENT,USDT,USDT,20.0,4.0,1e-05,2026-05-31 22:09:58.767635,20260531
MEXC,TSMSTOCK_USDT,TSMSTOCK,USDT,USDT,50.0,8.0,0.01,2026-05-31 22:09:58.767635,20260531
MEXC,BUTTCOIN_USDT,BUTTCOIN,USDT,USDT,20.0,4.0,1e-05,2026-05-31 22:09:58.767635,20260531
MEXC,CSPR_USDT,CSPR,USDT,USDT,50.0,4.0,1e-06,2026-05-31 22:09:58.767635,20260531
MEXC,BICO_USDT,BICO,USDT,USDT,50.0,8.0,1e-05,2026-05-31 22:09:58.767635,20260531
MEXC,ASR_USDT,ASR,USDT,USDT,50.0,4.0,0.001,2026-05-31 22:09:58.767635,20260531
MEXC,RED_USDT,RED,USDT,USDT,20.0,4.0,0.0001,2026-05-31 22:09:58.767635,20260531
MEXC,ONDO_USDC,ONDO,USDC,USDC,125.0,8.0,0.0001,2026-05-31 22:09:58.767635,20260531
MEXC,FOGO_USDT,FOGO,USDT,USDT,50.0,4.0,1e-05,2026-05-31 22:09:58.767635,20260531
MEXC,RNBW_USDT,RNBW,USDT,USDT,20.0,4.0,1e-05,2026-05-31 22:09:58.767635,20260531
MEXC,CRWDSTOCK_USDT,CRWDSTOCK,USDT,USDT,50.0,8.0,0.01,2026-05-31 22:09:58.767635,20260531
MEXC,NAT_USDT,NAT,USDT,USDT,20.0,4.0,1e-10,2026-05-31 22:09:58.767635,20260531
MEXC,LITESTOCK_USDT,LITESTOCK,USDT,USDT,20.0,8.0,0.01,2026-05-31 22:09:58.767635,20260531
MEXC,INFQSTOCK_USDT,INFQSTOCK,USDT,USDT,50.0,8.0,0.01,2026-05-31 22:09:58.767635,20260531
MEXC,SCRT_USDT,SCRT,USDT,USDT,50.0,4.0,0.0001,2026-05-31 22:09:58.767635,20260531
MEXC,1000BTT_USDT,1000BTT,USDT,USDT,50.0,8.0,1e-07,2026-05-31 22:09:58.767635,20260531
MEXC,CYBER_USDT,CYBER,USDT,USDT,50.0,4.0,0.0001,2026-05-31 22:09:58.767635,20260531
MEXC,WLD_USDC,WLD,USDC,USDC,125.0,8.0,0.0001,2026-05-31 22:09:58.767635,20260531
MEXC,PUMPBTC_USDT,PUMPBTC,USDT,USDT,50.0,4.0,1e-05,2026-05-31 22:09:58.767635,20260531
MEXC,XAUT_USDC,XAUT,USDC,USDC,200.0,4.0,0.1,2026-05-31 22:09:58.767635,20260531
MEXC,IOST_USDT,IOST,USDT,USDT,50.0,8.0,1e-06,2026-05-31 22:09:58.767635,20260531
MEXC,CATI_USDT,CATI,USDT,USDT,100.0,4.0,1e-05,2026-05-31 22:09:58.767635,20260531
MEXC,SONIC_USDT,SONIC,USDT,USDT,50.0,4.0,1e-05,2026-05-31 22:09:58.767635,20260531
MEXC,SUI_USDC,SUI,USDC,USDC,125.0,8.0,0.0001,2026-05-31 22:09:58.767635,20260531
MEXC,ZKC_USDT,ZKC,USDT,USDT,50.0,4.0,0.0001,2026-05-31 22:09:58.767635,20260531
MEXC,SMCISTOCK_USDT,SMCISTOCK,USDT,USDT,50.0,8.0,0.01,2026-05-31 22:09:58.767635,20260531
MEXC,ALUMINUM_USDT,ALUMINUM,USDT,USDT,20.0,8.0,0.01,2026-05-31 22:09:58.767635,20260531
MEXC,PHAROS_USDT,PHAROS,USDT,USDT,20.0,4.0,0.0001,2026-05-31 22:09:58.767635,20260531
MEXC,KNC_USDT,KNC,USDT,USDT,20.0,8.0,0.0001,2026-05-31 22:09:58.767635,20260531
MEXC,CVX_USDT,CVX,USDT,USDT,20.0,4.0,0.001,2026-05-31 22:09:58.767635,20260531
MEXC,IQ_USDT,IQ,USDT,USDT,100.0,4.0,1e-06,2026-05-31 22:09:58.767635,20260531
MEXC,BMT_USDT,BMT,USDT,USDT,100.0,4.0,1e-05,2026-05-31 22:09:58.767635,20260531
MEXC,EUR_USDT,EUR,USDT,USDT,100.0,4.0,0.0001,2026-05-31 22:09:58.767635,20260531
MEXC,FARTCOIN_USDC,FARTCOIN,USDC,USDC,125.0,4.0,0.0001,2026-05-31 22:09:58.767635,20260531
MEXC,AMZNSTOCK_USDT,AMZNSTOCK,USDT,USDT,100.0,8.0,0.01,2026-05-31 22:09:58.767635,20260531
MEXC,BABASTOCK_USDT,BABASTOCK,USDT,USDT,100.0,8.0,0.01,2026-05-31 22:09:58.767635,20260531
MEXC,UTYA_USDT,UTYA,USDT,USDT,20.0,4.0,1e-05,2026-05-31 22:09:58.767635,20260531
MEXC,BSV_USDT,BSV,USDT,USDT,125.0,4.0,0.01,2026-05-31 22:09:58.767635,20260531
MEXC,G_USDT,G,USDT,USDT,50.0,4.0,1e-06,2026-05-31 22:09:58.767635,20260531
MEXC,COW_USDT,COW,USDT,USDT,50.0,4.0,0.0001,2026-05-31 22:09:58.767635,20260531
MEXC,HAEDAL_USDT,HAEDAL,USDT,USDT,125.0,4.0,1e-05,2026-05-31 22:09:58.767635,20260531
MEXC,TRUST_USDT,TRUST,USDT,USDT,100.0,4.0,1e-05,2026-05-31 22:09:58.767635,20260531
MEXC,FUTUSTOCK_USDT,FUTUSTOCK,USDT,USDT,50.0,8.0,0.01,2026-05-31 22:09:58.767635,20260531
MEXC,NKESTOCK_USDT,NKESTOCK,USDT,USDT,100.0,8.0,0.01,2026-05-31 22:09:58.767635,20260531
MEXC,SKR_USDT,SKR,USDT,USDT,20.0,4.0,1e-05,2026-05-31 22:09:58.767635,20260531
MEXC,COPSTOCK_USDT,COPSTOCK,USDT,USDT,50.0,8.0,0.01,2026-05-31 22:09:58.767635,20260531
MEXC,SHARE_USDT,SHARE,USDT,USDT,20.0,4.0,0.0001,2026-05-31 22:09:58.767635,20260531
MEXC,CBRSSTOCK_USDT,CBRSSTOCK,USDT,USDT,20.0,8.0,0.01,2026-05-31 22:09:58.767635,20260531
MEXC,SC_USDT,SC,USDT,USDT,50.0,4.0,1e-06,2026-05-31 22:09:58.767635,20260531
MEXC,ARPA_USDT,ARPA,USDT,USDT,125.0,8.0,1e-05,2026-05-31 22:09:58.767635,20260531
MEXC,XEC_USDT,XEC,USDT,USDT,50.0,8.0,1e-08,2026-05-31 22:09:58.767635,20260531
MEXC,UMA_USDT,UMA,USDT,USDT,50.0,4.0,0.0001,2026-05-31 22:09:58.767635,20260531
MEXC,SANTOS_USDT,SANTOS,USDT,USDT,100.0,4.0,0.001,2026-05-31 22:09:58.767635,20260531
MEXC,DODO_USDT,DODO,USDT,USDT,50.0,4.0,1e-05,2026-05-31 22:09:58.767635,20260531
MEXC,1000000MOG_USDT,1000000MOG,USDT,USDT,100.0,4.0,0.0001,2026-05-31 22:09:58.767635,20260531
MEXC,AVA_USDT,AVA,USDT,USDT,100.0,4.0,0.0001,2026-05-31 22:09:58.767635,20260531
MEXC,XION_USDT,XION,USDT,USDT,20.0,4.0,0.0001,2026-05-31 22:09:58.767635,20260531
MEXC,TON_USDC,TON,USDC,USDC,125.0,8.0,0.001,2026-05-31 22:09:58.767635,20260531
MEXC,ENSO_USDT,ENSO,USDT,USDT,20.0,4.0,0.0001,2026-05-31 22:09:58.767635,20260531
MEXC,QCOMSTOCK_USDT,QCOMSTOCK,USDT,USDT,50.0,8.0,0.01,2026-05-31 22:09:58.767635,20260531
MEXC,IONQSTOCK_USDT,IONQSTOCK,USDT,USDT,20.0,8.0,0.01,2026-05-31 22:09:58.767635,20260531
MEXC,T_USDT,T,USDT,USDT,50.0,4.0,1e-06,2026-05-31 22:09:58.767635,20260531
MEXC,AUCTION_USDT,AUCTION,USDT,USDT,20.0,4.0,0.001,2026-05-31 22:09:58.767635,20260531
MEXC,ANIME_USDT,ANIME,USDT,USDT,20.0,4.0,1e-06,2026-05-31 22:09:58.767635,20260531
MEXC,HBAR_USDC,HBAR,USDC,USDC,125.0,4.0,1e-05,2026-05-31 22:09:58.767635,20260531
MEXC,ES_USDT,ES,USDT,USDT,50.0,4.0,0.0001,2026-05-31 22:09:58.767635,20260531
MEXC,LLYSTOCK_USDT,LLYSTOCK,USDT,USDT,100.0,8.0,0.01,2026-05-31 22:09:58.767635,20260531
MEXC,BREV_USDT,BREV,USDT,USDT,20.0,4.0,0.0001,2026-05-31 22:09:58.767635,20260531
MEXC,SOXX_USDT,SOXX,USDT,USDT,50.0,8.0,0.01,2026-05-31 22:09:58.767635,20260531
MEXC,CTK_USDT,CTK,USDT,USDT,125.0,4.0,0.0001,2026-05-31 22:09:58.767635,20260531
MEXC,BEAMX_USDT,BEAMX,USDT,USDT,75.0,4.0,1e-06,2026-05-31 22:09:58.767635,20260531
MEXC,CARV_USDT,CARV,USDT,USDT,20.0,4.0,1e-05,2026-05-31 22:09:58.767635,20260531
MEXC,WET_USDT,WET,USDT,USDT,50.0,4.0,1e-05,2026-05-31 22:09:58.767635,20260531
MEXC,XAUT_USD1,XAUT,USD1,USD1,100.0,4.0,0.1,2026-05-31 22:09:58.767635,20260531
MEXC,BRKBSTOCK_USDT,BRKBSTOCK,USDT,USDT,20.0,8.0,0.01,2026-05-31 22:09:58.767635,20260531
MEXC,SKL_USDT,SKL,USDT,USDT,20.0,4.0,1e-05,2026-05-31 22:09:58.767635,20260531
MEXC,OGN_USDT,OGN,USDT,USDT,125.0,4.0,1e-05,2026-05-31 22:09:58.767635,20260531
MEXC,PUFFER_USDT,PUFFER,USDT,USDT,20.0,8.0,1e-05,2026-05-31 22:09:58.767635,20260531
MEXC,ADA_USDC,ADA,USDC,USDC,125.0,4.0,0.0001,2026-05-31 22:09:58.767635,20260531
MEXC,SOPH_USDT,SOPH,USDT,USDT,20.0,4.0,1e-06,2026-05-31 22:09:58.767635,20260531
MEXC,A_USDT,A,USDT,USDT,100.0,4.0,0.0001,2026-05-31 22:09:58.767635,20260531
MEXC,PENDLE_USDC,PENDLE,USDC,USDC,125.0,8.0,0.0001,2026-05-31 22:09:58.767635,20260531
MEXC,VSTOCK_USDT,VSTOCK,USDT,USDT,100.0,8.0,0.01,2026-05-31 22:09:58.767635,20260531
MEXC,JDSTOCK_USDT,JDSTOCK,USDT,USDT,100.0,8.0,0.01,2026-05-31 22:09:58.767635,20260531
MEXC,COSTSTOCK_USDT,COSTSTOCK,USDT,USDT,100.0,8.0,0.01,2026-05-31 22:09:58.767635,20260531
MEXC,ESP_USDT,ESP,USDT,USDT,20.0,4.0,1e-05,2026-05-31 22:09:58.767635,20260531
MEXC,WDCSTOCK_USDT,WDCSTOCK,USDT,USDT,100.0,8.0,0.01,2026-05-31 22:09:58.767635,20260531
MEXC,STXSTOCK_USDT,STXSTOCK,USDT,USDT,100.0,8.0,0.01,2026-05-31 22:09:58.767635,20260531
MEXC,JP225_USDT,JP225,USDT,USDT,50.0,1.0,1.0,2026-05-31 22:09:58.767635,20260531
MEXC,SPELL_USDT,SPELL,USDT,USDT,20.0,8.0,1e-07,2026-05-31 22:09:58.767635,20260531
MEXC,AGI_USDT,AGI,USDT,USDT,50.0,8.0,1e-05,2026-05-31 22:09:58.767635,20260531
MEXC,LMWR_USDT,LMWR,USDT,USDT,50.0,4.0,1e-05,2026-05-31 22:09:58.767635,20260531
MEXC,DOGE_USDC,DOGE,USDC,USDC,125.0,8.0,1e-05,2026-05-31 22:09:58.767635,20260531
MEXC,AURASOL_USDT,AURASOL,USDT,USDT,20.0,4.0,1e-05,2026-05-31 22:09:58.767635,20260531
MEXC,ADBESTOCK_USDT,ADBESTOCK,USDT,USDT,50.0,8.0,0.01,2026-05-31 22:09:58.767635,20260531
MEXC,GAIB_USDT,GAIB,USDT,USDT,20.0,4.0,1e-05,2026-05-31 22:09:58.767635,20260531
MEXC,CRMSTOCK_USDT,CRMSTOCK,USDT,USDT,50.0,8.0,0.01,2026-05-31 22:09:58.767635,20260531
MEXC,FRAX_USDT,FRAX,USDT,USDT,50.0,4.0,0.0001,2026-05-31 22:09:58.767635,20260531
MEXC,HYPE_USD1,HYPE,USD1,USD1,50.0,4.0,0.001,2026-05-31 22:09:58.767635,20260531
MEXC,LRC_USDT,LRC,USDT,USDT,50.0,4.0,1e-05,2026-05-31 22:09:58.767635,20260531
MEXC,ICX_USDT,ICX,USDT,USDT,20.0,4.0,1e-05,2026-05-31 22:09:58.767635,20260531
MEXC,TRY_USDT,TRY,USDT,USDT,100.0,4.0,1e-05,2026-05-31 22:09:58.767635,20260531
MEXC,CSCOSTOCK_USDT,CSCOSTOCK,USDT,USDT,100.0,8.0,0.01,2026-05-31 22:09:58.767635,20260531
MEXC,CHECK_USDT,CHECK,USDT,USDT,20.0,4.0,1e-05,2026-05-31 22:09:58.767635,20260531
MEXC,BULL_USDT,BULL,USDT,USDT,20.0,4.0,1e-06,2026-05-31 22:09:58.767635,20260531
MEXC,UNC_USDT,UNC,USDT,USDT,20.0,4.0,1e-06,2026-05-31 22:09:58.767635,20260531
MEXC,KAIO_USDT,KAIO,USDT,USDT,20.0,4.0,0.0001,2026-05-31 22:09:58.767635,20260531
MEXC,AGLD_USDT,AGLD,USDT,USDT,50.0,8.0,0.0001,2026-05-31 22:09:58.767635,20260531
MEXC,GLM_USDT,GLM,USDT,USDT,50.0,4.0,0.0001,2026-05-31 22:09:58.767635,20260531
MEXC,SAFE_USDT,SAFE,USDT,USDT,100.0,4.0,0.0001,2026-05-31 22:09:58.767635,20260531
MEXC,AWE_USDT,AWE,USDT,USDT,20.0,4.0,1e-05,2026-05-31 22:09:58.767635,20260531
MEXC,TREE_USDT,TREE,USDT,USDT,20.0,4.0,1e-05,2026-05-31 22:09:58.767635,20260531
MEXC,BDX_USDT,BDX,USDT,USDT,20.0,4.0,0.0001,2026-05-31 22:09:58.767635,20260531
MEXC,ELIZAOS_USDT,ELIZAOS,USDT,USDT,20.0,4.0,1e-06,2026-05-31 22:09:58.767635,20260531
MEXC,ASMLSTOCK_USDT,ASMLSTOCK,USDT,USDT,50.0,8.0,0.01,2026-05-31 22:09:58.767635,20260531
MEXC,GAS_USDT,GAS,USDT,USDT,50.0,4.0,0.001,2026-05-31 22:09:58.767635,20260531
MEXC,MOCA_USDT,MOCA,USDT,USDT,50.0,4.0,1e-05,2026-05-31 22:09:58.767635,20260531
MEXC,NPC_USDT,NPC,USDT,USDT,20.0,4.0,1e-05,2026-05-31 22:09:58.767635,20260531
MEXC,KMNO_USDT,KMNO,USDT,USDT,125.0,4.0,1e-05,2026-05-31 22:09:58.767635,20260531
MEXC,INJ_USDC,INJ,USDC,USDC,50.0,8.0,0.001,2026-05-31 22:09:58.767635,20260531
MEXC,MAMO_USDT,MAMO,USDT,USDT,20.0,4.0,1e-05,2026-05-31 22:09:58.767635,20260531
MEXC,NFLXSTOCK_USDT,NFLXSTOCK,USDT,USDT,100.0,8.0,0.01,2026-05-31 22:09:58.767635,20260531
MEXC,WMTSTOCK_USDT,WMTSTOCK,USDT,USDT,100.0,8.0,0.01,2026-05-31 22:09:58.767635,20260531
MEXC,ELSA_USDT,ELSA,USDT,USDT,50.0,4.0,0.0001,2026-05-31 22:09:58.767635,20260531
MEXC,SHLD_USDT,SHLD,USDT,USDT,20.0,8.0,0.01,2026-05-31 22:09:58.767635,20260531
MEXC,TFUEL_USDT,TFUEL,USDT,USDT,20.0,8.0,1e-05,2026-05-31 22:09:58.767635,20260531
MEXC,SCR_USDT,SCR,USDT,USDT,125.0,4.0,1e-05,2026-05-31 22:09:58.767635,20260531
MEXC,VELODROME_USDT,VELODROME,USDT,USDT,50.0,4.0,1e-05,2026-05-31 22:09:58.767635,20260531
MEXC,AVAX_USDC,AVAX,USDC,USDC,125.0,8.0,0.001,2026-05-31 22:09:58.767635,20260531
MEXC,ORDI_USDC,ORDI,USDC,USDC,125.0,4.0,0.001,2026-05-31 22:09:58.767635,20260531
MEXC,ASP_USDT,ASP,USDT,USDT,50.0,4.0,1e-05,2026-05-31 22:09:58.767635,20260531
MEXC,RDDTSTOCK_USDT,RDDTSTOCK,USDT,USDT,50.0,8.0,0.01,2026-05-31 22:09:58.767635,20260531
MEXC,INTUSTOCK_USDT,INTUSTOCK,USDT,USDT,50.0,8.0,0.01,2026-05-31 22:09:58.767635,20260531
MEXC,TESTICLE_USDT,TESTICLE,USDT,USDT,20.0,4.0,1e-06,2026-05-31 22:09:58.767635,20260531
MEXC,XLE_USDT,XLE,USDT,USDT,20.0,8.0,0.01,2026-05-31 22:09:58.767635,20260531
MEXC,ORBS_USDT,ORBS,USDT,USDT,20.0,4.0,1e-06,2026-05-31 22:09:58.767635,20260531
MEXC,UNI_USDC,UNI,USDC,USDC,125.0,8.0,0.001,2026-05-31 22:09:58.767635,20260531
MEXC,TAO_USDC,TAO,USDC,USDC,125.0,4.0,0.1,2026-05-31 22:09:58.767635,20260531
MEXC,ZKP_USDT,ZKP,USDT,USDT,20.0,4.0,1e-05,2026-05-31 22:09:58.767635,20260531
MEXC,XOMSTOCK_USDT,XOMSTOCK,USDT,USDT,100.0,8.0,0.01,2026-05-31 22:09:58.767635,20260531
MEXC,LRCXSTOCK_USDT,LRCXSTOCK,USDT,USDT,50.0,8.0,0.01,2026-05-31 22:09:58.767635,20260531
MEXC,PENGUIN_USDT,PENGUIN,USDT,USDT,20.0,4.0,1e-06,2026-05-31 22:09:58.767635,20260531
MEXC,PAYPSTOCK_USDT,PAYPSTOCK,USDT,USDT,50.0,8.0,0.01,2026-05-31 22:09:58.767635,20260531
MEXC,ETH_USD1,ETH,USD1,USD1,100.0,8.0,0.01,2026-05-31 22:09:58.767635,20260531
MEXC,WAXP_USDT,WAXP,USDT,USDT,20.0,4.0,1e-06,2026-05-31 22:09:58.767635,20260531
MEXC,BANANA_USDT,BANANA,USDT,USDT,20.0,4.0,0.001,2026-05-31 22:09:58.768631,20260531
MEXC,DIA_USDT,DIA,USDT,USDT,100.0,4.0,0.0001,2026-05-31 22:09:58.768631,20260531
MEXC,LTC_USDC,LTC,USDC,USDC,125.0,8.0,0.01,2026-05-31 22:09:58.768631,20260531
MEXC,BRL_USDT,BRL,USDT,USDT,100.0,4.0,0.0001,2026-05-31 22:09:58.768631,20260531
MEXC,JPY_USDT,JPY,USDT,USDT,100.0,4.0,1e-06,2026-05-31 22:09:58.768631,20260531
MEXC,MCDSTOCK_USDT,MCDSTOCK,USDT,USDT,100.0,8.0,0.01,2026-05-31 22:09:58.768631,20260531
MEXC,APPSTOCK_USDT,APPSTOCK,USDT,USDT,50.0,8.0,0.01,2026-05-31 22:09:58.768631,20260531
MEXC,EWJ_USDT,EWJ,USDT,USDT,20.0,8.0,0.01,2026-05-31 22:09:58.768631,20260531
MEXC,COHRSTOCK_USDT,COHRSTOCK,USDT,USDT,20.0,8.0,0.01,2026-05-31 22:09:58.768631,20260531
MEXC,TAIKO_USDT,TAIKO,USDT,USDT,50.0,4.0,0.0001,2026-05-31 22:09:58.768631,20260531
MEXC,ORDER_USDT,ORDER,USDT,USDT,20.0,4.0,1e-05,2026-05-31 22:09:58.768631,20260531
MEXC,DBR_USDT,DBR,USDT,USDT,100.0,4.0,1e-05,2026-05-31 22:09:58.768631,20260531
MEXC,PEPE_USDC,PEPE,USDC,USDC,125.0,8.0,1e-09,2026-05-31 22:09:58.768631,20260531
MEXC,1000BONK_USDC,1000BONK,USDC,USDC,125.0,4.0,1e-06,2026-05-31 22:09:58.768631,20260531
MEXC,LINK_USDC,LINK,USDC,USDC,125.0,8.0,0.001,2026-05-31 22:09:58.768631,20260531
MEXC,WIF_USDC,WIF,USDC,USDC,125.0,4.0,0.0001,2026-05-31 22:09:58.768631,20260531
MEXC,FIGSTOCK_USDT,FIGSTOCK,USDT,USDT,100.0,8.0,0.01,2026-05-31 22:09:58.768631,20260531
MEXC,BASTOCK_USDT,BASTOCK,USDT,USDT,100.0,8.0,0.01,2026-05-31 22:09:58.768631,20260531
MEXC,HK50_USDT,HK50,USDT,USDT,20.0,8.0,0.01,2026-05-31 22:09:58.768631,20260531
MEXC,LMTSTOCK_USDT,LMTSTOCK,USDT,USDT,50.0,8.0,0.01,2026-05-31 22:09:58.768631,20260531
MEXC,PGSTOCK_USDT,PGSTOCK,USDT,USDT,100.0,8.0,0.01,2026-05-31 22:09:58.768631,20260531
MEXC,ADI_USDT,ADI,USDT,USDT,20.0,4.0,0.001,2026-05-31 22:09:58.768631,20260531
MEXC,SOL_USD1,SOL,USD1,USD1,100.0,8.0,0.01,2026-05-31 22:09:58.768631,20260531
MEXC,TAO_USD1,TAO,USD1,USD1,50.0,4.0,0.1,2026-05-31 22:09:58.768631,20260531
MEXC,BNB_USD1,BNB,USD1,USD1,50.0,8.0,0.1,2026-05-31 22:09:58.768631,20260531
MEXC,DISSTOCK_USDT,DISSTOCK,USDT,USDT,20.0,8.0,0.01,2026-05-31 22:09:58.768631,20260531
MEXC,CTC_USDT,CTC,USDT,USDT,20.0,4.0,0.0001,2026-05-31 22:09:58.768631,20260531
MEXC,GNO_USDT,GNO,USDT,USDT,50.0,8.0,0.01,2026-05-31 22:09:58.768631,20260531
MEXC,AUD_USDT,AUD,USDT,USDT,100.0,4.0,0.0001,2026-05-31 22:09:58.768631,20260531
MEXC,OP_USDC,OP,USDC,USDC,125.0,8.0,0.0001,2026-05-31 22:09:58.768631,20260531
MEXC,POL_USDC,POL,USDC,USDC,125.0,8.0,0.0001,2026-05-31 22:09:58.768631,20260531
MEXC,PENGU_USDC,PENGU,USDC,USDC,125.0,4.0,1e-06,2026-05-31 22:09:58.768631,20260531
MEXC,VIRTUAL_USDC,VIRTUAL,USDC,USDC,125.0,4.0,0.0001,2026-05-31 22:09:58.768631,20260531
MEXC,ICNT_USDC,ICNT,USDC,USDC,50.0,4.0,0.0001,2026-05-31 22:09:58.768631,20260531
MEXC,MASTOCK_USDT,MASTOCK,USDT,USDT,50.0,8.0,0.01,2026-05-31 22:09:58.768631,20260531
MEXC,BACSTOCK_USDT,BACSTOCK,USDT,USDT,100.0,24.0,0.01,2026-05-31 22:09:58.768631,20260531
MEXC,ICP_USDC,ICP,USDC,USDC,50.0,8.0,0.001,2026-05-31 22:09:58.768631,20260531
MEXC,SPOTSTOCK_USDT,SPOTSTOCK,USDT,USDT,50.0,8.0,0.01,2026-05-31 22:09:58.768631,20260531
MEXC,KOSTOCK_USDT,KOSTOCK,USDT,USDT,50.0,8.0,0.01,2026-05-31 22:09:58.768631,20260531
MEXC,PYPLSTOCK_USDT,PYPLSTOCK,USDT,USDT,50.0,8.0,0.01,2026-05-31 22:09:58.768631,20260531
MEXC,ABBVSTOCK_USDT,ABBVSTOCK,USDT,USDT,50.0,8.0,0.01,2026-05-31 22:09:58.768631,20260531
MEXC,PDDSTOCK_USDT,PDDSTOCK,USDT,USDT,100.0,8.0,0.01,2026-05-31 22:09:58.768631,20260531
MEXC,ZEC_USD1,ZEC,USD1,USD1,50.0,8.0,0.01,2026-05-31 22:09:58.768631,20260531
MEXC,TXNSTOCK_USDT,TXNSTOCK,USDT,USDT,50.0,8.0,0.01,2026-05-31 22:09:58.768631,20260531
MEXC,XIONGMAOTOU_USDT,XIONGMAOTOU,USDT,USDT,20.0,4.0,1e-06,2026-05-31 22:09:58.768631,20260531
MEXC,GODS_USDT,GODS,USDT,USDT,20.0,4.0,1e-05,2026-05-31 22:09:58.768631,20260531
MEXC,BNT_USDT,BNT,USDT,USDT,50.0,8.0,0.0001,2026-05-31 22:09:58.768631,20260531
MEXC,ARB_USDC,ARB,USDC,USDC,125.0,8.0,0.0001,2026-05-31 22:09:58.768631,20260531
MEXC,SHIB_USDC,SHIB,USDC,USDC,125.0,8.0,1e-09,2026-05-31 22:09:58.768631,20260531
MEXC,CRV_USDC,CRV,USDC,USDC,125.0,8.0,0.0001,2026-05-31 22:09:58.768631,20260531
MEXC,BCH_USDC,BCH,USDC,USDC,125.0,8.0,0.01,2026-05-31 22:09:58.768631,20260531
MEXC,APT_USDC,APT,USDC,USDC,125.0,8.0,0.0001,2026-05-31 22:09:58.768631,20260531
MEXC,SEI_USDC,SEI,USDC,USDC,125.0,8.0,1e-05,2026-05-31 22:09:58.768631,20260531
MEXC,SILVER_USDC,SILVER,USDC,USDC,200.0,4.0,0.01,2026-05-31 22:09:58.768631,20260531
MEXC,SHOPSTOCK_USDT,SHOPSTOCK,USDT,USDT,50.0,8.0,0.01,2026-05-31 22:09:58.768631,20260531
MEXC,RTXSTOCK_USDT,RTXSTOCK,USDT,USDT,50.0,8.0,0.01,2026-05-31 22:09:58.768631,20260531
MEXC,OXYSTOCK_USDT,OXYSTOCK,USDT,USDT,50.0,8.0,0.01,2026-05-31 22:09:58.768631,20260531
MEXC,KLACSTOCK_USDT,KLACSTOCK,USDT,USDT,100.0,8.0,0.01,2026-05-31 22:09:58.768631,20260531
MEXC,RPL_USDT,RPL,USDT,USDT,20.0,4.0,0.001,2026-05-31 22:09:58.768631,20260531
MEXC,BOME_USDC,BOME,USDC,USDC,125.0,4.0,1e-07,2026-05-31 22:09:58.768631,20260531
MEXC,ETHFI_USDC,ETHFI,USDC,USDC,50.0,4.0,0.0001,2026-05-31 22:09:58.768631,20260531
MEXC,FIL_USDC,FIL,USDC,USDC,50.0,8.0,0.001,2026-05-31 22:09:58.768631,20260531
MEXC,ETC_USDC,ETC,USDC,USDC,125.0,8.0,0.001,2026-05-31 22:09:58.768631,20260531
MEXC,DOT_USDC,DOT,USDC,USDC,125.0,8.0,0.001,2026-05-31 22:09:58.768631,20260531
MEXC,GBP_USDT,GBP,USDT,USDT,100.0,4.0,0.0001,2026-05-31 22:09:58.768631,20260531
MEXC,CHF_USDT,CHF,USDT,USDT,100.0,4.0,0.0001,2026-05-31 22:09:58.768631,20260531
MEXC,AAVE_USDC,AAVE,USDC,USDC,125.0,8.0,0.01,2026-05-31 22:09:58.768631,20260531
MEXC,NOT_USDC,NOT,USDC,USDC,125.0,4.0,1e-07,2026-05-31 22:09:58.768631,20260531
MEXC,AEVO_USDC,AEVO,USDC,USDC,125.0,4.0,1e-05,2026-05-31 22:09:58.768631,20260531
MEXC,MNT_USDC,MNT,USDC,USDC,125.0,8.0,0.0001,2026-05-31 22:09:58.768631,20260531
MEXC,TRX_USDC,TRX,USDC,USDC,125.0,8.0,1e-05,2026-05-31 22:09:58.768631,20260531
MEXC,BIO_USDC,BIO,USDC,USDC,20.0,4.0,1e-05,2026-05-31 22:09:58.768631,20260531
MEXC,UNHSTOCK_USDT,UNHSTOCK,USDT,USDT,100.0,8.0,0.01,2026-05-31 22:09:58.768631,20260531
MEXC,CVXSTOCK_USDT,CVXSTOCK,USDT,USDT,50.0,8.0,0.01,2026-05-31 22:09:58.768631,20260531
MEXC,SBUXSTOCK_USDT,SBUXSTOCK,USDT,USDT,20.0,8.0,0.01,2026-05-31 22:09:58.768631,20260531
MEXC,BESTOCK_USDT,BESTOCK,USDT,USDT,20.0,8.0,0.01,2026-05-31 22:09:58.768631,20260531
MEXC,BAR_USDT,BAR,USDT,USDT,100.0,8.0,0.001,2026-05-31 22:09:58.768631,20260531
MEXC,TRUMP_USDC,TRUMP,USDC,USDC,125.0,4.0,0.001,2026-05-31 22:09:58.768631,20260531
MEXC,PNUT_USDC,PNUT,USDC,USDC,125.0,4.0,1e-05,2026-05-31 22:09:58.768631,20260531
MEXC,CVNASTOCK_USDT,CVNASTOCK,USDT,USDT,50.0,8.0,0.01,2026-05-31 22:09:58.768631,20260531
MEXC,SPX_USDC,SPX,USDC,USDC,125.0,4.0,0.0001,2026-05-31 22:09:58.768631,20260531
MEXC,SAHARA_USDC,SAHARA,USDC,USDC,50.0,4.0,1e-05,2026-05-31 22:09:58.768631,20260531
MEXC,PUMPFUN_USDC,PUMPFUN,USDC,USDC,125.0,4.0,1e-06,2026-05-31 22:09:58.768631,20260531
MEXC,WLFI_USDC,WLFI,USDC,USDC,125.0,4.0,0.0001,2026-05-31 22:09:58.768631,20260531
MEXC,GESTOCK_USDT,GESTOCK,USDT,USDT,50.0,8.0,0.01,2026-05-31 22:09:58.768631,20260531
MEXC,VZSTOCK_USDT,VZSTOCK,USDT,USDT,50.0,8.0,0.01,2026-05-31 22:09:58.768631,20260531
MEXC,CSTOCK_USDT,CSTOCK,USDT,USDT,50.0,8.0,0.01,2026-05-31 22:09:58.768631,20260531
MEXC,WFCSTOCK_USDT,WFCSTOCK,USDT,USDT,50.0,8.0,0.01,2026-05-31 22:09:58.768631,20260531
MEXC,USOIL_USD1,USOIL,USD1,USD1,100.0,4.0,0.01,2026-05-31 22:09:58.768631,20260531
MEXC,TRX_USD1,TRX,USD1,USD1,50.0,8.0,0.0001,2026-05-31 22:09:58.768631,20260531
MEXC,ADA_USD1,ADA,USD1,USD1,50.0,8.0,0.0001,2026-05-31 22:09:58.768631,20260531
MEXC,LTC_USD1,LTC,USD1,USD1,50.0,8.0,0.01,2026-05-31 22:09:58.768631,20260531
MEXC,NEAR_USD1,NEAR,USD1,USD1,50.0,8.0,0.001,2026-05-31 22:09:58.768631,20260531
MEXC,TON_USD1,TON,USD1,USD1,50.0,4.0,0.0001,2026-05-31 22:09:58.768631,20260531
MEXC,LFI_USDT,LFI,USDT,USDT,20.0,4.0,1e-08,2026-05-31 22:09:58.768631,20260531
MEXC,MAXXING_USDT,MAXXING,USDT,USDT,20.0,4.0,1e-06,2026-05-31 22:09:58.768631,20260531
MEXC,NEO_USDC,NEO,USDC,USDC,50.0,8.0,0.001,2026-05-31 22:09:58.768631,20260531
MEXC,KAITO_USDC,KAITO,USDC,USDC,50.0,4.0,0.0001,2026-05-31 22:09:58.768631,20260531
MEXC,EIGEN_USDC,EIGEN,USDC,USDC,125.0,8.0,0.0001,2026-05-31 22:09:58.768631,20260531
MEXC,MOODENG_USDC,MOODENG,USDC,USDC,50.0,4.0,1e-05,2026-05-31 22:09:58.768631,20260531
MEXC,RESOLV_USDC,RESOLV,USDC,USDC,50.0,4.0,1e-05,2026-05-31 22:09:58.768631,20260531
MEXC,USDUC_USDT,USDUC,USDT,USDT,20.0,4.0,1e-05,2026-05-31 22:09:58.768631,20260531
MEXC,PAXG_USDC,PAXG,USDC,USDC,100.0,4.0,0.01,2026-05-31 22:09:58.768631,20260531
MEXC,SUI_USD1,SUI,USD1,USD1,50.0,8.0,0.0001,2026-05-31 22:09:58.768631,20260531
MEXC,XRP_USD1,XRP,USD1,USD1,100.0,8.0,0.0001,2026-05-31 22:09:58.768631,20260531
MEXC,DOGE_USD1,DOGE,USD1,USD1,50.0,8.0,1e-05,2026-05-31 22:09:58.768631,20260531
MEXC,AAVE_USD1,AAVE,USD1,USD1,50.0,8.0,0.01,2026-05-31 22:09:58.768631,20260531
MEXC,PEPE_USD1,PEPE,USD1,USD1,50.0,8.0,1e-08,2026-05-31 22:09:58.768631,20260531
MEXC,ASTER_USD1,ASTER,USD1,USD1,50.0,8.0,0.001,2026-05-31 22:09:58.768631,20260531
MEXC,UKOIL_USD1,UKOIL,USD1,USD1,100.0,4.0,0.01,2026-05-31 22:09:58.768631,20260531
MEXC,AVAX_USD1,AVAX,USD1,USD1,50.0,8.0,0.001,2026-05-31 22:09:58.768631,20260531
MEXC,WLFI_USD1,WLFI,USD1,USD1,50.0,8.0,0.0001,2026-05-31 22:09:58.768631,20260531
MEXC,ARB_USD1,ARB,USD1,USD1,50.0,8.0,0.0001,2026-05-31 22:09:58.768631,20260531
MEXC,ENA_USD1,ENA,USD1,USD1,50.0,4.0,1e-05,2026-05-31 22:09:58.768631,20260531
MEXC,DOT_USD1,DOT,USD1,USD1,50.0,8.0,0.001,2026-05-31 22:09:58.768631,20260531
MEXC,IP_USDC,IP,USDC,USDC,50.0,4.0,0.0001,2026-05-31 22:09:58.768631,20260531
MEXC,NEIROCTO_USDC,NEIROCTO,USDC,USDC,125.0,4.0,1e-08,2026-05-31 22:09:58.768631,20260531
MEXC,LINK_USD1,LINK,USD1,USD1,50.0,8.0,0.001,2026-05-31 22:09:58.768631,20260531
MEXC,POPCAT_USDC,POPCAT,USDC,USDC,125.0,8.0,0.0001,2026-05-31 22:09:58.768631,20260531
MEXC,CAD_USDT,CAD,USDT,USDT,100.0,4.0,0.0001,2026-05-31 22:09:58.768631,20260531
MEXC,BCH_USD1,BCH,USD1,USD1,50.0,8.0,0.1,2026-05-31 22:09:58.768631,20260531
MEXC,UNI_USD1,UNI,USD1,USD1,50.0,8.0,0.001,2026-05-31 22:09:58.768631,20260531
MEXC,SILVER_USD1,SILVER,USD1,USD1,100.0,4.0,0.01,2026-05-31 22:09:58.768631,20260531
OKX,BTC-USD-SWAP,BTC,USD,BTC,100.0,8.0,0.1,2026-05-31 22:09:58.768631,20260531
OKX,ETH-USD-SWAP,ETH,USD,ETH,100.0,8.0,0.01,2026-05-31 22:09:58.768631,20260531
OKX,SOL-USD-SWAP,SOL,USD,SOL,50.0,8.0,0.01,2026-05-31 22:09:58.768631,20260531
OKX,DOGE-USD-SWAP,DOGE,USD,DOGE,50.0,8.0,1e-05,2026-05-31 22:09:58.768631,20260531
OKX,XRP-USD-SWAP,XRP,USD,XRP,50.0,8.0,0.0001,2026-05-31 22:09:58.768631,20260531
OKX,BCH-USD-SWAP,BCH,USD,BCH,20.0,8.0,0.1,2026-05-31 22:09:58.768631,20260531
OKX,ADA-USD-SWAP,ADA,USD,ADA,20.0,8.0,0.0001,2026-05-31 22:09:58.768631,20260531
OKX,AVAX-USD-SWAP,AVAX,USD,AVAX,20.0,8.0,0.001,2026-05-31 22:09:58.768631,20260531
OKX,DOT-USD-SWAP,DOT,USD,DOT,20.0,8.0,0.001,2026-05-31 22:09:58.768631,20260531
OKX,ETC-USD-SWAP,ETC,USD,ETC,20.0,8.0,0.001,2026-05-31 22:09:58.768631,20260531
OKX,FIL-USD-SWAP,FIL,USD,FIL,50.0,8.0,0.0001,2026-05-31 22:09:58.768631,20260531
OKX,LINK-USD-SWAP,LINK,USD,LINK,50.0,8.0,0.001,2026-05-31 22:09:58.768631,20260531
OKX,LTC-USD-SWAP,LTC,USD,LTC,50.0,8.0,0.01,2026-05-31 22:09:58.768631,20260531
OKX,SUI-USD-SWAP,SUI,USD,SUI,20.0,8.0,0.0001,2026-05-31 22:09:58.768631,20260531
OKX,UNI-USD-SWAP,UNI,USD,UNI,20.0,8.0,0.001,2026-05-31 22:09:58.768631,20260531
OKX,BTC-USDT-SWAP,BTC,USDT,USDT,100.0,8.0,0.1,2026-05-31 22:09:58.768631,20260531
OKX,ETH-USDT-SWAP,ETH,USDT,USDT,100.0,8.0,0.01,2026-05-31 22:09:58.768631,20260531
OKX,OKB-USDT-SWAP,OKB,USDT,USDT,20.0,4.0,0.01,2026-05-31 22:09:58.768631,20260531
OKX,SOL-USDT-SWAP,SOL,USDT,USDT,50.0,8.0,0.01,2026-05-31 22:09:58.768631,20260531
OKX,DOGE-USDT-SWAP,DOGE,USDT,USDT,50.0,8.0,1e-05,2026-05-31 22:09:58.768631,20260531
OKX,XRP-USDT-SWAP,XRP,USDT,USDT,50.0,8.0,0.001,2026-05-31 22:09:58.768631,20260531
OKX,BCH-USDT-SWAP,BCH,USDT,USDT,50.0,8.0,0.1,2026-05-31 22:09:58.768631,20260531
OKX,PUMP-USDT-SWAP,PUMP,USDT,USDT,50.0,4.0,1e-06,2026-05-31 22:09:58.768631,20260531
OKX,WLFI-USDT-SWAP,WLFI,USDT,USDT,50.0,4.0,1e-05,2026-05-31 22:09:58.768631,20260531
OKX,LINEA-USDT-SWAP,LINEA,USDT,USDT,50.0,4.0,1e-06,2026-05-31 22:09:58.768631,20260531
OKX,0G-USDT-SWAP,0G,USDT,USDT,20.0,4.0,0.0001,2026-05-31 22:09:58.768631,20260531
OKX,1INCH-USDT-SWAP,1INCH,USDT,USDT,20.0,8.0,1e-05,2026-05-31 22:09:58.768631,20260531
OKX,2Z-USDT-SWAP,2Z,USDT,USDT,20.0,4.0,1e-05,2026-05-31 22:09:58.768631,20260531
OKX,A-USDT-SWAP,A,USDT,USDT,20.0,4.0,1e-05,2026-05-31 22:09:58.768631,20260531
OKX,AAOI-USDT-SWAP,AAOI,USDT,USDT,10.0,8.0,0.1,2026-05-31 22:09:58.768631,20260531
OKX,AAPL-USDT-SWAP,AAPL,USDT,USDT,20.0,8.0,0.01,2026-05-31 22:09:58.768631,20260531
OKX,AAVE-USDT-SWAP,AAVE,USDT,USDT,50.0,8.0,0.01,2026-05-31 22:09:58.768631,20260531
OKX,ACH-USDT-SWAP,ACH,USDT,USDT,20.0,4.0,1e-06,2026-05-31 22:09:58.768631,20260531
OKX,ACT-USDT-SWAP,ACT,USDT,USDT,10.0,4.0,1e-05,2026-05-31 22:09:58.768631,20260531
OKX,ACU-USDT-SWAP,ACU,USDT,USDT,10.0,4.0,1e-05,2026-05-31 22:09:58.768631,20260531
OKX,ADA-USDT-SWAP,ADA,USDT,USDT,50.0,8.0,0.0001,2026-05-31 22:09:58.768631,20260531
OKX,AERO-USDT-SWAP,AERO,USDT,USDT,20.0,4.0,0.0001,2026-05-31 22:09:58.768631,20260531
OKX,AEVO-USDT-SWAP,AEVO,USDT,USDT,10.0,4.0,1e-05,2026-05-31 22:09:58.768631,20260531
OKX,AGLD-USDT-SWAP,AGLD,USDT,USDT,20.0,8.0,0.0001,2026-05-31 22:09:58.768631,20260531
OKX,AI-USDT-SWAP,AI,USDT,USDT,10.0,4.0,1e-05,2026-05-31 22:09:58.768631,20260531
OKX,AIXBT-USDT-SWAP,AIXBT,USDT,USDT,20.0,4.0,1e-05,2026-05-31 22:09:58.768631,20260531
OKX,ALGO-USDT-SWAP,ALGO,USDT,USDT,50.0,8.0,1e-05,2026-05-31 22:09:58.768631,20260531
OKX,ALLO-USDT-SWAP,ALLO,USDT,USDT,10.0,4.0,1e-05,2026-05-31 22:09:58.768631,20260531
OKX,AMAT-USDT-SWAP,AMAT,USDT,USDT,10.0,8.0,0.1,2026-05-31 22:09:58.768631,20260531
OKX,AMD-USDT-SWAP,AMD,USDT,USDT,20.0,8.0,0.01,2026-05-31 22:09:58.768631,20260531
OKX,AMZN-USDT-SWAP,AMZN,USDT,USDT,20.0,8.0,0.01,2026-05-31 22:09:58.768631,20260531
OKX,ANIME-USDT-SWAP,ANIME,USDT,USDT,20.0,4.0,1e-06,2026-05-31 22:09:58.768631,20260531
OKX,ANTHROPIC-USDT-SWAP,ANTHROPIC,USDT,USDT,5.0,8.0,0.1,2026-05-31 22:09:58.768631,20260531
OKX,APE-USDT-SWAP,APE,USDT,USDT,20.0,8.0,1e-05,2026-05-31 22:09:58.768631,20260531
OKX,API3-USDT-SWAP,API3,USDT,USDT,10.0,4.0,0.0001,2026-05-31 22:09:58.768631,20260531
OKX,APR-USDT-SWAP,APR,USDT,USDT,20.0,4.0,0.0001,2026-05-31 22:09:58.768631,20260531
OKX,APT-USDT-SWAP,APT,USDT,USDT,50.0,8.0,0.0001,2026-05-31 22:09:58.768631,20260531
OKX,AR-USDT-SWAP,AR,USDT,USDT,20.0,8.0,0.001,2026-05-31 22:09:58.768631,20260531
OKX,ARB-USDT-SWAP,ARB,USDT,USDT,50.0,8.0,1e-05,2026-05-31 22:09:58.768631,20260531
OKX,ARKM-USDT-SWAP,ARKM,USDT,USDT,20.0,8.0,1e-05,2026-05-31 22:09:58.768631,20260531
OKX,ARM-USDT-SWAP,ARM,USDT,USDT,5.0,8.0,0.1,2026-05-31 22:09:58.768631,20260531
OKX,ASTER-USDT-SWAP,ASTER,USDT,USDT,50.0,4.0,0.0001,2026-05-31 22:09:58.768631,20260531
OKX,AT-USDT-SWAP,AT,USDT,USDT,20.0,4.0,0.0001,2026-05-31 22:09:58.768631,20260531
OKX,ATH-USDT-SWAP,ATH,USDT,USDT,20.0,4.0,1e-06,2026-05-31 22:09:58.768631,20260531
OKX,ATOM-USDT-SWAP,ATOM,USDT,USDT,50.0,8.0,0.001,2026-05-31 22:09:58.768631,20260531
OKX,AUCTION-USDT-SWAP,AUCTION,USDT,USDT,20.0,4.0,0.001,2026-05-31 22:09:58.768631,20260531
OKX,AVAX-USDT-SWAP,AVAX,USDT,USDT,50.0,8.0,0.001,2026-05-31 22:09:58.768631,20260531
OKX,AVGO-USDT-SWAP,AVGO,USDT,USDT,20.0,8.0,0.1,2026-05-31 22:09:58.768631,20260531
OKX,AVNT-USDT-SWAP,AVNT,USDT,USDT,50.0,4.0,0.0001,2026-05-31 22:09:58.768631,20260531
OKX,AXS-USDT-SWAP,AXS,USDT,USDT,20.0,4.0,0.0001,2026-05-31 22:09:58.768631,20260531
OKX,AZTEC-USDT-SWAP,AZTEC,USDT,USDT,20.0,4.0,1e-05,2026-05-31 22:09:58.768631,20260531
OKX,BABY-USDT-SWAP,BABY,USDT,USDT,20.0,4.0,1e-05,2026-05-31 22:09:58.768631,20260531
OKX,BAND-USDT-SWAP,BAND,USDT,USDT,20.0,8.0,0.0001,2026-05-31 22:09:58.768631,20260531
OKX,BARD-USDT-SWAP,BARD,USDT,USDT,20.0,4.0,0.0001,2026-05-31 22:09:58.768631,20260531
OKX,BASED-USDT-SWAP,BASED,USDT,USDT,50.0,4.0,1e-05,2026-05-31 22:09:58.768631,20260531
OKX,BAT-USDT-SWAP,BAT,USDT,USDT,20.0,8.0,1e-05,2026-05-31 22:09:58.768631,20260531
OKX,BE-USDT-SWAP,BE,USDT,USDT,10.0,8.0,0.1,2026-05-31 22:09:58.768631,20260531
OKX,BEAT-USDT-SWAP,BEAT,USDT,USDT,20.0,4.0,0.0001,2026-05-31 22:09:58.768631,20260531
OKX,BERA-USDT-SWAP,BERA,USDT,USDT,20.0,4.0,0.0001,2026-05-31 22:09:58.768631,20260531
OKX,BICO-USDT-SWAP,BICO,USDT,USDT,10.0,8.0,1e-05,2026-05-31 22:09:58.768631,20260531
OKX,BIGTIME-USDT-SWAP,BIGTIME,USDT,USDT,20.0,4.0,1e-05,2026-05-31 22:09:58.768631,20260531
OKX,BILL-USDT-SWAP,BILL,USDT,USDT,20.0,4.0,1e-05,2026-05-31 22:09:58.768631,20260531
OKX,BIO-USDT-SWAP,BIO,USDT,USDT,20.0,4.0,1e-05,2026-05-31 22:09:58.768631,20260531
OKX,BLEND-USDT-SWAP,BLEND,USDT,USDT,20.0,4.0,1e-05,2026-05-31 22:09:58.768631,20260531
OKX,BLUR-USDT-SWAP,BLUR,USDT,USDT,20.0,4.0,1e-05,2026-05-31 22:09:58.768631,20260531
OKX,BMNR-USDT-SWAP,BMNR,USDT,USDT,10.0,8.0,0.01,2026-05-31 22:09:58.768631,20260531
OKX,BNB-USDT-SWAP,BNB,USDT,USDT,50.0,8.0,0.1,2026-05-31 22:09:58.768631,20260531
OKX,BOME-USDT-SWAP,BOME,USDT,USDT,20.0,4.0,1e-07,2026-05-31 22:09:58.768631,20260531
OKX,BONK-USDT-SWAP,BONK,USDT,USDT,20.0,8.0,1e-09,2026-05-31 22:09:58.768631,20260531
OKX,BRETT-USDT-SWAP,BRETT,USDT,USDT,10.0,4.0,1e-06,2026-05-31 22:09:58.768631,20260531
OKX,BREV-USDT-SWAP,BREV,USDT,USDT,20.0,4.0,0.0001,2026-05-31 22:09:58.768631,20260531
OKX,BSB-USDT-SWAP,BSB,USDT,USDT,20.0,4.0,0.0001,2026-05-31 22:09:58.768631,20260531
OKX,BZ-USDT-SWAP,BZ,USDT,USDT,50.0,4.0,0.01,2026-05-31 22:09:58.768631,20260531
OKX,CBRS-USDT-SWAP,CBRS,USDT,USDT,20.0,8.0,0.1,2026-05-31 22:09:58.768631,20260531
OKX,CC-USDT-SWAP,CC,USDT,USDT,20.0,4.0,0.0001,2026-05-31 22:09:58.768631,20260531
OKX,CELO-USDT-SWAP,CELO,USDT,USDT,20.0,8.0,1e-05,2026-05-31 22:09:58.768631,20260531
OKX,CFX-USDT-SWAP,CFX,USDT,USDT,20.0,8.0,1e-05,2026-05-31 22:09:58.768631,20260531
OKX,CHIP-USDT-SWAP,CHIP,USDT,USDT,20.0,4.0,1e-05,2026-05-31 22:09:58.768631,20260531
OKX,CHZ-USDT-SWAP,CHZ,USDT,USDT,50.0,8.0,1e-05,2026-05-31 22:09:58.768631,20260531
OKX,CL-USDT-SWAP,CL,USDT,USDT,50.0,4.0,0.01,2026-05-31 22:09:58.768631,20260531
OKX,COAI-USDT-SWAP,COAI,USDT,USDT,10.0,4.0,0.0001,2026-05-31 22:09:58.768631,20260531
OKX,COHR-USDT-SWAP,COHR,USDT,USDT,10.0,8.0,0.1,2026-05-31 22:09:58.768631,20260531
OKX,COIN-USDT-SWAP,COIN,USDT,USDT,20.0,8.0,0.01,2026-05-31 22:09:58.768631,20260531
OKX,COMP-USDT-SWAP,COMP,USDT,USDT,20.0,8.0,0.01,2026-05-31 22:09:58.768631,20260531
OKX,CORE-USDT-SWAP,CORE,USDT,USDT,20.0,8.0,1e-05,2026-05-31 22:09:58.768631,20260531
OKX,COST-USDT-SWAP,COST,USDT,USDT,20.0,8.0,0.1,2026-05-31 22:09:58.768631,20260531
OKX,CRCL-USDT-SWAP,CRCL,USDT,USDT,20.0,8.0,0.01,2026-05-31 22:09:58.768631,20260531
OKX,CRO-USDT-SWAP,CRO,USDT,USDT,20.0,8.0,1e-05,2026-05-31 22:09:58.768631,20260531
OKX,CRV-USDT-SWAP,CRV,USDT,USDT,50.0,8.0,0.0001,2026-05-31 22:09:58.768631,20260531
OKX,CRWV-USDT-SWAP,CRWV,USDT,USDT,20.0,8.0,0.01,2026-05-31 22:09:58.768631,20260531
OKX,CRWD-USDT-SWAP,CRWD,USDT,USDT,5.0,8.0,0.1,2026-05-31 22:09:58.768631,20260531
OKX,CSCO-USDT-SWAP,CSCO,USDT,USDT,20.0,8.0,0.1,2026-05-31 22:09:58.768631,20260531
OKX,CVX-USDT-SWAP,CVX,USDT,USDT,10.0,4.0,0.001,2026-05-31 22:09:58.769629,20260531
OKX,DASH-USDT-SWAP,DASH,USDT,USDT,50.0,4.0,0.01,2026-05-31 22:09:58.769629,20260531
OKX,DELL-USDT-SWAP,DELL,USDT,USDT,10.0,8.0,0.1,2026-05-31 22:09:58.769629,20260531
OKX,DOOD-USDT-SWAP,DOOD,USDT,USDT,20.0,4.0,1e-06,2026-05-31 22:09:58.769629,20260531
OKX,DOT-USDT-SWAP,DOT,USDT,USDT,50.0,8.0,0.001,2026-05-31 22:09:58.769629,20260531
OKX,DRAM-USDT-SWAP,DRAM,USDT,USDT,20.0,8.0,0.01,2026-05-31 22:09:58.769629,20260531
OKX,DYDX-USDT-SWAP,DYDX,USDT,USDT,20.0,8.0,1e-05,2026-05-31 22:09:58.769629,20260531
OKX,EDEN-USDT-SWAP,EDEN,USDT,USDT,10.0,4.0,1e-05,2026-05-31 22:09:58.769629,20260531
OKX,EDGE-USDT-SWAP,EDGE,USDT,USDT,20.0,4.0,0.0001,2026-05-31 22:09:58.769629,20260531
OKX,EGLD-USDT-SWAP,EGLD,USDT,USDT,20.0,8.0,0.001,2026-05-31 22:09:58.769629,20260531
OKX,EIGEN-USDT-SWAP,EIGEN,USDT,USDT,20.0,4.0,0.0001,2026-05-31 22:09:58.769629,20260531
OKX,ENA-USDT-SWAP,ENA,USDT,USDT,50.0,4.0,1e-05,2026-05-31 22:09:58.769629,20260531
OKX,ENJ-USDT-SWAP,ENJ,USDT,USDT,10.0,4.0,1e-05,2026-05-31 22:09:58.769629,20260531
OKX,ENS-USDT-SWAP,ENS,USDT,USDT,20.0,8.0,0.001,2026-05-31 22:09:58.769629,20260531
OKX,ENSO-USDT-SWAP,ENSO,USDT,USDT,50.0,4.0,0.0001,2026-05-31 22:09:58.769629,20260531
OKX,ESP-USDT-SWAP,ESP,USDT,USDT,20.0,4.0,1e-05,2026-05-31 22:09:58.769629,20260531
OKX,ETC-USDT-SWAP,ETC,USDT,USDT,50.0,8.0,0.001,2026-05-31 22:09:58.769629,20260531
OKX,ETHW-USDT-SWAP,ETHW,USDT,USDT,10.0,4.0,0.0001,2026-05-31 22:09:58.769629,20260531
OKX,ETHFI-USDT-SWAP,ETHFI,USDT,USDT,20.0,4.0,0.0001,2026-05-31 22:09:58.769629,20260531
OKX,EWJ-USDT-SWAP,EWJ,USDT,USDT,20.0,8.0,0.01,2026-05-31 22:09:58.769629,20260531
OKX,EWY-USDT-SWAP,EWY,USDT,USDT,20.0,8.0,0.01,2026-05-31 22:09:58.769629,20260531
OKX,F-USDT-SWAP,F,USDT,USDT,20.0,4.0,1e-06,2026-05-31 22:09:58.769629,20260531
OKX,FARTCOIN-USDT-SWAP,FARTCOIN,USDT,USDT,20.0,4.0,0.0001,2026-05-31 22:09:58.769629,20260531
OKX,FIL-USDT-SWAP,FIL,USDT,USDT,50.0,8.0,0.0001,2026-05-31 22:09:58.769629,20260531
OKX,FLOKI-USDT-SWAP,FLOKI,USDT,USDT,20.0,8.0,1e-08,2026-05-31 22:09:58.769629,20260531
OKX,FLOW-USDT-SWAP,FLOW,USDT,USDT,10.0,4.0,1e-05,2026-05-31 22:09:58.769629,20260531
OKX,FOGO-USDT-SWAP,FOGO,USDT,USDT,20.0,4.0,1e-05,2026-05-31 22:09:58.769629,20260531
OKX,GALA-USDT-SWAP,GALA,USDT,USDT,50.0,8.0,1e-06,2026-05-31 22:09:58.769629,20260531
OKX,GAS-USDT-SWAP,GAS,USDT,USDT,20.0,4.0,0.001,2026-05-31 22:09:58.769629,20260531
OKX,GEV-USDT-SWAP,GEV,USDT,USDT,5.0,8.0,1.0,2026-05-31 22:09:58.769629,20260531
OKX,GIGGLE-USDT-SWAP,GIGGLE,USDT,USDT,50.0,4.0,0.01,2026-05-31 22:09:58.769629,20260531
OKX,GLM-USDT-SWAP,GLM,USDT,USDT,20.0,4.0,0.0001,2026-05-31 22:09:58.769629,20260531
OKX,GLW-USDT-SWAP,GLW,USDT,USDT,10.0,8.0,0.1,2026-05-31 22:09:58.769629,20260531
OKX,GME-USDT-SWAP,GME,USDT,USDT,20.0,8.0,0.01,2026-05-31 22:09:58.769629,20260531
OKX,GMT-USDT-SWAP,GMT,USDT,USDT,20.0,4.0,1e-06,2026-05-31 22:09:58.769629,20260531
OKX,GMX-USDT-SWAP,GMX,USDT,USDT,20.0,8.0,0.001,2026-05-31 22:09:58.769629,20260531
OKX,GOOGL-USDT-SWAP,GOOGL,USDT,USDT,20.0,8.0,0.01,2026-05-31 22:09:58.769629,20260531
OKX,GPS-USDT-SWAP,GPS,USDT,USDT,20.0,4.0,1e-06,2026-05-31 22:09:58.769629,20260531
OKX,GRASS-USDT-SWAP,GRASS,USDT,USDT,20.0,4.0,0.0001,2026-05-31 22:09:58.769629,20260531
OKX,GRT-USDT-SWAP,GRT,USDT,USDT,20.0,8.0,1e-05,2026-05-31 22:09:58.769629,20260531
OKX,H-USDT-SWAP,H,USDT,USDT,20.0,4.0,1e-05,2026-05-31 22:09:58.769629,20260531
OKX,HBAR-USDT-SWAP,HBAR,USDT,USDT,50.0,8.0,1e-05,2026-05-31 22:09:58.769629,20260531
OKX,HIMS-USDT-SWAP,HIMS,USDT,USDT,10.0,8.0,0.01,2026-05-31 22:09:58.769629,20260531
OKX,HMSTR-USDT-SWAP,HMSTR,USDT,USDT,10.0,4.0,1e-07,2026-05-31 22:09:58.769629,20260531
OKX,HOME-USDT-SWAP,HOME,USDT,USDT,20.0,4.0,1e-05,2026-05-31 22:09:58.769629,20260531
OKX,HOOD-USDT-SWAP,HOOD,USDT,USDT,20.0,8.0,0.01,2026-05-31 22:09:58.769629,20260531
OKX,HUMA-USDT-SWAP,HUMA,USDT,USDT,20.0,4.0,1e-05,2026-05-31 22:09:58.769629,20260531
OKX,HYPE-USDT-SWAP,HYPE,USDT,USDT,50.0,8.0,0.01,2026-05-31 22:09:58.769629,20260531
OKX,IBM-USDT-SWAP,IBM,USDT,USDT,10.0,8.0,0.1,2026-05-31 22:09:58.769629,20260531
OKX,ICP-USDT-SWAP,ICP,USDT,USDT,50.0,8.0,0.001,2026-05-31 22:09:58.769629,20260531
OKX,ICX-USDT-SWAP,ICX,USDT,USDT,10.0,4.0,1e-05,2026-05-31 22:09:58.769629,20260531
OKX,IMX-USDT-SWAP,IMX,USDT,USDT,20.0,4.0,0.0001,2026-05-31 22:09:58.769629,20260531
OKX,INFQ-USDT-SWAP,INFQ,USDT,USDT,10.0,8.0,0.01,2026-05-31 22:09:58.769629,20260531
OKX,INIT-USDT-SWAP,INIT,USDT,USDT,10.0,4.0,1e-05,2026-05-31 22:09:58.769629,20260531
OKX,INJ-USDT-SWAP,INJ,USDT,USDT,50.0,8.0,0.001,2026-05-31 22:09:58.769629,20260531
OKX,INTC-USDT-SWAP,INTC,USDT,USDT,20.0,8.0,0.01,2026-05-31 22:09:58.769629,20260531
OKX,IOST-USDT-SWAP,IOST,USDT,USDT,10.0,8.0,1e-06,2026-05-31 22:09:58.769629,20260531
OKX,IOTA-USDT-SWAP,IOTA,USDT,USDT,20.0,8.0,1e-05,2026-05-31 22:09:58.769629,20260531
OKX,IP-USDT-SWAP,IP,USDT,USDT,20.0,4.0,0.0001,2026-05-31 22:09:58.769629,20260531
OKX,IRYS-USDT-SWAP,IRYS,USDT,USDT,20.0,4.0,1e-05,2026-05-31 22:09:58.769629,20260531
OKX,IWM-USDT-SWAP,IWM,USDT,USDT,20.0,8.0,0.01,2026-05-31 22:09:58.769629,20260531
OKX,JELLYJELLY-USDT-SWAP,JELLYJELLY,USDT,USDT,20.0,4.0,1e-05,2026-05-31 22:09:58.769629,20260531
OKX,JTO-USDT-SWAP,JTO,USDT,USDT,50.0,4.0,0.0001,2026-05-31 22:09:58.769629,20260531
OKX,JUP-USDT-SWAP,JUP,USDT,USDT,50.0,4.0,0.0001,2026-05-31 22:09:58.769629,20260531
OKX,KAITO-USDT-SWAP,KAITO,USDT,USDT,50.0,4.0,0.0001,2026-05-31 22:09:58.769629,20260531
OKX,KAT-USDT-SWAP,KAT,USDT,USDT,20.0,4.0,1e-06,2026-05-31 22:09:58.769629,20260531
OKX,KGEN-USDT-SWAP,KGEN,USDT,USDT,10.0,4.0,0.0001,2026-05-31 22:09:58.769629,20260531
OKX,KITE-USDT-SWAP,KITE,USDT,USDT,20.0,4.0,0.0001,2026-05-31 22:09:58.769629,20260531
OKX,KMNO-USDT-SWAP,KMNO,USDT,USDT,20.0,4.0,1e-05,2026-05-31 22:09:58.769629,20260531
OKX,KSM-USDT-SWAP,KSM,USDT,USDT,20.0,4.0,0.001,2026-05-31 22:09:58.769629,20260531
OKX,LA-USDT-SWAP,LA,USDT,USDT,20.0,4.0,0.0001,2026-05-31 22:09:58.769629,20260531
OKX,LAB-USDT-SWAP,LAB,USDT,USDT,20.0,4.0,0.0001,2026-05-31 22:09:58.769629,20260531
OKX,LAYER-USDT-SWAP,LAYER,USDT,USDT,20.0,4.0,1e-05,2026-05-31 22:09:58.769629,20260531
OKX,LDO-USDT-SWAP,LDO,USDT,USDT,50.0,8.0,0.0001,2026-05-31 22:09:58.769629,20260531
OKX,LIGHT-USDT-SWAP,LIGHT,USDT,USDT,20.0,4.0,0.0001,2026-05-31 22:09:58.769629,20260531
OKX,LINK-USDT-SWAP,LINK,USDT,USDT,50.0,8.0,0.001,2026-05-31 22:09:58.769629,20260531
OKX,LIT-USDT-SWAP,LIT,USDT,USDT,50.0,4.0,0.0001,2026-05-31 22:09:58.769629,20260531
OKX,LITE-USDT-SWAP,LITE,USDT,USDT,20.0,8.0,0.1,2026-05-31 22:09:58.769629,20260531
OKX,LLY-USDT-SWAP,LLY,USDT,USDT,20.0,8.0,0.1,2026-05-31 22:09:58.769629,20260531
OKX,LPT-USDT-SWAP,LPT,USDT,USDT,20.0,4.0,0.001,2026-05-31 22:09:58.769629,20260531
OKX,LQTY-USDT-SWAP,LQTY,USDT,USDT,10.0,8.0,0.0001,2026-05-31 22:09:58.769629,20260531
OKX,LRC-USDT-SWAP,LRC,USDT,USDT,20.0,4.0,1e-05,2026-05-31 22:09:58.769629,20260531
OKX,LTC-USDT-SWAP,LTC,USDT,USDT,50.0,8.0,0.01,2026-05-31 22:09:58.769629,20260531
OKX,LUNA-USDT-SWAP,LUNA,USDT,USDT,10.0,4.0,1e-05,2026-05-31 22:09:58.769629,20260531
OKX,MAGIC-USDT-SWAP,MAGIC,USDT,USDT,20.0,4.0,1e-05,2026-05-31 22:09:58.769629,20260531
OKX,MANA-USDT-SWAP,MANA,USDT,USDT,20.0,8.0,1e-05,2026-05-31 22:09:58.769629,20260531
OKX,MASK-USDT-SWAP,MASK,USDT,USDT,20.0,8.0,0.0001,2026-05-31 22:09:58.769629,20260531
OKX,ME-USDT-SWAP,ME,USDT,USDT,20.0,4.0,1e-05,2026-05-31 22:09:58.769629,20260531
OKX,MEGA-USDT-SWAP,MEGA,USDT,USDT,20.0,4.0,1e-05,2026-05-31 22:09:58.769629,20260531
OKX,MEME-USDT-SWAP,MEME,USDT,USDT,20.0,4.0,1e-07,2026-05-31 22:09:58.769629,20260531
OKX,MERL-USDT-SWAP,MERL,USDT,USDT,20.0,4.0,1e-05,2026-05-31 22:09:58.769629,20260531
OKX,METIS-USDT-SWAP,METIS,USDT,USDT,10.0,4.0,0.001,2026-05-31 22:09:58.769629,20260531
OKX,MET-USDT-SWAP,MET,USDT,USDT,20.0,4.0,0.0001,2026-05-31 22:09:58.769629,20260531
OKX,META-USDT-SWAP,META,USDT,USDT,20.0,8.0,0.01,2026-05-31 22:09:58.769629,20260531
OKX,MEW-USDT-SWAP,MEW,USDT,USDT,20.0,4.0,1e-07,2026-05-31 22:09:58.769629,20260531
OKX,MINA-USDT-SWAP,MINA,USDT,USDT,20.0,4.0,1e-05,2026-05-31 22:09:58.769629,20260531
OKX,MMT-USDT-SWAP,MMT,USDT,USDT,20.0,4.0,0.0001,2026-05-31 22:09:58.769629,20260531
OKX,MON-USDT-SWAP,MON,USDT,USDT,50.0,4.0,1e-05,2026-05-31 22:09:58.769629,20260531
OKX,MOODENG-USDT-SWAP,MOODENG,USDT,USDT,20.0,4.0,1e-05,2026-05-31 22:09:58.769629,20260531
OKX,MORPHO-USDT-SWAP,MORPHO,USDT,USDT,20.0,4.0,0.001,2026-05-31 22:09:58.769629,20260531
OKX,MOVE-USDT-SWAP,MOVE,USDT,USDT,20.0,4.0,1e-05,2026-05-31 22:09:58.769629,20260531
OKX,MRVL-USDT-SWAP,MRVL,USDT,USDT,20.0,8.0,0.1,2026-05-31 22:09:58.769629,20260531
OKX,MSFT-USDT-SWAP,MSFT,USDT,USDT,20.0,8.0,0.01,2026-05-31 22:09:58.769629,20260531
OKX,MSTR-USDT-SWAP,MSTR,USDT,USDT,20.0,8.0,0.01,2026-05-31 22:09:58.769629,20260531
OKX,MU-USDT-SWAP,MU,USDT,USDT,20.0,8.0,0.01,2026-05-31 22:09:58.769629,20260531
OKX,MUBARAK-USDT-SWAP,MUBARAK,USDT,USDT,10.0,4.0,1e-05,2026-05-31 22:09:58.769629,20260531
OKX,NBIS-USDT-SWAP,NBIS,USDT,USDT,10.0,8.0,0.1,2026-05-31 22:09:58.769629,20260531
OKX,NEAR-USDT-SWAP,NEAR,USDT,USDT,50.0,8.0,0.001,2026-05-31 22:09:58.769629,20260531
OKX,NEIRO-USDT-SWAP,NEIRO,USDT,USDT,20.0,4.0,1e-08,2026-05-31 22:09:58.769629,20260531
OKX,NEO-USDT-SWAP,NEO,USDT,USDT,20.0,8.0,0.001,2026-05-31 22:09:58.769629,20260531
OKX,NFLX-USDT-SWAP,NFLX,USDT,USDT,20.0,8.0,0.01,2026-05-31 22:09:58.769629,20260531
OKX,NG-USDT-SWAP,NG,USDT,USDT,50.0,8.0,0.001,2026-05-31 22:09:58.769629,20260531
OKX,NIGHT-USDT-SWAP,NIGHT,USDT,USDT,20.0,4.0,1e-05,2026-05-31 22:09:58.769629,20260531
OKX,NMR-USDT-SWAP,NMR,USDT,USDT,20.0,4.0,0.001,2026-05-31 22:09:58.769629,20260531
OKX,NOK-USDT-SWAP,NOK,USDT,USDT,10.0,8.0,0.01,2026-05-31 22:09:58.769629,20260531
OKX,NOT-USDT-SWAP,NOT,USDT,USDT,20.0,4.0,1e-07,2026-05-31 22:09:58.769629,20260531
OKX,NVDA-USDT-SWAP,NVDA,USDT,USDT,20.0,8.0,0.01,2026-05-31 22:09:58.769629,20260531
OKX,OFC-USDT-SWAP,OFC,USDT,USDT,20.0,4.0,1e-05,2026-05-31 22:09:58.769629,20260531
OKX,OL-USDT-SWAP,OL,USDT,USDT,10.0,4.0,1e-06,2026-05-31 22:09:58.769629,20260531
OKX,ONDO-USDT-SWAP,ONDO,USDT,USDT,50.0,4.0,0.0001,2026-05-31 22:09:58.769629,20260531
OKX,ONE-USDT-SWAP,ONE,USDT,USDT,10.0,8.0,1e-06,2026-05-31 22:09:58.769629,20260531
OKX,ONT-USDT-SWAP,ONT,USDT,USDT,20.0,4.0,1e-05,2026-05-31 22:09:58.769629,20260531
OKX,OP-USDT-SWAP,OP,USDT,USDT,50.0,8.0,0.0001,2026-05-31 22:09:58.769629,20260531
OKX,OPENAI-USDT-SWAP,OPENAI,USDT,USDT,5.0,8.0,0.1,2026-05-31 22:09:58.769629,20260531
OKX,OPG-USDT-SWAP,OPG,USDT,USDT,20.0,4.0,0.0001,2026-05-31 22:09:58.769629,20260531
OKX,OPN-USDT-SWAP,OPN,USDT,USDT,50.0,4.0,0.0001,2026-05-31 22:09:58.769629,20260531
OKX,ORCL-USDT-SWAP,ORCL,USDT,USDT,20.0,8.0,0.01,2026-05-31 22:09:58.769629,20260531
OKX,ORDI-USDT-SWAP,ORDI,USDT,USDT,20.0,4.0,0.001,2026-05-31 22:09:58.769629,20260531
OKX,ORDER-USDT-SWAP,ORDER,USDT,USDT,20.0,4.0,1e-05,2026-05-31 22:09:58.769629,20260531
OKX,PARTI-USDT-SWAP,PARTI,USDT,USDT,10.0,4.0,1e-05,2026-05-31 22:09:58.769629,20260531
OKX,PENGU-USDT-SWAP,PENGU,USDT,USDT,50.0,4.0,1e-06,2026-05-31 22:09:58.769629,20260531
OKX,PENDLE-USDT-SWAP,PENDLE,USDT,USDT,50.0,4.0,0.001,2026-05-31 22:09:58.769629,20260531
OKX,PEOPLE-USDT-SWAP,PEOPLE,USDT,USDT,20.0,8.0,1e-06,2026-05-31 22:09:58.769629,20260531
OKX,PEPE-USDT-SWAP,PEPE,USDT,USDT,50.0,8.0,1e-09,2026-05-31 22:09:58.769629,20260531
OKX,PIEVERSE-USDT-SWAP,PIEVERSE,USDT,USDT,20.0,4.0,0.0001,2026-05-31 22:09:58.769629,20260531
OKX,PIPPIN-USDT-SWAP,PIPPIN,USDT,USDT,20.0,4.0,1e-05,2026-05-31 22:09:58.769629,20260531
OKX,PLTR-USDT-SWAP,PLTR,USDT,USDT,20.0,8.0,0.01,2026-05-31 22:09:58.769629,20260531
OKX,PLUME-USDT-SWAP,PLUME,USDT,USDT,20.0,4.0,1e-06,2026-05-31 22:09:58.769629,20260531
OKX,PNUT-USDT-SWAP,PNUT,USDT,USDT,20.0,4.0,1e-05,2026-05-31 22:09:58.769629,20260531
OKX,POL-USDT-SWAP,POL,USDT,USDT,50.0,4.0,1e-05,2026-05-31 22:09:58.769629,20260531
OKX,POPCAT-USDT-SWAP,POPCAT,USDT,USDT,20.0,4.0,1e-05,2026-05-31 22:09:58.769629,20260531
OKX,PROVE-USDT-SWAP,PROVE,USDT,USDT,20.0,4.0,0.0001,2026-05-31 22:09:58.769629,20260531
OKX,PROS-USDT-SWAP,PROS,USDT,USDT,20.0,4.0,0.0001,2026-05-31 22:09:58.769629,20260531
OKX,PYTH-USDT-SWAP,PYTH,USDT,USDT,50.0,4.0,1e-05,2026-05-31 22:09:58.769629,20260531
OKX,QCOM-USDT-SWAP,QCOM,USDT,USDT,20.0,8.0,0.1,2026-05-31 22:09:58.769629,20260531
OKX,QQQ-USDT-SWAP,QQQ,USDT,USDT,20.0,8.0,0.01,2026-05-31 22:09:58.769629,20260531
OKX,QTUM-USDT-SWAP,QTUM,USDT,USDT,20.0,4.0,0.0001,2026-05-31 22:09:58.769629,20260531
OKX,RAVE-USDT-SWAP,RAVE,USDT,USDT,20.0,4.0,0.0001,2026-05-31 22:09:58.769629,20260531
OKX,RAY-USDT-SWAP,RAY,USDT,USDT,20.0,8.0,0.0001,2026-05-31 22:09:58.769629,20260531
OKX,RECALL-USDT-SWAP,RECALL,USDT,USDT,10.0,4.0,1e-05,2026-05-31 22:09:58.769629,20260531
OKX,RENDER-USDT-SWAP,RENDER,USDT,USDT,20.0,4.0,0.001,2026-05-31 22:09:58.769629,20260531
OKX,RESOLV-USDT-SWAP,RESOLV,USDT,USDT,20.0,4.0,1e-05,2026-05-31 22:09:58.769629,20260531
OKX,RIVER-USDT-SWAP,RIVER,USDT,USDT,20.0,4.0,0.001,2026-05-31 22:09:58.769629,20260531
OKX,RKLB-USDT-SWAP,RKLB,USDT,USDT,20.0,8.0,0.1,2026-05-31 22:09:58.769629,20260531
OKX,RLS-USDT-SWAP,RLS,USDT,USDT,10.0,4.0,1e-06,2026-05-31 22:09:58.769629,20260531
OKX,ROBO-USDT-SWAP,ROBO,USDT,USDT,20.0,4.0,1e-05,2026-05-31 22:09:58.769629,20260531
OKX,RSR-USDT-SWAP,RSR,USDT,USDT,20.0,8.0,1e-06,2026-05-31 22:09:58.769629,20260531
OKX,RVN-USDT-SWAP,RVN,USDT,USDT,20.0,8.0,1e-06,2026-05-31 22:09:58.769629,20260531
OKX,S-USDT-SWAP,S,USDT,USDT,20.0,4.0,1e-05,2026-05-31 22:09:58.769629,20260531
OKX,SAHARA-USDT-SWAP,SAHARA,USDT,USDT,20.0,4.0,1e-05,2026-05-31 22:09:58.769629,20260531
OKX,SAND-USDT-SWAP,SAND,USDT,USDT,50.0,8.0,1e-05,2026-05-31 22:09:58.769629,20260531
OKX,SAPIEN-USDT-SWAP,SAPIEN,USDT,USDT,10.0,4.0,1e-05,2026-05-31 22:09:58.769629,20260531
OKX,SATS-USDT-SWAP,SATS,USDT,USDT,10.0,8.0,1e-11,2026-05-31 22:09:58.769629,20260531
OKX,SEI-USDT-SWAP,SEI,USDT,USDT,50.0,4.0,1e-05,2026-05-31 22:09:58.769629,20260531
OKX,SENT-USDT-SWAP,SENT,USDT,USDT,50.0,4.0,1e-05,2026-05-31 22:09:58.769629,20260531
OKX,SHELL-USDT-SWAP,SHELL,USDT,USDT,10.0,4.0,1e-05,2026-05-31 22:09:58.769629,20260531
OKX,SHIB-USDT-SWAP,SHIB,USDT,USDT,50.0,8.0,1e-09,2026-05-31 22:09:58.769629,20260531
OKX,SHLD-USDT-SWAP,SHLD,USDT,USDT,10.0,8.0,0.01,2026-05-31 22:09:58.769629,20260531
OKX,SIGN-USDT-SWAP,SIGN,USDT,USDT,20.0,4.0,1e-05,2026-05-31 22:09:58.769629,20260531
OKX,SKY-USDT-SWAP,SKY,USDT,USDT,20.0,4.0,1e-05,2026-05-31 22:09:58.769629,20260531
OKX,SNDK-USDT-SWAP,SNDK,USDT,USDT,20.0,8.0,0.1,2026-05-31 22:09:58.769629,20260531
OKX,SNX-USDT-SWAP,SNX,USDT,USDT,20.0,8.0,0.0001,2026-05-31 22:09:58.769629,20260531
OKX,SOON-USDT-SWAP,SOON,USDT,USDT,20.0,4.0,0.0001,2026-05-31 22:09:58.769629,20260531
OKX,SOPH-USDT-SWAP,SOPH,USDT,USDT,20.0,4.0,1e-06,2026-05-31 22:09:58.769629,20260531
OKX,SOXL-USDT-SWAP,SOXL,USDT,USDT,10.0,8.0,0.1,2026-05-31 22:09:58.769629,20260531
OKX,SPACE-USDT-SWAP,SPACE,USDT,USDT,20.0,4.0,1e-06,2026-05-31 22:09:58.769629,20260531
OKX,SPACEX-USDT-SWAP,SPACEX,USDT,USDT,20.0,8.0,0.1,2026-05-31 22:09:58.769629,20260531
OKX,SPK-USDT-SWAP,SPK,USDT,USDT,20.0,4.0,1e-05,2026-05-31 22:09:58.769629,20260531
OKX,SPX-USDT-SWAP,SPX,USDT,USDT,20.0,4.0,0.0001,2026-05-31 22:09:58.769629,20260531
OKX,SPY-USDT-SWAP,SPY,USDT,USDT,20.0,8.0,0.01,2026-05-31 22:09:58.769629,20260531
OKX,SSV-USDT-SWAP,SSV,USDT,USDT,20.0,8.0,0.001,2026-05-31 22:09:58.769629,20260531
OKX,STABLE-USDT-SWAP,STABLE,USDT,USDT,20.0,4.0,1e-05,2026-05-31 22:09:58.769629,20260531
OKX,STRK-USDT-SWAP,STRK,USDT,USDT,50.0,4.0,1e-05,2026-05-31 22:09:58.769629,20260531
OKX,STX-USDT-SWAP,STX,USDT,USDT,20.0,8.0,0.0001,2026-05-31 22:09:58.769629,20260531
OKX,SUI-USDT-SWAP,SUI,USDT,USDT,50.0,8.0,0.0001,2026-05-31 22:09:58.769629,20260531
OKX,SUSHI-USDT-SWAP,SUSHI,USDT,USDT,50.0,8.0,0.0001,2026-05-31 22:09:58.769629,20260531
OKX,SYRUP-USDT-SWAP,SYRUP,USDT,USDT,20.0,4.0,0.0001,2026-05-31 22:09:58.769629,20260531
OKX,TAO-USDT-SWAP,TAO,USDT,USDT,50.0,8.0,0.1,2026-05-31 22:09:58.769629,20260531
OKX,THETA-USDT-SWAP,THETA,USDT,USDT,20.0,8.0,0.0001,2026-05-31 22:09:58.769629,20260531
OKX,TIA-USDT-SWAP,TIA,USDT,USDT,50.0,4.0,0.0001,2026-05-31 22:09:58.769629,20260531
OKX,TON-USDT-SWAP,TON,USDT,USDT,50.0,8.0,0.001,2026-05-31 22:09:58.769629,20260531
OKX,TRB-USDT-SWAP,TRB,USDT,USDT,20.0,4.0,0.01,2026-05-31 22:09:58.769629,20260531
OKX,TRIA-USDT-SWAP,TRIA,USDT,USDT,20.0,4.0,1e-05,2026-05-31 22:09:58.769629,20260531
OKX,TRUMP-USDT-SWAP,TRUMP,USDT,USDT,50.0,4.0,0.001,2026-05-31 22:09:58.769629,20260531
OKX,TRUST-USDT-SWAP,TRUST,USDT,USDT,10.0,4.0,1e-05,2026-05-31 22:09:58.769629,20260531
OKX,TRUTH-USDT-SWAP,TRUTH,USDT,USDT,10.0,4.0,1e-06,2026-05-31 22:09:58.769629,20260531
OKX,TRX-USDT-SWAP,TRX,USDT,USDT,50.0,8.0,0.0001,2026-05-31 22:09:58.769629,20260531
OKX,TSLA-USDT-SWAP,TSLA,USDT,USDT,20.0,8.0,0.01,2026-05-31 22:09:58.769629,20260531
OKX,TSM-USDT-SWAP,TSM,USDT,USDT,20.0,8.0,0.01,2026-05-31 22:09:58.769629,20260531
OKX,TURBO-USDT-SWAP,TURBO,USDT,USDT,20.0,4.0,1e-07,2026-05-31 22:09:58.769629,20260531
OKX,UB-USDT-SWAP,UB,USDT,USDT,20.0,4.0,1e-05,2026-05-31 22:09:58.769629,20260531
OKX,UMA-USDT-SWAP,UMA,USDT,USDT,20.0,4.0,0.0001,2026-05-31 22:09:58.769629,20260531
OKX,UNI-USDT-SWAP,UNI,USDT,USDT,50.0,8.0,0.001,2026-05-31 22:09:58.769629,20260531
OKX,UP-USDT-SWAP,UP,USDT,USDT,20.0,4.0,0.0001,2026-05-31 22:09:58.769629,20260531
OKX,URNM-USDT-SWAP,URNM,USDT,USDT,10.0,8.0,0.01,2026-05-31 22:09:58.769629,20260531
OKX,USAR-USDT-SWAP,USAR,USDT,USDT,20.0,8.0,0.01,2026-05-31 22:09:58.769629,20260531
OKX,USDC-USDT-SWAP,USDC,USDT,USDT,50.0,8.0,1e-06,2026-05-31 22:09:58.769629,20260531
OKX,USELESS-USDT-SWAP,USELESS,USDT,USDT,20.0,4.0,1e-05,2026-05-31 22:09:58.769629,20260531
OKX,USO-USDT-SWAP,USO,USDT,USDT,20.0,8.0,0.1,2026-05-31 22:09:58.769629,20260531
OKX,VANA-USDT-SWAP,VANA,USDT,USDT,20.0,4.0,0.001,2026-05-31 22:09:58.769629,20260531
OKX,VIRTUAL-USDT-SWAP,VIRTUAL,USDT,USDT,20.0,4.0,0.0001,2026-05-31 22:09:58.769629,20260531
OKX,VRT-USDT-SWAP,VRT,USDT,USDT,10.0,8.0,0.1,2026-05-31 22:09:58.769629,20260531
OKX,W-USDT-SWAP,W,USDT,USDT,20.0,4.0,1e-05,2026-05-31 22:09:58.769629,20260531
OKX,WAL-USDT-SWAP,WAL,USDT,USDT,10.0,4.0,1e-05,2026-05-31 22:09:58.769629,20260531
OKX,WCT-USDT-SWAP,WCT,USDT,USDT,20.0,4.0,1e-05,2026-05-31 22:09:58.769629,20260531
OKX,WDC-USDT-SWAP,WDC,USDT,USDT,10.0,8.0,0.1,2026-05-31 22:09:58.769629,20260531
OKX,WET-USDT-SWAP,WET,USDT,USDT,20.0,4.0,1e-05,2026-05-31 22:09:58.769629,20260531
OKX,WIF-USDT-SWAP,WIF,USDT,USDT,50.0,4.0,0.0001,2026-05-31 22:09:58.769629,20260531
OKX,WLD-USDT-SWAP,WLD,USDT,USDT,50.0,8.0,0.0001,2026-05-31 22:09:58.769629,20260531
OKX,WOO-USDT-SWAP,WOO,USDT,USDT,10.0,8.0,1e-05,2026-05-31 22:09:58.769629,20260531
OKX,XAG-USDT-SWAP,XAG,USDT,USDT,50.0,8.0,0.01,2026-05-31 22:09:58.769629,20260531
OKX,XAU-USDT-SWAP,XAU,USDT,USDT,100.0,8.0,0.1,2026-05-31 22:09:58.769629,20260531
OKX,XCU-USDT-SWAP,XCU,USDT,USDT,50.0,8.0,0.0001,2026-05-31 22:09:58.769629,20260531
OKX,XLE-USDT-SWAP,XLE,USDT,USDT,20.0,8.0,0.01,2026-05-31 22:09:58.769629,20260531
OKX,XLM-USDT-SWAP,XLM,USDT,USDT,50.0,8.0,0.0001,2026-05-31 22:09:58.769629,20260531
OKX,XPL-USDT-SWAP,XPL,USDT,USDT,50.0,4.0,1e-05,2026-05-31 22:09:58.769629,20260531
OKX,XPT-USDT-SWAP,XPT,USDT,USDT,50.0,8.0,0.1,2026-05-31 22:09:58.769629,20260531
OKX,XTZ-USDT-SWAP,XTZ,USDT,USDT,50.0,8.0,0.0001,2026-05-31 22:09:58.769629,20260531
OKX,YB-USDT-SWAP,YB,USDT,USDT,20.0,4.0,1e-05,2026-05-31 22:09:58.769629,20260531
OKX,YFI-USDT-SWAP,YFI,USDT,USDT,20.0,8.0,1.0,2026-05-31 22:09:58.769629,20260531
OKX,YGG-USDT-SWAP,YGG,USDT,USDT,50.0,4.0,1e-05,2026-05-31 22:09:58.769629,20260531
OKX,ZAMA-USDT-SWAP,ZAMA,USDT,USDT,20.0,4.0,1e-05,2026-05-31 22:09:58.770626,20260531
OKX,ZBT-USDT-SWAP,ZBT,USDT,USDT,10.0,4.0,1e-05,2026-05-31 22:09:58.770626,20260531
OKX,ZEC-USDT-SWAP,ZEC,USDT,USDT,50.0,8.0,0.01,2026-05-31 22:09:58.770626,20260531
OKX,ZEN-USDT-SWAP,ZEN,USDT,USDT,50.0,4.0,0.001,2026-05-31 22:09:58.770626,20260531
OKX,ZETA-USDT-SWAP,ZETA,USDT,USDT,20.0,4.0,1e-05,2026-05-31 22:09:58.770626,20260531
OKX,ZIL-USDT-SWAP,ZIL,USDT,USDT,20.0,4.0,1e-06,2026-05-31 22:09:58.770626,20260531
OKX,ZK-USDT-SWAP,ZK,USDT,USDT,20.0,4.0,1e-05,2026-05-31 22:09:58.770626,20260531
OKX,ZKP-USDT-SWAP,ZKP,USDT,USDT,20.0,4.0,1e-05,2026-05-31 22:09:58.770626,20260531
OKX,ZORA-USDT-SWAP,ZORA,USDT,USDT,10.0,4.0,1e-05,2026-05-31 22:09:58.770626,20260531
OKX,ZRO-USDT-SWAP,ZRO,USDT,USDT,20.0,4.0,0.001,2026-05-31 22:09:58.770626,20260531
OKX,ZRX-USDT-SWAP,ZRX,USDT,USDT,20.0,4.0,1e-05,2026-05-31 22:09:58.770626,20260531
OKX,XPD-USDT-SWAP,XPD,USDT,USDT,50.0,8.0,0.1,2026-05-31 22:09:58.770626,20260531
OKX,BTC-USD-260605,BTC,USD,BTC,20.0,,0.1,2026-05-31 22:09:58.770626,20260531
OKX,BTC-USD-260612,BTC,USD,BTC,20.0,,0.1,2026-05-31 22:09:58.770626,20260531
OKX,BTC-USD-260626,BTC,USD,BTC,20.0,,0.1,2026-05-31 22:09:58.770626,20260531
OKX,BTC-USD-260731,BTC,USD,BTC,20.0,,0.1,2026-05-31 22:09:58.770626,20260531
OKX,BTC-USD-260925,BTC,USD,BTC,20.0,,0.1,2026-05-31 22:09:58.770626,20260531
OKX,BTC-USD-261225,BTC,USD,BTC,20.0,,0.1,2026-05-31 22:09:58.770626,20260531
OKX,BTC-USD_UM-260605,BTC,USD_UM,USD,20.0,,0.1,2026-05-31 22:09:58.770626,20260531
OKX,BTC-USD_UM-260612,BTC,USD_UM,USD,20.0,,0.1,2026-05-31 22:09:58.770626,20260531
OKX,BTC-USD_UM-260626,BTC,USD_UM,USD,20.0,,0.1,2026-05-31 22:09:58.770626,20260531
OKX,BTC-USD_UM-260925,BTC,USD_UM,USD,20.0,,0.1,2026-05-31 22:09:58.770626,20260531
OKX,ETH-USD-260605,ETH,USD,ETH,20.0,,0.01,2026-05-31 22:09:58.770626,20260531
OKX,ETH-USD-260612,ETH,USD,ETH,20.0,,0.01,2026-05-31 22:09:58.770626,20260531
OKX,ETH-USD-260626,ETH,USD,ETH,20.0,,0.01,2026-05-31 22:09:58.770626,20260531
OKX,ETH-USD-260731,ETH,USD,ETH,20.0,,0.01,2026-05-31 22:09:58.770626,20260531
OKX,ETH-USD-260925,ETH,USD,ETH,20.0,,0.01,2026-05-31 22:09:58.770626,20260531
OKX,ETH-USD-261225,ETH,USD,ETH,20.0,,0.01,2026-05-31 22:09:58.770626,20260531
OKX,XAU-USD_UM-260605,XAU,USD_UM,USD,10.0,,0.1,2026-05-31 22:09:58.770626,20260531
OKX,XAU-USD_UM-260612,XAU,USD_UM,USD,10.0,,0.1,2026-05-31 22:09:58.770626,20260531
OKX,XAU-USD_UM-260626,XAU,USD_UM,USD,10.0,,0.1,2026-05-31 22:09:58.770626,20260531
OKX,XAU-USD_UM-260925,XAU,USD_UM,USD,10.0,,0.1,2026-05-31 22:09:58.770626,20260531
OKX,BTC-USDT-260626,BTC,USDT,USDT,20.0,,0.1,2026-05-31 22:09:58.770626,20260531
OKX,ETH-USDT-260626,ETH,USDT,USDT,20.0,,0.01,2026-05-31 22:09:58.770626,20260531
Paradex,BZ-USD-PERP,BZ,USD,USDC,,8.0,0.01,2026-05-31 22:09:58.770626,20260531
Paradex,TRX-USD-PERP,TRX,USD,USDC,,8.0,1e-05,2026-05-31 22:09:58.770626,20260531
Paradex,XLM-USD-PERP,XLM,USD,USDC,,8.0,1e-05,2026-05-31 22:09:58.770626,20260531
Paradex,TON-USD-PERP,TON,USD,USDC,,8.0,0.0001,2026-05-31 22:09:58.770626,20260531
Paradex,TRUMP-USD-PERP,TRUMP,USD,USDC,,8.0,0.001,2026-05-31 22:09:58.770626,20260531
Paradex,WLD-USD-PERP,WLD,USD,USDC,,8.0,0.0001,2026-05-31 22:09:58.770626,20260531
Paradex,BCH-USD-PERP,BCH,USD,USDC,,8.0,0.01,2026-05-31 22:09:58.770626,20260531
Paradex,ADA-USD-PERP,ADA,USD,USDC,,8.0,0.0001,2026-05-31 22:09:58.770626,20260531
Paradex,PENDLE-USD-PERP,PENDLE,USD,USDC,,8.0,0.0001,2026-05-31 22:09:58.770626,20260531
Paradex,MON-USD-PERP,MON,USD,USDC,,8.0,1e-06,2026-05-31 22:09:58.770626,20260531
Paradex,SEI-USD-PERP,SEI,USD,USDC,,8.0,0.0001,2026-05-31 22:09:58.770626,20260531
Paradex,XPT-USD-PERP,XPT,USD,USDC,,8.0,0.1,2026-05-31 22:09:58.770626,20260531
Paradex,WLFI-USD-PERP,WLFI,USD,USDC,,8.0,0.0001,2026-05-31 22:09:58.770626,20260531
Paradex,MORPHO-USD-PERP,MORPHO,USD,USDC,,8.0,0.0001,2026-05-31 22:09:58.770626,20260531
Paradex,XCU-USD-PERP,XCU,USD,USDC,,8.0,0.0001,2026-05-31 22:09:58.770626,20260531
Paradex,NG-USD-PERP,NG,USD,USDC,,8.0,0.0001,2026-05-31 22:09:58.770626,20260531
Paradex,AVAX-USD-PERP,AVAX,USD,USDC,,8.0,0.001,2026-05-31 22:09:58.770626,20260531
Paradex,PENGU-USD-PERP,PENGU,USD,USDC,,8.0,1e-06,2026-05-31 22:09:58.770626,20260531
Paradex,ARB-USD-PERP,ARB,USD,USDC,,8.0,0.0001,2026-05-31 22:09:58.770626,20260531
Paradex,kBONK-USD-PERP,kBONK,USD,USDC,,8.0,1e-06,2026-05-31 22:09:58.770626,20260531
Paradex,PYTH-USD-PERP,PYTH,USD,USDC,,8.0,1e-05,2026-05-31 22:09:58.770626,20260531
Paradex,ZRO-USD-PERP,ZRO,USD,USDC,,8.0,0.0001,2026-05-31 22:09:58.770626,20260531
Paradex,RESOLV-USD-PERP,RESOLV,USD,USDC,,8.0,1e-05,2026-05-31 22:09:58.770626,20260531
Paradex,AXS-USD-PERP,AXS,USD,USDC,,8.0,0.0001,2026-05-31 22:09:58.770626,20260531
Paradex,ORDI-USD-PERP,ORDI,USD,USDC,,8.0,0.001,2026-05-31 22:09:58.770626,20260531
Paradex,DOGE-USD-PERP,DOGE,USD,USDC,,8.0,1e-05,2026-05-31 22:09:58.770626,20260531
Paradex,UNI-USD-PERP,UNI,USD,USDC,,8.0,0.001,2026-05-31 22:09:58.770626,20260531
Paradex,IP-USD-PERP,IP,USD,USDC,,8.0,0.001,2026-05-31 22:09:58.770626,20260531
Paradex,VIRTUAL-USD-PERP,VIRTUAL,USD,USDC,,8.0,0.0001,2026-05-31 22:09:58.770626,20260531
Paradex,kPEPE-USD-PERP,kPEPE,USD,USDC,,8.0,1e-06,2026-05-31 22:09:58.770626,20260531
Paradex,DOT-USD-PERP,DOT,USD,USDC,,8.0,0.0001,2026-05-31 22:09:58.770626,20260531
Paradex,INJ-USD-PERP,INJ,USD,USDC,,8.0,0.001,2026-05-31 22:09:58.770626,20260531
Paradex,BNB-USD-PERP,BNB,USD,USDC,,8.0,0.01,2026-05-31 22:09:58.770626,20260531
Paradex,TAO-USD-PERP,TAO,USD,USDC,,8.0,0.01,2026-05-31 22:09:58.770626,20260531
Paradex,FARTCOIN-USD-PERP,FARTCOIN,USD,USDC,,8.0,0.0001,2026-05-31 22:09:58.770626,20260531
Paradex,TIA-USD-PERP,TIA,USD,USDC,,8.0,0.0001,2026-05-31 22:09:58.770626,20260531
Paradex,HYPE-USD-PERP,HYPE,USD,USDC,,8.0,0.001,2026-05-31 22:09:58.770626,20260531
Paradex,CC-USD-PERP,CC,USD,USDC,,8.0,1e-05,2026-05-31 22:09:58.770626,20260531
Paradex,APT-USD-PERP,APT,USD,USDC,,8.0,0.0001,2026-05-31 22:09:58.770626,20260531
Paradex,LTC-USD-PERP,LTC,USD,USDC,,8.0,0.01,2026-05-31 22:09:58.770626,20260531
Paradex,XPL-USD-PERP,XPL,USD,USDC,,8.0,1e-05,2026-05-31 22:09:58.770626,20260531
Paradex,AAVE-USD-PERP,AAVE,USD,USDC,,8.0,0.01,2026-05-31 22:09:58.770626,20260531
Paradex,ZEC-USD-PERP,ZEC,USD,USDC,,8.0,0.001,2026-05-31 22:09:58.770626,20260531
Paradex,HYPER-USD-PERP,HYPER,USD,USDC,,8.0,0.0001,2026-05-31 22:09:58.770626,20260531
Paradex,ASTER-USD-PERP,ASTER,USD,USDC,,8.0,1e-05,2026-05-31 22:09:58.770626,20260531
Paradex,ONDO-USD-PERP,ONDO,USD,USDC,,8.0,0.0001,2026-05-31 22:09:58.770626,20260531
Paradex,OP-USD-PERP,OP,USD,USDC,,8.0,0.0001,2026-05-31 22:09:58.770626,20260531
Paradex,WIF-USD-PERP,WIF,USD,USDC,,8.0,0.0001,2026-05-31 22:09:58.770626,20260531
Paradex,SOL-USD-PERP,SOL,USD,USDC,,8.0,0.001,2026-05-31 22:09:58.770626,20260531
Paradex,XRP-USD-PERP,XRP,USD,USDC,,8.0,0.0001,2026-05-31 22:09:58.770626,20260531
Paradex,XMR-USD-PERP,XMR,USD,USDC,,8.0,0.01,2026-05-31 22:09:58.770626,20260531
Paradex,STRK-USD-PERP,STRK,USD,USDC,,8.0,0.0001,2026-05-31 22:09:58.770626,20260531
Paradex,LINK-USD-PERP,LINK,USD,USDC,,8.0,0.001,2026-05-31 22:09:58.770626,20260531
Paradex,LIT-USD-PERP,LIT,USD,USDC,,8.0,1e-05,2026-05-31 22:09:58.770626,20260531
Paradex,BERA-USD-PERP,BERA,USD,USDC,,8.0,0.001,2026-05-31 22:09:58.770626,20260531
Paradex,PUMP-USD-PERP,PUMP,USD,USDC,,8.0,1e-06,2026-05-31 22:09:58.770626,20260531
Paradex,AVNT-USD-PERP,AVNT,USD,USDC,,8.0,1e-05,2026-05-31 22:09:58.770626,20260531
Paradex,JUP-USD-PERP,JUP,USD,USDC,,8.0,0.0001,2026-05-31 22:09:58.770626,20260531
Paradex,KAITO-USD-PERP,KAITO,USD,USDC,,8.0,0.0001,2026-05-31 22:09:58.770626,20260531
Paradex,SUI-USD-PERP,SUI,USD,USDC,,8.0,0.0001,2026-05-31 22:09:58.770626,20260531
Paradex,ENA-USD-PERP,ENA,USD,USDC,,8.0,0.0001,2026-05-31 22:09:58.770626,20260531
Paradex,LDO-USD-PERP,LDO,USD,USDC,,8.0,0.0001,2026-05-31 22:09:58.770626,20260531
Paradex,FIL-USD-PERP,FIL,USD,USDC,,8.0,0.001,2026-05-31 22:09:58.770626,20260531
Paradex,CL-USD-PERP,CL,USD,USDC,,8.0,0.01,2026-05-31 22:09:58.770626,20260531
Paradex,ETHFI-USD-PERP,ETHFI,USD,USDC,,8.0,0.0001,2026-05-31 22:09:58.770626,20260531
Paradex,kSHIB-USD-PERP,kSHIB,USD,USDC,,8.0,1e-06,2026-05-31 22:09:58.770626,20260531
Paradex,PAXG-USD-PERP,PAXG,USD,USDC,,8.0,0.01,2026-05-31 22:09:58.770626,20260531
Paradex,BTC-USD-PERP,BTC,USD,USDC,,8.0,0.1,2026-05-31 22:09:58.770626,20260531
Paradex,NEAR-USD-PERP,NEAR,USD,USDC,,8.0,0.001,2026-05-31 22:09:58.770626,20260531
Paradex,ETH-USD-PERP,ETH,USD,USDC,,8.0,0.01,2026-05-31 22:09:58.770626,20260531
Paradex,XAG-USD-PERP,XAG,USD,USDC,,8.0,0.001,2026-05-31 22:09:58.770626,20260531
WhiteBIT,BTC_PERP,BTC,USDT,USDT,100.0,8.0,0.1,2026-05-31 22:09:58.770626,20260531
WhiteBIT,ADA_PERP,ADA,USDT,USDT,100.0,8.0,1e-06,2026-05-31 22:09:58.770626,20260531
WhiteBIT,SOL_PERP,SOL,USDT,USDT,100.0,8.0,0.0001,2026-05-31 22:09:58.770626,20260531
WhiteBIT,ETH_PERP,ETH,USDT,USDT,100.0,8.0,0.01,2026-05-31 22:09:58.770626,20260531
WhiteBIT,XRP_PERP,XRP,USDT,USDT,100.0,8.0,1e-05,2026-05-31 22:09:58.770626,20260531
WhiteBIT,DOT_PERP,DOT,USDT,USDT,100.0,8.0,0.0001,2026-05-31 22:09:58.770626,20260531
WhiteBIT,APE_PERP,APE,USDT,USDT,100.0,8.0,0.0001,2026-05-31 22:09:58.770626,20260531
WhiteBIT,ETC_PERP,ETC,USDT,USDT,100.0,8.0,0.0001,2026-05-31 22:09:58.770626,20260531
WhiteBIT,DOGE_PERP,DOGE,USDT,USDT,100.0,8.0,1e-06,2026-05-31 22:09:58.770626,20260531
WhiteBIT,TRX_PERP,TRX,USDT,USDT,100.0,8.0,1e-06,2026-05-31 22:09:58.770626,20260531
WhiteBIT,LTC_PERP,LTC,USDT,USDT,100.0,8.0,0.01,2026-05-31 22:09:58.770626,20260531
WhiteBIT,AVAX_PERP,AVAX,USDT,USDT,100.0,8.0,0.0001,2026-05-31 22:09:58.770626,20260531
WhiteBIT,SHIB_PERP,SHIB,USDT,USDT,50.0,8.0,1e-09,2026-05-31 22:09:58.770626,20260531
WhiteBIT,EGLD_PERP,EGLD,USDT,USDT,50.0,8.0,0.001,2026-05-31 22:09:58.770626,20260531
WhiteBIT,LINK_PERP,LINK,USDT,USDT,100.0,8.0,0.0001,2026-05-31 22:09:58.770626,20260531
WhiteBIT,APT_PERP,APT,USDT,USDT,100.0,8.0,0.0001,2026-05-31 22:09:58.770626,20260531
WhiteBIT,BCH_PERP,BCH,USDT,USDT,100.0,8.0,0.01,2026-05-31 22:09:58.770626,20260531
WhiteBIT,NEAR_PERP,NEAR,USDT,USDT,100.0,8.0,0.001,2026-05-31 22:09:58.770626,20260531
WhiteBIT,ATOM_PERP,ATOM,USDT,USDT,100.0,8.0,0.0001,2026-05-31 22:09:58.770626,20260531
WhiteBIT,FIL_PERP,FIL,USDT,USDT,100.0,8.0,0.001,2026-05-31 22:09:58.770626,20260531
WhiteBIT,XMR_PERP,XMR,USDT,USDT,100.0,8.0,0.01,2026-05-31 22:09:58.770626,20260531
WhiteBIT,XLM_PERP,XLM,USDT,USDT,50.0,8.0,1e-05,2026-05-31 22:09:58.770626,20260531
WhiteBIT,OP_PERP,OP,USDT,USDT,100.0,8.0,0.0001,2026-05-31 22:09:58.770626,20260531
WhiteBIT,ARB_PERP,ARB,USDT,USDT,100.0,8.0,0.0001,2026-05-31 22:09:58.770626,20260531
WhiteBIT,TRB_PERP,TRB,USDT,USDT,50.0,4.0,0.001,2026-05-31 22:09:58.770626,20260531
WhiteBIT,FET_PERP,FET,USDT,USDT,50.0,8.0,0.0001,2026-05-31 22:09:58.770626,20260531
WhiteBIT,BLUR_PERP,BLUR,USDT,USDT,50.0,4.0,1e-05,2026-05-31 22:09:58.770626,20260531
WhiteBIT,UNI_PERP,UNI,USDT,USDT,50.0,8.0,0.0001,2026-05-31 22:09:58.770626,20260531
WhiteBIT,AXS_PERP,AXS,USDT,USDT,50.0,4.0,0.0001,2026-05-31 22:09:58.770626,20260531
WhiteBIT,GRT_PERP,GRT,USDT,USDT,50.0,8.0,1e-05,2026-05-31 22:09:58.770626,20260531
WhiteBIT,SNX_PERP,SNX,USDT,USDT,50.0,8.0,0.0001,2026-05-31 22:09:58.770626,20260531
WhiteBIT,MANTA_PERP,MANTA,USDT,USDT,50.0,4.0,1e-05,2026-05-31 22:09:58.770626,20260531
WhiteBIT,TIA_PERP,TIA,USDT,USDT,50.0,4.0,0.0001,2026-05-31 22:09:58.770626,20260531
WhiteBIT,JUP_PERP,JUP,USDT,USDT,50.0,4.0,0.0001,2026-05-31 22:09:58.770626,20260531
WhiteBIT,ZETA_PERP,ZETA,USDT,USDT,50.0,4.0,1e-05,2026-05-31 22:09:58.770626,20260531
WhiteBIT,SUI_PERP,SUI,USDT,USDT,50.0,8.0,0.0001,2026-05-31 22:09:58.770626,20260531
WhiteBIT,STRK_PERP,STRK,USDT,USDT,50.0,4.0,1e-05,2026-05-31 22:09:58.770626,20260531
WhiteBIT,PIXEL_PERP,PIXEL,USDT,USDT,50.0,4.0,1e-06,2026-05-31 22:09:58.770626,20260531
WhiteBIT,ARKM_PERP,ARKM,USDT,USDT,50.0,4.0,0.0001,2026-05-31 22:09:58.770626,20260531
WhiteBIT,DYM_PERP,DYM,USDT,USDT,50.0,4.0,1e-05,2026-05-31 22:09:58.770626,20260531
WhiteBIT,ACE_PERP,ACE,USDT,USDT,50.0,4.0,0.0001,2026-05-31 22:09:58.770626,20260531
WhiteBIT,SEI_PERP,SEI,USDT,USDT,50.0,8.0,1e-05,2026-05-31 22:09:58.770626,20260531
WhiteBIT,PORTAL_PERP,PORTAL,USDT,USDT,50.0,4.0,1e-05,2026-05-31 22:09:58.770626,20260531
WhiteBIT,WIF_PERP,WIF,USDT,USDT,50.0,4.0,0.0001,2026-05-31 22:09:58.770626,20260531
WhiteBIT,CYBER_PERP,CYBER,USDT,USDT,50.0,4.0,0.0001,2026-05-31 22:09:58.770626,20260531
WhiteBIT,MEME_PERP,MEME,USDT,USDT,50.0,4.0,1e-07,2026-05-31 22:09:58.770626,20260531
WhiteBIT,WLD_PERP,WLD,USDT,USDT,50.0,8.0,0.0001,2026-05-31 22:09:58.770626,20260531
WhiteBIT,INJ_PERP,INJ,USDT,USDT,50.0,8.0,0.001,2026-05-31 22:09:58.770626,20260531
WhiteBIT,AEVO_PERP,AEVO,USDT,USDT,50.0,4.0,1e-05,2026-05-31 22:09:58.770626,20260531
WhiteBIT,TON_PERP,TON,USDT,USDT,50.0,4.0,0.0001,2026-05-31 22:09:58.770626,20260531
WhiteBIT,ORDI_PERP,ORDI,USDT,USDT,50.0,4.0,0.001,2026-05-31 22:09:58.770626,20260531
WhiteBIT,ETHFI_PERP,ETHFI,USDT,USDT,50.0,4.0,0.0001,2026-05-31 22:09:58.770626,20260531
WhiteBIT,BOME_PERP,BOME,USDT,USDT,50.0,4.0,1e-07,2026-05-31 22:09:58.770626,20260531
WhiteBIT,ICP_PERP,ICP,USDT,USDT,50.0,8.0,0.001,2026-05-31 22:09:58.770626,20260531
WhiteBIT,YGG_PERP,YGG,USDT,USDT,50.0,4.0,1e-05,2026-05-31 22:09:58.770626,20260531
WhiteBIT,ENA_PERP,ENA,USDT,USDT,50.0,4.0,0.0001,2026-05-31 22:09:58.770626,20260531
WhiteBIT,W_PERP,W,USDT,USDT,50.0,4.0,1e-05,2026-05-31 22:09:58.770626,20260531
WhiteBIT,T_PERP,T,USDT,USDT,50.0,4.0,1e-06,2026-05-31 22:09:58.770626,20260531
WhiteBIT,TNSR_PERP,TNSR,USDT,USDT,50.0,4.0,1e-05,2026-05-31 22:09:58.770626,20260531
WhiteBIT,SAGA_PERP,SAGA,USDT,USDT,50.0,4.0,1e-05,2026-05-31 22:09:58.770626,20260531
WhiteBIT,GLM_PERP,GLM,USDT,USDT,50.0,4.0,1e-05,2026-05-31 22:09:58.770626,20260531
WhiteBIT,REZ_PERP,REZ,USDT,USDT,50.0,4.0,1e-06,2026-05-31 22:09:58.770626,20260531
WhiteBIT,HBAR_PERP,HBAR,USDT,USDT,50.0,8.0,1e-05,2026-05-31 22:09:58.770626,20260531
WhiteBIT,DYDX_PERP,DYDX,USDT,USDT,50.0,8.0,0.0001,2026-05-31 22:09:58.770626,20260531
WhiteBIT,UMA_PERP,UMA,USDT,USDT,50.0,4.0,0.0001,2026-05-31 22:09:58.770626,20260531
WhiteBIT,BB_PERP,BB,USDT,USDT,50.0,4.0,1e-05,2026-05-31 22:09:58.770626,20260531
WhiteBIT,NOT_PERP,NOT,USDT,USDT,50.0,4.0,1e-07,2026-05-31 22:09:58.770626,20260531
WhiteBIT,PEOPLE_PERP,PEOPLE,USDT,USDT,50.0,8.0,1e-05,2026-05-31 22:09:58.770626,20260531
WhiteBIT,LDO_PERP,LDO,USDT,USDT,50.0,8.0,0.0001,2026-05-31 22:09:58.770626,20260531
WhiteBIT,CKB_PERP,CKB,USDT,USDT,50.0,8.0,1e-06,2026-05-31 22:09:58.770626,20260531
WhiteBIT,JASMY_PERP,JASMY,USDT,USDT,50.0,8.0,1e-06,2026-05-31 22:09:58.770626,20260531
WhiteBIT,IO_PERP,IO,USDT,USDT,50.0,4.0,0.0001,2026-05-31 22:09:58.770626,20260531
WhiteBIT,ZK_PERP,ZK,USDT,USDT,50.0,4.0,1e-05,2026-05-31 22:09:58.770626,20260531
WhiteBIT,ZRO_PERP,ZRO,USDT,USDT,50.0,4.0,0.0001,2026-05-31 22:09:58.770626,20260531
WhiteBIT,TAO_PERP,TAO,USDT,USDT,50.0,4.0,0.01,2026-05-31 22:09:58.770626,20260531
WhiteBIT,PYTH_PERP,PYTH,USDT,USDT,50.0,4.0,1e-05,2026-05-31 22:09:58.770626,20260531
WhiteBIT,PENDLE_PERP,PENDLE,USDT,USDT,50.0,8.0,0.0001,2026-05-31 22:09:58.770626,20260531
WhiteBIT,AAVE_PERP,AAVE,USDT,USDT,50.0,8.0,0.01,2026-05-31 22:09:58.770626,20260531
WhiteBIT,RENDER_PERP,RENDER,USDT,USDT,50.0,4.0,0.001,2026-05-31 22:09:58.770626,20260531
WhiteBIT,CRV_PERP,CRV,USDT,USDT,50.0,8.0,0.0001,2026-05-31 22:09:58.770626,20260531
WhiteBIT,ENS_PERP,ENS,USDT,USDT,50.0,8.0,0.001,2026-05-31 22:09:58.770626,20260531
WhiteBIT,STORJ_PERP,STORJ,USDT,USDT,50.0,4.0,0.0001,2026-05-31 22:09:58.770626,20260531
WhiteBIT,MEW_PERP,MEW,USDT,USDT,50.0,4.0,1e-07,2026-05-31 22:09:58.770626,20260531
WhiteBIT,JTO_PERP,JTO,USDT,USDT,50.0,4.0,0.0001,2026-05-31 22:09:58.770626,20260531
WhiteBIT,GALA_PERP,GALA,USDT,USDT,50.0,8.0,1e-06,2026-05-31 22:09:58.770626,20260531
WhiteBIT,RUNE_PERP,RUNE,USDT,USDT,50.0,8.0,0.0001,2026-05-31 22:09:58.770626,20260531
WhiteBIT,ZEC_PERP,ZEC,USDT,USDT,50.0,8.0,0.01,2026-05-31 22:09:58.770626,20260531
WhiteBIT,AR_PERP,AR,USDT,USDT,50.0,8.0,0.001,2026-05-31 22:09:58.770626,20260531
WhiteBIT,NMR_PERP,NMR,USDT,USDT,50.0,4.0,0.001,2026-05-31 22:09:58.770626,20260531
WhiteBIT,BANANA_PERP,BANANA,USDT,USDT,50.0,4.0,0.001,2026-05-31 22:09:58.770626,20260531
WhiteBIT,RARE_PERP,RARE,USDT,USDT,50.0,4.0,1e-05,2026-05-31 22:09:58.770626,20260531
WhiteBIT,SUN_PERP,SUN,USDT,USDT,50.0,4.0,1e-06,2026-05-31 22:09:58.770626,20260531
WhiteBIT,GMT_PERP,GMT,USDT,USDT,50.0,4.0,1e-05,2026-05-31 22:09:58.770626,20260531
WhiteBIT,POPCAT_PERP,POPCAT,USDT,USDT,50.0,4.0,1e-05,2026-05-31 22:09:58.770626,20260531
WhiteBIT,GMX_PERP,GMX,USDT,USDT,50.0,8.0,0.001,2026-05-31 22:09:58.770626,20260531
WhiteBIT,ALGO_PERP,ALGO,USDT,USDT,50.0,8.0,0.0001,2026-05-31 22:09:58.770626,20260531
WhiteBIT,STX_PERP,STX,USDT,USDT,50.0,8.0,0.0001,2026-05-31 22:09:58.770626,20260531
WhiteBIT,MASK_PERP,MASK,USDT,USDT,50.0,4.0,0.0001,2026-05-31 22:09:58.770626,20260531
WhiteBIT,LPT_PERP,LPT,USDT,USDT,50.0,4.0,0.001,2026-05-31 22:09:58.770626,20260531
WhiteBIT,FLUX_PERP,FLUX,USDT,USDT,50.0,4.0,1e-05,2026-05-31 22:09:58.770626,20260531
WhiteBIT,KAS_PERP,KAS,USDT,USDT,50.0,4.0,1e-05,2026-05-31 22:09:58.770626,20260531
WhiteBIT,1INCH_PERP,1INCH,USDT,USDT,50.0,8.0,0.0001,2026-05-31 22:09:58.770626,20260531
WhiteBIT,IMX_PERP,IMX,USDT,USDT,50.0,4.0,0.0001,2026-05-31 22:09:58.770626,20260531
WhiteBIT,SUPER_PERP,SUPER,USDT,USDT,50.0,4.0,0.0001,2026-05-31 22:09:58.770626,20260531
WhiteBIT,AUCTION_PERP,AUCTION,USDT,USDT,50.0,4.0,0.001,2026-05-31 22:09:58.770626,20260531
WhiteBIT,THETA_PERP,THETA,USDT,USDT,50.0,8.0,0.0001,2026-05-31 22:09:58.770626,20260531
WhiteBIT,KSM_PERP,KSM,USDT,USDT,50.0,8.0,0.001,2026-05-31 22:09:58.770626,20260531
WhiteBIT,BRETT_PERP,BRETT,USDT,USDT,50.0,4.0,1e-06,2026-05-31 22:09:58.770626,20260531
WhiteBIT,SUSHI_PERP,SUSHI,USDT,USDT,50.0,8.0,0.0001,2026-05-31 22:09:58.770626,20260531
WhiteBIT,ARPA_PERP,ARPA,USDT,USDT,50.0,8.0,1e-05,2026-05-31 22:09:58.770626,20260531
WhiteBIT,XTZ_PERP,XTZ,USDT,USDT,50.0,4.0,0.0001,2026-05-31 22:09:58.770626,20260531
WhiteBIT,AERGO_PERP,AERGO,USDT,USDT,50.0,4.0,1e-05,2026-05-31 22:09:58.770626,20260531
WhiteBIT,SSV_PERP,SSV,USDT,USDT,50.0,8.0,0.001,2026-05-31 22:09:58.770626,20260531
WhiteBIT,NEO_PERP,NEO,USDT,USDT,50.0,8.0,0.001,2026-05-31 22:09:58.770626,20260531
WhiteBIT,POL_PERP,POL,USDT,USDT,50.0,4.0,1e-05,2026-05-31 22:09:58.770626,20260531
WhiteBIT,RPL_PERP,RPL,USDT,USDT,50.0,4.0,0.001,2026-05-31 22:09:58.770626,20260531
WhiteBIT,FLOW_PERP,FLOW,USDT,USDT,50.0,4.0,1e-05,2026-05-31 22:09:58.770626,20260531
WhiteBIT,MANA_PERP,MANA,USDT,USDT,50.0,8.0,0.0001,2026-05-31 22:09:58.770626,20260531
WhiteBIT,SAND_PERP,SAND,USDT,USDT,50.0,8.0,1e-05,2026-05-31 22:09:58.770626,20260531
WhiteBIT,API3_PERP,API3,USDT,USDT,50.0,4.0,0.0001,2026-05-31 22:09:58.770626,20260531
WhiteBIT,KAVA_PERP,KAVA,USDT,USDT,50.0,4.0,0.0001,2026-05-31 22:09:58.770626,20260531
WhiteBIT,PEPE_PERP,PEPE,USDT,USDT,50.0,8.0,1e-09,2026-05-31 22:09:58.770626,20260531
WhiteBIT,ARK_PERP,ARK,USDT,USDT,50.0,4.0,0.0001,2026-05-31 22:09:58.770626,20260531
WhiteBIT,CATI_PERP,CATI,USDT,USDT,50.0,4.0,1e-05,2026-05-31 22:09:58.770626,20260531
WhiteBIT,BONK_PERP,BONK,USDT,USDT,50.0,4.0,1e-09,2026-05-31 22:09:58.770626,20260531
WhiteBIT,CHZ_PERP,CHZ,USDT,USDT,50.0,8.0,1e-05,2026-05-31 22:09:58.770626,20260531
WhiteBIT,NEIRO_PERP,NEIRO,USDT,USDT,50.0,4.0,1e-08,2026-05-31 22:09:58.770626,20260531
WhiteBIT,ATH_PERP,ATH,USDT,USDT,50.0,4.0,1e-06,2026-05-31 22:09:58.771623,20260531
WhiteBIT,EIGEN_PERP,EIGEN,USDT,USDT,50.0,4.0,0.0001,2026-05-31 22:09:58.771623,20260531
WhiteBIT,BIGTIME_PERP,BIGTIME,USDT,USDT,50.0,4.0,1e-05,2026-05-31 22:09:58.771623,20260531
WhiteBIT,MOODENG_PERP,MOODENG,USDT,USDT,50.0,4.0,1e-05,2026-05-31 22:09:58.771623,20260531
WhiteBIT,SCR_PERP,SCR,USDT,USDT,50.0,4.0,1e-05,2026-05-31 22:09:58.771623,20260531
WhiteBIT,TURBO_PERP,TURBO,USDT,USDT,50.0,4.0,1e-07,2026-05-31 22:09:58.771623,20260531
WhiteBIT,GRASS_PERP,GRASS,USDT,USDT,50.0,4.0,0.0001,2026-05-31 22:09:58.771623,20260531
WhiteBIT,SAFE_PERP,SAFE,USDT,USDT,50.0,4.0,0.0001,2026-05-31 22:09:58.771623,20260531
WhiteBIT,GOAT_PERP,GOAT,USDT,USDT,50.0,4.0,1e-05,2026-05-31 22:09:58.771623,20260531
WhiteBIT,CETUS_PERP,CETUS,USDT,USDT,50.0,4.0,1e-05,2026-05-31 22:09:58.771623,20260531
WhiteBIT,DRIFT_PERP,DRIFT,USDT,USDT,50.0,4.0,1e-05,2026-05-31 22:09:58.771623,20260531
WhiteBIT,ACT_PERP,ACT,USDT,USDT,50.0,4.0,1e-05,2026-05-31 22:09:58.771623,20260531
WhiteBIT,PNUT_PERP,PNUT,USDT,USDT,50.0,4.0,1e-05,2026-05-31 22:09:58.771623,20260531
WhiteBIT,METIS_PERP,METIS,USDT,USDT,50.0,4.0,0.001,2026-05-31 22:09:58.771623,20260531
WhiteBIT,VET_PERP,VET,USDT,USDT,50.0,8.0,1e-06,2026-05-31 22:09:58.771623,20260531
WhiteBIT,RSR_PERP,RSR,USDT,USDT,50.0,8.0,1e-06,2026-05-31 22:09:58.771623,20260531
WhiteBIT,MOVE_PERP,MOVE,USDT,USDT,50.0,4.0,1e-05,2026-05-31 22:09:58.771623,20260531
WhiteBIT,ME_PERP,ME,USDT,USDT,50.0,4.0,0.0001,2026-05-31 22:09:58.771623,20260531
WhiteBIT,VANA_PERP,VANA,USDT,USDT,50.0,4.0,0.001,2026-05-31 22:09:58.771623,20260531
WhiteBIT,MOCA_PERP,MOCA,USDT,USDT,50.0,4.0,1e-05,2026-05-31 22:09:58.771623,20260531
WhiteBIT,PENGU_PERP,PENGU,USDT,USDT,50.0,4.0,1e-06,2026-05-31 22:09:58.771623,20260531
WhiteBIT,USUAL_PERP,USUAL,USDT,USDT,50.0,4.0,1e-05,2026-05-31 22:09:58.771623,20260531
WhiteBIT,DEXE_PERP,DEXE,USDT,USDT,50.0,4.0,0.001,2026-05-31 22:09:58.771623,20260531
WhiteBIT,ACX_PERP,ACX,USDT,USDT,50.0,4.0,1e-05,2026-05-31 22:09:58.771623,20260531
WhiteBIT,ORCA_PERP,ORCA,USDT,USDT,50.0,4.0,0.001,2026-05-31 22:09:58.771623,20260531
WhiteBIT,BIO_PERP,BIO,USDT,USDT,50.0,4.0,1e-05,2026-05-31 22:09:58.771623,20260531
WhiteBIT,SONIC_PERP,SONIC,USDT,USDT,50.0,4.0,1e-05,2026-05-31 22:09:58.771623,20260531
WhiteBIT,S_PERP,S,USDT,USDT,50.0,4.0,1e-05,2026-05-31 22:09:58.771623,20260531
WhiteBIT,TRUMP_PERP,TRUMP,USDT,USDT,50.0,4.0,0.001,2026-05-31 22:09:58.771623,20260531
WhiteBIT,MELANIA_PERP,MELANIA,USDT,USDT,50.0,4.0,0.0001,2026-05-31 22:09:58.771623,20260531
WhiteBIT,ANIME_PERP,ANIME,USDT,USDT,50.0,4.0,1e-06,2026-05-31 22:09:58.771623,20260531
WhiteBIT,AIXBT_PERP,AIXBT,USDT,USDT,50.0,4.0,1e-05,2026-05-31 22:09:58.771623,20260531
WhiteBIT,CGPT_PERP,CGPT,USDT,USDT,50.0,4.0,1e-05,2026-05-31 22:09:58.771623,20260531
WhiteBIT,BERA_PERP,BERA,USDT,USDT,50.0,4.0,0.0001,2026-05-31 22:09:58.771623,20260531
WhiteBIT,LAYER_PERP,LAYER,USDT,USDT,50.0,4.0,1e-05,2026-05-31 22:09:58.771623,20260531
WhiteBIT,KAITO_PERP,KAITO,USDT,USDT,50.0,4.0,0.0001,2026-05-31 22:09:58.771623,20260531
WhiteBIT,SHELL_PERP,SHELL,USDT,USDT,50.0,4.0,1e-05,2026-05-31 22:09:58.771623,20260531
WhiteBIT,RED_PERP,RED,USDT,USDT,50.0,4.0,0.0001,2026-05-31 22:09:58.771623,20260531
WhiteBIT,ONDO_PERP,ONDO,USDT,USDT,50.0,4.0,0.0001,2026-05-31 22:09:58.771623,20260531
WhiteBIT,MINA_PERP,MINA,USDT,USDT,50.0,8.0,1e-05,2026-05-31 22:09:58.771623,20260531
WhiteBIT,NIL_PERP,NIL,USDT,USDT,50.0,4.0,1e-05,2026-05-31 22:09:58.771623,20260531
WhiteBIT,PARTI_PERP,PARTI,USDT,USDT,50.0,4.0,1e-05,2026-05-31 22:09:58.771623,20260531
WhiteBIT,BABY_PERP,BABY,USDT,USDT,50.0,4.0,1e-05,2026-05-31 22:09:58.771623,20260531
WhiteBIT,KERNEL_PERP,KERNEL,USDT,USDT,50.0,4.0,1e-05,2026-05-31 22:09:58.771623,20260531
WhiteBIT,WCT_PERP,WCT,USDT,USDT,50.0,4.0,1e-05,2026-05-31 22:09:58.771623,20260531
WhiteBIT,HYPER_PERP,HYPER,USDT,USDT,50.0,4.0,1e-05,2026-05-31 22:09:58.771623,20260531
WhiteBIT,INIT_PERP,INIT,USDT,USDT,50.0,4.0,1e-05,2026-05-31 22:09:58.771623,20260531
WhiteBIT,SIGN_PERP,SIGN,USDT,USDT,50.0,4.0,1e-05,2026-05-31 22:09:58.771623,20260531
WhiteBIT,SXT_PERP,SXT,USDT,USDT,50.0,4.0,1e-05,2026-05-31 22:09:58.771623,20260531
WhiteBIT,VIRTUAL_PERP,VIRTUAL,USDT,USDT,50.0,4.0,0.0001,2026-05-31 22:09:58.771623,20260531
WhiteBIT,NXPC_PERP,NXPC,USDT,USDT,50.0,4.0,1e-05,2026-05-31 22:09:58.771623,20260531
WhiteBIT,SYRUP_PERP,SYRUP,USDT,USDT,50.0,4.0,1e-05,2026-05-31 22:09:58.771623,20260531
WhiteBIT,HUMA_PERP,HUMA,USDT,USDT,50.0,4.0,1e-06,2026-05-31 22:09:58.771623,20260531
WhiteBIT,A_PERP,A,USDT,USDT,50.0,4.0,1e-05,2026-05-31 22:09:58.771623,20260531
WhiteBIT,SOPH_PERP,SOPH,USDT,USDT,50.0,4.0,1e-06,2026-05-31 22:09:58.771623,20260531
WhiteBIT,HYPE_PERP,HYPE,USDT,USDT,50.0,4.0,0.001,2026-05-31 22:09:58.771623,20260531
WhiteBIT,HAEDAL_PERP,HAEDAL,USDT,USDT,50.0,4.0,1e-06,2026-05-31 22:09:58.771623,20260531
WhiteBIT,FLOKI_PERP,FLOKI,USDT,USDT,50.0,8.0,1e-08,2026-05-31 22:09:58.771623,20260531
WhiteBIT,AXL_PERP,AXL,USDT,USDT,50.0,4.0,1e-05,2026-05-31 22:09:58.771623,20260531
WhiteBIT,HOME_PERP,HOME,USDT,USDT,50.0,4.0,1e-06,2026-05-31 22:09:58.771623,20260531
WhiteBIT,SAHARA_PERP,SAHARA,USDT,USDT,50.0,4.0,1e-05,2026-05-31 22:09:58.771623,20260531
WhiteBIT,NEWT_PERP,NEWT,USDT,USDT,50.0,4.0,1e-05,2026-05-31 22:09:58.771623,20260531
WhiteBIT,LA_PERP,LA,USDT,USDT,50.0,4.0,0.0001,2026-05-31 22:09:58.771623,20260531
WhiteBIT,ERA_PERP,ERA,USDT,USDT,50.0,4.0,0.0001,2026-05-31 22:09:58.771623,20260531
WhiteBIT,PUMP_PERP,PUMP,USDT,USDT,50.0,4.0,1e-06,2026-05-31 22:09:58.771623,20260531
WhiteBIT,TREE_PERP,TREE,USDT,USDT,50.0,4.0,1e-05,2026-05-31 22:09:58.771623,20260531
WhiteBIT,MAGIC_PERP,MAGIC,USDT,USDT,50.0,4.0,1e-05,2026-05-31 22:09:58.771623,20260531
WhiteBIT,JST_PERP,JST,USDT,USDT,50.0,4.0,1e-06,2026-05-31 22:09:58.771623,20260531
WhiteBIT,COMP_PERP,COMP,USDT,USDT,50.0,8.0,0.01,2026-05-31 22:09:58.771623,20260531
WhiteBIT,TOWNS_PERP,TOWNS,USDT,USDT,50.0,4.0,1e-06,2026-05-31 22:09:58.771623,20260531
WhiteBIT,QTUM_PERP,QTUM,USDT,USDT,50.0,8.0,0.001,2026-05-31 22:09:58.771623,20260531
WhiteBIT,BAT_PERP,BAT,USDT,USDT,50.0,8.0,0.0001,2026-05-31 22:09:58.771623,20260531
WhiteBIT,ZIL_PERP,ZIL,USDT,USDT,50.0,4.0,1e-05,2026-05-31 22:09:58.771623,20260531
WhiteBIT,PROVE_PERP,PROVE,USDT,USDT,50.0,4.0,0.0001,2026-05-31 22:09:58.771623,20260531
WhiteBIT,RVN_PERP,RVN,USDT,USDT,50.0,4.0,1e-05,2026-05-31 22:09:58.771623,20260531
WhiteBIT,ZRX_PERP,ZRX,USDT,USDT,50.0,4.0,0.0001,2026-05-31 22:09:58.771623,20260531
WhiteBIT,WLFI_PERP,WLFI,USDT,USDT,50.0,4.0,0.0001,2026-05-31 22:09:58.771623,20260531
WhiteBIT,IP_PERP,IP,USDT,USDT,50.0,4.0,0.0001,2026-05-31 22:09:58.771623,20260531
WhiteBIT,LRC_PERP,LRC,USDT,USDT,50.0,4.0,1e-05,2026-05-31 22:09:58.771623,20260531
WhiteBIT,YFI_PERP,YFI,USDT,USDT,50.0,8.0,0.1,2026-05-31 22:09:58.771623,20260531
WhiteBIT,CELO_PERP,CELO,USDT,USDT,50.0,8.0,0.0001,2026-05-31 22:09:58.771623,20260531
WhiteBIT,FARTCOIN_PERP,FARTCOIN,USDT,USDT,50.0,4.0,0.0001,2026-05-31 22:09:58.771623,20260531
WhiteBIT,ICX_PERP,ICX,USDT,USDT,50.0,8.0,1e-05,2026-05-31 22:09:58.771623,20260531
WhiteBIT,CAKE_PERP,CAKE,USDT,USDT,50.0,4.0,0.0001,2026-05-31 22:09:58.771623,20260531
WhiteBIT,LINEA_PERP,LINEA,USDT,USDT,50.0,4.0,1e-06,2026-05-31 22:09:58.771623,20260531
WhiteBIT,ETHW_PERP,ETHW,USDT,USDT,50.0,4.0,0.0001,2026-05-31 22:09:58.771623,20260531
WhiteBIT,OPEN_PERP,OPEN,USDT,USDT,50.0,4.0,0.0001,2026-05-31 22:09:58.771623,20260531
WhiteBIT,WOO_PERP,WOO,USDT,USDT,50.0,8.0,1e-05,2026-05-31 22:09:58.771623,20260531
WhiteBIT,ENJ_PERP,ENJ,USDT,USDT,50.0,4.0,1e-05,2026-05-31 22:09:58.771623,20260531
WhiteBIT,ZKC_PERP,ZKC,USDT,USDT,50.0,4.0,0.0001,2026-05-31 22:09:58.771623,20260531
WhiteBIT,ONT_PERP,ONT,USDT,USDT,50.0,4.0,0.0001,2026-05-31 22:09:58.771623,20260531
WhiteBIT,SKY_PERP,SKY,USDT,USDT,50.0,4.0,1e-05,2026-05-31 22:09:58.771623,20260531
WhiteBIT,BAND_PERP,BAND,USDT,USDT,50.0,8.0,0.0001,2026-05-31 22:09:58.771623,20260531
WhiteBIT,BICO_PERP,BICO,USDT,USDT,50.0,8.0,1e-05,2026-05-31 22:09:58.771623,20260531
WhiteBIT,IOST_PERP,IOST,USDT,USDT,50.0,8.0,1e-06,2026-05-31 22:09:58.771623,20260531
WhiteBIT,LQTY_PERP,LQTY,USDT,USDT,50.0,8.0,0.0001,2026-05-31 22:09:58.771623,20260531
WhiteBIT,AVNT_PERP,AVNT,USDT,USDT,50.0,4.0,0.0001,2026-05-31 22:09:58.771623,20260531
WhiteBIT,BNT_PERP,BNT,USDT,USDT,50.0,8.0,1e-05,2026-05-31 22:09:58.771623,20260531
WhiteBIT,AGLD_PERP,AGLD,USDT,USDT,50.0,8.0,0.0001,2026-05-31 22:09:58.771623,20260531
WhiteBIT,XPL_PERP,XPL,USDT,USDT,50.0,4.0,0.0001,2026-05-31 22:09:58.771623,20260531
WhiteBIT,CVC_PERP,CVC,USDT,USDT,50.0,4.0,1e-05,2026-05-31 22:09:58.771623,20260531
WhiteBIT,MIRA_PERP,MIRA,USDT,USDT,50.0,4.0,0.0001,2026-05-31 22:09:58.771623,20260531
WhiteBIT,0G_PERP,0G,USDT,USDT,50.0,4.0,0.0001,2026-05-31 22:09:58.771623,20260531
WhiteBIT,ASTER_PERP,ASTER,USDT,USDT,50.0,4.0,0.0001,2026-05-31 22:09:58.771623,20260531
WhiteBIT,PLUME_PERP,PLUME,USDT,USDT,50.0,4.0,1e-05,2026-05-31 22:09:58.771623,20260531
WhiteBIT,EDEN_PERP,EDEN,USDT,USDT,50.0,4.0,0.0001,2026-05-31 22:09:58.771623,20260531
WhiteBIT,FF_PERP,FF,USDT,USDT,50.0,4.0,1e-05,2026-05-31 22:09:58.771623,20260531
WhiteBIT,CVX_PERP,CVX,USDT,USDT,50.0,4.0,0.001,2026-05-31 22:09:58.771623,20260531
WhiteBIT,NOM_PERP,NOM,USDT,USDT,50.0,4.0,1e-06,2026-05-31 22:09:58.771623,20260531
WhiteBIT,KMNO_PERP,KMNO,USDT,USDT,50.0,4.0,1e-05,2026-05-31 22:09:58.771623,20260531
WhiteBIT,XAN_PERP,XAN,USDT,USDT,50.0,4.0,1e-06,2026-05-31 22:09:58.771623,20260531
WhiteBIT,M_PERP,M,USDT,USDT,50.0,4.0,0.0001,2026-05-31 22:09:58.771623,20260531
WhiteBIT,SOMI_PERP,SOMI,USDT,USDT,50.0,4.0,0.0001,2026-05-31 22:09:58.771623,20260531
WhiteBIT,2Z_PERP,2Z,USDT,USDT,50.0,4.0,1e-05,2026-05-31 22:09:58.771623,20260531
WhiteBIT,MORPHO_PERP,MORPHO,USDT,USDT,50.0,4.0,0.0001,2026-05-31 22:09:58.771623,20260531
WhiteBIT,WAL_PERP,WAL,USDT,USDT,50.0,4.0,1e-05,2026-05-31 22:09:58.771623,20260531
WhiteBIT,COAI_PERP,COAI,USDT,USDT,10.0,4.0,0.0001,2026-05-31 22:09:58.771623,20260531
WhiteBIT,ZORA_PERP,ZORA,USDT,USDT,50.0,4.0,1e-05,2026-05-31 22:09:58.771623,20260531
WhiteBIT,MET_PERP,MET,USDT,USDT,50.0,4.0,0.0001,2026-05-31 22:09:58.771623,20260531
WhiteBIT,ZBT_PERP,ZBT,USDT,USDT,50.0,4.0,1e-05,2026-05-31 22:09:58.771623,20260531
WhiteBIT,MERL_PERP,MERL,USDT,USDT,50.0,4.0,1e-05,2026-05-31 22:09:58.771623,20260531
WhiteBIT,DOOD_PERP,DOOD,USDT,USDT,50.0,4.0,1e-06,2026-05-31 22:09:58.771623,20260531
WhiteBIT,KITE_PERP,KITE,USDT,USDT,50.0,4.0,1e-05,2026-05-31 22:09:58.771623,20260531
WhiteBIT,MMT_PERP,MMT,USDT,USDT,50.0,4.0,0.0001,2026-05-31 22:09:58.771623,20260531
WhiteBIT,KAIA_PERP,KAIA,USDT,USDT,50.0,4.0,1e-05,2026-05-31 22:09:58.771623,20260531
WhiteBIT,GIGGLE_PERP,GIGGLE,USDT,USDT,50.0,4.0,0.01,2026-05-31 22:09:58.771623,20260531
WhiteBIT,PAXG_PERP,PAXG,USDT,USDT,50.0,4.0,0.01,2026-05-31 22:09:58.771623,20260531
WhiteBIT,DASH_PERP,DASH,USDT,USDT,50.0,8.0,0.01,2026-05-31 22:09:58.771623,20260531
WhiteBIT,WBT_PERP,WBT,USDT,USDT,100.0,8.0,0.001,2026-05-31 22:09:58.771623,20260531
WhiteBIT,ZEN_PERP,ZEN,USDT,USDT,50.0,8.0,0.001,2026-05-31 22:09:58.771623,20260531
WhiteBIT,NIGHT_PERP,NIGHT,USDT,USDT,50.0,4.0,1e-05,2026-05-31 22:09:58.771623,20260531
WhiteBIT,BARD_PERP,BARD,USDT,USDT,50.0,4.0,0.0001,2026-05-31 22:09:58.771623,20260531
WhiteBIT,QNT_PERP,QNT,USDT,USDT,50.0,8.0,0.01,2026-05-31 22:09:58.771623,20260531
WhiteBIT,ID_PERP,ID,USDT,USDT,50.0,1.0,1e-05,2026-05-31 22:09:58.771623,20260531
WhiteBIT,ROSE_PERP,ROSE,USDT,USDT,50.0,8.0,1e-05,2026-05-31 22:09:58.771623,20260531
WhiteBIT,ZKP_PERP,ZKP,USDT,USDT,50.0,4.0,1e-05,2026-05-31 22:09:58.771623,20260531
WhiteBIT,ASTR_PERP,ASTR,USDT,USDT,50.0,8.0,1e-06,2026-05-31 22:09:58.771623,20260531
WhiteBIT,ANKR_PERP,ANKR,USDT,USDT,50.0,4.0,1e-06,2026-05-31 22:09:58.771623,20260531
WhiteBIT,BREV_PERP,BREV,USDT,USDT,50.0,4.0,0.0001,2026-05-31 22:09:58.771623,20260531
WhiteBIT,RON_PERP,RON,USDT,USDT,50.0,4.0,0.0001,2026-05-31 22:09:58.771623,20260531
WhiteBIT,FOGO_PERP,FOGO,USDT,USDT,50.0,4.0,1e-05,2026-05-31 22:09:58.771623,20260531
WhiteBIT,SKL_PERP,SKL,USDT,USDT,50.0,4.0,1e-05,2026-05-31 22:09:58.771623,20260531
WhiteBIT,XAUT_PERP,XAUT,USDT,USDT,50.0,4.0,0.01,2026-05-31 22:09:58.771623,20260531
WhiteBIT,BEAM_PERP,BEAM,USDT,USDT,50.0,4.0,1e-06,2026-05-31 22:09:58.771623,20260531
WhiteBIT,GAS_PERP,GAS,USDT,USDT,50.0,4.0,0.001,2026-05-31 22:09:58.771623,20260531
WhiteBIT,ALT_PERP,ALT,USDT,USDT,50.0,4.0,1e-06,2026-05-31 22:09:58.771623,20260531
WhiteBIT,KNC_PERP,KNC,USDT,USDT,50.0,8.0,0.0001,2026-05-31 22:09:58.771623,20260531
WhiteBIT,SENT_PERP,SENT,USDT,USDT,50.0,4.0,1e-05,2026-05-31 22:09:58.771623,20260531
WhiteBIT,WAXP_PERP,WAXP,USDT,USDT,50.0,4.0,1e-06,2026-05-31 22:09:58.771623,20260531
WhiteBIT,LIT_PERP,LIT,USDT,USDT,50.0,4.0,0.0001,2026-05-31 22:09:58.771623,20260531
WhiteBIT,PHA_PERP,PHA,USDT,USDT,50.0,4.0,1e-05,2026-05-31 22:09:58.771623,20260531
WhiteBIT,ENSO_PERP,ENSO,USDT,USDT,50.0,4.0,0.0001,2026-05-31 22:09:58.771623,20260531
WhiteBIT,ZAMA_PERP,ZAMA,USDT,USDT,50.0,4.0,1e-05,2026-05-31 22:09:58.771623,20260531
WhiteBIT,BNB_PERP,BNB,USDT,USDT,100.0,8.0,0.01,2026-05-31 22:09:58.771623,20260531
WhiteBIT,C98_PERP,C98,USDT,USDT,50.0,8.0,1e-05,2026-05-31 22:09:58.771623,20260531
WhiteBIT,STG_PERP,STG,USDT,USDT,50.0,8.0,0.0001,2026-05-31 22:09:58.771623,20260531
WhiteBIT,ESP_PERP,ESP,USDT,USDT,50.0,4.0,1e-05,2026-05-31 22:09:58.771623,20260531
WhiteBIT,TRIA_PERP,TRIA,USDT,USDT,50.0,4.0,1e-05,2026-05-31 22:09:58.771623,20260531
WhiteBIT,ALLO_PERP,ALLO,USDT,USDT,50.0,4.0,1e-05,2026-05-31 22:09:58.771623,20260531
WhiteBIT,MANTRA_PERP,MANTRA,USDT,USDT,50.0,4.0,1e-05,2026-05-31 22:09:58.771623,20260531
WhiteBIT,OPN_PERP,OPN,USDT,USDT,50.0,4.0,0.0001,2026-05-31 22:09:58.771623,20260531
WhiteBIT,CFG_PERP,CFG,USDT,USDT,50.0,4.0,0.0001,2026-05-31 22:09:58.771623,20260531
WhiteBIT,ROBO_PERP,ROBO,USDT,USDT,50.0,4.0,1e-05,2026-05-31 22:09:58.771623,20260531
WhiteBIT,KAT_PERP,KAT,USDT,USDT,50.0,4.0,1e-05,2026-05-31 22:09:58.771623,20260531
WhiteBIT,MON_PERP,MON,USDT,USDT,50.0,4.0,1e-05,2026-05-31 22:09:58.771623,20260531
WhiteBIT,BASED_PERP,BASED,USDT,USDT,50.0,4.0,0.0001,2026-05-31 22:09:58.771623,20260531
WhiteBIT,CFX_PERP,CFX,USDT,USDT,50.0,8.0,1e-05,2026-05-31 22:09:58.771623,20260531
WhiteBIT,GPS_PERP,GPS,USDT,USDT,50.0,4.0,1e-06,2026-05-31 22:09:58.771623,20260531
WhiteBIT,FLUID_PERP,FLUID,USDT,USDT,50.0,4.0,0.001,2026-05-31 22:09:58.771623,20260531
WhiteBIT,CHIP_PERP,CHIP,USDT,USDT,50.0,4.0,1e-05,2026-05-31 22:09:58.771623,20260531
WhiteBIT,MEGA_PERP,MEGA,USDT,USDT,50.0,4.0,1e-05,2026-05-31 22:09:58.771623,20260531
WhiteBIT,EDGE_PERP,EDGE,USDT,USDT,50.0,4.0,0.0001,2026-05-31 22:09:58.771623,20260531
WhiteBIT,PHAROS_PERP,PHAROS,USDT,USDT,50.0,4.0,0.0001,2026-05-31 22:09:58.771623,20260531
WhiteBIT,OPG_PERP,OPG,USDT,USDT,50.0,4.0,0.0001,2026-05-31 22:09:58.771623,20260531
WhiteBIT,CORE_PERP,CORE,USDT,USDT,20.0,8.0,1e-05,2026-05-31 22:09:58.771623,20260531
dYdX,ENA-USD,ENA,USD,USDC,,1.0,1e-05,2026-05-31 22:09:58.771623,20260531
dYdX,CHZ-USD,CHZ,USD,USDC,,1.0,1e-05,2026-05-31 22:09:58.771623,20260531
dYdX,AVNT-USD,AVNT,USD,USDC,,1.0,1e-05,2026-05-31 22:09:58.771623,20260531
dYdX,ZEN-USD,ZEN,USD,USDC,,1.0,0.001,2026-05-31 22:09:58.771623,20260531
dYdX,CAKE-USD,CAKE,USD,USDC,,1.0,0.001,2026-05-31 22:09:58.771623,20260531
dYdX,TSLAX-USD,TSLAX,USD,USDC,,1.0,0.1,2026-05-31 22:09:58.771623,20260531
dYdX,AVAX-USD,AVAX,USD,USDC,,1.0,0.001,2026-05-31 22:09:58.771623,20260531
dYdX,PYTH-USD,PYTH,USD,USDC,,1.0,1e-05,2026-05-31 22:09:58.771623,20260531
dYdX,HYPE-USD,HYPE,USD,USDC,,1.0,0.001,2026-05-31 22:09:58.771623,20260531
dYdX,AEVO-USD,AEVO,USD,USDC,,1.0,1e-05,2026-05-31 22:09:58.771623,20260531
dYdX,GRT-USD,GRT,USD,USDC,,1.0,1e-05,2026-05-31 22:09:58.771623,20260531
dYdX,SYRUP-USD,SYRUP,USD,USDC,,1.0,0.0001,2026-05-31 22:09:58.771623,20260531
dYdX,XRP-USD,XRP,USD,USDC,,1.0,0.0001,2026-05-31 22:09:58.771623,20260531
dYdX,SPX-USD,SPX,USD,USDC,,1.0,0.0001,2026-05-31 22:09:58.771623,20260531
dYdX,AAVE-USD,AAVE,USD,USDC,,1.0,0.01,2026-05-31 22:09:58.771623,20260531
dYdX,ENS-USD,ENS,USD,USDC,,1.0,0.001,2026-05-31 22:09:58.771623,20260531
dYdX,W-USD,W,USD,USDC,,1.0,1e-06,2026-05-31 22:09:58.771623,20260531
dYdX,APT-USD,APT,USD,USDC,,1.0,0.0001,2026-05-31 22:09:58.771623,20260531
dYdX,PUMP-USD,PUMP,USD,USDC,,1.0,1e-07,2026-05-31 22:09:58.771623,20260531
dYdX,SOL-USD,SOL,USD,USDC,,1.0,0.01,2026-05-31 22:09:58.771623,20260531
dYdX,OP-USD,OP,USD,USDC,,1.0,1e-05,2026-05-31 22:09:58.771623,20260531
dYdX,ATOM-USD,ATOM,USD,USDC,,1.0,0.001,2026-05-31 22:09:58.771623,20260531
dYdX,IMX-USD,IMX,USD,USDC,,1.0,1e-05,2026-05-31 22:09:58.771623,20260531
dYdX,1INCH-USD,1INCH,USD,USDC,,1.0,1e-05,2026-05-31 22:09:58.771623,20260531
dYdX,PAXG-USD,PAXG,USD,USDC,,1.0,1.0,2026-05-31 22:09:58.771623,20260531
dYdX,VVV-USD,VVV,USD,USDC,,1.0,0.001,2026-05-31 22:09:58.771623,20260531
dYdX,FIL-USD,FIL,USD,USDC,,1.0,0.0001,2026-05-31 22:09:58.771623,20260531
dYdX,S-USD,S,USD,USDC,,1.0,1e-05,2026-05-31 22:09:58.771623,20260531
dYdX,SHIB-USD,SHIB,USD,USDC,,1.0,1e-09,2026-05-31 22:09:58.771623,20260531
dYdX,PEOPLE-USD,PEOPLE,USD,USDC,,1.0,1e-06,2026-05-31 22:09:58.771623,20260531
dYdX,KAS-USD,KAS,USD,USDC,,1.0,1e-05,2026-05-31 22:09:58.771623,20260531
dYdX,AXS-USD,AXS,USD,USDC,,1.0,0.001,2026-05-31 22:09:58.771623,20260531
dYdX,XLM-USD,XLM,USD,USDC,,1.0,0.0001,2026-05-31 22:09:58.771623,20260531
dYdX,STX-USD,STX,USD,USDC,,1.0,0.0001,2026-05-31 22:09:58.771623,20260531
dYdX,SNX-USD,SNX,USD,USDC,,1.0,0.0001,2026-05-31 22:09:58.771623,20260531
dYdX,ETH-USD,ETH,USD,USDC,,1.0,0.1,2026-05-31 22:09:58.771623,20260531
dYdX,MNT-USD,MNT,USD,USDC,,1.0,0.0001,2026-05-31 22:09:58.771623,20260531
dYdX,MET-USD,MET,USD,USDC,,1.0,1e-05,2026-05-31 22:09:58.771623,20260531
dYdX,AXL-USD,AXL,USD,USDC,,1.0,1e-05,2026-05-31 22:09:58.771623,20260531
dYdX,WOO-USD,WOO,USD,USDC,,1.0,1e-06,2026-05-31 22:09:58.771623,20260531
dYdX,NEAR-USD,NEAR,USD,USDC,,1.0,0.001,2026-05-31 22:09:58.771623,20260531
dYdX,ASTER-USD,ASTER,USD,USDC,,1.0,1e-05,2026-05-31 22:09:58.771623,20260531
dYdX,DOT-USD,DOT,USD,USDC,,1.0,0.001,2026-05-31 22:09:58.771623,20260531
dYdX,TRUMP-USD,TRUMP,USD,USDC,,1.0,0.0001,2026-05-31 22:09:58.771623,20260531
dYdX,TAO-USD,TAO,USD,USDC,,1.0,0.01,2026-05-31 22:09:58.771623,20260531
dYdX,ASTR-USD,ASTR,USD,USDC,,1.0,1e-06,2026-05-31 22:09:58.771623,20260531
dYdX,WTI-USD,WTI,USD,USDC,,1.0,1e-05,2026-05-31 22:09:58.771623,20260531
dYdX,USUAL-USD,USUAL,USD,USDC,,1.0,1e-06,2026-05-31 22:09:58.771623,20260531
dYdX,LDO-USD,LDO,USD,USDC,,1.0,0.0001,2026-05-31 22:09:58.771623,20260531
dYdX,BNB-USD,BNB,USD,USDC,,1.0,0.01,2026-05-31 22:09:58.771623,20260531
dYdX,ETC-USD,ETC,USD,USDC,,1.0,0.001,2026-05-31 22:09:58.771623,20260531
dYdX,SEI-USD,SEI,USD,USDC,,1.0,1e-05,2026-05-31 22:09:58.771623,20260531
dYdX,LIT-USD,LIT,USD,USDC,,1.0,0.0001,2026-05-31 22:09:58.771623,20260531
dYdX,FLOKI-USD,FLOKI,USD,USDC,,1.0,1e-08,2026-05-31 22:09:58.771623,20260531
dYdX,XMR-USD,XMR,USD,USDC,,1.0,0.01,2026-05-31 22:09:58.772621,20260531
dYdX,ETHFI-USD,ETHFI,USD,USDC,,1.0,0.0001,2026-05-31 22:09:58.772621,20260531
dYdX,BLAST-USD,BLAST,USD,USDC,,1.0,1e-07,2026-05-31 22:09:58.772621,20260531
dYdX,RENDER-USD,RENDER,USD,USDC,,1.0,0.001,2026-05-31 22:09:58.772621,20260531
dYdX,POL-USD,POL,USD,USDC,,1.0,1e-05,2026-05-31 22:09:58.772621,20260531
dYdX,STRK-USD,STRK,USD,USDC,,1.0,1e-05,2026-05-31 22:09:58.772621,20260531
dYdX,LINK-USD,LINK,USD,USDC,,1.0,0.001,2026-05-31 22:09:58.772621,20260531
dYdX,TRX-USD,TRX,USD,USDC,,1.0,1e-05,2026-05-31 22:09:58.772621,20260531
dYdX,ONDO-USD,ONDO,USD,USDC,,1.0,0.0001,2026-05-31 22:09:58.772621,20260531
dYdX,2Z-USD,2Z,USD,USDC,,1.0,1e-05,2026-05-31 22:09:58.772621,20260531
dYdX,ZEC-USD,ZEC,USD,USDC,,1.0,0.01,2026-05-31 22:09:58.772621,20260531
dYdX,ALGO-USD,ALGO,USD,USDC,,1.0,1e-05,2026-05-31 22:09:58.772621,20260531
dYdX,USELESS-USD,USELESS,USD,USDC,,1.0,1e-05,2026-05-31 22:09:58.772621,20260531
dYdX,XAUT-USD,XAUT,USD,USDC,,1.0,1.0,2026-05-31 22:09:58.772621,20260531
dYdX,ZK-USD,ZK,USD,USDC,,1.0,1e-06,2026-05-31 22:09:58.772621,20260531
dYdX,MOVE-USD,MOVE,USD,USDC,,1.0,1e-05,2026-05-31 22:09:58.772621,20260531
dYdX,SKY-USD,SKY,USD,USDC,,1.0,1e-05,2026-05-31 22:09:58.772621,20260531
dYdX,EUR-USD,EUR,USD,USDC,,1.0,0.001,2026-05-31 22:09:58.772621,20260531
dYdX,SUI-USD,SUI,USD,USDC,,1.0,0.0001,2026-05-31 22:09:58.772621,20260531
dYdX,BLUR-USD,BLUR,USD,USDC,,1.0,1e-06,2026-05-31 22:09:58.772621,20260531
dYdX,WIF-USD,WIF,USD,USDC,,1.0,1e-05,2026-05-31 22:09:58.772621,20260531
dYdX,BEAM-USD,BEAM,USD,USDC,,1.0,1e-07,2026-05-31 22:09:58.772621,20260531
dYdX,PEPE-USD,PEPE,USD,USDC,,1.0,1e-10,2026-05-31 22:09:58.772621,20260531
dYdX,MANA-USD,MANA,USD,USDC,,1.0,1e-05,2026-05-31 22:09:58.772621,20260531
dYdX,WLFI-USD,WLFI,USD,USDC,,1.0,1e-05,2026-05-31 22:09:58.772621,20260531
dYdX,LTC-USD,LTC,USD,USDC,,1.0,0.01,2026-05-31 22:09:58.772621,20260531
dYdX,KAITO-USD,KAITO,USD,USDC,,1.0,1e-05,2026-05-31 22:09:58.772621,20260531
dYdX,DYM-USD,DYM,USD,USDC,,1.0,1e-05,2026-05-31 22:09:58.772621,20260531
dYdX,POPCAT-USD,POPCAT,USD,USDC,,1.0,1e-05,2026-05-31 22:09:58.772621,20260531
dYdX,IO-USD,IO,USD,USDC,,1.0,1e-05,2026-05-31 22:09:58.772621,20260531
dYdX,DRIFT-USD,DRIFT,USD,USDC,,1.0,1e-05,2026-05-31 22:09:58.772621,20260531
dYdX,TIA-USD,TIA,USD,USDC,,1.0,0.0001,2026-05-31 22:09:58.772621,20260531
dYdX,CRO-USD,CRO,USD,USDC,,1.0,1e-05,2026-05-31 22:09:58.772621,20260531
dYdX,UNI-USD,UNI,USD,USDC,,1.0,0.0001,2026-05-31 22:09:58.772621,20260531
dYdX,DYDX-USD,DYDX,USD,USDC,,1.0,1e-05,2026-05-31 22:09:58.772621,20260531
dYdX,CRV-USD,CRV,USD,USDC,,1.0,0.0001,2026-05-31 22:09:58.772621,20260531
dYdX,PENGU-USD,PENGU,USD,USDC,,1.0,1e-06,2026-05-31 22:09:58.772621,20260531
dYdX,WLD-USD,WLD,USD,USDC,,1.0,0.0001,2026-05-31 22:09:58.772621,20260531
dYdX,MON-USD,MON,USD,USDC,,1.0,1e-06,2026-05-31 22:09:58.772621,20260531
dYdX,HBAR-USD,HBAR,USD,USDC,,1.0,1e-05,2026-05-31 22:09:58.772621,20260531
dYdX,COMP-USD,COMP,USD,USDC,,1.0,0.01,2026-05-31 22:09:58.772621,20260531
dYdX,TON-USD,TON,USD,USDC,,1.0,0.001,2026-05-31 22:09:58.772621,20260531
dYdX,BERA-USD,BERA,USD,USDC,,1.0,0.0001,2026-05-31 22:09:58.772621,20260531
dYdX,BCH-USD,BCH,USD,USDC,,1.0,0.1,2026-05-31 22:09:58.772621,20260531
dYdX,XPL-USD,XPL,USD,USDC,,1.0,1e-05,2026-05-31 22:09:58.772621,20260531
dYdX,XDC-USD,XDC,USD,USDC,,1.0,1e-05,2026-05-31 22:09:58.772621,20260531
dYdX,EIGEN-USD,EIGEN,USD,USDC,,1.0,1e-05,2026-05-31 22:09:58.772621,20260531
dYdX,PENDLE-USD,PENDLE,USD,USDC,,1.0,0.001,2026-05-31 22:09:58.772621,20260531
dYdX,BONK-USD,BONK,USD,USDC,,1.0,1e-09,2026-05-31 22:09:58.772621,20260531
dYdX,JTO-USD,JTO,USD,USDC,,1.0,0.0001,2026-05-31 22:09:58.772621,20260531
dYdX,MORPHO-USD,MORPHO,USD,USDC,,1.0,0.001,2026-05-31 22:09:58.772621,20260531
dYdX,XAG-USD,XAG,USD,USDC,,1.0,0.01,2026-05-31 22:09:58.772621,20260531
dYdX,ORDI-USD,ORDI,USD,USDC,,1.0,0.001,2026-05-31 22:09:58.772621,20260531
dYdX,DOGE-USD,DOGE,USD,USDC,,1.0,1e-05,2026-05-31 22:09:58.772621,20260531
dYdX,BTC-USD,BTC,USD,USDC,,1.0,1.0,2026-05-31 22:09:58.772621,20260531
dYdX,INJ-USD,INJ,USD,USDC,,1.0,0.001,2026-05-31 22:09:58.772621,20260531
dYdX,ADA-USD,ADA,USD,USDC,,1.0,0.0001,2026-05-31 22:09:58.772621,20260531
dYdX,ARB-USD,ARB,USD,USDC,,1.0,1e-05,2026-05-31 22:09:58.772621,20260531
dYdX,APE-USD,APE,USD,USDC,,1.0,1e-05,2026-05-31 22:09:58.772621,20260531
dYdX,ARKM-USD,ARKM,USD,USDC,,1.0,0.0001,2026-05-31 22:09:58.772621,20260531
dYdX,ATH-USD,ATH,USD,USDC,,1.0,1e-06,2026-05-31 22:09:58.772621,20260531
dYdX,RUNE-USD,RUNE,USD,USDC,,1.0,0.0001,2026-05-31 22:09:58.772621,20260531
dYdX,JUP-USD,JUP,USD,USDC,,1.0,0.0001,2026-05-31 22:09:58.772621,20260531
dYdX,ZORA-USD,ZORA,USD,USDC,,1.0,1e-06,2026-05-31 22:09:58.772621,20260531
dYdX,ICP-USD,ICP,USD,USDC,,1.0,0.0001,2026-05-31 22:09:58.772621,20260531
dYdX,ZRO-USD,ZRO,USD,USDC,,1.0,0.001,2026-05-31 22:09:58.772621,20260531
tradeXYZ,XYZ100-USD,XYZ100,USD,USDC,30.0,1.0,0.1,2026-05-31 22:09:58.772621,20260531
tradeXYZ,TSLA-USD,TSLA,USD,USDC,10.0,1.0,0.01,2026-05-31 22:09:58.772621,20260531
tradeXYZ,NVDA-USD,NVDA,USD,USDC,20.0,1.0,0.01,2026-05-31 22:09:58.772621,20260531
tradeXYZ,GOLD-USD,GOLD,USD,USDC,25.0,1.0,0.1,2026-05-31 22:09:58.772621,20260531
tradeXYZ,HOOD-USD,HOOD,USD,USDC,10.0,1.0,0.001,2026-05-31 22:09:58.772621,20260531
tradeXYZ,INTC-USD,INTC,USD,USDC,10.0,1.0,0.01,2026-05-31 22:09:58.772621,20260531
tradeXYZ,PLTR-USD,PLTR,USD,USDC,10.0,1.0,0.01,2026-05-31 22:09:58.772621,20260531
tradeXYZ,COIN-USD,COIN,USD,USDC,10.0,1.0,0.01,2026-05-31 22:09:58.772621,20260531
tradeXYZ,META-USD,META,USD,USDC,10.0,1.0,0.01,2026-05-31 22:09:58.772621,20260531
tradeXYZ,AAPL-USD,AAPL,USD,USDC,20.0,1.0,0.01,2026-05-31 22:09:58.772621,20260531
tradeXYZ,MSFT-USD,MSFT,USD,USDC,10.0,1.0,0.01,2026-05-31 22:09:58.772621,20260531
tradeXYZ,ORCL-USD,ORCL,USD,USDC,10.0,1.0,0.01,2026-05-31 22:09:58.772621,20260531
tradeXYZ,GOOGL-USD,GOOGL,USD,USDC,10.0,1.0,0.01,2026-05-31 22:09:58.772621,20260531
tradeXYZ,AMZN-USD,AMZN,USD,USDC,10.0,1.0,0.01,2026-05-31 22:09:58.772621,20260531
tradeXYZ,AMD-USD,AMD,USD,USDC,10.0,1.0,0.01,2026-05-31 22:09:58.772621,20260531
tradeXYZ,MU-USD,MU,USD,USDC,10.0,1.0,0.01,2026-05-31 22:09:58.772621,20260531
tradeXYZ,SNDK-USD,SNDK,USD,USDC,10.0,1.0,0.1,2026-05-31 22:09:58.772621,20260531
tradeXYZ,MSTR-USD,MSTR,USD,USDC,10.0,1.0,0.01,2026-05-31 22:09:58.772621,20260531
tradeXYZ,CRCL-USD,CRCL,USD,USDC,10.0,1.0,0.1,2026-05-31 22:09:58.772621,20260531
tradeXYZ,NFLX-USD,NFLX,USD,USDC,10.0,1.0,0.001,2026-05-31 22:09:58.772621,20260531
tradeXYZ,COST-USD,COST,USD,USDC,20.0,1.0,0.01,2026-05-31 22:09:58.772621,20260531
tradeXYZ,LLY-USD,LLY,USD,USDC,10.0,1.0,0.1,2026-05-31 22:09:58.772621,20260531
tradeXYZ,SKHX-USD,SKHX,USD,USDC,10.0,1.0,0.1,2026-05-31 22:09:58.772621,20260531
tradeXYZ,TSM-USD,TSM,USD,USDC,10.0,1.0,0.01,2026-05-31 22:09:58.772621,20260531
tradeXYZ,JPY-USD,JPY,USD,USDC,50.0,1.0,0.01,2026-05-31 22:09:58.772621,20260531
tradeXYZ,EUR-USD,EUR,USD,USDC,50.0,1.0,0.0001,2026-05-31 22:09:58.772621,20260531
tradeXYZ,SILVER-USD,SILVER,USD,USDC,25.0,1.0,0.001,2026-05-31 22:09:58.772621,20260531
tradeXYZ,RIVN-USD,RIVN,USD,USDC,10.0,1.0,0.001,2026-05-31 22:09:58.772621,20260531
tradeXYZ,BABA-USD,BABA,USD,USDC,10.0,1.0,0.01,2026-05-31 22:09:58.772621,20260531
tradeXYZ,CL-USD,CL,USD,USDC,20.0,1.0,0.001,2026-05-31 22:09:58.772621,20260531
tradeXYZ,COPPER-USD,COPPER,USD,USDC,20.0,1.0,0.0001,2026-05-31 22:09:58.772621,20260531
tradeXYZ,NATGAS-USD,NATGAS,USD,USDC,10.0,1.0,0.0001,2026-05-31 22:09:58.772621,20260531
tradeXYZ,URANIUM-USD,URANIUM,USD,USDC,10.0,1.0,0.1,2026-05-31 22:09:58.772621,20260531
tradeXYZ,ALUMINIUM-USD,ALUMINIUM,USD,USDC,20.0,1.0,0.1,2026-05-31 22:09:58.772621,20260531
tradeXYZ,SMSN-USD,SMSN,USD,USDC,10.0,1.0,0.01,2026-05-31 22:09:58.772621,20260531
tradeXYZ,PLATINUM-USD,PLATINUM,USD,USDC,20.0,1.0,0.1,2026-05-31 22:09:58.772621,20260531
tradeXYZ,USAR-USD,USAR,USD,USDC,10.0,1.0,0.001,2026-05-31 22:09:58.772621,20260531
tradeXYZ,CRWV-USD,CRWV,USD,USDC,10.0,1.0,0.01,2026-05-31 22:09:58.772621,20260531
tradeXYZ,URNM-USD,URNM,USD,USDC,10.0,1.0,0.001,2026-05-31 22:09:58.772621,20260531
tradeXYZ,PALLADIUM-USD,PALLADIUM,USD,USDC,20.0,1.0,0.1,2026-05-31 22:09:58.772621,20260531
tradeXYZ,DXY-USD,DXY,USD,USDC,20.0,1.0,0.01,2026-05-31 22:09:58.772621,20260531
tradeXYZ,GME-USD,GME,USD,USDC,10.0,1.0,0.001,2026-05-31 22:09:58.772621,20260531
tradeXYZ,KR200-USD,KR200,USD,USDC,20.0,1.0,0.1,2026-05-31 22:09:58.772621,20260531
tradeXYZ,SOFTBANK-USD,SOFTBANK,USD,USDC,10.0,1.0,0.1,2026-05-31 22:09:58.772621,20260531
tradeXYZ,JP225-USD,JP225,USD,USDC,20.0,1.0,0.1,2026-05-31 22:09:58.772621,20260531
tradeXYZ,HYUNDAI-USD,HYUNDAI,USD,USDC,10.0,1.0,0.01,2026-05-31 22:09:58.772621,20260531
tradeXYZ,KIOXIA-USD,KIOXIA,USD,USDC,10.0,1.0,0.1,2026-05-31 22:09:58.772621,20260531
tradeXYZ,EWY-USD,EWY,USD,USDC,20.0,1.0,0.01,2026-05-31 22:09:58.772621,20260531
tradeXYZ,EWJ-USD,EWJ,USD,USDC,20.0,1.0,0.001,2026-05-31 22:09:58.772621,20260531
tradeXYZ,BRENTOIL-USD,BRENTOIL,USD,USDC,20.0,1.0,0.001,2026-05-31 22:09:58.772621,20260531
tradeXYZ,VIX-USD,VIX,USD,USDC,3.0,1.0,0.1,2026-05-31 22:09:58.772621,20260531
tradeXYZ,HIMS-USD,HIMS,USD,USDC,10.0,1.0,0.001,2026-05-31 22:09:58.772621,20260531
tradeXYZ,SP500-USD,SP500,USD,USDC,50.0,1.0,0.1,2026-05-31 22:09:58.772621,20260531
tradeXYZ,DKNG-USD,DKNG,USD,USDC,10.0,1.0,0.001,2026-05-31 22:09:58.772621,20260531
tradeXYZ,LITE-USD,LITE,USD,USDC,10.0,1.0,0.01,2026-05-31 22:09:58.772621,20260531
tradeXYZ,CORN-USD,CORN,USD,USDC,20.0,1.0,0.01,2026-05-31 22:09:58.772621,20260531
tradeXYZ,XLE-USD,XLE,USD,USDC,20.0,1.0,0.001,2026-05-31 22:09:58.772621,20260531
tradeXYZ,WHEAT-USD,WHEAT,USD,USDC,20.0,1.0,0.1,2026-05-31 22:09:58.772621,20260531
tradeXYZ,TTF-USD,TTF,USD,USDC,20.0,1.0,0.1,2026-05-31 22:09:58.772621,20260531
tradeXYZ,BX-USD,BX,USD,USDC,10.0,1.0,0.01,2026-05-31 22:09:58.772621,20260531
tradeXYZ,PURRDAT-USD,PURRDAT,USD,USDC,10.0,1.0,0.001,2026-05-31 22:09:58.772621,20260531
tradeXYZ,MRVL-USD,MRVL,USD,USDC,10.0,1.0,0.01,2026-05-31 22:09:58.772621,20260531
tradeXYZ,RKLB-USD,RKLB,USD,USDC,10.0,1.0,0.01,2026-05-31 22:09:58.772621,20260531
tradeXYZ,BIRD-USD,BIRD,USD,USDC,10.0,1.0,0.0001,2026-05-31 22:09:58.772621,20260531
tradeXYZ,VOL-USD,VOL,USD,USDC,10.0,1.0,0.1,2026-05-31 22:09:58.772621,20260531
tradeXYZ,DRAM-USD,DRAM,USD,USDC,20.0,1.0,0.001,2026-05-31 22:09:58.772621,20260531
tradeXYZ,CBRS-USD,CBRS,USD,USDC,10.0,1.0,0.01,2026-05-31 22:09:58.772621,20260531
tradeXYZ,EWZ-USD,EWZ,USD,USDC,20.0,1.0,0.001,2026-05-31 22:09:58.772621,20260531
tradeXYZ,KRW-USD,KRW,USD,USDC,50.0,1.0,0.1,2026-05-31 22:09:58.772621,20260531
tradeXYZ,ZM-USD,ZM,USD,USDC,10.0,1.0,0.01,2026-05-31 22:09:58.772621,20260531
tradeXYZ,EBAY-USD,EBAY,USD,USDC,10.0,1.0,0.01,2026-05-31 22:09:58.772621,20260531
tradeXYZ,H100-USD,H100,USD,USDC,10.0,1.0,0.1,2026-05-31 22:09:58.772621,20260531
tradeXYZ,NIFTY-USD,NIFTY,USD,USDC,20.0,1.0,0.1,2026-05-31 22:09:58.772621,20260531
tradeXYZ,ARM-USD,ARM,USD,USDC,10.0,1.0,0.01,2026-05-31 22:09:58.772621,20260531
tradeXYZ,EWT-USD,EWT,USD,USDC,20.0,1.0,0.01,2026-05-31 22:09:58.772621,20260531
tradeXYZ,GBP-USD,GBP,USD,USDC,50.0,1.0,0.0001,2026-05-31 22:09:58.772621,20260531
tradeXYZ,SPCX-USD,SPCX,USD,USDC,5.0,1.0,0.1,2026-05-31 22:09:58.772621,20260531
tradeXYZ,IBOV-USD,IBOV,USD,USDC,20.0,1.0,0.1,2026-05-31 22:09:58.772621,20260531
tradeXYZ,ASML-USD,ASML,USD,USDC,10.0,1.0,0.1,2026-05-31 22:09:58.772621,20260531
tradeXYZ,MINIMAX-USD,MINIMAX,USD,USDC,10.0,1.0,0.1,2026-05-31 22:09:58.772621,20260531
tradeXYZ,BB-USD,BB,USD,USDC,10.0,1.0,0.0001,2026-05-31 22:09:58.772621,20260531
tradeXYZ,QNT-USD,QNT,USD,USDC,5.0,1.0,0.01,2026-05-31 22:09:58.772621,20260531
tradeXYZ,DELL-USD,DELL,USD,USDC,10.0,1.0,0.1,2026-05-31 22:09:58.772621,20260531
